customer_id,segment,acquisition_date
1,SMB,2026-01-24
2,Startup,2025-11-09
3,SMB,2026-01-06
4,Startup,2026-02-08
5,Freelancer,2026-08-02
6,SMB,2026-02-01
7,Startup,2025-11-28
8,SMB,2026-08-05
9,SMB,2026-02-06
10,Freelancer,2026-09-01
11,SMB,2025-11-09
12,SMB,2025-10-09
13,Startup,2026-09-02
14,SMB,2025-11-05
15,SMB,2025-10-04
16,SMB,2026-05-23
17,Startup,2026-01-24
18,SMB,2026-03-26
19,Startup,2026-02-27
20,SMB,2026-01-17
21,Freelancer,2026-03-25
22,SMB,2026-01-03
23,SMB,2025-12-22
24,Freelancer,2025-12-22
25,Freelancer,2025-11-13
26,SMB,2026-04-10
27,SMB,2026-04-19
28,Freelancer,2025-10-07
29,SMB,2026-03-17
30,SMB,2026-06-27
31,Startup,2025-10-01
32,Freelancer,2026-01-18
33,Startup,2026-09-16
34,Startup,2026-03-05
35,Freelancer,2025-10-07
36,SMB,2026-04-11
37,Startup,2026-02-27
38,SMB,2025-12-17
39,Startup,2025-10-27
40,Startup,2026-08-19
41,SMB,2026-07-24
42,Startup,2026-06-06
43,Freelancer,2025-10-07
44,SMB,2026-08-14
45,SMB,2026-03-22
46,SMB,2026-03-23
47,Startup,2026-08-17
48,Startup,2026-03-07
49,SMB,2025-12-26
50,SMB,2025-12-26
51,Startup,2026-09-04
52,SMB,2026-04-17
53,SMB,2026-04-30
54,SMB,2026-05-05
55,Startup,2025-12-20
56,Freelancer,2026-03-03
57,Startup,2026-09-13
58,SMB,2025-11-23
59,Freelancer,2026-09-13
60,SMB,2026-01-08
61,Freelancer,2026-01-16
62,SMB,2025-10-06
63,Freelancer,2026-05-31
64,Freelancer,2026-01-25
65,Freelancer,2026-03-17
66,SMB,2026-04-30
67,Freelancer,2026-05-20
68,Startup,2026-09-14
69,SMB,2026-04-21
70,Startup,2025-12-04
71,Startup,2026-06-14
72,Freelancer,2025-10-21
73,Startup,2026-08-04
74,SMB,2026-01-17
75,Startup,2026-06-21
76,SMB,2025-11-27
77,SMB,2026-02-26
78,Startup,2026-06-11
79,Startup,2026-05-15
80,Startup,2025-10-03
81,Startup,2025-10-13
82,SMB,2026-09-24
83,Startup,2026-04-12
84,SMB,2026-08-09
85,Freelancer,2025-10-27
86,Freelancer,2026-03-29
87,Freelancer,2026-04-29
88,Freelancer,2026-09-02
89,Startup,2026-06-17
90,Startup,2026-05-18
91,Freelancer,2026-01-16
92,SMB,2026-09-28
93,Freelancer,2026-01-28
94,SMB,2026-01-10
95,Freelancer,2026-06-22
96,Startup,2026-09-29
97,Freelancer,2026-08-09
98,Startup,2025-12-05
99,Startup,2026-07-25
100,Freelancer,2026-02-06
101,SMB,2025-12-21
102,SMB,2026-09-07
103,SMB,2026-09-12
104,Startup,2026-02-13
105,Startup,2025-10-10
106,Startup,2025-12-16
107,SMB,2026-04-16
108,SMB,2025-10-22
109,Freelancer,2025-12-22
110,Startup,2025-11-24
111,SMB,2026-09-13
112,SMB,2026-02-07
113,SMB,2026-02-16
114,Startup,2026-03-03
115,Startup,2025-10-05
116,Startup,2026-04-16
117,Startup,2026-08-30
118,Freelancer,2026-07-24
119,SMB,2025-12-31
120,SMB,2025-10-05
121,SMB,2026-07-10
122,Freelancer,2026-08-04
123,Startup,2026-09-02
124,Startup,2026-04-29
125,Startup,2026-03-22
126,SMB,2026-07-04
127,SMB,2026-06-09
128,Startup,2026-07-04
129,Freelancer,2026-01-12
130,SMB,2026-08-26
131,SMB,2025-10-14
132,Freelancer,2025-11-04
133,Startup,2026-05-27
134,Startup,2026-04-27
135,SMB,2026-04-21
136,SMB,2026-08-28
137,SMB,2026-08-14
138,SMB,2026-06-20
139,Startup,2025-11-30
140,Startup,2025-11-05
141,Freelancer,2025-11-21
142,SMB,2026-05-13
143,SMB,2026-06-18
144,Startup,2026-07-19
145,SMB,2025-11-07
146,SMB,2026-01-09
147,SMB,2026-02-01
148,SMB,2026-05-19
149,SMB,2025-10-17
150,SMB,2026-08-03
151,Freelancer,2025-10-30
152,SMB,2026-04-10
153,Startup,2026-09-06
154,Startup,2025-12-10
155,Startup,2026-06-08
156,Startup,2026-04-19
157,SMB,2026-07-27
158,SMB,2026-05-03
159,Startup,2026-08-06
160,Freelancer,2026-02-25
161,SMB,2025-11-29
162,SMB,2026-06-06
163,Freelancer,2026-09-19
164,Startup,2026-03-08
165,Startup,2026-07-27
166,Startup,2026-08-17
167,Freelancer,2026-05-24
168,Startup,2026-07-16
169,Startup,2026-04-24
170,Startup,2026-07-21
171,SMB,2026-01-31
172,Freelancer,2026-04-11
173,Freelancer,2025-10-29
174,Startup,2025-12-11
175,SMB,2026-04-30
176,Startup,2026-06-22
177,SMB,2025-10-11
178,Startup,2025-10-26
179,SMB,2025-10-03
180,Startup,2026-04-07
181,Freelancer,2026-01-31
182,SMB,2025-10-20
183,Startup,2026-07-17
184,Freelancer,2026-04-11
185,SMB,2025-10-04
186,SMB,2026-06-08
187,SMB,2026-08-29
188,Freelancer,2026-03-03
189,Startup,2026-09-12
190,SMB,2026-03-02
191,SMB,2025-10-29
192,SMB,2025-11-14
193,SMB,2025-10-25
194,Startup,2026-01-19
195,SMB,2026-02-18
196,Startup,2026-03-12
197,Startup,2026-03-25
198,Freelancer,2026-08-12
199,SMB,2025-10-05
200,Startup,2026-08-24
201,Startup,2025-12-27
202,Startup,2026-09-14
203,SMB,2025-11-19
204,SMB,2025-11-06
205,Startup,2025-11-14
206,Startup,2026-01-17
207,Freelancer,2026-09-09
208,Freelancer,2026-03-18
209,Startup,2025-11-30
210,Freelancer,2026-05-23
211,Startup,2026-04-04
212,SMB,2026-06-14
213,SMB,2026-06-28
214,Startup,2026-07-14
215,SMB,2025-11-25
216,Freelancer,2026-03-30
217,SMB,2026-05-19
218,SMB,2026-04-22
219,Startup,2026-09-20
220,Freelancer,2026-09-16
221,Freelancer,2026-07-24
222,SMB,2025-12-27
223,SMB,2026-04-12
224,Startup,2026-07-21
225,Freelancer,2026-01-06
226,SMB,2026-06-17
227,Startup,2025-12-30
228,SMB,2025-11-21
229,Startup,2025-12-27
230,SMB,2026-09-04
231,Freelancer,2026-09-29
232,SMB,2026-08-09
233,Startup,2026-01-08
234,Startup,2026-07-12
235,SMB,2025-12-19
236,SMB,2025-11-16
237,Startup,2026-01-03
238,Startup,2025-11-20
239,Startup,2026-05-22
240,Startup,2026-06-07
241,SMB,2025-10-14
242,Freelancer,2025-11-09
243,SMB,2026-03-24
244,Startup,2025-11-11
245,Freelancer,2026-07-30
246,Freelancer,2026-02-24
247,SMB,2026-02-28
248,SMB,2025-10-02
249,Startup,2026-06-14
250,SMB,2026-06-21
251,Startup,2026-07-04
252,Startup,2026-04-16
253,SMB,2026-01-07
254,SMB,2025-10-29
255,Startup,2026-01-24
256,Startup,2026-04-17
257,SMB,2025-11-12
258,SMB,2025-10-20
259,SMB,2025-12-19
260,Startup,2025-10-26
261,Startup,2025-10-06
262,Freelancer,2026-03-27
263,Freelancer,2026-06-29
264,Startup,2026-04-01
265,Freelancer,2025-11-03
266,SMB,2026-02-01
267,Startup,2025-10-13
268,Startup,2026-05-15
269,Startup,2025-12-25
270,Startup,2026-02-19
271,SMB,2026-08-26
272,Freelancer,2026-05-03
273,Freelancer,2026-07-07
274,Freelancer,2026-02-05
275,SMB,2026-09-05
276,Freelancer,2026-06-18
277,Startup,2026-04-07
278,Startup,2026-04-30
279,SMB,2026-05-16
280,Freelancer,2025-11-28
281,Startup,2025-12-31
282,Startup,2026-06-08
283,Freelancer,2026-03-10
284,SMB,2026-07-14
285,Startup,2026-04-10
286,SMB,2025-10-25
287,SMB,2026-05-31
288,SMB,2026-05-11
289,SMB,2026-02-11
290,SMB,2026-07-16
291,SMB,2026-02-06
292,SMB,2025-11-11
293,Startup,2025-11-14
294,SMB,2026-08-26
295,SMB,2026-02-15
296,SMB,2026-03-01
297,SMB,2026-01-20
298,SMB,2026-06-27
299,Freelancer,2026-05-10
300,Startup,2026-08-25
301,SMB,2026-08-23
302,Startup,2026-09-27
303,SMB,2026-01-29
304,Startup,2026-05-02
305,Freelancer,2026-02-04
306,SMB,2026-06-15
307,SMB,2026-07-01
308,Startup,2025-12-31
309,SMB,2026-08-10
310,SMB,2026-01-14
311,Startup,2026-09-24
312,Startup,2026-08-07
313,SMB,2025-10-07
314,Freelancer,2026-02-23
315,SMB,2026-02-19
316,SMB,2026-07-28
317,Startup,2026-06-22
318,Startup,2025-10-19
319,Startup,2026-08-03
320,Startup,2025-12-19
321,Startup,2026-02-12
322,Freelancer,2025-12-02
323,Startup,2025-11-27
324,SMB,2026-04-11
325,Startup,2025-10-31
326,SMB,2025-10-30
327,Startup,2026-07-14
328,SMB,2026-02-03
329,Startup,2026-05-25
330,Startup,2026-09-25
331,Startup,2025-10-19
332,SMB,2026-07-17
333,SMB,2025-11-10
334,Startup,2026-07-05
335,Freelancer,2026-01-20
336,SMB,2025-11-19
337,SMB,2025-12-23
338,SMB,2026-02-11
339,Startup,2026-06-24
340,SMB,2026-06-06
341,Freelancer,2026-06-23
342,Startup,2025-10-08
343,SMB,2026-09-21
344,SMB,2026-03-08
345,SMB,2025-11-10
346,Startup,2026-09-04
347,SMB,2026-07-17
348,SMB,2025-10-31
349,Startup,2026-03-09
350,SMB,2026-08-27
351,Startup,2026-06-07
352,Freelancer,2025-12-11
353,SMB,2026-06-13
354,SMB,2025-12-09
355,Freelancer,2026-02-06
356,SMB,2025-12-11
357,SMB,2026-06-11
358,Startup,2026-09-05
359,Startup,2025-10-17
360,Freelancer,2026-05-09
361,SMB,2025-12-30
362,SMB,2026-07-02
363,SMB,2025-11-20
364,SMB,2026-02-11
365,Startup,2025-12-15
366,SMB,2026-08-15
367,SMB,2025-10-31
368,SMB,2026-05-01
369,SMB,2025-11-13
370,SMB,2026-05-07
371,Startup,2026-07-08
372,SMB,2026-07-02
373,Startup,2025-10-13
374,SMB,2026-07-10
375,SMB,2026-01-17
376,Freelancer,2026-06-06
377,Freelancer,2026-09-17
378,SMB,2025-11-13
379,SMB,2026-02-10
380,Freelancer,2026-08-13
381,Startup,2025-11-21
382,SMB,2026-01-04
383,SMB,2026-04-19
384,SMB,2026-09-29
385,Startup,2026-01-16
386,Startup,2026-02-18
387,SMB,2026-07-18
388,SMB,2025-11-13
389,SMB,2026-01-28
390,Startup,2026-01-24
391,Freelancer,2026-02-24
392,Startup,2026-04-28
393,Startup,2025-12-20
394,SMB,2026-02-20
395,Startup,2026-08-31
396,SMB,2026-07-30
397,SMB,2026-09-15
398,Startup,2026-06-07
399,Freelancer,2026-05-01
400,SMB,2025-12-17
401,SMB,2025-11-27
402,Freelancer,2026-04-15
403,Startup,2026-02-25
404,Startup,2026-07-15
405,SMB,2025-10-04
406,Freelancer,2026-08-22
407,SMB,2025-12-02
408,SMB,2026-02-22
409,SMB,2026-02-08
410,SMB,2026-09-03
411,Startup,2026-06-20
412,Freelancer,2025-10-14
413,SMB,2026-08-08
414,Freelancer,2026-06-04
415,Startup,2025-10-25
416,Startup,2026-07-13
417,SMB,2025-10-13
418,SMB,2026-03-05
419,Startup,2025-11-29
420,Startup,2025-10-05
421,SMB,2026-04-23
422,Startup,2026-06-08
423,SMB,2026-03-25
424,SMB,2026-02-03
425,SMB,2026-04-06
426,SMB,2025-11-25
427,SMB,2025-10-19
428,Freelancer,2025-11-27
429,Startup,2025-10-20
430,SMB,2026-07-08
431,SMB,2026-05-11
432,Startup,2025-12-08
433,SMB,2026-04-27
434,Freelancer,2026-03-26
435,Startup,2025-11-10
436,Freelancer,2026-09-20
437,SMB,2026-09-08
438,Freelancer,2026-07-04
439,Startup,2026-07-23
440,Startup,2026-04-18
441,Freelancer,2026-07-21
442,SMB,2026-04-11
443,SMB,2025-11-30
444,Startup,2025-12-01
445,Startup,2026-08-08
446,Freelancer,2026-03-12
447,Startup,2026-06-24
448,Startup,2025-11-22
449,SMB,2026-03-13
450,SMB,2025-10-31
451,Startup,2025-12-20
452,SMB,2025-11-09
453,SMB,2025-12-15
454,Startup,2026-05-10
455,Startup,2025-10-02
456,Startup,2025-12-10
457,SMB,2026-06-10
458,SMB,2025-11-24
459,Startup,2026-04-21
460,Freelancer,2026-08-13
461,SMB,2026-07-12
462,Startup,2025-11-14
463,Startup,2025-11-23
464,Startup,2026-06-15
465,Startup,2026-02-04
466,SMB,2026-03-02
467,Startup,2026-03-24
468,SMB,2026-04-30
469,SMB,2026-03-13
470,SMB,2025-10-09
471,SMB,2025-11-04
472,Startup,2025-10-01
473,Freelancer,2026-01-05
474,SMB,2026-07-26
475,SMB,2026-09-20
476,Freelancer,2026-03-23
477,SMB,2025-10-10
478,SMB,2025-10-27
479,Freelancer,2026-07-25
480,Freelancer,2026-02-03
481,Startup,2026-08-18
482,SMB,2026-04-03
483,Startup,2026-08-17
484,Freelancer,2025-11-19
485,Freelancer,2026-08-10
486,SMB,2026-04-18
487,Freelancer,2026-03-09
488,Startup,2026-04-11
489,SMB,2026-01-28
490,SMB,2026-05-09
491,SMB,2026-07-09
492,Freelancer,2026-07-23
493,SMB,2026-09-23
494,Startup,2026-02-28
495,SMB,2026-07-08
496,Startup,2026-08-21
497,Startup,2025-10-07
498,Freelancer,2026-03-23
499,Startup,2026-06-13
500,Startup,2026-03-16
501,Startup,2025-11-06
502,Startup,2026-05-28
503,Freelancer,2026-02-26
504,Startup,2026-05-14
505,Freelancer,2025-10-01
506,SMB,2025-10-05
507,Startup,2026-05-09
508,Freelancer,2026-09-24
509,Freelancer,2026-05-22
510,Startup,2026-09-10
511,SMB,2026-08-06
512,Startup,2026-01-11
513,SMB,2025-11-07
514,Freelancer,2026-04-22
515,SMB,2026-05-15
516,SMB,2026-07-09
517,Startup,2026-04-09
518,SMB,2026-09-01
519,SMB,2026-08-05
520,SMB,2026-05-02
521,Freelancer,2026-04-20
522,Startup,2025-10-07
523,Freelancer,2026-07-13
524,SMB,2026-06-06
525,SMB,2026-08-24
526,SMB,2025-11-03
527,SMB,2025-11-23
528,SMB,2026-06-02
529,SMB,2026-03-28
530,SMB,2026-05-03
531,Startup,2026-03-08
532,SMB,2026-05-22
533,Startup,2026-05-29
534,SMB,2025-12-09
535,Startup,2026-07-05
536,Startup,2026-03-30
537,Startup,2026-04-29
538,Freelancer,2026-05-14
539,SMB,2026-06-29
540,SMB,2026-01-18
541,Freelancer,2025-10-03
542,Freelancer,2025-12-06
543,Startup,2026-09-18
544,Startup,2025-12-21
545,Startup,2025-12-31
546,Freelancer,2026-08-10
547,SMB,2025-12-26
548,SMB,2026-03-19
549,Freelancer,2026-02-13
550,Startup,2026-05-30
551,SMB,2026-05-06
552,SMB,2026-04-06
553,Startup,2026-04-02
554,Startup,2026-08-01
555,Startup,2026-05-01
556,SMB,2026-04-04
557,SMB,2026-08-20
558,Startup,2025-11-04
559,SMB,2026-08-01
560,Startup,2025-12-12
561,Startup,2026-01-30
562,SMB,2025-10-05
563,Startup,2026-04-27
564,SMB,2026-07-31
565,Startup,2026-02-17
566,Startup,2026-05-31
567,Startup,2026-02-21
568,Freelancer,2026-07-05
569,SMB,2026-09-30
570,Startup,2026-06-18
571,SMB,2026-02-02
572,Freelancer,2026-07-28
573,SMB,2025-10-14
574,Startup,2026-09-26
575,SMB,2026-08-03
576,SMB,2026-05-27
577,SMB,2026-05-15
578,SMB,2026-01-01
579,SMB,2026-03-07
580,SMB,2025-11-07
581,Startup,2026-02-01
582,SMB,2026-05-04
583,SMB,2026-02-10
584,Freelancer,2026-07-09
585,Startup,2026-08-08
586,SMB,2026-04-23
587,SMB,2026-02-02
588,Startup,2026-01-19
589,Startup,2026-04-18
590,Freelancer,2026-06-20
591,Startup,2025-11-16
592,Freelancer,2026-03-13
593,Startup,2026-03-10
594,Freelancer,2026-01-13
595,Startup,2025-12-26
596,Startup,2026-08-03
597,Startup,2026-03-07
598,Startup,2026-04-29
599,SMB,2025-10-14
600,SMB,2026-01-12
601,SMB,2025-12-21
602,SMB,2026-01-28
603,Freelancer,2026-08-04
604,Startup,2026-04-27
605,SMB,2026-08-26
606,SMB,2026-03-04
607,SMB,2026-07-09
608,Freelancer,2025-11-28
609,Freelancer,2026-07-25
610,SMB,2026-05-11
611,SMB,2025-10-15
612,Freelancer,2026-06-09
613,Startup,2026-03-24
614,Freelancer,2025-10-01
615,SMB,2026-08-06
616,SMB,2026-04-14
617,Startup,2026-05-10
618,SMB,2026-04-29
619,Freelancer,2025-11-03
620,Startup,2026-01-30
621,SMB,2026-06-14
622,Startup,2026-02-01
623,Startup,2026-08-21
624,Freelancer,2026-01-24
625,SMB,2026-03-17
626,Startup,2026-03-12
627,SMB,2025-10-07
628,Freelancer,2026-07-24
629,Startup,2025-11-19
630,SMB,2026-03-21
631,Startup,2026-08-28
632,Startup,2026-09-28
633,Startup,2025-12-24
634,SMB,2026-02-15
635,Startup,2026-04-25
636,Freelancer,2026-06-13
637,SMB,2025-12-31
638,SMB,2026-04-19
639,Freelancer,2026-08-01
640,Startup,2026-07-06
641,SMB,2026-07-28
642,Freelancer,2026-08-21
643,SMB,2026-08-11
644,Startup,2026-04-05
645,Startup,2026-09-21
646,SMB,2026-03-30
647,Freelancer,2026-06-16
648,Startup,2026-09-10
649,SMB,2025-10-16
650,Freelancer,2026-09-06
651,Freelancer,2026-07-27
652,Startup,2026-09-29
653,SMB,2026-07-10
654,SMB,2025-11-27
655,Startup,2026-01-19
656,Freelancer,2025-10-02
657,SMB,2026-05-10
658,SMB,2026-03-09
659,SMB,2026-03-23
660,SMB,2026-06-25
661,Startup,2026-07-27
662,SMB,2025-10-27
663,Startup,2026-08-31
664,Startup,2026-02-14
665,SMB,2026-07-02
666,Freelancer,2026-05-01
667,SMB,2026-03-11
668,SMB,2025-12-17
669,Startup,2025-12-09
670,Startup,2026-06-24
671,SMB,2026-01-26
672,Freelancer,2025-12-23
673,SMB,2025-10-03
674,SMB,2026-08-03
675,Startup,2026-02-22
676,Freelancer,2026-02-05
677,Startup,2026-02-13
678,SMB,2026-05-07
679,SMB,2026-03-25
680,SMB,2026-04-17
681,Startup,2026-01-10
682,Startup,2026-01-17
683,SMB,2026-08-11
684,Startup,2026-03-10
685,Startup,2026-09-21
686,SMB,2026-08-05
687,SMB,2026-06-17
688,Startup,2026-04-19
689,SMB,2026-08-02
690,SMB,2025-10-21
691,SMB,2026-04-01
692,Startup,2026-06-18
693,Startup,2025-11-09
694,Startup,2025-12-06
695,SMB,2025-10-24
696,Startup,2026-03-27
697,SMB,2026-04-16
698,Freelancer,2026-03-21
699,Freelancer,2025-10-21
700,Startup,2026-03-27
701,SMB,2026-08-21
702,Startup,2025-10-12
703,SMB,2026-07-11
704,SMB,2026-01-08
705,Freelancer,2025-10-28
706,SMB,2025-10-19
707,SMB,2025-10-05
708,Startup,2026-03-01
709,Startup,2026-03-31
710,Startup,2026-05-15
711,SMB,2025-10-30
712,Startup,2026-05-27
713,SMB,2026-06-28
714,Freelancer,2025-10-24
715,SMB,2026-06-04
716,SMB,2025-11-13
717,Startup,2026-03-10
718,SMB,2026-05-30
719,Startup,2026-08-14
720,SMB,2026-04-12
721,SMB,2026-03-08
722,SMB,2026-08-01
723,SMB,2025-12-18
724,SMB,2025-12-14
725,SMB,2026-03-20
726,SMB,2025-11-13
727,Startup,2025-10-09
728,Startup,2026-02-10
729,SMB,2025-11-25
730,SMB,2026-05-21
731,SMB,2026-04-19
732,SMB,2026-03-27
733,Startup,2026-03-31
734,SMB,2025-11-05
735,Freelancer,2026-02-24
736,Startup,2025-10-27
737,SMB,2026-02-07
738,SMB,2026-06-05
739,SMB,2026-09-26
740,SMB,2026-01-17
741,Startup,2026-01-05
742,SMB,2026-06-02
743,SMB,2026-09-01
744,SMB,2026-01-16
745,Startup,2026-08-02
746,SMB,2026-01-23
747,Freelancer,2026-05-22
748,SMB,2025-12-16
749,SMB,2026-01-04
750,SMB,2026-09-25
751,Startup,2026-02-20
752,SMB,2025-10-06
753,Startup,2026-07-09
754,SMB,2025-11-16
755,SMB,2025-11-10
756,SMB,2026-08-02
757,Startup,2026-02-05
758,Startup,2025-11-20
759,Startup,2026-09-22
760,Freelancer,2026-01-11
761,SMB,2026-05-20
762,Freelancer,2026-01-04
763,SMB,2026-05-01
764,SMB,2026-06-12
765,Startup,2026-07-04
766,SMB,2026-02-28
767,SMB,2026-05-13
768,Startup,2026-08-03
769,SMB,2026-08-03
770,SMB,2026-06-30
771,Startup,2026-02-23
772,SMB,2026-04-12
773,SMB,2026-09-19
774,SMB,2025-12-30
775,Freelancer,2026-06-10
776,Freelancer,2026-07-17
777,Startup,2026-03-25
778,SMB,2026-08-13
779,SMB,2026-03-06
780,SMB,2026-08-02
781,Startup,2026-05-24
782,Startup,2025-10-19
783,Startup,2026-07-28
784,SMB,2026-06-12
785,Freelancer,2025-12-21
786,SMB,2026-06-14
787,SMB,2026-04-05
788,Startup,2026-09-10
789,Startup,2026-01-20
790,Freelancer,2026-01-05
791,SMB,2025-10-22
792,Freelancer,2026-07-15
793,SMB,2026-09-25
794,SMB,2026-06-09
795,SMB,2026-02-12
796,SMB,2026-08-17
797,Freelancer,2026-01-01
798,SMB,2026-06-11
799,SMB,2026-05-06
800,SMB,2026-08-08
801,Startup,2026-09-20
802,Freelancer,2026-02-09
803,Startup,2025-11-04
804,SMB,2025-11-27
805,SMB,2026-06-27
806,SMB,2026-02-10
807,Freelancer,2025-11-21
808,SMB,2026-07-25
809,Freelancer,2026-05-25
810,Startup,2025-11-18
811,Startup,2026-06-18
812,Startup,2026-05-21
813,SMB,2026-09-25
814,SMB,2026-09-26
815,SMB,2026-09-22
816,SMB,2026-08-23
817,Startup,2026-07-17
818,SMB,2026-06-02
819,Freelancer,2026-04-17
820,Freelancer,2026-07-17
821,SMB,2026-09-18
822,SMB,2025-11-12
823,SMB,2025-11-19
824,SMB,2026-04-01
825,Startup,2026-01-16
826,Startup,2026-04-13
827,Startup,2026-01-22
828,SMB,2026-07-13
829,Freelancer,2026-08-24
830,Startup,2026-01-12
831,Freelancer,2026-07-09
832,Startup,2025-11-08
833,Startup,2026-07-18
834,SMB,2026-06-12
835,Freelancer,2026-06-17
836,SMB,2026-03-29
837,SMB,2025-11-09
838,SMB,2026-08-04
839,SMB,2025-11-10
840,SMB,2026-03-25
841,SMB,2025-12-03
842,Startup,2026-08-05
843,Startup,2026-04-28
844,Freelancer,2026-04-04
845,Freelancer,2026-01-24
846,SMB,2026-07-13
847,Startup,2025-12-16
848,Startup,2026-06-21
849,SMB,2026-09-19
850,Freelancer,2026-01-06
851,Freelancer,2026-06-08
852,SMB,2026-01-21
853,Freelancer,2026-09-05
854,SMB,2026-08-25
855,Freelancer,2026-01-23
856,Startup,2025-12-24
857,SMB,2025-10-31
858,Startup,2026-06-12
859,Startup,2026-09-01
860,SMB,2025-11-22
861,Startup,2026-07-25
862,Startup,2026-07-03
863,Startup,2026-03-22
864,Startup,2025-12-21
865,SMB,2026-05-27
866,SMB,2026-05-05
867,Startup,2026-07-24
868,SMB,2026-04-24
869,SMB,2025-10-18
870,Freelancer,2025-12-14
871,Freelancer,2026-02-16
872,Startup,2026-03-29
873,Startup,2026-02-05
874,Freelancer,2026-08-17
875,Freelancer,2026-01-11
876,SMB,2026-06-06
877,SMB,2026-02-09
878,SMB,2026-09-28
879,SMB,2026-08-31
880,SMB,2026-07-14
881,Startup,2026-07-07
882,Startup,2026-05-23
883,Freelancer,2026-05-03
884,SMB,2026-04-24
885,SMB,2025-10-10
886,SMB,2026-09-08
887,SMB,2026-09-24
888,SMB,2026-04-11
889,Freelancer,2026-08-14
890,SMB,2026-02-24
891,Startup,2025-11-10
892,SMB,2026-08-01
893,Startup,2026-04-04
894,Freelancer,2026-09-09
895,Freelancer,2025-12-17
896,SMB,2026-03-24
897,Freelancer,2026-06-01
898,SMB,2025-11-20
899,Startup,2026-09-29
900,SMB,2026-05-11
901,Startup,2025-12-02
902,Startup,2026-06-28
903,Freelancer,2026-08-17
904,Freelancer,2026-02-14
905,SMB,2026-05-11
906,Freelancer,2026-06-30
907,SMB,2025-11-23
908,SMB,2026-04-12
909,SMB,2026-04-23
910,SMB,2026-01-18
911,SMB,2026-01-18
912,Startup,2026-05-18
913,SMB,2026-07-02
914,Startup,2026-02-19
915,SMB,2025-11-23
916,Startup,2026-07-15
917,SMB,2025-12-03
918,SMB,2025-10-02
919,Startup,2026-01-26
920,Freelancer,2026-07-26
921,Freelancer,2026-07-04
922,SMB,2026-01-20
923,Freelancer,2026-04-08
924,Startup,2026-09-16
925,Freelancer,2026-06-20
926,SMB,2026-07-05
927,SMB,2025-11-01
928,SMB,2025-12-27
929,Startup,2025-11-07
930,SMB,2026-09-23
931,SMB,2026-02-02
932,Startup,2026-04-01
933,Freelancer,2026-04-20
934,Startup,2026-04-09
935,Startup,2025-10-20
936,SMB,2026-08-28
937,Freelancer,2026-02-16
938,SMB,2026-09-01
939,SMB,2026-07-07
940,SMB,2026-06-12
941,SMB,2026-06-14
942,Startup,2026-09-23
943,Startup,2026-01-19
944,SMB,2026-01-29
945,SMB,2026-06-02
946,SMB,2025-12-24
947,SMB,2026-07-21
948,Freelancer,2025-10-11
949,Startup,2026-08-24
950,SMB,2026-02-04
951,SMB,2025-10-02
952,Startup,2026-05-08
953,Startup,2026-01-09
954,Freelancer,2026-01-20
955,SMB,2026-03-25
956,Startup,2026-04-30
957,SMB,2025-11-19
958,Startup,2025-10-18
959,SMB,2026-03-18
960,Startup,2026-02-07
961,SMB,2026-05-01
962,Startup,2026-07-01
963,SMB,2026-05-13
964,Freelancer,2025-11-08
965,SMB,2026-09-29
966,Startup,2026-06-18
967,SMB,2025-10-18
968,Startup,2026-07-06
969,Startup,2026-08-18
970,SMB,2026-04-26
971,SMB,2026-07-31
972,SMB,2026-08-20
973,SMB,2026-09-17
974,Startup,2026-09-14
975,SMB,2025-12-10
976,SMB,2025-10-13
977,SMB,2026-05-26
978,SMB,2026-06-05
979,SMB,2026-04-26
980,Startup,2025-12-26
981,SMB,2026-09-12
982,Freelancer,2026-02-26
983,Startup,2026-06-28
984,SMB,2026-05-16
985,Freelancer,2026-08-23
986,Startup,2026-06-17
987,Startup,2026-05-20
988,SMB,2026-08-03
989,Startup,2025-10-20
990,SMB,2026-06-15
991,Startup,2026-05-02
992,SMB,2026-07-11
993,SMB,2025-12-21
994,Startup,2026-05-07
995,SMB,2026-01-12
996,SMB,2025-11-12
997,Startup,2026-04-28
998,SMB,2025-10-08
999,SMB,2025-11-03
1000,SMB,2026-04-12
1001,Freelancer,2026-08-24
1002,Startup,2026-06-19
1003,Startup,2025-10-06
1004,Freelancer,2025-11-09
1005,Startup,2026-03-07
1006,Startup,2026-03-06
1007,Startup,2025-10-15
1008,Freelancer,2026-01-02
1009,Startup,2025-11-16
1010,SMB,2026-04-25
1011,SMB,2026-05-29
1012,SMB,2026-02-20
1013,Startup,2026-04-27
1014,Freelancer,2025-12-13
1015,Startup,2026-08-07
1016,Startup,2025-10-02
1017,Startup,2026-04-03
1018,Freelancer,2026-01-26
1019,Startup,2026-03-14
1020,SMB,2026-04-07
1021,Startup,2026-05-24
1022,SMB,2026-09-05
1023,SMB,2026-04-23
1024,SMB,2025-12-23
1025,SMB,2026-04-10
1026,SMB,2026-04-05
1027,SMB,2026-08-12
1028,Freelancer,2026-04-25
1029,SMB,2026-08-13
1030,Freelancer,2026-05-25
1031,SMB,2026-04-27
1032,Freelancer,2026-01-28
1033,Startup,2026-01-02
1034,Freelancer,2025-11-06
1035,Startup,2026-04-19
1036,Startup,2026-09-02
1037,SMB,2025-10-05
1038,SMB,2026-09-13
1039,Startup,2026-08-10
1040,SMB,2026-03-09
1041,SMB,2026-01-23
1042,Freelancer,2026-04-30
1043,SMB,2026-08-09
1044,Startup,2025-10-11
1045,SMB,2026-03-14
1046,SMB,2025-10-18
1047,SMB,2026-05-24
1048,Startup,2025-10-28
1049,Freelancer,2026-01-24
1050,Freelancer,2026-06-27
1051,SMB,2026-07-02
1052,SMB,2025-12-22
1053,Freelancer,2026-04-06
1054,SMB,2025-12-07
1055,SMB,2026-05-04
1056,SMB,2025-10-04
1057,Startup,2026-07-25
1058,SMB,2025-10-09
1059,SMB,2026-05-11
1060,Freelancer,2026-02-25
1061,Freelancer,2025-12-21
1062,Startup,2026-04-16
1063,Startup,2025-11-21
1064,Freelancer,2026-04-30
1065,Startup,2026-05-24
1066,Startup,2026-03-17
1067,SMB,2026-02-10
1068,SMB,2026-03-17
1069,Freelancer,2026-09-15
1070,Startup,2026-07-02
1071,SMB,2025-10-03
1072,Startup,2026-01-14
1073,Startup,2025-10-10
1074,SMB,2025-12-26
1075,Startup,2026-07-12
1076,SMB,2026-08-08
1077,Startup,2026-03-16
1078,Freelancer,2026-06-09
1079,Freelancer,2026-02-13
1080,Freelancer,2026-03-24
1081,Startup,2026-07-30
1082,SMB,2026-01-09
1083,Startup,2026-01-25
1084,SMB,2025-11-19
1085,Startup,2025-12-19
1086,Startup,2025-10-14
1087,Startup,2026-07-25
1088,SMB,2026-08-08
1089,SMB,2026-03-03
1090,SMB,2026-05-05
1091,SMB,2025-12-30
1092,SMB,2025-10-17
1093,SMB,2026-04-07
1094,Freelancer,2025-11-27
1095,SMB,2026-08-06
1096,Freelancer,2026-01-11
1097,SMB,2026-06-27
1098,Freelancer,2026-01-05
1099,Startup,2025-11-16
1100,Freelancer,2026-04-19
1101,Freelancer,2025-12-06
1102,Startup,2026-02-23
1103,SMB,2026-01-16
1104,Startup,2026-08-19
1105,SMB,2026-04-02
1106,Freelancer,2026-06-20
1107,Freelancer,2026-05-03
1108,SMB,2026-08-29
1109,Startup,2026-03-10
1110,SMB,2026-08-11
1111,Startup,2026-08-24
1112,Startup,2026-09-02
1113,Startup,2026-06-11
1114,Freelancer,2026-09-23
1115,SMB,2026-06-29
1116,Startup,2026-01-22
1117,Startup,2025-11-27
1118,SMB,2025-12-16
1119,SMB,2026-04-28
1120,SMB,2025-11-30
1121,Startup,2025-12-26
1122,Freelancer,2026-05-18
1123,SMB,2026-01-30
1124,SMB,2026-06-06
1125,SMB,2026-09-30
1126,SMB,2025-11-02
1127,SMB,2026-05-23
1128,Startup,2026-07-27
1129,SMB,2025-11-21
1130,Freelancer,2026-07-13
1131,SMB,2026-04-04
1132,Startup,2026-05-18
1133,SMB,2025-10-19
1134,SMB,2026-03-08
1135,SMB,2026-02-11
1136,Startup,2025-11-26
1137,Freelancer,2026-07-06
1138,SMB,2026-04-03
1139,Startup,2026-08-17
1140,Startup,2025-11-28
1141,SMB,2026-06-24
1142,Freelancer,2026-05-09
1143,SMB,2026-05-26
1144,Freelancer,2026-01-22
1145,Startup,2026-06-10
1146,SMB,2025-12-30
1147,Startup,2026-07-06
1148,SMB,2026-03-10
1149,Startup,2026-03-25
1150,Startup,2026-04-30
1151,Startup,2025-10-31
1152,SMB,2026-02-12
1153,SMB,2025-12-14
1154,Startup,2026-09-17
1155,Startup,2026-03-03
1156,Startup,2025-10-03
1157,SMB,2025-10-10
1158,Startup,2026-08-30
1159,Startup,2025-11-27
1160,Startup,2025-10-01
1161,SMB,2025-12-17
1162,SMB,2025-12-19
1163,SMB,2025-10-30
1164,Startup,2026-09-29
1165,Startup,2025-10-22
1166,Freelancer,2026-06-23
1167,SMB,2026-08-02
1168,Startup,2026-05-24
1169,Freelancer,2025-11-18
1170,SMB,2026-06-23
1171,SMB,2026-01-29
1172,SMB,2026-02-27
1173,Startup,2025-12-31
1174,SMB,2026-07-14
1175,SMB,2026-04-30
1176,Startup,2025-11-26
1177,Startup,2026-02-26
1178,Freelancer,2026-07-17
1179,Startup,2026-09-08
1180,Freelancer,2026-09-08
1181,Startup,2025-11-19
1182,Freelancer,2026-08-10
1183,SMB,2026-04-25
1184,Freelancer,2026-06-27
1185,Freelancer,2026-02-18
1186,Startup,2026-05-26
1187,SMB,2026-01-03
1188,SMB,2026-04-09
1189,SMB,2025-12-22
1190,SMB,2026-02-22
1191,SMB,2026-02-26
1192,SMB,2026-08-12
1193,SMB,2026-05-18
1194,Freelancer,2026-05-25
1195,Startup,2026-01-12
1196,Freelancer,2026-03-08
1197,SMB,2026-03-22
1198,SMB,2026-07-14
1199,SMB,2025-12-07
1200,Freelancer,2025-10-20
1201,SMB,2026-04-03
1202,Startup,2026-07-24
1203,SMB,2026-06-25
1204,SMB,2026-07-23
1205,SMB,2026-02-21
1206,SMB,2025-12-23
1207,SMB,2026-05-29
1208,Freelancer,2025-10-14
1209,SMB,2026-08-23
1210,SMB,2026-06-18
1211,SMB,2026-04-02
1212,Freelancer,2025-12-12
1213,Startup,2025-12-31
1214,Startup,2026-09-29
1215,Startup,2025-10-06
1216,Freelancer,2025-10-04
1217,SMB,2026-02-04
1218,Startup,2025-12-23
1219,Startup,2026-06-05
1220,SMB,2025-10-16
1221,SMB,2026-07-14
1222,Startup,2026-07-13
1223,SMB,2025-12-23
1224,SMB,2026-04-30
1225,SMB,2026-06-03
1226,SMB,2026-08-06
1227,Startup,2026-06-25
1228,Startup,2026-09-17
1229,Startup,2025-11-12
1230,SMB,2026-05-11
1231,SMB,2026-07-10
1232,Startup,2025-12-24
1233,Freelancer,2025-12-19
1234,SMB,2025-11-03
1235,Startup,2026-09-25
1236,Freelancer,2026-08-13
1237,Startup,2025-11-14
1238,SMB,2025-12-29
1239,SMB,2026-03-17
1240,Startup,2026-08-23
1241,Startup,2026-07-29
1242,Startup,2026-08-17
1243,Startup,2026-07-30
1244,SMB,2026-05-18
1245,Startup,2026-01-15
1246,Startup,2026-05-09
1247,Freelancer,2026-03-30
1248,Startup,2026-09-13
1249,SMB,2026-03-13
1250,Startup,2026-07-03
1251,Startup,2025-12-03
1252,SMB,2026-06-07
1253,Startup,2026-03-15
1254,SMB,2026-03-09
1255,SMB,2026-07-03
1256,Startup,2026-03-26
1257,SMB,2025-10-22
1258,Startup,2026-02-19
1259,Startup,2026-09-17
1260,Startup,2026-09-11
1261,Startup,2026-05-13
1262,Startup,2026-05-21
1263,SMB,2026-01-04
1264,Freelancer,2026-07-12
1265,SMB,2026-05-07
1266,Startup,2025-10-14
1267,Startup,2026-09-12
1268,SMB,2026-08-08
1269,Startup,2025-10-30
1270,SMB,2026-03-02
1271,SMB,2026-06-29
1272,SMB,2026-06-27
1273,SMB,2025-12-01
1274,Freelancer,2025-10-15
1275,Startup,2026-09-25
1276,SMB,2026-08-23
1277,Startup,2026-06-27
1278,Startup,2026-05-29
1279,Startup,2026-06-08
1280,Startup,2026-03-16
1281,SMB,2026-06-07
1282,SMB,2026-01-19
1283,Startup,2025-10-31
1284,Startup,2026-01-22
1285,Startup,2026-01-16
1286,SMB,2026-01-19
1287,Startup,2026-03-21
1288,SMB,2025-11-17
1289,Startup,2026-02-26
1290,SMB,2026-03-19
1291,Startup,2025-12-08
1292,Freelancer,2026-03-15
1293,SMB,2026-06-04
1294,Startup,2026-02-28
1295,Startup,2025-10-01
1296,SMB,2026-06-14
1297,SMB,2026-04-30
1298,Startup,2026-03-03
1299,SMB,2025-10-09
1300,SMB,2025-11-02
1301,Freelancer,2025-10-29
1302,Startup,2026-08-08
1303,Startup,2026-01-21
1304,Startup,2026-03-05
1305,Startup,2026-06-12
1306,Startup,2026-05-28
1307,SMB,2025-10-24
1308,SMB,2026-09-05
1309,Startup,2026-01-05
1310,Freelancer,2026-07-08
1311,SMB,2026-07-31
1312,Freelancer,2026-04-15
1313,Startup,2025-11-29
1314,Startup,2026-04-17
1315,SMB,2025-12-29
1316,SMB,2026-08-07
1317,Startup,2026-07-03
1318,SMB,2026-07-28
1319,SMB,2026-07-30
1320,SMB,2025-12-05
1321,Freelancer,2025-10-12
1322,SMB,2026-05-17
1323,Startup,2026-05-13
1324,SMB,2026-08-12
1325,SMB,2026-05-21
1326,SMB,2026-07-21
1327,Startup,2026-02-05
1328,Startup,2025-11-15
1329,SMB,2025-10-14
1330,Freelancer,2026-03-09
1331,SMB,2025-10-01
1332,Freelancer,2026-04-08
1333,SMB,2026-02-24
1334,Freelancer,2026-01-03
1335,Freelancer,2026-05-04
1336,Startup,2026-06-06
1337,SMB,2025-10-15
1338,Startup,2026-03-23
1339,Freelancer,2026-09-08
1340,Startup,2026-01-17
1341,SMB,2026-07-13
1342,SMB,2026-01-31
1343,SMB,2026-01-08
1344,Startup,2026-08-09
1345,SMB,2026-02-08
1346,Startup,2026-08-13
1347,SMB,2026-05-27
1348,SMB,2026-07-24
1349,SMB,2026-07-25
1350,Freelancer,2026-08-30
1351,Startup,2026-04-21
1352,Startup,2026-09-13
1353,Startup,2025-10-22
1354,Startup,2026-03-29
1355,SMB,2026-02-22
1356,Startup,2025-11-05
1357,SMB,2026-08-15
1358,Startup,2026-07-20
1359,SMB,2026-07-01
1360,Freelancer,2026-05-20
1361,Startup,2026-05-08
1362,SMB,2026-02-16
1363,Startup,2026-06-07
1364,SMB,2026-09-22
1365,SMB,2025-12-31
1366,Freelancer,2026-02-01
1367,Startup,2025-11-09
1368,Startup,2026-08-28
1369,SMB,2026-04-12
1370,SMB,2026-05-05
1371,SMB,2026-01-06
1372,Startup,2025-10-14
1373,Startup,2026-07-21
1374,SMB,2026-08-11
1375,SMB,2026-02-02
1376,SMB,2026-07-06
1377,SMB,2026-04-27
1378,SMB,2026-05-23
1379,SMB,2025-12-03
1380,SMB,2026-05-13
1381,SMB,2025-11-28
1382,SMB,2025-12-19
1383,Startup,2026-02-08
1384,Startup,2025-12-18
1385,SMB,2026-08-28
1386,SMB,2025-10-11
1387,Startup,2026-08-26
1388,SMB,2025-11-26
1389,SMB,2026-08-14
1390,SMB,2026-01-31
1391,SMB,2026-09-02
1392,Startup,2026-04-16
1393,Freelancer,2026-03-28
1394,SMB,2025-11-17
1395,SMB,2026-03-08
1396,Freelancer,2026-04-22
1397,Startup,2026-09-24
1398,Freelancer,2026-01-05
1399,Startup,2025-10-31
1400,SMB,2026-01-01
1401,SMB,2025-12-28
1402,SMB,2026-09-11
1403,Startup,2025-11-24
1404,SMB,2026-09-28
1405,Startup,2025-11-11
1406,Startup,2026-07-24
1407,Freelancer,2026-03-01
1408,Startup,2025-10-20
1409,SMB,2026-05-13
1410,SMB,2026-06-23
1411,Startup,2026-08-03
1412,Startup,2025-12-05
1413,Startup,2026-05-14
1414,Startup,2026-04-26
1415,Startup,2026-03-11
1416,SMB,2026-08-23
1417,SMB,2026-03-04
1418,Freelancer,2026-02-16
1419,Startup,2026-04-10
1420,Startup,2026-09-05
1421,SMB,2026-08-13
1422,Startup,2026-06-16
1423,SMB,2025-10-30
1424,SMB,2026-01-18
1425,SMB,2025-10-06
1426,Startup,2025-11-04
1427,SMB,2026-07-31
1428,SMB,2026-07-25
1429,SMB,2025-11-07
1430,SMB,2026-03-17
1431,Startup,2026-01-10
1432,Startup,2025-10-27
1433,Startup,2026-02-17
1434,SMB,2025-11-07
1435,Startup,2026-06-26
1436,SMB,2026-09-18
1437,Startup,2026-03-04
1438,Freelancer,2025-12-28
1439,SMB,2026-04-01
1440,Freelancer,2026-09-18
1441,SMB,2025-11-28
1442,Startup,2026-06-06
1443,Startup,2025-11-03
1444,Startup,2026-01-18
1445,Startup,2026-03-10
1446,SMB,2026-02-18
1447,Startup,2025-12-05
1448,Startup,2026-07-11
1449,Startup,2026-06-03
1450,SMB,2026-03-08
1451,SMB,2026-03-02
1452,Freelancer,2025-10-28
1453,SMB,2026-05-30
1454,SMB,2025-12-23
1455,SMB,2026-01-18
1456,Startup,2026-08-11
1457,Startup,2026-05-23
1458,Freelancer,2026-06-12
1459,Startup,2026-01-05
1460,SMB,2026-04-01
1461,SMB,2025-10-06
1462,SMB,2025-12-29
1463,Startup,2026-07-20
1464,Freelancer,2026-03-23
1465,SMB,2026-05-20
1466,SMB,2026-07-15
1467,Startup,2026-09-07
1468,Startup,2025-10-30
1469,Startup,2026-05-01
1470,SMB,2026-09-29
1471,SMB,2025-12-12
1472,Startup,2026-08-10
1473,SMB,2026-04-30
1474,Startup,2026-01-25
1475,SMB,2026-07-13
1476,Startup,2026-08-14
1477,Freelancer,2025-11-22
1478,Startup,2026-06-06
1479,SMB,2026-09-07
1480,Freelancer,2026-06-01
1481,SMB,2026-04-18
1482,Startup,2025-11-20
1483,SMB,2026-03-14
1484,Freelancer,2026-08-27
1485,SMB,2026-07-19
1486,SMB,2026-03-14
1487,Freelancer,2026-01-21
1488,Startup,2026-07-21
1489,SMB,2026-09-19
1490,SMB,2026-01-18
1491,SMB,2026-07-23
1492,SMB,2026-01-21
1493,Startup,2026-07-29
1494,Startup,2026-09-18
1495,Freelancer,2026-05-31
1496,Startup,2026-03-31
1497,Freelancer,2026-01-23
1498,Startup,2025-10-22
1499,SMB,2025-10-20
1500,Startup,2026-08-02
1501,SMB,2026-05-30
1502,SMB,2025-12-22
1503,Freelancer,2026-04-20
1504,Startup,2026-08-17
1505,SMB,2026-05-25
1506,SMB,2026-08-31
1507,SMB,2025-11-12
1508,Startup,2025-10-27
1509,SMB,2026-06-01
1510,Freelancer,2026-05-01
1511,Startup,2026-06-09
1512,SMB,2026-09-24
1513,Startup,2025-11-09
1514,Freelancer,2026-09-05
1515,Startup,2025-10-23
1516,Startup,2026-04-10
1517,SMB,2026-07-31
1518,Startup,2026-06-06
1519,Startup,2025-12-21
1520,Freelancer,2026-05-09
1521,SMB,2026-08-26
1522,Startup,2025-12-14
1523,SMB,2026-09-08
1524,SMB,2026-05-27
1525,SMB,2025-11-01
1526,SMB,2026-01-30
1527,Startup,2026-08-11
1528,SMB,2026-02-01
1529,Startup,2026-09-11
1530,Startup,2026-03-03
1531,SMB,2026-02-03
1532,Startup,2026-08-08
1533,SMB,2026-07-14
1534,SMB,2025-12-26
1535,Freelancer,2026-07-13
1536,SMB,2025-12-31
1537,SMB,2026-08-23
1538,Startup,2025-10-03
1539,SMB,2026-05-30
1540,SMB,2025-11-26
1541,Startup,2026-06-05
1542,Startup,2026-09-23
1543,Startup,2026-06-01
1544,Freelancer,2026-03-08
1545,SMB,2026-07-28
1546,SMB,2025-12-11
1547,SMB,2026-04-17
1548,SMB,2026-09-18
1549,Freelancer,2026-02-07
1550,Startup,2025-10-10
1551,SMB,2026-03-11
1552,SMB,2026-03-26
1553,SMB,2026-07-24
1554,Startup,2026-07-21
1555,SMB,2026-02-02
1556,Freelancer,2026-07-10
1557,SMB,2025-11-22
1558,SMB,2025-12-09
1559,Freelancer,2026-05-09
1560,Freelancer,2026-06-16
1561,SMB,2026-07-22
1562,Startup,2026-05-16
1563,Freelancer,2025-11-16
1564,Startup,2026-06-04
1565,Startup,2026-03-06
1566,Startup,2026-01-06
1567,Freelancer,2026-02-01
1568,Startup,2026-07-23
1569,SMB,2025-12-04
1570,SMB,2026-04-23
1571,Startup,2025-10-31
1572,Startup,2026-06-22
1573,SMB,2025-11-24
1574,Startup,2026-09-08
1575,SMB,2026-08-18
1576,Freelancer,2026-08-09
1577,SMB,2026-02-05
1578,Startup,2026-07-13
1579,Startup,2025-11-19
1580,SMB,2026-01-14
1581,SMB,2025-11-18
1582,SMB,2025-10-20
1583,Startup,2026-02-11
1584,Startup,2026-04-28
1585,SMB,2026-08-11
1586,Startup,2025-10-13
1587,Freelancer,2026-02-26
1588,SMB,2026-06-18
1589,Freelancer,2025-12-13
1590,SMB,2026-06-26
1591,SMB,2026-04-27
1592,Startup,2026-04-24
1593,SMB,2025-11-15
1594,Freelancer,2025-12-01
1595,Startup,2026-08-17
1596,Startup,2026-08-16
1597,Startup,2026-03-15
1598,Startup,2026-05-06
1599,Startup,2026-04-16
1600,Startup,2026-04-06
1601,Freelancer,2026-06-17
1602,Startup,2026-04-26
1603,SMB,2025-11-15
1604,SMB,2025-10-31
1605,SMB,2026-08-07
1606,SMB,2026-06-28
1607,SMB,2025-12-12
1608,SMB,2025-10-23
1609,SMB,2025-12-20
1610,Freelancer,2026-04-30
1611,Startup,2026-05-02
1612,SMB,2025-12-01
1613,Freelancer,2025-12-04
1614,Freelancer,2025-12-15
1615,Freelancer,2026-03-11
1616,SMB,2025-12-25
1617,SMB,2026-03-16
1618,SMB,2025-10-06
1619,Startup,2026-09-07
1620,Startup,2026-08-22
1621,Startup,2026-02-01
1622,Startup,2026-07-21
1623,Freelancer,2026-04-14
1624,Startup,2025-10-12
1625,Freelancer,2026-01-12
1626,Startup,2025-10-21
1627,SMB,2026-06-16
1628,Startup,2026-07-13
1629,SMB,2026-05-14
1630,SMB,2025-10-03
1631,Freelancer,2025-12-26
1632,SMB,2026-03-21
1633,SMB,2025-11-22
1634,Freelancer,2025-11-09
1635,SMB,2026-01-20
1636,SMB,2026-05-04
1637,SMB,2025-11-02
1638,Startup,2026-09-30
1639,SMB,2026-03-17
1640,SMB,2025-12-02
1641,Startup,2025-10-08
1642,SMB,2026-09-15
1643,Startup,2026-05-06
1644,SMB,2026-08-12
1645,Startup,2026-07-11
1646,Startup,2026-09-25
1647,SMB,2026-08-21
1648,SMB,2026-07-07
1649,SMB,2026-08-07
1650,SMB,2026-08-09
1651,SMB,2026-01-02
1652,Startup,2026-05-06
1653,SMB,2026-09-25
1654,SMB,2026-08-13
1655,SMB,2025-11-08
1656,Startup,2025-11-10
1657,SMB,2025-12-13
1658,Startup,2026-06-28
1659,Startup,2026-02-21
1660,SMB,2026-05-18
1661,SMB,2025-11-21
1662,SMB,2025-10-22
1663,Startup,2026-07-09
1664,SMB,2026-01-15
1665,SMB,2025-10-16
1666,Freelancer,2025-12-18
1667,Startup,2026-01-26
1668,SMB,2026-02-25
1669,Freelancer,2026-08-24
1670,SMB,2025-12-12
1671,SMB,2026-05-09
1672,SMB,2026-01-09
1673,Freelancer,2026-03-31
1674,SMB,2026-01-17
1675,Startup,2026-02-03
1676,Startup,2026-05-07
1677,Startup,2026-05-04
1678,SMB,2025-11-19
1679,SMB,2025-11-27
1680,Startup,2025-12-28
1681,SMB,2026-08-25
1682,Startup,2026-01-24
1683,SMB,2026-04-29
1684,Startup,2026-03-13
1685,Startup,2026-02-07
1686,Startup,2025-10-14
1687,Startup,2026-03-11
1688,SMB,2026-09-30
1689,SMB,2026-09-09
1690,SMB,2026-01-18
1691,Startup,2026-04-13
1692,SMB,2026-01-13
1693,SMB,2026-09-02
1694,SMB,2026-04-21
1695,SMB,2026-09-01
1696,Startup,2026-08-08
1697,Startup,2026-01-28
1698,SMB,2026-03-16
1699,SMB,2026-04-26
1700,Startup,2025-12-30
1701,Startup,2026-07-31
1702,Freelancer,2026-04-25
1703,Startup,2025-12-15
1704,Freelancer,2026-03-26
1705,Freelancer,2026-07-27
1706,Freelancer,2026-03-04
1707,Startup,2026-06-17
1708,Startup,2026-09-25
1709,Startup,2026-01-31
1710,SMB,2026-09-29
1711,SMB,2026-03-01
1712,Freelancer,2026-04-24
1713,Startup,2026-07-10
1714,SMB,2025-10-25
1715,SMB,2026-06-14
1716,SMB,2026-04-25
1717,SMB,2026-05-28
1718,Startup,2026-09-13
1719,Startup,2026-03-27
1720,Startup,2026-09-03
1721,SMB,2026-04-26
1722,SMB,2025-12-18
1723,SMB,2026-05-27
1724,SMB,2025-12-09
1725,Startup,2026-08-25
1726,SMB,2025-11-25
1727,Freelancer,2026-04-01
1728,Startup,2026-07-27
1729,SMB,2025-10-04
1730,SMB,2026-03-28
1731,SMB,2026-04-03
1732,SMB,2026-02-01
1733,Freelancer,2026-06-03
1734,Startup,2026-01-27
1735,Startup,2026-02-14
1736,Startup,2026-01-09
1737,Freelancer,2026-05-16
1738,Freelancer,2026-08-19
1739,SMB,2025-12-04
1740,SMB,2026-02-27
1741,SMB,2025-12-22
1742,SMB,2025-12-29
1743,Startup,2026-09-20
1744,SMB,2026-06-17
1745,Startup,2026-09-10
1746,SMB,2026-05-20
1747,Startup,2026-06-01
1748,SMB,2026-06-19
1749,SMB,2026-05-27
1750,Freelancer,2026-07-28
1751,SMB,2026-01-28
1752,Startup,2025-11-06
1753,Freelancer,2026-03-28
1754,SMB,2025-10-01
1755,SMB,2025-10-18
1756,SMB,2025-10-19
1757,SMB,2025-10-29
1758,Freelancer,2026-06-15
1759,Startup,2026-05-07
1760,SMB,2026-09-07
1761,Startup,2026-01-14
1762,Freelancer,2026-01-29
1763,SMB,2026-03-28
1764,SMB,2026-07-13
1765,Freelancer,2026-09-05
1766,Startup,2026-06-24
1767,SMB,2026-04-04
1768,Startup,2026-09-22
1769,SMB,2025-12-06
1770,Startup,2026-03-21
1771,Startup,2025-12-30
1772,SMB,2025-11-30
1773,Startup,2026-02-22
1774,SMB,2026-07-07
1775,Startup,2026-01-25
1776,Startup,2026-07-26
1777,SMB,2026-05-11
1778,SMB,2026-06-16
1779,SMB,2025-12-28
1780,Startup,2026-08-12
1781,Startup,2025-12-14
1782,SMB,2026-02-13
1783,Freelancer,2026-07-13
1784,Startup,2026-06-09
1785,SMB,2026-01-18
1786,SMB,2026-01-05
1787,Startup,2026-03-08
1788,SMB,2026-03-12
1789,Freelancer,2025-10-22
1790,Startup,2025-12-28
1791,SMB,2025-11-26
1792,SMB,2025-11-26
1793,SMB,2026-02-07
1794,Startup,2025-10-14
1795,SMB,2026-06-05
1796,Freelancer,2026-06-03
1797,Startup,2025-12-20
1798,Freelancer,2026-08-16
1799,SMB,2026-05-05
1800,SMB,2026-01-23
1801,Startup,2025-12-10
1802,SMB,2026-03-06
1803,SMB,2026-09-16
1804,Freelancer,2025-10-02
1805,Startup,2025-10-08
1806,Freelancer,2026-02-28
1807,SMB,2026-09-01
1808,Startup,2026-01-11
1809,SMB,2026-06-30
1810,SMB,2026-04-28
1811,SMB,2025-12-12
1812,Freelancer,2026-08-28
1813,SMB,2025-11-29
1814,Startup,2026-04-03
1815,Freelancer,2026-05-30
1816,Startup,2026-06-04
1817,SMB,2026-08-08
1818,Startup,2026-06-15
1819,Startup,2026-05-28
1820,SMB,2025-11-25
1821,SMB,2026-01-20
1822,Startup,2026-02-04
1823,Startup,2026-02-13
1824,Freelancer,2025-11-11
1825,SMB,2025-11-04
1826,SMB,2026-03-10
1827,SMB,2026-06-21
1828,Freelancer,2026-08-20
1829,Freelancer,2026-09-09
1830,Freelancer,2026-03-25
1831,Startup,2026-08-24
1832,SMB,2026-03-16
1833,Startup,2026-03-22
1834,SMB,2025-12-16
1835,SMB,2026-05-18
1836,SMB,2026-01-22
1837,SMB,2026-03-27
1838,SMB,2026-09-07
1839,Freelancer,2026-04-18
1840,Startup,2026-01-19
1841,Startup,2026-06-02
1842,SMB,2026-06-24
1843,Startup,2026-05-10
1844,SMB,2025-10-16
1845,SMB,2025-12-22
1846,SMB,2025-11-16
1847,SMB,2026-09-14
1848,Freelancer,2026-01-22
1849,Freelancer,2026-03-23
1850,SMB,2026-08-26
1851,Startup,2026-09-27
1852,SMB,2025-12-20
1853,SMB,2026-08-10
1854,Startup,2026-06-23
1855,Startup,2026-05-13
1856,Startup,2025-12-01
1857,SMB,2026-06-10
1858,Startup,2026-05-12
1859,SMB,2026-03-12
1860,SMB,2026-05-03
1861,SMB,2025-12-16
1862,SMB,2026-05-16
1863,SMB,2025-11-25
1864,SMB,2026-01-13
1865,Startup,2026-03-30
1866,SMB,2025-11-29
1867,SMB,2026-08-30
1868,Freelancer,2026-08-20
1869,Freelancer,2026-03-23
1870,SMB,2026-04-26
1871,SMB,2026-01-15
1872,SMB,2025-12-17
1873,Freelancer,2026-09-16
1874,SMB,2026-02-28
1875,SMB,2026-09-14
1876,Startup,2025-10-25
1877,Startup,2025-11-08
1878,SMB,2026-03-23
1879,SMB,2026-07-13
1880,SMB,2026-03-04
1881,SMB,2026-08-03
1882,SMB,2025-11-18
1883,Startup,2026-08-09
1884,Startup,2026-03-12
1885,Startup,2026-01-13
1886,Startup,2026-05-22
1887,Startup,2026-07-12
1888,SMB,2026-09-04
1889,Startup,2025-11-01
1890,SMB,2026-06-14
1891,SMB,2026-01-23
1892,SMB,2026-04-02
1893,Startup,2026-03-18
1894,Startup,2026-07-09
1895,SMB,2026-02-23
1896,SMB,2026-01-11
1897,Freelancer,2026-03-27
1898,SMB,2026-06-02
1899,SMB,2026-08-05
1900,Startup,2025-10-02
1901,Startup,2026-04-26
1902,SMB,2025-10-27
1903,SMB,2026-05-15
1904,Freelancer,2026-05-16
1905,SMB,2026-08-09
1906,Freelancer,2025-12-10
1907,Startup,2026-07-18
1908,Freelancer,2026-06-09
1909,SMB,2026-05-31
1910,SMB,2026-05-21
1911,SMB,2026-04-19
1912,SMB,2025-10-24
1913,SMB,2026-07-24
1914,SMB,2026-02-21
1915,SMB,2025-11-08
1916,Startup,2026-05-12
1917,SMB,2026-09-11
1918,SMB,2026-06-18
1919,SMB,2025-12-29
1920,Startup,2026-07-25
1921,SMB,2026-08-06
1922,Startup,2026-01-29
1923,SMB,2026-04-09
1924,Startup,2026-08-02
1925,Startup,2025-11-27
1926,Startup,2026-02-07
1927,Startup,2026-03-16
1928,Freelancer,2025-10-03
1929,SMB,2025-11-30
1930,SMB,2026-05-11
1931,Freelancer,2026-01-05
1932,Freelancer,2025-12-28
1933,Startup,2026-01-17
1934,SMB,2025-11-15
1935,SMB,2026-05-21
1936,Freelancer,2026-01-03
1937,Startup,2026-05-26
1938,SMB,2026-07-30
1939,SMB,2026-03-24
1940,Startup,2026-08-30
1941,Startup,2025-12-11
1942,Freelancer,2026-09-17
1943,SMB,2026-01-26
1944,SMB,2026-01-19
1945,SMB,2026-09-23
1946,Startup,2026-03-16
1947,SMB,2026-06-30
1948,SMB,2026-07-20
1949,SMB,2026-03-13
1950,SMB,2026-01-25
1951,Startup,2026-03-29
1952,SMB,2026-02-18
1953,SMB,2026-03-01
1954,Startup,2025-12-26
1955,SMB,2026-08-30
1956,Startup,2026-04-27
1957,Freelancer,2026-07-18
1958,Startup,2026-05-29
1959,Startup,2026-02-06
1960,Freelancer,2026-01-25
1961,Freelancer,2026-09-24
1962,Freelancer,2025-10-09
1963,SMB,2026-01-16
1964,Startup,2026-06-26
1965,Startup,2026-04-18
1966,SMB,2026-05-14
1967,SMB,2025-10-08
1968,Freelancer,2025-12-19
1969,SMB,2026-05-07
1970,Freelancer,2026-01-23
1971,Freelancer,2026-03-21
1972,SMB,2026-09-15
1973,SMB,2026-05-21
1974,Freelancer,2026-05-19
1975,SMB,2025-12-11
1976,Startup,2026-05-06
1977,SMB,2026-09-16
1978,SMB,2026-05-22
1979,SMB,2026-07-14
1980,SMB,2026-09-14
1981,Freelancer,2026-08-25
1982,SMB,2026-02-02
1983,SMB,2026-01-16
1984,Startup,2026-01-11
1985,Freelancer,2026-07-09
1986,SMB,2026-02-15
1987,Startup,2026-07-28
1988,SMB,2026-07-20
1989,Freelancer,2026-06-01
1990,Startup,2025-11-14
1991,Freelancer,2026-06-17
1992,Startup,2025-12-15
1993,Freelancer,2026-04-20
1994,SMB,2025-12-23
1995,Startup,2025-10-23
1996,Startup,2026-05-21
1997,SMB,2026-03-14
1998,Freelancer,2026-05-23
1999,Startup,2026-03-29
2000,Freelancer,2026-02-13
2001,SMB,2025-10-06
2002,Freelancer,2026-01-09
2003,SMB,2026-08-18
2004,Freelancer,2026-07-03
2005,SMB,2026-03-19
2006,Startup,2025-10-12
2007,SMB,2026-09-25
2008,Startup,2026-06-27
2009,SMB,2025-10-09
2010,Freelancer,2025-12-16
2011,Freelancer,2025-12-02
2012,SMB,2026-08-26
2013,Startup,2026-09-14
2014,Startup,2026-02-28
2015,SMB,2025-12-04
2016,SMB,2026-05-23
2017,SMB,2026-01-08
2018,SMB,2025-11-14
2019,Startup,2026-01-03
2020,Startup,2026-01-01
2021,SMB,2025-10-20
2022,Freelancer,2026-06-13
2023,SMB,2026-02-06
2024,Freelancer,2026-04-19
2025,Startup,2026-04-19
2026,Startup,2026-07-09
2027,Startup,2026-07-06
2028,SMB,2026-04-24
2029,Freelancer,2026-08-02
2030,Startup,2026-04-26
2031,Freelancer,2025-10-10
2032,SMB,2026-08-10
2033,Startup,2026-07-08
2034,SMB,2026-03-05
2035,Startup,2026-02-19
2036,Startup,2026-08-23
2037,SMB,2026-03-05
2038,SMB,2026-02-13
2039,SMB,2026-06-25
2040,SMB,2026-01-28
2041,SMB,2026-02-25
2042,SMB,2026-07-12
2043,SMB,2025-12-21
2044,Startup,2025-10-05
2045,Startup,2026-01-31
2046,SMB,2025-12-02
2047,SMB,2026-02-10
2048,Startup,2025-10-27
2049,SMB,2026-05-04
2050,SMB,2026-04-05
2051,SMB,2026-01-08
2052,Freelancer,2026-05-18
2053,SMB,2025-11-22
2054,Freelancer,2025-10-04
2055,SMB,2026-03-24
2056,SMB,2025-11-28
2057,SMB,2026-08-09
2058,Startup,2026-01-19
2059,Startup,2026-03-06
2060,Startup,2026-01-16
2061,Freelancer,2026-03-08
2062,Startup,2025-11-05
2063,SMB,2026-09-06
2064,Startup,2025-12-03
2065,SMB,2026-02-22
2066,Startup,2026-08-06
2067,Freelancer,2026-03-05
2068,SMB,2026-06-13
2069,SMB,2025-10-25
2070,Startup,2026-01-17
2071,SMB,2026-07-05
2072,SMB,2026-01-05
2073,Startup,2026-03-01
2074,SMB,2025-10-30
2075,SMB,2026-04-03
2076,Startup,2026-02-05
2077,SMB,2026-08-11
2078,SMB,2026-02-23
2079,Freelancer,2026-07-29
2080,SMB,2026-08-27
2081,SMB,2026-08-03
2082,Freelancer,2026-06-29
2083,SMB,2026-05-02
2084,Freelancer,2026-03-24
2085,Startup,2025-10-30
2086,Startup,2025-11-19
2087,SMB,2026-02-16
2088,SMB,2026-05-28
2089,Freelancer,2025-10-02
2090,SMB,2026-09-07
2091,Startup,2026-09-28
2092,Freelancer,2025-10-29
2093,Startup,2025-11-05
2094,SMB,2026-08-06
2095,Startup,2025-12-12
2096,Startup,2025-12-05
2097,SMB,2025-12-08
2098,Freelancer,2026-06-13
2099,SMB,2025-11-18
2100,Freelancer,2025-12-07
2101,SMB,2026-02-23
2102,SMB,2026-05-08
2103,Startup,2026-09-27
2104,SMB,2025-12-26
2105,SMB,2026-01-02
2106,SMB,2026-04-16
2107,Freelancer,2026-03-02
2108,SMB,2026-05-08
2109,Startup,2025-12-29
2110,Startup,2026-05-14
2111,Startup,2026-09-03
2112,SMB,2026-06-07
2113,SMB,2026-06-26
2114,Freelancer,2025-10-26
2115,Startup,2026-08-26
2116,Freelancer,2026-06-14
2117,Startup,2026-05-17
2118,Freelancer,2025-11-26
2119,Freelancer,2026-04-21
2120,SMB,2026-06-05
2121,Freelancer,2026-05-16
2122,SMB,2025-11-15
2123,SMB,2025-10-15
2124,Startup,2026-03-24
2125,SMB,2026-06-19
2126,SMB,2026-02-19
2127,Startup,2026-06-08
2128,Startup,2026-09-19
2129,Freelancer,2026-08-21
2130,SMB,2026-05-19
2131,SMB,2026-06-23
2132,Startup,2025-11-02
2133,Startup,2025-11-01
2134,Freelancer,2026-06-13
2135,SMB,2026-07-20
2136,SMB,2025-12-10
2137,Freelancer,2026-05-05
2138,SMB,2026-01-13
2139,Startup,2025-11-09
2140,SMB,2026-02-16
2141,SMB,2026-03-13
2142,Freelancer,2026-07-11
2143,SMB,2026-08-12
2144,SMB,2026-09-10
2145,Startup,2025-11-08
2146,SMB,2026-09-03
2147,SMB,2026-04-07
2148,Startup,2025-12-02
2149,SMB,2026-05-25
2150,Startup,2025-10-23
2151,SMB,2026-03-18
2152,SMB,2026-07-30
2153,SMB,2026-09-20
2154,Freelancer,2026-01-14
2155,SMB,2025-12-03
2156,Freelancer,2026-05-01
2157,SMB,2025-11-27
2158,SMB,2026-09-23
2159,Startup,2026-01-28
2160,SMB,2025-12-08
2161,Startup,2025-12-26
2162,Freelancer,2026-02-14
2163,Freelancer,2026-06-28
2164,Startup,2026-08-13
2165,Startup,2026-06-26
2166,SMB,2026-05-26
2167,Startup,2026-01-07
2168,SMB,2026-09-08
2169,SMB,2026-09-30
2170,Startup,2026-05-19
2171,SMB,2026-07-13
2172,Startup,2026-01-19
2173,SMB,2026-03-13
2174,SMB,2026-07-21
2175,Startup,2026-03-04
2176,Startup,2026-07-05
2177,Freelancer,2026-08-10
2178,SMB,2026-09-06
2179,SMB,2026-01-15
2180,SMB,2026-03-23
2181,SMB,2026-02-18
2182,SMB,2026-04-02
2183,Startup,2026-06-29
2184,SMB,2026-01-27
2185,Freelancer,2025-12-25
2186,Startup,2026-01-07
2187,Startup,2026-07-07
2188,SMB,2026-09-29
2189,SMB,2025-11-07
2190,SMB,2026-09-22
2191,Startup,2025-10-12
2192,Startup,2026-04-12
2193,SMB,2025-11-18
2194,SMB,2026-09-14
2195,Freelancer,2026-07-06
2196,SMB,2026-02-07
2197,SMB,2026-06-08
2198,SMB,2026-08-07
2199,SMB,2025-12-19
2200,SMB,2026-05-20
2201,Startup,2026-01-18
2202,Startup,2026-06-19
2203,Startup,2026-04-26
2204,SMB,2026-06-20
2205,SMB,2026-05-21
2206,Startup,2026-05-21
2207,SMB,2025-10-31
2208,SMB,2026-08-08
2209,SMB,2025-12-02
2210,Startup,2026-02-21
2211,SMB,2026-04-05
2212,Freelancer,2026-08-06
2213,SMB,2026-05-18
2214,Freelancer,2025-12-06
2215,SMB,2026-01-13
2216,Startup,2025-12-12
2217,SMB,2026-05-04
2218,Freelancer,2026-06-19
2219,SMB,2026-06-16
2220,Freelancer,2026-07-01
2221,Startup,2026-06-14
2222,Startup,2026-08-26
2223,SMB,2026-08-27
2224,SMB,2026-01-09
2225,Freelancer,2026-01-20
2226,Freelancer,2025-10-21
2227,SMB,2026-01-06
2228,SMB,2026-04-04
2229,SMB,2026-05-29
2230,SMB,2026-08-16
2231,SMB,2026-05-05
2232,Freelancer,2026-09-20
2233,SMB,2026-04-20
2234,Freelancer,2026-08-10
2235,Freelancer,2026-07-22
2236,SMB,2026-03-28
2237,SMB,2026-08-15
2238,Startup,2026-08-12
2239,SMB,2026-01-23
2240,Startup,2025-12-18
2241,Startup,2025-11-14
2242,SMB,2026-09-02
2243,Freelancer,2026-03-11
2244,SMB,2026-04-25
2245,SMB,2026-01-08
2246,Freelancer,2026-02-20
2247,SMB,2026-02-24
2248,SMB,2026-05-01
2249,SMB,2025-12-03
2250,SMB,2026-07-14
2251,SMB,2026-02-20
2252,Startup,2025-12-27
2253,SMB,2025-10-06
2254,Startup,2025-11-07
2255,SMB,2026-01-07
2256,SMB,2026-06-25
2257,Freelancer,2026-08-09
2258,Startup,2026-09-13
2259,Startup,2026-01-17
2260,SMB,2026-05-21
2261,Startup,2026-01-06
2262,Freelancer,2025-11-22
2263,Freelancer,2026-04-17
2264,Startup,2026-05-23
2265,SMB,2026-07-05
2266,SMB,2025-11-12
2267,SMB,2026-06-30
2268,SMB,2026-01-19
2269,SMB,2026-01-10
2270,SMB,2025-10-12
2271,SMB,2025-12-14
2272,Startup,2026-03-27
2273,Startup,2025-12-09
2274,Startup,2026-01-26
2275,SMB,2026-04-12
2276,Startup,2025-11-05
2277,Freelancer,2026-08-16
2278,SMB,2026-01-21
2279,Freelancer,2026-07-05
2280,SMB,2026-05-25
2281,Startup,2026-07-02
2282,Startup,2026-01-14
2283,Startup,2025-12-02
2284,Freelancer,2025-11-22
2285,SMB,2025-12-23
2286,Startup,2026-04-17
2287,Freelancer,2026-05-16
2288,Startup,2026-07-02
2289,SMB,2026-09-17
2290,SMB,2026-07-31
2291,Freelancer,2026-02-08
2292,Startup,2026-03-22
2293,Freelancer,2026-09-14
2294,SMB,2026-06-17
2295,Startup,2026-03-02
2296,Startup,2026-08-01
2297,Freelancer,2025-11-19
2298,Startup,2026-06-03
2299,SMB,2026-09-12
2300,Startup,2026-04-11
2301,Startup,2026-05-12
2302,SMB,2025-10-22
2303,SMB,2026-05-09
2304,Freelancer,2026-01-14
2305,SMB,2026-09-28
2306,SMB,2026-01-25
2307,Startup,2026-01-23
2308,Freelancer,2026-02-22
2309,Startup,2026-06-12
2310,SMB,2026-09-13
2311,SMB,2026-02-04
2312,SMB,2025-12-16
2313,SMB,2026-07-07
2314,Startup,2026-04-16
2315,SMB,2026-03-15
2316,SMB,2026-09-27
2317,Freelancer,2026-03-30
2318,SMB,2026-05-14
2319,SMB,2026-09-24
2320,SMB,2025-12-16
2321,SMB,2026-08-26
2322,SMB,2026-09-16
2323,Freelancer,2026-03-21
2324,Freelancer,2026-01-31
2325,Startup,2025-11-29
2326,Startup,2025-10-18
2327,SMB,2026-09-25
2328,Freelancer,2026-03-07
2329,SMB,2026-06-01
2330,SMB,2025-12-27
2331,SMB,2026-01-27
2332,Startup,2026-07-26
2333,SMB,2026-05-28
2334,SMB,2025-12-20
2335,SMB,2025-10-02
2336,SMB,2026-07-27
2337,SMB,2025-10-30
2338,Startup,2025-10-14
2339,SMB,2026-01-18
2340,Startup,2026-09-05
2341,SMB,2026-05-24
2342,SMB,2025-10-16
2343,Startup,2026-08-31
2344,Startup,2026-09-08
2345,SMB,2026-06-12
2346,Startup,2025-10-27
2347,Startup,2025-10-06
2348,SMB,2026-08-15
2349,Startup,2026-07-28
2350,SMB,2026-07-31
2351,Freelancer,2026-03-27
2352,SMB,2026-05-05
2353,Freelancer,2025-12-03
2354,Startup,2025-10-14
2355,Startup,2025-12-20
2356,SMB,2026-05-15
2357,Startup,2026-02-24
2358,SMB,2026-05-14
2359,SMB,2026-03-10
2360,SMB,2026-04-22
2361,Startup,2026-09-13
2362,Startup,2026-05-19
2363,Freelancer,2026-09-14
2364,SMB,2026-09-19
2365,Freelancer,2026-05-14
2366,Freelancer,2026-09-29
2367,Freelancer,2025-12-30
2368,Startup,2026-04-08
2369,SMB,2025-10-28
2370,Freelancer,2025-11-03
2371,Startup,2025-11-18
2372,Startup,2025-11-18
2373,SMB,2026-02-27
2374,SMB,2026-06-20
2375,SMB,2026-09-25
2376,Startup,2026-09-24
2377,SMB,2025-12-05
2378,Freelancer,2026-03-09
2379,SMB,2026-03-07
2380,SMB,2025-11-05
2381,SMB,2025-10-15
2382,SMB,2026-02-06
2383,SMB,2026-08-09
2384,Startup,2026-02-18
2385,Freelancer,2026-02-17
2386,SMB,2026-09-29
2387,SMB,2026-02-15
2388,Startup,2026-06-08
2389,SMB,2026-09-24
2390,Startup,2025-11-13
2391,Startup,2026-04-05
2392,Freelancer,2026-02-01
2393,SMB,2025-11-13
2394,Freelancer,2025-10-18
2395,Freelancer,2026-05-25
2396,SMB,2026-05-27
2397,Startup,2026-04-24
2398,SMB,2026-06-03
2399,SMB,2026-06-20
2400,Freelancer,2025-10-21
2401,SMB,2025-10-13
2402,SMB,2026-01-31
2403,SMB,2026-04-26
2404,Startup,2026-08-26
2405,Freelancer,2026-09-23
2406,Startup,2026-07-29
2407,Startup,2026-01-15
2408,SMB,2026-04-28
2409,Startup,2025-11-12
2410,SMB,2026-03-26
2411,SMB,2025-11-06
2412,Startup,2026-09-28
2413,Freelancer,2026-03-14
2414,Startup,2026-06-21
2415,Startup,2025-11-07
2416,SMB,2026-09-13
2417,SMB,2026-04-10
2418,Startup,2025-10-27
2419,Startup,2026-02-12
2420,Startup,2025-12-17
2421,Startup,2025-10-26
2422,SMB,2025-10-12
2423,SMB,2026-06-18
2424,SMB,2026-08-13
2425,Startup,2026-05-29
2426,Freelancer,2026-06-11
2427,Startup,2025-10-14
2428,Startup,2025-12-04
2429,Startup,2025-10-13
2430,SMB,2026-09-21
2431,SMB,2026-06-27
2432,SMB,2026-09-14
2433,Freelancer,2026-08-27
2434,SMB,2025-12-21
2435,Startup,2026-04-05
2436,SMB,2026-05-25
2437,Startup,2026-06-28
2438,SMB,2026-06-01
2439,Freelancer,2026-03-15
2440,SMB,2025-10-02
2441,Freelancer,2026-09-08
2442,Startup,2026-06-09
2443,SMB,2026-08-02
2444,Startup,2025-12-20
2445,Startup,2025-11-08
2446,SMB,2026-08-25
2447,Startup,2026-07-22
2448,Startup,2026-08-03
2449,Startup,2026-03-10
2450,Startup,2026-08-27
2451,Startup,2025-12-21
2452,SMB,2026-07-04
2453,SMB,2026-03-30
2454,SMB,2025-11-30
2455,Startup,2026-06-19
2456,SMB,2026-02-09
2457,SMB,2025-11-27
2458,Startup,2026-06-16
2459,SMB,2026-07-09
2460,SMB,2026-01-27
2461,Freelancer,2026-09-18
2462,Startup,2026-06-17
2463,Startup,2025-10-09
2464,SMB,2026-01-31
2465,Startup,2026-09-21
2466,Freelancer,2025-12-04
2467,SMB,2026-09-14
2468,SMB,2026-04-08
2469,SMB,2026-06-04
2470,Freelancer,2026-06-08
2471,SMB,2026-04-05
2472,Startup,2026-04-07
2473,Startup,2026-04-26
2474,Freelancer,2026-05-23
2475,SMB,2026-06-27
2476,Startup,2026-03-09
2477,Freelancer,2026-03-09
2478,SMB,2026-07-12
2479,Startup,2026-07-04
2480,SMB,2026-05-26
2481,SMB,2026-03-18
2482,SMB,2026-04-28
2483,SMB,2026-04-27
2484,SMB,2026-03-08
2485,Startup,2025-12-05
2486,SMB,2026-04-14
2487,SMB,2026-03-11
2488,Startup,2025-10-19
2489,Freelancer,2026-09-14
2490,SMB,2026-06-01
2491,SMB,2025-11-11
2492,SMB,2025-12-14
2493,Freelancer,2026-04-27
2494,Freelancer,2026-08-10
2495,SMB,2026-03-27
2496,SMB,2026-07-24
2497,Startup,2025-11-16
2498,Startup,2026-04-11
2499,SMB,2026-07-29
2500,SMB,2026-08-06
2501,SMB,2025-12-27
2502,Startup,2026-06-02
2503,Freelancer,2025-10-15
2504,SMB,2025-11-21
2505,Freelancer,2026-08-25
2506,SMB,2026-06-28
2507,Startup,2025-12-15
2508,Freelancer,2026-09-29
2509,Startup,2026-09-28
2510,SMB,2025-10-15
2511,SMB,2025-10-10
2512,Startup,2025-12-29
2513,Startup,2026-07-17
2514,SMB,2026-05-07
2515,Startup,2026-04-06
2516,SMB,2026-03-01
2517,SMB,2026-03-25
2518,Freelancer,2026-05-21
2519,SMB,2025-10-24
2520,SMB,2026-05-03
2521,SMB,2025-12-20
2522,Freelancer,2026-07-15
2523,SMB,2025-12-11
2524,SMB,2025-10-26
2525,SMB,2026-03-08
2526,SMB,2026-03-10
2527,SMB,2026-04-08
2528,SMB,2026-08-10
2529,SMB,2026-06-13
2530,Startup,2026-02-10
2531,SMB,2026-06-23
2532,SMB,2026-04-02
2533,Startup,2025-12-21
2534,SMB,2025-10-08
2535,SMB,2025-10-02
2536,Freelancer,2025-12-21
2537,Startup,2026-07-26
2538,Startup,2026-03-19
2539,Startup,2026-03-14
2540,Freelancer,2026-02-23
2541,SMB,2026-01-02
2542,SMB,2026-06-18
2543,Startup,2025-10-05
2544,SMB,2026-05-12
2545,Startup,2026-09-07
2546,SMB,2026-08-18
2547,SMB,2026-02-12
2548,Startup,2026-08-08
2549,Startup,2025-12-26
2550,Startup,2025-12-28
2551,SMB,2026-02-03
2552,SMB,2025-10-07
2553,Startup,2026-01-05
2554,SMB,2026-08-08
2555,Startup,2026-07-06
2556,Startup,2026-01-29
2557,SMB,2026-01-23
2558,SMB,2026-02-04
2559,Startup,2025-11-13
2560,SMB,2025-11-27
2561,SMB,2026-09-28
2562,Freelancer,2026-06-10
2563,SMB,2026-06-05
2564,Startup,2026-01-11
2565,SMB,2026-08-09
2566,SMB,2025-12-04
2567,Startup,2026-09-19
2568,SMB,2026-04-02
2569,Startup,2026-01-29
2570,SMB,2026-07-01
2571,Startup,2026-03-02
2572,Startup,2026-01-07
2573,Startup,2026-06-07
2574,SMB,2026-06-21
2575,SMB,2026-05-09
2576,SMB,2026-03-18
2577,Freelancer,2026-01-29
2578,Startup,2026-02-25
2579,Startup,2026-08-16
2580,SMB,2026-02-09
2581,SMB,2026-09-19
2582,SMB,2025-11-23
2583,SMB,2025-11-29
2584,SMB,2026-01-30
2585,SMB,2025-10-02
2586,SMB,2026-08-17
2587,Startup,2026-02-02
2588,SMB,2025-11-07
2589,SMB,2026-05-14
2590,Startup,2026-09-15
2591,Startup,2026-09-28
2592,SMB,2025-11-09
2593,Startup,2026-07-17
2594,Startup,2026-02-10
2595,Startup,2026-08-02
2596,Freelancer,2026-05-10
2597,SMB,2026-06-25
2598,Startup,2026-08-02
2599,SMB,2026-08-23
2600,SMB,2025-11-22
2601,SMB,2026-06-22
2602,SMB,2025-11-21
2603,SMB,2026-09-10
2604,Startup,2026-05-18
2605,SMB,2025-12-10
2606,SMB,2026-01-15
2607,SMB,2026-08-23
2608,SMB,2026-05-24
2609,SMB,2025-12-23
2610,SMB,2026-07-27
2611,Startup,2026-06-20
2612,Freelancer,2025-10-29
2613,SMB,2026-01-12
2614,SMB,2026-08-05
2615,Freelancer,2026-02-06
2616,Startup,2025-10-14
2617,Freelancer,2026-05-09
2618,Startup,2026-08-25
2619,Startup,2026-04-22
2620,SMB,2026-09-22
2621,SMB,2025-11-11
2622,Startup,2026-06-01
2623,Startup,2026-05-26
2624,Startup,2026-09-25
2625,Freelancer,2026-04-09
2626,SMB,2026-07-28
2627,SMB,2025-11-23
2628,Freelancer,2025-10-17
2629,Freelancer,2026-06-19
2630,Startup,2025-10-02
2631,Startup,2026-08-16
2632,Freelancer,2025-10-08
2633,SMB,2026-06-09
2634,SMB,2026-03-14
2635,SMB,2026-05-24
2636,SMB,2026-05-16
2637,Startup,2026-03-12
2638,SMB,2026-03-25
2639,Startup,2026-04-02
2640,SMB,2026-06-05
2641,Startup,2026-06-17
2642,SMB,2026-03-14
2643,Startup,2026-02-06
2644,SMB,2025-10-16
2645,SMB,2026-07-12
2646,SMB,2025-12-22
2647,Startup,2026-03-08
2648,Startup,2026-09-28
2649,Freelancer,2026-07-14
2650,Freelancer,2026-02-04
2651,SMB,2026-03-23
2652,SMB,2026-01-27
2653,SMB,2026-05-17
2654,SMB,2025-11-25
2655,SMB,2026-09-13
2656,Freelancer,2026-09-26
2657,Freelancer,2026-01-17
2658,SMB,2025-12-24
2659,Startup,2026-04-15
2660,Freelancer,2026-05-25
2661,SMB,2026-05-23
2662,Freelancer,2025-10-16
2663,Freelancer,2026-06-17
2664,Freelancer,2025-10-25
2665,Startup,2026-02-02
2666,SMB,2026-06-19
2667,SMB,2026-08-20
2668,Freelancer,2026-05-20
2669,SMB,2025-11-28
2670,SMB,2026-06-06
2671,SMB,2025-10-14
2672,Startup,2025-12-24
2673,SMB,2025-11-15
2674,Startup,2026-09-25
2675,Startup,2026-02-12
2676,SMB,2026-04-22
2677,SMB,2026-07-16
2678,Startup,2026-09-19
2679,Startup,2026-09-29
2680,Freelancer,2025-11-29
2681,Freelancer,2026-02-21
2682,SMB,2026-02-25
2683,Freelancer,2026-07-18
2684,Startup,2026-01-31
2685,Startup,2025-12-24
2686,Startup,2026-07-03
2687,SMB,2026-03-30
2688,Startup,2026-06-30
2689,Startup,2026-02-16
2690,SMB,2026-03-27
2691,Startup,2025-10-04
2692,SMB,2025-10-06
2693,Startup,2025-10-01
2694,Freelancer,2025-12-03
2695,SMB,2026-02-04
2696,SMB,2025-10-19
2697,Startup,2025-11-28
2698,SMB,2026-08-06
2699,SMB,2026-08-08
2700,Startup,2026-01-14
2701,SMB,2026-09-11
2702,Startup,2025-11-13
2703,SMB,2025-10-12
2704,SMB,2026-02-07
2705,SMB,2026-01-05
2706,Freelancer,2025-10-29
2707,Startup,2026-08-06
2708,SMB,2026-09-23
2709,SMB,2026-01-07
2710,Startup,2026-01-23
2711,Startup,2026-06-20
2712,SMB,2026-09-06
2713,SMB,2026-01-13
2714,Startup,2026-06-07
2715,Startup,2025-10-09
2716,Startup,2026-04-25
2717,Startup,2026-09-26
2718,Startup,2026-03-23
2719,Startup,2026-05-23
2720,Startup,2026-06-08
2721,Startup,2026-05-19
2722,SMB,2026-06-08
2723,Freelancer,2026-08-20
2724,SMB,2025-10-04
2725,Startup,2026-08-19
2726,Startup,2026-08-28
2727,Freelancer,2026-08-26
2728,SMB,2026-02-12
2729,Freelancer,2026-05-01
2730,SMB,2026-02-06
2731,SMB,2026-08-03
2732,Freelancer,2026-02-26
2733,SMB,2026-01-23
2734,Startup,2026-06-08
2735,SMB,2025-10-19
2736,Freelancer,2026-02-15
2737,Startup,2025-12-15
2738,SMB,2026-02-14
2739,Startup,2026-03-13
2740,SMB,2025-10-24
2741,Startup,2026-08-12
2742,Startup,2026-03-02
2743,Startup,2026-02-08
2744,Startup,2025-11-24
2745,Freelancer,2026-09-29
2746,Startup,2026-08-09
2747,Freelancer,2026-03-25
2748,SMB,2026-01-31
2749,SMB,2026-03-20
2750,Startup,2026-09-16
2751,SMB,2025-12-20
2752,SMB,2026-06-07
2753,Startup,2026-08-26
2754,Startup,2026-07-03
2755,SMB,2026-08-14
2756,SMB,2026-09-11
2757,SMB,2025-10-22
2758,SMB,2025-12-27
2759,SMB,2025-11-22
2760,Freelancer,2026-04-26
2761,SMB,2026-02-26
2762,Startup,2025-10-15
2763,Freelancer,2026-04-22
2764,SMB,2025-11-06
2765,Freelancer,2026-02-26
2766,SMB,2026-02-11
2767,Startup,2026-08-23
2768,Freelancer,2026-06-07
2769,Startup,2026-05-16
2770,SMB,2026-07-31
2771,SMB,2025-12-05
2772,SMB,2026-01-02
2773,Freelancer,2026-07-02
2774,SMB,2026-07-01
2775,Startup,2025-10-08
2776,SMB,2025-12-21
2777,SMB,2025-12-22
2778,SMB,2025-10-03
2779,SMB,2026-05-30
2780,Startup,2025-10-20
2781,SMB,2026-08-04
2782,SMB,2026-05-02
2783,Startup,2026-07-06
2784,SMB,2026-03-31
2785,Startup,2026-09-20
2786,Startup,2026-01-07
2787,Startup,2026-04-22
2788,SMB,2025-10-03
2789,SMB,2026-08-01
2790,Startup,2026-04-26
2791,Freelancer,2025-12-04
2792,SMB,2026-07-26
2793,SMB,2026-09-27
2794,SMB,2025-10-26
2795,Startup,2026-08-05
2796,SMB,2026-06-26
2797,Freelancer,2026-02-07
2798,SMB,2026-05-20
2799,Freelancer,2026-07-14
2800,SMB,2026-03-24
2801,SMB,2026-06-01
2802,SMB,2025-10-18
2803,SMB,2026-09-03
2804,Freelancer,2026-09-03
2805,SMB,2025-12-16
2806,SMB,2026-03-24
2807,Freelancer,2025-12-27
2808,SMB,2026-02-23
2809,SMB,2026-01-09
2810,SMB,2026-08-11
2811,SMB,2026-06-11
2812,Freelancer,2026-08-05
2813,SMB,2026-07-17
2814,Startup,2026-06-23
2815,SMB,2025-11-30
2816,SMB,2026-07-30
2817,Startup,2026-07-13
2818,Startup,2025-11-15
2819,Startup,2025-11-02
2820,SMB,2026-07-05
2821,SMB,2026-02-20
2822,Startup,2026-01-28
2823,Startup,2026-02-22
2824,SMB,2026-08-13
2825,SMB,2026-02-10
2826,Startup,2026-02-13
2827,SMB,2026-02-23
2828,Startup,2025-10-20
2829,Startup,2025-10-14
2830,SMB,2026-03-01
2831,Startup,2025-10-07
2832,Startup,2026-07-04
2833,Startup,2026-03-04
2834,Freelancer,2026-04-01
2835,Startup,2026-01-31
2836,SMB,2026-07-06
2837,SMB,2026-03-06
2838,Startup,2025-10-13
2839,SMB,2026-03-28
2840,Startup,2025-12-04
2841,SMB,2026-05-06
2842,SMB,2026-04-24
2843,SMB,2026-03-23
2844,Freelancer,2026-02-18
2845,Startup,2026-05-06
2846,Startup,2026-06-06
2847,SMB,2026-08-17
2848,Freelancer,2026-09-17
2849,Freelancer,2025-10-31
2850,SMB,2026-05-29
2851,Startup,2025-10-31
2852,Freelancer,2026-03-02
2853,SMB,2026-06-28
2854,SMB,2026-04-16
2855,Startup,2026-07-22
2856,SMB,2026-08-30
2857,Startup,2026-09-21
2858,Startup,2026-06-03
2859,SMB,2026-06-03
2860,SMB,2026-07-21
2861,Startup,2025-12-25
2862,SMB,2026-01-19
2863,SMB,2026-02-02
2864,SMB,2026-06-29
2865,Freelancer,2026-02-06
2866,SMB,2025-11-20
2867,SMB,2026-07-19
2868,Startup,2026-07-01
2869,SMB,2026-05-05
2870,Startup,2026-08-18
2871,SMB,2026-07-17
2872,Freelancer,2026-08-25
2873,SMB,2026-01-03
2874,SMB,2025-11-12
2875,SMB,2026-02-02
2876,Freelancer,2026-07-30
2877,Freelancer,2026-09-03
2878,SMB,2025-11-10
2879,SMB,2026-08-09
2880,SMB,2026-03-24
2881,SMB,2026-07-26
2882,SMB,2026-06-07
2883,Freelancer,2025-10-22
2884,SMB,2026-03-26
2885,Freelancer,2025-11-02
2886,SMB,2026-02-02
2887,Freelancer,2026-07-04
2888,SMB,2026-06-07
2889,SMB,2026-06-15
2890,Startup,2026-05-30
2891,SMB,2025-10-06
2892,Freelancer,2026-05-01
2893,Startup,2026-03-27
2894,Freelancer,2026-04-11
2895,Freelancer,2025-12-17
2896,SMB,2026-06-15
2897,SMB,2026-05-10
2898,Startup,2026-02-25
2899,SMB,2025-10-21
2900,Startup,2025-10-26
2901,SMB,2026-02-09
2902,Startup,2026-04-15
2903,SMB,2026-09-29
2904,SMB,2026-06-22
2905,Freelancer,2026-03-27
2906,Freelancer,2026-01-18
2907,SMB,2025-12-01
2908,SMB,2025-11-21
2909,Startup,2025-10-27
2910,SMB,2026-08-29
2911,Startup,2025-10-06
2912,Startup,2026-08-12
2913,SMB,2026-05-01
2914,SMB,2026-05-14
2915,SMB,2026-09-15
2916,SMB,2026-07-15
2917,Startup,2025-11-23
2918,SMB,2026-09-19
2919,Freelancer,2025-12-04
2920,Startup,2026-04-26
2921,SMB,2026-05-22
2922,Startup,2025-12-29
2923,SMB,2026-05-19
2924,SMB,2026-05-22
2925,Startup,2026-09-23
2926,SMB,2026-08-30
2927,SMB,2026-02-23
2928,SMB,2026-06-09
2929,SMB,2026-07-27
2930,Startup,2025-10-10
2931,Freelancer,2026-06-07
2932,Startup,2026-08-31
2933,Freelancer,2025-11-13
2934,Startup,2026-07-03
2935,SMB,2025-10-23
2936,Freelancer,2026-02-24
2937,SMB,2026-07-27
2938,SMB,2026-09-26
2939,Freelancer,2026-06-23
2940,Startup,2026-06-21
2941,Freelancer,2026-01-03
2942,SMB,2026-07-29
2943,Startup,2026-05-29
2944,SMB,2026-09-10
2945,SMB,2026-05-09
2946,Freelancer,2025-10-15
2947,SMB,2026-04-05
2948,Startup,2026-07-10
2949,Freelancer,2026-07-15
2950,Freelancer,2026-02-19
2951,SMB,2025-12-02
2952,SMB,2026-08-14
2953,Freelancer,2026-07-28
2954,Startup,2026-08-17
2955,Startup,2026-06-02
2956,SMB,2026-07-30
2957,SMB,2026-02-25
2958,Freelancer,2026-07-12
2959,SMB,2026-03-28
2960,Startup,2026-07-17
2961,SMB,2025-11-23
2962,SMB,2026-01-17
2963,Startup,2025-12-18
2964,Freelancer,2026-02-26
2965,SMB,2026-07-25
2966,SMB,2025-11-11
2967,Startup,2026-06-24
2968,SMB,2026-07-31
2969,SMB,2026-06-02
2970,Startup,2026-05-24
2971,SMB,2025-11-20
2972,Startup,2026-05-12
2973,SMB,2025-12-22
2974,Startup,2025-12-29
2975,Startup,2026-08-11
2976,Freelancer,2026-05-13
2977,Startup,2026-09-28
2978,Startup,2026-03-15
2979,SMB,2026-02-08
2980,SMB,2026-09-29
2981,SMB,2026-05-16
2982,Startup,2026-08-12
2983,SMB,2025-10-17
2984,SMB,2026-04-10
2985,Startup,2026-07-26
2986,Startup,2026-07-23
2987,SMB,2026-06-18
2988,SMB,2025-11-30
2989,Startup,2026-04-18
2990,Freelancer,2025-11-07
2991,Startup,2026-07-20
2992,SMB,2026-05-19
2993,Freelancer,2025-12-10
2994,SMB,2026-06-23
2995,SMB,2026-06-20
2996,SMB,2025-10-20
2997,SMB,2025-11-02
2998,Startup,2025-12-13
2999,Startup,2025-10-26
3000,Startup,2026-04-15
3001,Startup,2026-08-18
3002,SMB,2025-10-23
3003,Startup,2026-05-13
3004,Startup,2026-03-04
3005,Startup,2026-08-02
3006,SMB,2026-03-25
3007,Startup,2026-06-02
3008,Startup,2026-09-02
3009,SMB,2025-11-19
3010,Freelancer,2026-01-24
3011,SMB,2026-01-07
3012,SMB,2025-12-01
3013,Startup,2026-05-25
3014,Freelancer,2025-10-03
3015,Startup,2026-02-18
3016,SMB,2025-11-14
3017,Freelancer,2026-05-13
3018,SMB,2026-07-02
3019,SMB,2026-03-20
3020,Startup,2026-03-12
3021,SMB,2026-03-14
3022,Startup,2025-12-12
3023,Freelancer,2026-02-15
3024,SMB,2026-09-06
3025,SMB,2025-10-16
3026,SMB,2026-07-15
3027,Startup,2025-11-30
3028,Startup,2025-11-11
3029,Freelancer,2026-01-13
3030,Startup,2026-01-07
3031,Freelancer,2026-01-24
3032,SMB,2026-08-07
3033,SMB,2026-08-27
3034,SMB,2026-06-10
3035,Startup,2025-11-23
3036,SMB,2026-09-11
3037,SMB,2026-08-06
3038,SMB,2025-10-28
3039,SMB,2026-02-19
3040,Startup,2026-07-11
3041,Freelancer,2025-11-02
3042,SMB,2025-10-28
3043,Startup,2026-05-10
3044,SMB,2026-01-31
3045,SMB,2026-03-11
3046,SMB,2026-07-01
3047,Startup,2026-04-17
3048,Startup,2026-06-17
3049,Startup,2025-11-16
3050,Startup,2025-10-01
3051,SMB,2025-12-31
3052,Startup,2025-12-13
3053,Startup,2026-01-27
3054,SMB,2026-07-12
3055,SMB,2025-11-25
3056,SMB,2025-11-16
3057,SMB,2025-12-13
3058,SMB,2026-01-28
3059,SMB,2025-12-12
3060,Freelancer,2025-12-07
3061,Freelancer,2026-04-30
3062,Startup,2025-11-10
3063,Startup,2025-11-26
3064,Freelancer,2026-08-02
3065,SMB,2025-10-07
3066,Startup,2025-10-23
3067,Startup,2025-10-26
3068,Freelancer,2026-04-14
3069,Startup,2026-06-11
3070,SMB,2026-06-10
3071,Startup,2026-06-09
3072,SMB,2025-10-22
3073,SMB,2026-02-03
3074,Startup,2026-05-20
3075,Startup,2026-06-06
3076,SMB,2026-01-30
3077,SMB,2026-08-06
3078,Startup,2026-08-01
3079,SMB,2026-07-07
3080,Freelancer,2026-07-19
3081,SMB,2026-09-21
3082,Startup,2026-07-17
3083,SMB,2026-05-02
3084,Freelancer,2026-02-23
3085,Freelancer,2026-02-10
3086,SMB,2026-07-28
3087,Startup,2026-01-17
3088,Startup,2026-05-18
3089,SMB,2026-04-02
3090,Startup,2026-02-16
3091,Freelancer,2026-03-14
3092,Startup,2025-10-30
3093,Freelancer,2026-06-16
3094,SMB,2025-10-25
3095,Freelancer,2025-10-27
3096,Freelancer,2025-12-31
3097,SMB,2026-04-12
3098,SMB,2026-01-18
3099,Startup,2026-08-18
3100,Freelancer,2026-09-04
3101,SMB,2026-02-21
3102,SMB,2026-09-30
3103,Startup,2025-11-02
3104,SMB,2025-11-22
3105,Startup,2026-02-04
3106,Startup,2026-09-10
3107,Freelancer,2026-04-02
3108,SMB,2026-06-15
3109,Freelancer,2026-05-27
3110,Startup,2026-03-31
3111,Freelancer,2026-09-06
3112,SMB,2026-09-14
3113,Startup,2026-03-13
3114,Freelancer,2026-06-18
3115,Startup,2026-05-16
3116,SMB,2026-05-05
3117,SMB,2025-11-07
3118,SMB,2025-12-16
3119,SMB,2026-09-27
3120,Startup,2025-12-29
3121,Freelancer,2026-05-26
3122,Startup,2026-08-29
3123,SMB,2026-05-08
3124,SMB,2025-12-18
3125,SMB,2026-08-10
3126,SMB,2025-10-12
3127,Freelancer,2026-06-21
3128,SMB,2026-01-06
3129,SMB,2026-05-22
3130,Startup,2026-03-25
3131,SMB,2026-04-26
3132,SMB,2026-02-17
3133,Startup,2026-04-12
3134,SMB,2026-09-07
3135,Startup,2026-07-29
3136,Startup,2026-03-02
3137,Startup,2026-09-09
3138,SMB,2026-08-21
3139,SMB,2026-05-17
3140,Startup,2026-05-06
3141,SMB,2025-10-14
3142,SMB,2026-04-10
3143,SMB,2025-12-17
3144,SMB,2025-11-28
3145,SMB,2026-08-10
3146,Freelancer,2026-01-07
3147,SMB,2026-05-13
3148,Startup,2026-08-13
3149,SMB,2026-05-07
3150,SMB,2026-07-12
3151,Startup,2026-07-10
3152,Startup,2026-03-13
3153,Freelancer,2026-09-02
3154,SMB,2026-08-28
3155,SMB,2026-02-01
3156,Startup,2026-07-27
3157,SMB,2025-12-06
3158,SMB,2025-11-10
3159,SMB,2026-04-12
3160,SMB,2026-05-10
3161,Freelancer,2026-05-01
3162,Freelancer,2026-07-19
3163,Startup,2026-02-20
3164,SMB,2026-07-23
3165,Startup,2026-08-26
3166,Startup,2025-11-03
3167,Startup,2026-03-13
3168,Startup,2025-12-21
3169,Freelancer,2026-05-28
3170,SMB,2026-02-28
3171,Startup,2026-01-11
3172,Startup,2025-12-31
3173,Freelancer,2026-02-07
3174,Freelancer,2025-11-09
3175,SMB,2025-11-08
3176,Startup,2026-05-18
3177,SMB,2026-09-10
3178,Startup,2026-04-04
3179,SMB,2026-09-04
3180,SMB,2025-11-26
3181,Freelancer,2026-09-21
3182,Startup,2026-05-03
3183,Startup,2026-06-29
3184,SMB,2025-10-23
3185,SMB,2026-05-09
3186,SMB,2026-02-17
3187,SMB,2026-08-24
3188,Freelancer,2026-07-17
3189,Startup,2026-08-12
3190,SMB,2026-08-21
3191,Startup,2026-06-21
3192,SMB,2025-12-29
3193,SMB,2026-01-12
3194,SMB,2026-08-10
3195,SMB,2026-05-08
3196,Startup,2026-08-22
3197,Startup,2026-07-18
3198,Startup,2026-05-10
3199,Freelancer,2025-11-25
3200,Freelancer,2026-09-24
3201,Startup,2025-12-28
3202,Freelancer,2025-12-29
3203,Freelancer,2025-11-23
3204,Freelancer,2025-10-26
3205,SMB,2026-02-14
3206,SMB,2026-08-04
3207,Startup,2026-08-13
3208,Freelancer,2026-03-29
3209,Freelancer,2026-01-23
3210,Startup,2026-02-04
3211,Freelancer,2026-09-01
3212,Startup,2025-10-21
3213,Startup,2025-10-21
3214,SMB,2025-10-24
3215,SMB,2026-08-21
3216,SMB,2025-11-03
3217,SMB,2026-09-09
3218,Startup,2025-12-07
3219,SMB,2026-04-19
3220,Freelancer,2026-09-20
3221,SMB,2025-11-12
3222,Startup,2026-01-11
3223,SMB,2026-06-23
3224,Freelancer,2026-07-26
3225,SMB,2026-08-28
3226,Startup,2025-10-08
3227,Startup,2026-07-11
3228,Startup,2026-01-26
3229,Startup,2026-04-22
3230,Startup,2026-08-27
3231,Startup,2026-08-26
3232,SMB,2025-12-07
3233,Freelancer,2026-03-21
3234,SMB,2026-01-12
3235,SMB,2026-05-13
3236,SMB,2026-07-29
3237,SMB,2026-01-25
3238,SMB,2025-11-14
3239,Freelancer,2025-10-24
3240,Startup,2025-10-20
3241,Freelancer,2026-02-11
3242,SMB,2026-09-18
3243,Startup,2025-12-31
3244,SMB,2026-02-25
3245,SMB,2026-06-04
3246,SMB,2026-05-29
3247,Startup,2026-01-07
3248,Startup,2025-11-16
3249,SMB,2025-11-27
3250,SMB,2025-12-20
3251,SMB,2025-11-01
3252,SMB,2026-03-17
3253,Startup,2026-05-24
3254,Startup,2026-06-04
3255,Freelancer,2026-08-28
3256,Freelancer,2026-01-16
3257,SMB,2026-05-27
3258,Freelancer,2026-08-19
3259,Startup,2025-10-11
3260,SMB,2026-07-13
3261,Freelancer,2025-11-02
3262,Startup,2026-04-20
3263,Startup,2026-07-31
3264,Startup,2026-03-17
3265,Freelancer,2026-04-23
3266,Startup,2026-05-15
3267,Freelancer,2026-04-29
3268,SMB,2026-06-25
3269,Freelancer,2026-08-10
3270,Startup,2025-11-19
3271,Startup,2026-03-01
3272,Freelancer,2026-08-08
3273,SMB,2026-02-17
3274,SMB,2026-03-28
3275,Freelancer,2026-06-28
3276,Freelancer,2026-09-07
3277,Startup,2025-12-31
3278,Startup,2026-09-14
3279,SMB,2026-06-17
3280,Startup,2025-10-12
3281,SMB,2026-08-11
3282,Freelancer,2026-02-18
3283,Startup,2026-01-12
3284,SMB,2026-04-11
3285,Startup,2026-04-29
3286,Freelancer,2026-04-15
3287,Startup,2025-10-21
3288,SMB,2026-07-28
3289,Startup,2026-02-02
3290,SMB,2025-11-21
3291,SMB,2026-04-25
3292,Startup,2026-05-16
3293,SMB,2025-11-07
3294,Startup,2026-09-10
3295,SMB,2026-05-08
3296,SMB,2026-09-29
3297,Startup,2026-06-02
3298,Startup,2025-10-04
3299,SMB,2025-12-16
3300,SMB,2026-09-20
3301,Startup,2026-04-23
3302,Freelancer,2025-11-14
3303,SMB,2025-10-28
3304,SMB,2026-04-14
3305,Freelancer,2026-05-05
3306,SMB,2025-12-29
3307,Freelancer,2025-12-11
3308,Freelancer,2026-05-10
3309,SMB,2026-03-08
3310,SMB,2025-10-14
3311,Freelancer,2025-10-22
3312,SMB,2025-12-26
3313,Startup,2026-04-24
3314,SMB,2026-01-18
3315,Startup,2025-10-06
3316,Freelancer,2026-08-31
3317,Startup,2026-06-11
3318,SMB,2026-05-02
3319,Startup,2025-12-29
3320,Startup,2026-06-16
3321,SMB,2026-09-11
3322,Startup,2026-06-04
3323,Startup,2026-01-16
3324,SMB,2026-02-21
3325,Freelancer,2026-09-05
3326,SMB,2025-10-06
3327,SMB,2025-12-20
3328,SMB,2025-11-09
3329,SMB,2026-05-23
3330,SMB,2026-03-17
3331,SMB,2025-11-18
3332,Startup,2026-09-09
3333,Startup,2026-04-20
3334,SMB,2025-12-30
3335,Startup,2026-09-11
3336,Startup,2026-06-12
3337,Startup,2025-11-17
3338,Freelancer,2026-07-29
3339,SMB,2025-10-22
3340,SMB,2026-08-27
3341,SMB,2026-02-21
3342,SMB,2026-01-16
3343,Startup,2025-10-20
3344,SMB,2026-09-05
3345,Startup,2026-04-23
3346,Freelancer,2026-05-10
3347,Startup,2026-08-07
3348,Startup,2026-04-04
3349,Startup,2026-01-14
3350,Startup,2026-07-12
3351,Startup,2026-04-12
3352,SMB,2025-12-27
3353,SMB,2026-08-05
3354,SMB,2026-07-24
3355,Startup,2025-12-30
3356,SMB,2026-05-26
3357,SMB,2026-09-02
3358,SMB,2026-07-19
3359,Startup,2025-12-12
3360,SMB,2026-08-09
3361,SMB,2025-10-21
3362,SMB,2026-05-14
3363,SMB,2026-04-05
3364,Startup,2025-10-14
3365,SMB,2026-06-22
3366,SMB,2026-01-17
3367,Freelancer,2026-08-08
3368,SMB,2026-08-17
3369,Startup,2026-05-04
3370,Startup,2026-05-17
3371,SMB,2025-10-20
3372,SMB,2026-08-21
3373,SMB,2026-06-06
3374,SMB,2026-02-18
3375,SMB,2025-11-01
3376,Startup,2026-04-03
3377,SMB,2026-08-25
3378,SMB,2026-08-11
3379,Startup,2025-11-06
3380,SMB,2026-07-06
3381,Startup,2025-10-30
3382,SMB,2026-02-15
3383,Startup,2026-03-13
3384,Freelancer,2025-10-09
3385,Startup,2025-11-20
3386,Freelancer,2026-08-18
3387,SMB,2026-05-18
3388,SMB,2026-07-15
3389,SMB,2026-04-27
3390,SMB,2026-03-13
3391,Freelancer,2025-10-07
3392,SMB,2026-04-18
3393,SMB,2026-07-09
3394,Freelancer,2025-12-14
3395,SMB,2026-03-29
3396,Startup,2026-02-28
3397,SMB,2026-08-14
3398,Freelancer,2025-11-29
3399,SMB,2025-11-08
3400,Startup,2025-12-16
3401,Startup,2025-11-27
3402,Freelancer,2026-08-05
3403,Freelancer,2026-01-04
3404,Startup,2026-02-10
3405,SMB,2026-01-02
3406,SMB,2026-07-25
3407,Freelancer,2026-05-31
3408,Startup,2026-03-22
3409,Freelancer,2026-07-19
3410,Startup,2025-10-26
3411,SMB,2026-06-05
3412,SMB,2026-02-09
3413,SMB,2026-02-16
3414,Startup,2025-11-27
3415,Startup,2025-11-05
3416,SMB,2026-06-11
3417,Startup,2026-08-07
3418,SMB,2026-08-29
3419,SMB,2025-12-28
3420,SMB,2026-07-06
3421,Startup,2025-11-10
3422,SMB,2026-07-12
3423,Startup,2026-04-25
3424,Freelancer,2026-08-11
3425,Startup,2025-10-25
3426,Freelancer,2026-07-11
3427,SMB,2026-03-20
3428,SMB,2026-04-26
3429,SMB,2026-04-15
3430,Startup,2026-06-18
3431,SMB,2026-05-07
3432,Freelancer,2026-03-01
3433,Startup,2026-03-08
3434,Startup,2025-10-26
3435,SMB,2026-06-22
3436,Startup,2026-06-15
3437,SMB,2026-04-25
3438,Startup,2026-06-21
3439,Startup,2026-01-07
3440,SMB,2025-12-21
3441,Freelancer,2026-09-03
3442,Startup,2026-09-14
3443,Startup,2026-08-08
3444,SMB,2025-10-20
3445,SMB,2026-04-19
3446,SMB,2026-06-26
3447,Startup,2025-10-14
3448,SMB,2026-09-19
3449,Freelancer,2026-07-15
3450,Freelancer,2026-01-21
3451,SMB,2026-04-03
3452,Startup,2026-08-30
3453,SMB,2026-08-08
3454,SMB,2026-07-29
3455,SMB,2026-09-25
3456,Freelancer,2026-06-29
3457,Freelancer,2026-09-07
3458,SMB,2026-09-14
3459,SMB,2025-10-08
3460,SMB,2026-05-27
3461,Startup,2026-01-30
3462,SMB,2026-03-30
3463,Freelancer,2025-12-01
3464,Freelancer,2026-06-04
3465,SMB,2026-08-01
3466,Freelancer,2026-02-28
3467,Startup,2026-06-12
3468,Startup,2026-01-27
3469,Startup,2026-07-01
3470,SMB,2025-10-31
3471,Startup,2026-08-18
3472,SMB,2026-02-15
3473,Startup,2026-04-03
3474,SMB,2026-07-21
3475,SMB,2025-10-11
3476,SMB,2026-09-11
3477,SMB,2026-05-13
3478,SMB,2026-09-21
3479,SMB,2026-04-20
3480,Freelancer,2025-12-15
3481,Startup,2026-05-01
3482,SMB,2026-04-27
3483,Freelancer,2026-09-02
3484,Freelancer,2026-04-29
3485,SMB,2026-02-26
3486,Startup,2025-12-04
3487,SMB,2026-01-27
3488,Startup,2026-05-01
3489,Startup,2026-02-12
3490,SMB,2026-02-10
3491,Startup,2025-10-06
3492,SMB,2026-09-09
3493,Startup,2026-08-02
3494,SMB,2026-01-02
3495,Startup,2025-11-20
3496,Startup,2026-08-01
3497,SMB,2026-08-02
3498,Startup,2026-08-24
3499,SMB,2026-04-18
3500,Startup,2026-06-26
3501,Startup,2026-06-24
3502,SMB,2025-12-18
3503,SMB,2026-04-10
3504,SMB,2026-01-04
3505,Startup,2026-07-03
3506,Startup,2026-09-20
3507,SMB,2025-10-28
3508,SMB,2025-10-28
3509,Freelancer,2026-01-05
3510,SMB,2025-11-12
3511,SMB,2025-10-04
3512,Startup,2026-09-23
3513,SMB,2026-05-01
3514,Freelancer,2026-07-11
3515,SMB,2026-04-25
3516,Freelancer,2026-06-30
3517,SMB,2026-06-08
3518,SMB,2025-11-28
3519,SMB,2025-11-24
3520,Freelancer,2026-03-28
3521,Startup,2026-02-13
3522,SMB,2026-08-03
3523,Freelancer,2026-01-20
3524,SMB,2026-01-29
3525,SMB,2026-04-12
3526,SMB,2025-12-10
3527,Freelancer,2026-08-10
3528,SMB,2025-10-04
3529,SMB,2026-08-06
3530,Freelancer,2026-05-16
3531,Startup,2026-08-21
3532,SMB,2026-01-16
3533,Startup,2026-08-25
3534,SMB,2026-08-12
3535,Startup,2026-03-16
3536,SMB,2026-01-12
3537,Startup,2025-12-11
3538,Startup,2025-11-25
3539,SMB,2026-05-01
3540,SMB,2026-09-16
3541,SMB,2026-04-25
3542,Startup,2026-09-18
3543,Startup,2026-07-03
3544,Startup,2026-06-08
3545,Freelancer,2026-06-22
3546,Freelancer,2026-09-04
3547,Freelancer,2026-08-10
3548,Startup,2025-11-29
3549,SMB,2026-05-02
3550,Startup,2026-03-18
3551,SMB,2026-08-17
3552,SMB,2025-12-14
3553,SMB,2026-07-27
3554,SMB,2026-03-24
3555,Startup,2026-09-06
3556,SMB,2026-07-16
3557,SMB,2026-02-03
3558,Freelancer,2026-08-05
3559,Startup,2025-12-08
3560,SMB,2025-10-02
3561,SMB,2026-04-03
3562,SMB,2026-02-20
3563,Freelancer,2025-11-15
3564,SMB,2026-09-28
3565,Freelancer,2025-10-15
3566,SMB,2026-05-04
3567,Startup,2026-01-04
3568,SMB,2026-01-17
3569,Startup,2025-12-17
3570,SMB,2026-02-19
3571,SMB,2026-06-01
3572,Freelancer,2026-01-26
3573,Startup,2026-06-21
3574,SMB,2026-03-13
3575,Startup,2026-07-14
3576,SMB,2026-03-12
3577,Freelancer,2026-02-11
3578,SMB,2026-04-04
3579,SMB,2026-06-08
3580,SMB,2026-03-19
3581,SMB,2026-08-27
3582,Freelancer,2026-04-07
3583,SMB,2026-01-17
3584,SMB,2025-10-11
3585,Startup,2026-02-21
3586,SMB,2025-10-20
3587,SMB,2025-10-14
3588,Startup,2026-02-13
3589,SMB,2026-01-14
3590,Freelancer,2026-08-20
3591,Startup,2026-06-24
3592,SMB,2026-07-16
3593,SMB,2026-04-18
3594,SMB,2025-11-10
3595,Startup,2026-08-07
3596,Startup,2026-03-30
3597,Startup,2026-03-06
3598,SMB,2026-05-09
3599,Startup,2025-11-29
3600,SMB,2026-03-25
3601,Freelancer,2026-05-10
3602,SMB,2026-06-12
3603,Freelancer,2026-04-01
3604,Startup,2026-09-30
3605,SMB,2026-09-27
3606,SMB,2025-11-05
3607,Freelancer,2025-10-31
3608,Freelancer,2026-04-07
3609,Startup,2026-07-30
3610,SMB,2026-04-06
3611,Startup,2025-12-19
3612,SMB,2026-04-24
3613,Startup,2026-09-10
3614,SMB,2025-11-30
3615,Freelancer,2026-03-12
3616,Startup,2026-05-22
3617,SMB,2026-02-21
3618,Startup,2025-10-17
3619,SMB,2026-06-02
3620,SMB,2026-06-28
3621,SMB,2026-05-28
3622,SMB,2026-05-31
3623,SMB,2026-05-28
3624,Startup,2026-01-29
3625,Startup,2025-10-07
3626,SMB,2026-09-26
3627,Freelancer,2025-12-14
3628,Freelancer,2026-07-30
3629,SMB,2026-04-16
3630,SMB,2026-04-15
3631,Freelancer,2025-10-08
3632,SMB,2026-09-27
3633,SMB,2026-04-11
3634,Freelancer,2026-07-30
3635,Startup,2026-07-11
3636,Freelancer,2025-11-20
3637,Freelancer,2026-09-11
3638,SMB,2026-05-04
3639,Startup,2025-12-07
3640,Startup,2026-05-01
3641,SMB,2026-05-13
3642,SMB,2026-05-27
3643,SMB,2026-01-26
3644,Startup,2026-09-09
3645,Startup,2025-12-26
3646,Freelancer,2026-03-29
3647,SMB,2026-08-03
3648,Startup,2025-10-29
3649,SMB,2026-02-25
3650,Freelancer,2026-03-24
3651,Startup,2026-07-10
3652,Startup,2026-07-15
3653,SMB,2026-07-18
3654,SMB,2026-02-08
3655,SMB,2026-03-29
3656,Startup,2025-10-10
3657,SMB,2026-07-28
3658,Freelancer,2026-01-19
3659,SMB,2026-03-20
3660,Startup,2026-06-06
3661,SMB,2026-07-11
3662,SMB,2025-11-01
3663,Startup,2026-07-08
3664,SMB,2026-02-15
3665,SMB,2026-03-02
3666,Startup,2025-11-18
3667,SMB,2026-06-19
3668,Startup,2026-03-23
3669,Startup,2025-11-07
3670,SMB,2025-11-21
3671,SMB,2026-06-21
3672,SMB,2025-11-09
3673,SMB,2026-04-09
3674,SMB,2026-06-12
3675,Startup,2026-08-29
3676,SMB,2025-11-27
3677,Freelancer,2026-01-16
3678,Startup,2025-11-26
3679,SMB,2026-08-18
3680,Startup,2026-05-05
3681,SMB,2026-09-24
3682,SMB,2025-10-16
3683,Freelancer,2026-06-15
3684,SMB,2025-10-13
3685,SMB,2025-11-09
3686,Freelancer,2026-03-07
3687,Freelancer,2026-02-11
3688,Startup,2026-02-11
3689,Startup,2025-10-25
3690,Startup,2026-04-17
3691,Startup,2026-02-02
3692,Startup,2026-09-28
3693,Freelancer,2026-07-16
3694,Startup,2026-03-08
3695,SMB,2026-07-07
3696,SMB,2026-04-29
3697,SMB,2026-03-30
3698,SMB,2026-09-01
3699,SMB,2026-05-03
3700,SMB,2026-03-26
3701,Freelancer,2026-04-25
3702,SMB,2026-07-13
3703,SMB,2026-06-28
3704,Freelancer,2026-04-19
3705,SMB,2025-12-04
3706,Startup,2026-05-21
3707,Startup,2026-03-07
3708,Startup,2026-09-06
3709,SMB,2026-08-28
3710,SMB,2025-10-01
3711,Startup,2026-09-30
3712,SMB,2026-08-25
3713,SMB,2026-08-28
3714,SMB,2026-03-31
3715,Startup,2026-01-07
3716,Startup,2026-05-10
3717,Startup,2026-08-19
3718,Startup,2026-03-14
3719,SMB,2026-09-25
3720,Freelancer,2026-01-04
3721,Freelancer,2026-08-08
3722,SMB,2025-10-25
3723,Startup,2026-08-03
3724,SMB,2026-09-10
3725,Freelancer,2026-06-14
3726,SMB,2026-05-16
3727,SMB,2026-02-28
3728,Freelancer,2026-08-15
3729,Startup,2025-11-16
3730,SMB,2026-01-15
3731,Startup,2025-11-17
3732,Startup,2026-01-10
3733,SMB,2026-04-10
3734,Startup,2026-01-31
3735,Startup,2026-03-03
3736,Startup,2025-12-24
3737,Freelancer,2026-02-06
3738,Startup,2026-03-31
3739,Startup,2025-12-18
3740,Startup,2026-09-07
3741,SMB,2026-08-24
3742,SMB,2026-08-16
3743,Freelancer,2025-10-01
3744,Startup,2026-03-30
3745,SMB,2026-07-18
3746,SMB,2026-02-05
3747,SMB,2025-12-24
3748,SMB,2026-05-12
3749,SMB,2025-10-01
3750,Startup,2026-05-12
3751,SMB,2026-03-14
3752,Startup,2026-06-07
3753,Freelancer,2026-06-07
3754,Freelancer,2026-04-14
3755,Freelancer,2026-05-02
3756,SMB,2025-10-10
3757,Startup,2026-09-24
3758,Startup,2025-10-28
3759,SMB,2026-09-22
3760,Freelancer,2026-09-21
3761,Startup,2026-06-20
3762,Startup,2026-06-30
3763,SMB,2025-10-11
3764,SMB,2026-09-12
3765,Freelancer,2026-04-11
3766,SMB,2026-02-01
3767,SMB,2026-06-02
3768,Startup,2026-04-14
3769,Startup,2026-02-09
3770,SMB,2026-01-26
3771,SMB,2025-11-13
3772,Startup,2026-08-28
3773,Freelancer,2026-06-01
3774,SMB,2026-01-14
3775,Startup,2026-06-21
3776,SMB,2026-06-11
3777,Startup,2025-11-21
3778,Startup,2025-12-03
3779,Freelancer,2025-12-24
3780,Startup,2025-11-08
3781,SMB,2026-07-28
3782,SMB,2025-11-26
3783,Startup,2026-07-24
3784,SMB,2026-04-12
3785,Startup,2025-11-12
3786,SMB,2026-08-05
3787,SMB,2025-12-03
3788,Startup,2026-09-30
3789,Startup,2025-10-06
3790,Freelancer,2026-05-16
3791,SMB,2026-01-23
3792,SMB,2026-04-13
3793,SMB,2026-08-03
3794,SMB,2026-07-15
3795,Startup,2026-01-11
3796,SMB,2025-10-24
3797,SMB,2026-01-12
3798,Freelancer,2026-07-23
3799,SMB,2026-04-07
3800,SMB,2026-07-04
3801,Freelancer,2026-03-30
3802,Startup,2026-04-12
3803,SMB,2025-10-24
3804,Freelancer,2025-10-09
3805,Startup,2026-06-14
3806,SMB,2025-12-13
3807,SMB,2026-02-09
3808,Freelancer,2026-02-12
3809,SMB,2026-05-20
3810,Startup,2026-09-09
3811,SMB,2026-07-04
3812,SMB,2026-05-22
3813,Freelancer,2026-08-01
3814,Freelancer,2026-04-05
3815,SMB,2025-11-23
3816,SMB,2026-03-28
3817,Startup,2026-09-22
3818,Startup,2026-07-12
3819,SMB,2026-02-05
3820,SMB,2026-01-27
3821,Freelancer,2026-09-01
3822,SMB,2025-11-04
3823,SMB,2026-09-06
3824,SMB,2026-06-05
3825,SMB,2026-07-22
3826,Startup,2026-01-29
3827,SMB,2026-05-25
3828,Startup,2026-01-27
3829,SMB,2025-10-07
3830,SMB,2026-03-15
3831,Freelancer,2026-09-23
3832,Startup,2025-12-28
3833,SMB,2025-11-29
3834,SMB,2026-09-02
3835,Startup,2026-08-29
3836,Startup,2026-08-06
3837,Startup,2026-09-22
3838,Startup,2026-09-27
3839,SMB,2026-09-01
3840,Freelancer,2026-09-18
3841,SMB,2026-06-29
3842,SMB,2026-01-23
3843,Startup,2026-03-17
3844,SMB,2026-02-16
3845,SMB,2026-04-04
3846,SMB,2026-06-12
3847,Startup,2025-12-28
3848,Startup,2025-10-06
3849,Startup,2026-05-08
3850,SMB,2026-09-28
3851,SMB,2026-08-11
3852,Freelancer,2025-10-04
3853,Startup,2026-05-07
3854,Startup,2026-04-12
3855,SMB,2026-03-05
3856,SMB,2026-06-02
3857,SMB,2026-03-05
3858,Startup,2026-08-30
3859,Freelancer,2026-08-28
3860,Freelancer,2026-05-24
3861,SMB,2026-03-17
3862,SMB,2026-05-06
3863,Startup,2026-08-25
3864,SMB,2026-01-18
3865,Startup,2026-08-14
3866,Startup,2026-05-04
3867,SMB,2025-10-24
3868,SMB,2026-07-01
3869,SMB,2025-12-13
3870,Startup,2026-04-07
3871,SMB,2026-09-12
3872,SMB,2026-07-12
3873,SMB,2026-06-13
3874,Startup,2025-10-26
3875,Freelancer,2026-08-10
3876,Freelancer,2026-01-31
3877,Freelancer,2025-10-19
3878,SMB,2026-09-16
3879,SMB,2025-12-09
3880,Startup,2026-01-27
3881,Startup,2025-11-21
3882,Startup,2026-05-15
3883,SMB,2026-08-13
3884,Freelancer,2026-04-08
3885,SMB,2026-08-14
3886,Startup,2026-09-07
3887,Freelancer,2026-08-15
3888,Startup,2025-11-29
3889,Startup,2025-12-15
3890,Startup,2026-01-18
3891,Startup,2026-05-21
3892,Startup,2026-08-11
3893,SMB,2026-01-23
3894,SMB,2026-06-01
3895,Startup,2025-12-08
3896,Startup,2026-04-17
3897,Startup,2026-07-12
3898,SMB,2026-02-22
3899,SMB,2025-11-29
3900,SMB,2026-02-28
3901,Freelancer,2026-07-06
3902,SMB,2026-09-07
3903,SMB,2026-05-13
3904,SMB,2026-06-02
3905,Startup,2026-03-03
3906,SMB,2026-09-05
3907,Startup,2026-08-14
3908,SMB,2026-09-20
3909,SMB,2026-08-12
3910,SMB,2026-04-18
3911,SMB,2026-09-16
3912,Startup,2026-05-11
3913,Freelancer,2026-05-08
3914,Startup,2026-05-28
3915,Freelancer,2025-12-07
3916,SMB,2026-08-03
3917,Freelancer,2026-02-10
3918,SMB,2026-05-29
3919,Startup,2026-08-05
3920,Startup,2025-11-11
3921,SMB,2026-01-18
3922,SMB,2026-09-09
3923,SMB,2026-02-09
3924,SMB,2026-05-30
3925,Startup,2026-04-23
3926,Freelancer,2026-08-14
3927,SMB,2026-04-05
3928,Startup,2026-03-05
3929,Startup,2025-10-06
3930,SMB,2026-03-23
3931,SMB,2026-05-02
3932,SMB,2026-06-09
3933,Startup,2026-07-12
3934,SMB,2026-07-11
3935,SMB,2026-03-17
3936,SMB,2025-10-29
3937,Freelancer,2026-01-01
3938,Startup,2026-02-26
3939,SMB,2026-09-23
3940,Startup,2026-07-08
3941,Freelancer,2026-08-23
3942,SMB,2026-09-28
3943,SMB,2025-11-18
3944,SMB,2025-10-05
3945,SMB,2026-04-28
3946,Startup,2026-01-05
3947,Startup,2026-08-14
3948,Startup,2026-03-19
3949,SMB,2025-10-04
3950,Startup,2025-12-21
3951,SMB,2026-02-02
3952,SMB,2025-10-10
3953,SMB,2026-01-24
3954,Freelancer,2026-04-15
3955,Startup,2026-08-23
3956,Startup,2026-05-26
3957,Startup,2025-11-04
3958,SMB,2026-03-01
3959,SMB,2026-07-08
3960,Startup,2026-02-13
3961,Freelancer,2026-04-24
3962,Startup,2026-09-25
3963,SMB,2025-11-20
3964,Freelancer,2026-03-24
3965,SMB,2026-05-11
3966,SMB,2026-07-19
3967,SMB,2026-08-02
3968,SMB,2026-01-13
3969,Startup,2026-03-20
3970,Startup,2026-07-31
3971,SMB,2026-08-03
3972,SMB,2026-07-28
3973,Startup,2026-06-01
3974,SMB,2026-01-06
3975,SMB,2026-02-12
3976,SMB,2026-05-28
3977,Freelancer,2026-01-01
3978,Freelancer,2026-06-06
3979,SMB,2026-04-06
3980,Startup,2026-03-11
3981,Freelancer,2026-02-07
3982,SMB,2026-07-10
3983,Freelancer,2026-03-19
3984,Startup,2026-01-21
3985,Startup,2026-02-18
3986,Startup,2026-03-26
3987,SMB,2026-05-14
3988,Startup,2026-09-27
3989,Startup,2026-02-02
3990,SMB,2025-12-05
3991,Startup,2026-09-22
3992,Freelancer,2025-11-23
3993,Freelancer,2026-08-26
3994,Startup,2025-11-21
3995,SMB,2026-02-10
3996,SMB,2026-09-30
3997,SMB,2025-11-30
3998,Freelancer,2025-11-28
3999,Startup,2026-05-11
4000,Freelancer,2025-12-09
4001,SMB,2025-10-09
4002,Freelancer,2026-06-11
4003,Freelancer,2026-09-16
4004,Startup,2026-07-05
4005,Freelancer,2026-09-17
4006,SMB,2026-04-11
4007,SMB,2026-05-13
4008,SMB,2026-09-24
4009,SMB,2026-04-02
4010,SMB,2025-10-15
4011,Startup,2025-12-27
4012,SMB,2026-05-15
4013,SMB,2026-08-09
4014,SMB,2026-05-10
4015,Startup,2026-02-26
4016,Freelancer,2026-01-26
4017,SMB,2026-06-07
4018,Startup,2026-08-25
4019,Freelancer,2026-01-10
4020,Startup,2026-04-20
4021,Startup,2026-03-06
4022,Startup,2025-12-29
4023,Freelancer,2026-02-25
4024,SMB,2025-11-02
4025,Startup,2026-04-12
4026,SMB,2025-11-09
4027,SMB,2026-03-23
4028,Startup,2026-08-24
4029,Freelancer,2025-11-23
4030,Freelancer,2025-12-31
4031,Freelancer,2026-06-21
4032,Startup,2026-08-28
4033,Startup,2026-09-14
4034,Freelancer,2025-11-13
4035,SMB,2025-12-27
4036,SMB,2026-09-25
4037,SMB,2026-04-03
4038,Startup,2026-08-01
4039,Startup,2025-10-06
4040,Startup,2025-11-12
4041,SMB,2025-12-14
4042,Startup,2025-11-01
4043,Startup,2026-08-22
4044,Freelancer,2026-07-21
4045,SMB,2026-02-20
4046,Startup,2025-10-29
4047,Startup,2025-11-08
4048,Startup,2026-01-04
4049,SMB,2026-06-23
4050,SMB,2026-07-20
4051,SMB,2026-04-15
4052,Startup,2026-08-28
4053,Startup,2026-09-04
4054,Startup,2026-07-08
4055,Startup,2025-10-29
4056,SMB,2026-08-21
4057,SMB,2026-08-28
4058,Startup,2026-04-23
4059,Startup,2026-05-07
4060,Startup,2026-07-12
4061,Startup,2026-05-05
4062,Freelancer,2026-02-03
4063,Freelancer,2026-06-12
4064,Startup,2026-07-14
4065,SMB,2025-11-21
4066,SMB,2026-06-06
4067,Startup,2025-12-03
4068,SMB,2026-04-28
4069,SMB,2025-11-09
4070,SMB,2026-09-28
4071,Freelancer,2026-06-01
4072,SMB,2026-03-21
4073,Startup,2026-04-02
4074,Freelancer,2026-05-15
4075,Startup,2025-11-15
4076,SMB,2026-04-05
4077,Freelancer,2026-06-19
4078,Startup,2026-01-04
4079,SMB,2026-03-24
4080,Startup,2026-01-29
4081,SMB,2025-11-28
4082,Startup,2026-09-23
4083,Freelancer,2026-05-05
4084,Startup,2026-02-21
4085,Freelancer,2026-02-01
4086,SMB,2026-06-05
4087,Freelancer,2025-11-09
4088,Startup,2026-04-25
4089,SMB,2025-12-24
4090,Freelancer,2026-08-21
4091,Freelancer,2026-07-14
4092,SMB,2026-07-04
4093,Startup,2025-11-23
4094,SMB,2025-10-30
4095,SMB,2026-03-17
4096,SMB,2026-02-07
4097,Startup,2026-06-22
4098,SMB,2026-06-17
4099,SMB,2026-02-22
4100,Freelancer,2025-11-28
4101,Startup,2026-01-27
4102,Freelancer,2026-04-02
4103,SMB,2026-01-01
4104,SMB,2026-01-24
4105,Startup,2025-12-27
4106,SMB,2025-10-24
4107,SMB,2026-05-08
4108,Freelancer,2026-09-29
4109,SMB,2026-09-13
4110,SMB,2026-09-05
4111,Startup,2026-05-29
4112,SMB,2026-06-30
4113,Startup,2025-10-24
4114,SMB,2025-12-13
4115,SMB,2026-06-15
4116,SMB,2026-09-26
4117,SMB,2026-08-28
4118,Startup,2026-05-19
4119,Freelancer,2025-11-09
4120,Startup,2026-09-18
4121,SMB,2026-01-25
4122,Freelancer,2025-10-16
4123,Startup,2026-07-08
4124,SMB,2025-12-03
4125,SMB,2026-01-19
4126,SMB,2026-06-05
4127,SMB,2026-09-18
4128,Startup,2026-08-28
4129,SMB,2025-11-29
4130,Freelancer,2025-12-04
4131,SMB,2026-07-23
4132,SMB,2026-01-24
4133,Freelancer,2025-10-29
4134,Startup,2026-05-03
4135,SMB,2026-05-28
4136,SMB,2026-09-30
4137,Startup,2026-03-27
4138,Startup,2026-07-19
4139,Startup,2026-04-14
4140,Freelancer,2026-09-03
4141,Startup,2026-03-27
4142,Freelancer,2026-06-04
4143,Startup,2026-09-17
4144,Startup,2026-08-17
4145,SMB,2026-02-24
4146,Startup,2026-04-04
4147,SMB,2026-05-05
4148,Startup,2025-11-15
4149,SMB,2025-12-25
4150,Startup,2026-06-16
4151,SMB,2025-10-27
4152,Startup,2026-05-08
4153,SMB,2026-03-26
4154,Freelancer,2026-03-27
4155,SMB,2026-08-05
4156,Startup,2026-01-09
4157,Startup,2026-07-16
4158,SMB,2026-07-14
4159,Startup,2026-09-28
4160,Freelancer,2026-07-27
4161,Startup,2026-04-04
4162,Freelancer,2026-02-10
4163,SMB,2026-07-13
4164,Freelancer,2026-09-04
4165,Freelancer,2026-01-11
4166,Startup,2026-02-12
4167,Freelancer,2026-03-31
4168,Startup,2025-11-09
4169,Startup,2026-01-23
4170,Startup,2025-11-30
4171,SMB,2026-07-09
4172,Startup,2026-03-30
4173,SMB,2026-05-09
4174,Startup,2025-10-30
4175,Startup,2026-04-28
4176,SMB,2026-06-20
4177,SMB,2026-06-09
4178,SMB,2026-07-18
4179,Startup,2025-11-11
4180,SMB,2026-04-19
4181,SMB,2026-03-26
4182,SMB,2026-08-23
4183,SMB,2026-06-10
4184,SMB,2026-09-14
4185,SMB,2025-10-10
4186,Startup,2026-03-13
4187,Startup,2026-06-14
4188,Freelancer,2025-11-02
4189,SMB,2026-05-26
4190,SMB,2025-12-24
4191,SMB,2025-10-28
4192,Startup,2026-05-29
4193,SMB,2026-03-05
4194,SMB,2026-02-26
4195,Startup,2026-01-27
4196,SMB,2026-06-08
4197,Startup,2026-05-14
4198,Startup,2026-06-01
4199,Freelancer,2026-07-15
4200,SMB,2026-05-09
4201,SMB,2025-10-28
4202,Startup,2025-11-27
4203,SMB,2026-09-27
4204,SMB,2026-01-13
4205,SMB,2026-03-06
4206,SMB,2026-02-15
4207,SMB,2026-09-27
4208,Startup,2026-07-28
4209,Startup,2026-03-26
4210,SMB,2026-06-07
4211,Startup,2026-04-20
4212,Freelancer,2026-05-24
4213,SMB,2026-09-14
4214,Startup,2026-06-03
4215,SMB,2025-11-11
4216,Freelancer,2026-04-02
4217,SMB,2026-07-27
4218,SMB,2025-10-15
4219,Freelancer,2026-02-08
4220,Startup,2025-12-13
4221,SMB,2026-06-21
4222,Startup,2025-11-21
4223,Freelancer,2026-05-16
4224,Startup,2025-10-24
4225,SMB,2026-09-03
4226,SMB,2026-01-25
4227,Freelancer,2026-02-26
4228,SMB,2026-07-15
4229,SMB,2026-02-16
4230,SMB,2025-11-12
4231,SMB,2026-08-27
4232,Startup,2025-11-10
4233,SMB,2026-03-31
4234,SMB,2025-11-15
4235,SMB,2026-06-12
4236,SMB,2026-01-07
4237,SMB,2026-09-06
4238,SMB,2025-12-13
4239,Startup,2026-06-02
4240,SMB,2025-10-06
4241,SMB,2025-11-11
4242,Startup,2026-01-09
4243,Startup,2026-08-19
4244,Startup,2026-09-29
4245,Freelancer,2026-05-12
4246,SMB,2026-01-31
4247,SMB,2026-01-22
4248,SMB,2025-12-17
4249,SMB,2026-02-02
4250,Freelancer,2026-03-30
4251,Startup,2026-06-08
4252,Startup,2025-12-23
4253,Freelancer,2025-10-14
4254,Freelancer,2026-04-23
4255,SMB,2025-12-28
4256,Freelancer,2026-02-24
4257,SMB,2026-06-17
4258,SMB,2026-08-24
4259,Startup,2026-04-14
4260,Freelancer,2026-09-04
4261,Startup,2026-01-07
4262,SMB,2026-06-18
4263,Freelancer,2026-09-23
4264,SMB,2025-12-18
4265,Startup,2026-06-27
4266,SMB,2026-03-22
4267,SMB,2026-08-18
4268,SMB,2026-01-20
4269,Freelancer,2026-09-16
4270,Freelancer,2026-07-19
4271,SMB,2026-06-15
4272,SMB,2025-10-11
4273,SMB,2025-10-31
4274,Startup,2026-05-30
4275,Startup,2026-03-24
4276,Startup,2026-01-26
4277,SMB,2026-08-04
4278,SMB,2026-03-25
4279,Freelancer,2026-03-17
4280,Startup,2026-01-26
4281,SMB,2026-09-24
4282,SMB,2026-02-11
4283,SMB,2026-01-03
4284,SMB,2026-06-04
4285,SMB,2025-10-13
4286,Startup,2026-05-06
4287,SMB,2026-04-25
4288,SMB,2025-12-29
4289,Startup,2026-07-08
4290,SMB,2025-10-16
4291,SMB,2026-09-24
4292,Freelancer,2026-08-09
4293,SMB,2025-12-04
4294,Startup,2026-03-29
4295,SMB,2025-12-11
4296,SMB,2026-05-14
4297,SMB,2026-02-06
4298,Startup,2026-03-28
4299,SMB,2026-09-15
4300,Startup,2026-05-14
4301,SMB,2026-08-13
4302,Startup,2026-05-17
4303,SMB,2026-03-23
4304,SMB,2025-10-06
4305,Startup,2025-11-02
4306,SMB,2026-04-13
4307,SMB,2026-04-02
4308,Startup,2026-04-02
4309,Startup,2026-08-05
4310,Startup,2025-11-04
4311,SMB,2026-05-29
4312,SMB,2026-06-30
4313,SMB,2026-05-24
4314,SMB,2025-12-26
4315,SMB,2026-02-26
4316,SMB,2025-10-20
4317,SMB,2025-12-04
4318,Startup,2026-07-21
4319,SMB,2026-05-14
4320,SMB,2026-08-12
4321,SMB,2026-06-10
4322,SMB,2025-12-27
4323,Startup,2026-07-24
4324,SMB,2026-06-08
4325,SMB,2025-12-09
4326,Freelancer,2025-10-02
4327,SMB,2026-07-06
4328,SMB,2026-06-21
4329,Startup,2025-11-02
4330,Startup,2026-03-19
4331,Freelancer,2026-08-30
4332,Freelancer,2026-07-17
4333,Startup,2026-07-26
4334,SMB,2026-02-21
4335,Startup,2025-11-14
4336,SMB,2026-02-06
4337,Startup,2026-06-08
4338,Freelancer,2026-08-03
4339,SMB,2026-05-24
4340,Freelancer,2025-10-15
4341,Startup,2026-05-04
4342,SMB,2025-12-08
4343,Freelancer,2026-05-11
4344,Startup,2026-02-28
4345,SMB,2026-04-13
4346,Startup,2026-05-06
4347,SMB,2026-05-21
4348,SMB,2025-10-02
4349,Startup,2026-09-18
4350,Freelancer,2026-04-28
4351,Startup,2026-04-04
4352,Freelancer,2026-02-16
4353,Freelancer,2025-11-08
4354,SMB,2026-05-18
4355,Startup,2026-02-10
4356,Startup,2026-08-28
4357,SMB,2026-05-29
4358,SMB,2026-03-10
4359,Startup,2025-10-12
4360,Freelancer,2026-04-21
4361,Freelancer,2026-08-05
4362,SMB,2026-03-18
4363,Startup,2026-05-26
4364,SMB,2025-11-13
4365,Freelancer,2026-02-26
4366,Startup,2026-07-17
4367,Freelancer,2026-03-04
4368,Freelancer,2026-08-20
4369,SMB,2026-02-27
4370,Freelancer,2026-07-24
4371,Startup,2026-05-23
4372,SMB,2026-09-11
4373,SMB,2026-04-13
4374,Startup,2026-03-20
4375,SMB,2026-02-07
4376,SMB,2026-05-27
4377,Startup,2026-09-23
4378,SMB,2025-12-01
4379,SMB,2026-09-07
4380,Startup,2026-09-22
4381,SMB,2026-07-08
4382,Startup,2026-04-30
4383,SMB,2026-08-11
4384,Freelancer,2026-01-04
4385,SMB,2026-05-20
4386,Startup,2026-07-21
4387,Startup,2026-07-21
4388,Freelancer,2026-05-03
4389,Startup,2026-02-18
4390,Startup,2026-09-12
4391,SMB,2026-06-03
4392,Startup,2026-07-09
4393,Startup,2026-05-16
4394,Startup,2026-08-17
4395,SMB,2026-03-24
4396,Startup,2026-04-18
4397,SMB,2026-07-21
4398,Startup,2026-04-07
4399,Startup,2025-12-29
4400,SMB,2026-07-04
4401,Startup,2026-02-15
4402,SMB,2025-11-08
4403,Startup,2026-02-14
4404,Startup,2025-10-20
4405,SMB,2026-08-17
4406,SMB,2026-09-25
4407,Startup,2026-01-06
4408,Startup,2026-08-31
4409,SMB,2026-06-17
4410,SMB,2026-09-14
4411,SMB,2025-11-29
4412,Startup,2025-10-23
4413,SMB,2026-09-01
4414,Startup,2026-01-07
4415,Startup,2026-05-06
4416,Freelancer,2026-08-26
4417,Freelancer,2026-02-03
4418,SMB,2025-11-02
4419,Startup,2026-07-16
4420,Startup,2026-03-14
4421,Freelancer,2025-10-09
4422,Startup,2026-02-02
4423,SMB,2026-04-12
4424,Freelancer,2026-08-18
4425,SMB,2025-12-22
4426,Freelancer,2026-04-08
4427,SMB,2025-12-06
4428,Startup,2026-01-14
4429,Freelancer,2026-01-05
4430,Startup,2026-04-10
4431,Startup,2026-05-31
4432,SMB,2025-11-11
4433,SMB,2025-10-28
4434,SMB,2026-06-24
4435,Startup,2026-01-16
4436,SMB,2026-05-14
4437,SMB,2025-10-29
4438,SMB,2026-05-08
4439,Freelancer,2026-08-28
4440,Freelancer,2026-03-09
4441,SMB,2026-04-29
4442,Freelancer,2026-01-16
4443,SMB,2026-01-13
4444,SMB,2025-10-24
4445,SMB,2026-03-24
4446,Freelancer,2026-09-11
4447,SMB,2025-11-12
4448,SMB,2026-03-02
4449,Freelancer,2026-08-02
4450,Startup,2026-03-31
4451,Startup,2026-07-05
4452,Startup,2026-02-15
4453,Startup,2026-05-08
4454,SMB,2026-09-26
4455,Startup,2026-05-07
4456,SMB,2026-07-18
4457,SMB,2026-06-11
4458,Freelancer,2025-11-04
4459,SMB,2025-11-28
4460,SMB,2026-05-10
4461,SMB,2026-02-05
4462,Freelancer,2026-03-26
4463,Freelancer,2026-03-26
4464,SMB,2026-07-17
4465,SMB,2026-09-27
4466,Startup,2026-09-30
4467,Startup,2025-10-30
4468,SMB,2026-06-29
4469,SMB,2026-06-22
4470,Startup,2026-08-12
4471,SMB,2026-03-05
4472,Startup,2026-04-02
4473,SMB,2026-03-14
4474,Freelancer,2026-02-14
4475,Startup,2025-12-30
4476,Startup,2026-05-23
4477,Startup,2025-10-07
4478,SMB,2026-07-01
4479,SMB,2026-08-04
4480,Startup,2025-12-23
4481,Startup,2025-12-17
4482,Freelancer,2026-04-02
4483,SMB,2026-08-05
4484,Startup,2025-11-11
4485,SMB,2026-03-07
4486,SMB,2025-12-18
4487,SMB,2026-08-07
4488,Freelancer,2026-08-18
4489,Startup,2025-10-31
4490,Startup,2025-11-22
4491,Startup,2025-11-27
4492,SMB,2026-07-24
4493,SMB,2026-08-25
4494,SMB,2026-02-13
4495,SMB,2025-11-27
4496,SMB,2026-05-31
4497,SMB,2026-08-22
4498,Startup,2026-08-29
4499,Freelancer,2026-03-12
4500,Freelancer,2026-07-13
4501,SMB,2026-09-14
4502,Startup,2026-07-29
4503,SMB,2026-03-23
4504,SMB,2026-01-04
4505,Startup,2026-02-13
4506,SMB,2026-02-10
4507,Startup,2026-09-26
4508,Freelancer,2026-06-25
4509,SMB,2026-08-10
4510,Freelancer,2026-07-11
4511,SMB,2026-03-23
4512,Freelancer,2026-07-16
4513,Startup,2026-05-22
4514,SMB,2026-06-28
4515,SMB,2026-01-18
4516,SMB,2025-12-24
4517,Startup,2025-12-05
4518,SMB,2026-01-14
4519,Freelancer,2026-09-23
4520,SMB,2026-09-09
4521,Freelancer,2025-11-23
4522,SMB,2026-04-21
4523,Startup,2026-09-09
4524,Startup,2026-07-03
4525,SMB,2026-05-12
4526,SMB,2026-05-07
4527,Startup,2026-01-28
4528,Startup,2026-09-03
4529,Startup,2025-10-31
4530,SMB,2026-08-14
4531,Freelancer,2026-08-14
4532,Freelancer,2026-01-04
4533,Startup,2026-04-05
4534,SMB,2026-08-19
4535,SMB,2026-03-23
4536,Freelancer,2026-01-18
4537,Startup,2025-10-26
4538,Startup,2026-03-10
4539,Freelancer,2026-01-10
4540,SMB,2026-08-07
4541,Startup,2026-08-11
4542,Startup,2026-01-27
4543,Freelancer,2025-12-16
4544,Startup,2026-01-15
4545,Startup,2026-02-24
4546,SMB,2026-06-02
4547,Freelancer,2025-11-25
4548,Startup,2026-09-30
4549,SMB,2026-06-13
4550,Freelancer,2025-11-17
4551,SMB,2026-01-23
4552,SMB,2026-06-13
4553,Freelancer,2026-04-02
4554,Startup,2026-04-11
4555,Freelancer,2025-10-16
4556,Freelancer,2026-02-27
4557,Startup,2026-05-13
4558,SMB,2026-07-01
4559,Freelancer,2026-03-13
4560,Startup,2026-04-21
4561,Startup,2025-12-21
4562,Startup,2026-07-19
4563,SMB,2026-06-12
4564,SMB,2026-06-29
4565,Startup,2026-06-01
4566,Startup,2026-09-25
4567,SMB,2026-08-18
4568,SMB,2026-07-23
4569,SMB,2026-01-31
4570,Startup,2025-10-25
4571,SMB,2025-10-01
4572,Startup,2026-07-12
4573,Startup,2026-08-25
4574,SMB,2026-05-26
4575,Startup,2026-06-21
4576,Freelancer,2025-11-02
4577,SMB,2026-04-25
4578,SMB,2026-05-10
4579,SMB,2025-11-27
4580,Startup,2026-07-02
4581,Freelancer,2026-01-31
4582,Startup,2025-12-11
4583,Freelancer,2026-06-12
4584,Startup,2026-03-08
4585,SMB,2026-04-14
4586,SMB,2026-04-17
4587,Startup,2026-05-16
4588,Startup,2026-02-28
4589,Startup,2026-07-25
4590,Startup,2026-08-16
4591,SMB,2026-03-26
4592,SMB,2025-12-01
4593,Startup,2026-01-10
4594,Startup,2026-07-09
4595,Startup,2026-01-02
4596,SMB,2026-07-12
4597,Freelancer,2026-05-30
4598,SMB,2026-03-13
4599,SMB,2025-11-16
4600,Startup,2026-04-15
4601,Freelancer,2026-06-10
4602,Freelancer,2025-11-26
4603,SMB,2026-07-29
4604,SMB,2025-12-11
4605,Startup,2026-02-28
4606,Startup,2026-04-13
4607,Startup,2026-06-27
4608,SMB,2025-12-22
4609,Startup,2026-01-31
4610,SMB,2026-07-22
4611,SMB,2026-01-29
4612,Startup,2026-05-13
4613,SMB,2026-02-23
4614,Startup,2025-10-21
4615,Startup,2026-04-06
4616,SMB,2026-02-08
4617,SMB,2026-01-05
4618,Freelancer,2026-08-10
4619,Startup,2026-07-10
4620,Freelancer,2026-01-10
4621,SMB,2026-04-10
4622,Startup,2026-06-20
4623,Freelancer,2025-10-20
4624,SMB,2025-11-04
4625,SMB,2026-04-16
4626,Freelancer,2026-09-05
4627,SMB,2026-09-04
4628,SMB,2026-03-14
4629,Freelancer,2026-06-14
4630,SMB,2026-03-29
4631,Startup,2026-08-27
4632,Startup,2026-04-26
4633,Startup,2026-08-22
4634,SMB,2026-02-10
4635,SMB,2026-09-05
4636,Freelancer,2026-06-22
4637,Startup,2026-07-08
4638,SMB,2025-10-06
4639,SMB,2026-07-22
4640,Startup,2025-11-29
4641,SMB,2026-09-07
4642,Freelancer,2025-12-08
4643,Freelancer,2026-07-29
4644,SMB,2026-05-20
4645,Freelancer,2026-02-21
4646,Startup,2026-08-22
4647,Startup,2026-02-19
4648,Freelancer,2025-10-24
4649,SMB,2025-10-28
4650,Freelancer,2026-08-08
4651,SMB,2026-02-18
4652,SMB,2026-07-27
4653,Startup,2025-10-08
4654,SMB,2025-10-28
4655,Startup,2026-09-26
4656,SMB,2025-11-22
4657,SMB,2026-06-08
4658,Startup,2026-02-05
4659,SMB,2026-04-01
4660,SMB,2025-11-11
4661,SMB,2026-01-06
4662,Freelancer,2026-07-04
4663,Startup,2026-04-14
4664,Startup,2026-04-02
4665,Startup,2026-09-10
4666,Startup,2026-02-27
4667,SMB,2026-07-21
4668,SMB,2026-06-22
4669,Startup,2026-03-18
4670,SMB,2026-01-15
4671,Freelancer,2026-02-07
4672,SMB,2026-08-15
4673,Startup,2026-01-20
4674,SMB,2026-05-27
4675,Startup,2025-11-15
4676,Freelancer,2026-02-04
4677,SMB,2026-09-07
4678,SMB,2026-04-16
4679,Startup,2026-07-28
4680,SMB,2026-01-03
4681,SMB,2026-07-05
4682,Startup,2026-09-25
4683,SMB,2026-09-03
4684,SMB,2026-03-08
4685,SMB,2026-06-06
4686,SMB,2026-08-24
4687,Freelancer,2026-07-24
4688,SMB,2026-09-22
4689,SMB,2025-10-12
4690,Startup,2026-04-14
4691,Freelancer,2026-07-16
4692,SMB,2026-06-24
4693,Startup,2025-11-26
4694,Startup,2026-04-27
4695,SMB,2025-11-30
4696,SMB,2025-11-03
4697,Startup,2025-11-10
4698,SMB,2026-09-13
4699,SMB,2026-01-08
4700,Startup,2026-03-16
4701,SMB,2026-01-02
4702,SMB,2026-08-23
4703,SMB,2026-08-21
4704,Freelancer,2026-05-28
4705,Startup,2026-07-30
4706,SMB,2025-11-08
4707,SMB,2026-09-30
4708,Freelancer,2026-03-02
4709,Startup,2026-02-24
4710,Startup,2025-12-11
4711,SMB,2026-08-17
4712,SMB,2025-12-01
4713,SMB,2026-08-10
4714,Freelancer,2026-06-19
4715,Freelancer,2026-07-09
4716,SMB,2025-10-11
4717,Startup,2026-06-27
4718,Freelancer,2026-09-18
4719,Freelancer,2026-02-21
4720,SMB,2026-03-14
4721,SMB,2025-11-10
4722,Freelancer,2026-03-28
4723,SMB,2026-06-03
4724,SMB,2026-01-18
4725,SMB,2026-06-28
4726,Startup,2025-11-01
4727,SMB,2026-06-04
4728,Startup,2026-05-03
4729,Freelancer,2025-12-23
4730,Startup,2026-02-03
4731,Freelancer,2025-12-27
4732,Freelancer,2026-05-16
4733,Startup,2026-05-21
4734,Startup,2026-04-21
4735,Freelancer,2025-12-10
4736,Startup,2025-12-19
4737,SMB,2026-07-23
4738,Freelancer,2026-03-18
4739,Startup,2026-03-08
4740,Freelancer,2026-01-21
4741,SMB,2026-09-05
4742,SMB,2025-12-27
4743,Startup,2026-07-08
4744,Startup,2026-07-08
4745,SMB,2025-12-28
4746,Freelancer,2025-10-05
4747,Startup,2025-12-31
4748,SMB,2026-01-07
4749,Startup,2026-06-29
4750,SMB,2026-04-12
4751,Startup,2026-03-07
4752,SMB,2026-03-23
4753,SMB,2026-09-13
4754,Freelancer,2026-09-09
4755,SMB,2025-10-10
4756,Startup,2026-08-04
4757,Startup,2026-02-09
4758,SMB,2026-07-02
4759,Freelancer,2026-09-25
4760,SMB,2026-04-06
4761,Startup,2026-05-16
4762,Startup,2026-03-06
4763,Startup,2025-10-28
4764,SMB,2025-10-14
4765,Freelancer,2026-02-09
4766,Freelancer,2026-07-27
4767,SMB,2026-02-02
4768,Startup,2026-03-07
4769,SMB,2026-04-12
4770,SMB,2026-01-26
4771,SMB,2026-03-28
4772,SMB,2026-05-10
4773,Startup,2026-08-07
4774,SMB,2026-07-03
4775,SMB,2026-07-26
4776,SMB,2026-04-09
4777,SMB,2026-06-13
4778,Startup,2025-11-24
4779,Startup,2025-11-23
4780,SMB,2026-09-02
4781,SMB,2026-05-09
4782,SMB,2025-11-11
4783,Startup,2026-02-26
4784,SMB,2026-09-19
4785,Startup,2025-10-08
4786,Startup,2026-03-11
4787,SMB,2026-08-02
4788,SMB,2026-09-11
4789,SMB,2026-02-12
4790,SMB,2026-08-30
4791,SMB,2026-06-19
4792,Freelancer,2026-02-26
4793,SMB,2026-07-12
4794,SMB,2026-07-20
4795,Freelancer,2026-01-09
4796,Freelancer,2025-11-02
4797,SMB,2026-07-13
4798,Startup,2025-10-31
4799,SMB,2026-07-12
4800,Startup,2026-02-07
4801,Startup,2026-06-14
4802,SMB,2026-05-11
4803,SMB,2025-10-15
4804,SMB,2025-10-04
4805,Startup,2026-05-18
4806,SMB,2026-04-07
4807,Startup,2025-10-16
4808,SMB,2026-09-22
4809,Startup,2025-12-27
4810,SMB,2026-08-10
4811,Freelancer,2025-11-12
4812,SMB,2025-12-24
4813,SMB,2026-04-12
4814,SMB,2026-04-11
4815,Startup,2026-05-09
4816,SMB,2025-12-02
4817,SMB,2026-01-05
4818,SMB,2026-01-05
4819,SMB,2026-03-10
4820,Startup,2026-09-02
4821,SMB,2026-03-18
4822,Freelancer,2026-09-30
4823,Freelancer,2025-12-31
4824,Startup,2025-12-28
4825,SMB,2025-11-06
4826,Startup,2025-12-17
4827,Freelancer,2026-01-22
4828,SMB,2026-02-18
4829,SMB,2026-06-18
4830,SMB,2026-03-12
4831,SMB,2026-06-08
4832,SMB,2025-11-02
4833,SMB,2026-09-11
4834,Startup,2025-11-23
4835,SMB,2025-10-13
4836,SMB,2026-03-05
4837,Freelancer,2026-05-26
4838,SMB,2025-12-25
4839,SMB,2025-11-29
4840,SMB,2026-08-05
4841,SMB,2026-07-28
4842,Startup,2026-07-02
4843,SMB,2025-12-20
4844,Freelancer,2026-04-14
4845,Freelancer,2026-06-09
4846,SMB,2026-03-07
4847,Startup,2025-12-05
4848,Startup,2026-07-31
4849,Freelancer,2026-09-08
4850,SMB,2025-11-30
4851,Startup,2026-06-14
4852,SMB,2026-08-20
4853,SMB,2026-04-16
4854,Freelancer,2025-10-18
4855,SMB,2026-06-10
4856,SMB,2026-09-03
4857,SMB,2026-01-04
4858,Freelancer,2025-11-20
4859,SMB,2026-01-01
4860,SMB,2026-07-24
4861,Startup,2026-04-22
4862,SMB,2025-10-07
4863,SMB,2026-05-03
4864,Startup,2026-07-25
4865,Freelancer,2025-12-07
4866,Startup,2026-05-02
4867,SMB,2025-12-23
4868,SMB,2025-10-07
4869,Startup,2026-02-24
4870,SMB,2026-07-10
4871,Startup,2026-06-02
4872,SMB,2025-11-07
4873,Freelancer,2025-12-07
4874,SMB,2026-04-16
4875,Freelancer,2026-01-26
4876,SMB,2026-01-30
4877,Startup,2026-03-09
4878,SMB,2026-07-05
4879,Startup,2026-04-29
4880,SMB,2026-08-08
4881,SMB,2025-11-07
4882,SMB,2026-03-19
4883,SMB,2026-04-19
4884,Freelancer,2026-07-04
4885,Startup,2026-04-07
4886,Startup,2026-08-31
4887,SMB,2026-08-02
4888,SMB,2026-06-09
4889,SMB,2026-02-23
4890,SMB,2026-01-26
4891,Startup,2026-04-13
4892,Startup,2026-03-19
4893,SMB,2025-10-11
4894,SMB,2025-12-23
4895,SMB,2026-08-01
4896,SMB,2026-03-17
4897,SMB,2026-09-12
4898,SMB,2025-12-29
4899,SMB,2026-09-19
4900,SMB,2026-07-22
4901,Startup,2026-02-08
4902,Freelancer,2026-05-11
4903,SMB,2026-09-26
4904,SMB,2026-05-20
4905,SMB,2026-09-06
4906,Startup,2025-11-10
4907,Startup,2025-11-29
4908,Startup,2025-10-01
4909,Startup,2026-01-27
4910,Freelancer,2026-07-16
4911,SMB,2026-09-17
4912,SMB,2026-04-16
4913,SMB,2026-03-04
4914,Startup,2026-09-06
4915,SMB,2026-05-03
4916,Freelancer,2026-04-15
4917,Startup,2025-10-31
4918,Freelancer,2025-12-18
4919,Freelancer,2026-06-12
4920,Startup,2026-06-12
4921,Freelancer,2026-03-31
4922,Startup,2026-06-13
4923,SMB,2026-06-10
4924,Startup,2025-10-24
4925,Freelancer,2026-08-01
4926,Startup,2026-06-11
4927,Startup,2025-12-20
4928,SMB,2025-12-17
4929,Freelancer,2026-09-15
4930,SMB,2026-01-01
4931,Startup,2025-10-12
4932,Startup,2025-10-12
4933,Startup,2025-12-23
4934,SMB,2026-05-17
4935,Startup,2026-03-16
4936,SMB,2026-06-25
4937,SMB,2025-12-24
4938,SMB,2025-12-24
4939,Startup,2026-02-25
4940,SMB,2026-07-17
4941,SMB,2026-04-02
4942,Freelancer,2026-07-06
4943,SMB,2025-11-04
4944,Freelancer,2026-02-27
4945,Startup,2026-03-09
4946,SMB,2025-10-25
4947,Startup,2026-01-23
4948,SMB,2026-01-11
4949,Freelancer,2026-03-16
4950,SMB,2025-11-30
4951,Freelancer,2026-01-07
4952,Startup,2026-09-15
4953,Freelancer,2025-11-22
4954,SMB,2026-07-26
4955,Startup,2026-04-17
4956,SMB,2025-10-29
4957,Startup,2026-02-24
4958,SMB,2026-04-06
4959,SMB,2026-01-10
4960,Startup,2026-01-06
4961,SMB,2026-06-17
4962,Startup,2025-10-12
4963,Startup,2026-09-04
4964,SMB,2026-01-26
4965,Startup,2026-02-17
4966,SMB,2025-11-16
4967,Startup,2026-08-18
4968,SMB,2025-12-21
4969,SMB,2026-07-21
4970,Startup,2026-01-28
4971,Freelancer,2025-10-12
4972,Freelancer,2026-02-27
4973,Startup,2026-04-09
4974,SMB,2026-03-20
4975,SMB,2026-09-26
4976,SMB,2026-04-08
4977,Startup,2026-07-12
4978,SMB,2026-02-13
4979,Freelancer,2025-11-22
4980,SMB,2026-03-31
4981,SMB,2026-04-23
4982,Freelancer,2026-03-02
4983,SMB,2026-07-07
4984,SMB,2026-09-18
4985,Startup,2025-10-30
4986,Freelancer,2025-10-25
4987,SMB,2026-01-08
4988,SMB,2026-05-02
4989,SMB,2025-10-16
4990,Startup,2025-12-10
4991,SMB,2026-02-27
4992,Startup,2026-02-15
4993,SMB,2026-08-05
4994,Freelancer,2026-04-18
4995,Startup,2026-08-15
4996,Startup,2026-07-05
4997,Startup,2026-03-01
4998,SMB,2026-09-22
4999,SMB,2026-08-04
5000,Startup,2026-03-30
