date,campaign_id,channel,spend,impressions,clicks
2025-10-01,PS-Brand,Paid Search,1880.22,46684,2098
2025-10-01,PS-NonBrand,Paid Search,1842.02,41350,1850
2025-10-01,META-Prospecting,Paid Social,1670.29,89627,1605
2025-10-01,META-Retargeting,Paid Social,1596.15,105735,2052
2025-10-01,EMAIL-Nurture,Email,612.38,58947,3403
2025-10-01,EMAIL-Reactivation,Email,635.09,54573,3081
2025-10-01,SEO-Content,Organic Search,321.56,104784,3520
2025-10-01,SEO-Product,Organic Search,379.5,201682,7045
2025-10-01,DISPLAY-Prospecting,Display,1190.11,84764,798
2025-10-01,DISPLAY-Retargeting,Display,999.97,114775,1140
2025-10-01,REF-Partner,Referral,390.36,44980,1259
2025-10-01,REF-Customer,Referral,500.66,135216,3845
2025-10-02,PS-Brand,Paid Search,1876.9,49166,2312
2025-10-02,PS-NonBrand,Paid Search,1712.85,36574,1664
2025-10-02,META-Prospecting,Paid Social,1356.19,65553,1172
2025-10-02,META-Retargeting,Paid Social,1541.33,110661,2124
2025-10-02,EMAIL-Nurture,Email,531.4,48832,2894
2025-10-02,EMAIL-Reactivation,Email,470.22,34564,1982
2025-10-02,SEO-Content,Organic Search,307.54,116907,3988
2025-10-02,SEO-Product,Organic Search,324.93,151772,5238
2025-10-02,DISPLAY-Prospecting,Display,1060.91,73614,659
2025-10-02,DISPLAY-Retargeting,Display,1046.87,115481,1129
2025-10-02,REF-Partner,Referral,489.54,57383,1567
2025-10-02,REF-Customer,Referral,362.5,96562,2634
2025-10-03,PS-Brand,Paid Search,1706.49,45062,2046
2025-10-03,PS-NonBrand,Paid Search,1543.18,34104,1573
2025-10-03,META-Prospecting,Paid Social,1179.11,62937,1153
2025-10-03,META-Retargeting,Paid Social,1428.31,103169,1884
2025-10-03,EMAIL-Nurture,Email,499.8,49093,2917
2025-10-03,EMAIL-Reactivation,Email,600.76,48869,2795
2025-10-03,SEO-Content,Organic Search,277.94,101559,3506
2025-10-03,SEO-Product,Organic Search,322.7,157439,5383
2025-10-03,DISPLAY-Prospecting,Display,938.63,69582,711
2025-10-03,DISPLAY-Retargeting,Display,795.94,87406,853
2025-10-03,REF-Partner,Referral,512.86,61745,1737
2025-10-03,REF-Customer,Referral,361.13,107295,3089
2025-10-04,PS-Brand,Paid Search,1688.51,46593,2140
2025-10-04,PS-NonBrand,Paid Search,1096.52,23986,1069
2025-10-04,META-Prospecting,Paid Social,1533.44,79451,1359
2025-10-04,META-Retargeting,Paid Social,1001.92,63135,1215
2025-10-04,EMAIL-Nurture,Email,391.37,39220,2283
2025-10-04,EMAIL-Reactivation,Email,470.98,37116,2092
2025-10-04,SEO-Content,Organic Search,259.1,84456,2840
2025-10-04,SEO-Product,Organic Search,249.26,126207,4454
2025-10-04,DISPLAY-Prospecting,Display,920.11,73559,731
2025-10-04,DISPLAY-Retargeting,Display,1093.87,113759,1208
2025-10-04,REF-Partner,Referral,453.71,59097,1634
2025-10-04,REF-Customer,Referral,443.48,142896,4021
2025-10-05,PS-Brand,Paid Search,1597.39,44810,2142
2025-10-05,PS-NonBrand,Paid Search,1531.35,30081,1326
2025-10-05,META-Prospecting,Paid Social,846.33,41257,758
2025-10-05,META-Retargeting,Paid Social,1057.29,80415,1531
2025-10-05,EMAIL-Nurture,Email,447.65,37999,2254
2025-10-05,EMAIL-Reactivation,Email,481.15,41912,2372
2025-10-05,SEO-Content,Organic Search,235.01,87136,3061
2025-10-05,SEO-Product,Organic Search,246.33,115418,3878
2025-10-05,DISPLAY-Prospecting,Display,778.64,64301,612
2025-10-05,DISPLAY-Retargeting,Display,932.92,93235,926
2025-10-05,REF-Partner,Referral,307.24,40344,1142
2025-10-05,REF-Customer,Referral,317.26,97213,2761
2025-10-06,PS-Brand,Paid Search,2080.65,49116,2300
2025-10-06,PS-NonBrand,Paid Search,1541.19,29625,1332
2025-10-06,META-Prospecting,Paid Social,1306.46,70015,1246
2025-10-06,META-Retargeting,Paid Social,1326.52,85352,1603
2025-10-06,EMAIL-Nurture,Email,510.55,42533,2544
2025-10-06,EMAIL-Reactivation,Email,505.48,37957,2179
2025-10-06,SEO-Content,Organic Search,244.15,79550,2718
2025-10-06,SEO-Product,Organic Search,345.48,167900,5937
2025-10-06,DISPLAY-Prospecting,Display,843.61,70120,629
2025-10-06,DISPLAY-Retargeting,Display,760.16,90746,897
2025-10-06,REF-Partner,Referral,408.02,52529,1424
2025-10-06,REF-Customer,Referral,413.42,132712,3770
2025-10-07,PS-Brand,Paid Search,1853.69,44092,2031
2025-10-07,PS-NonBrand,Paid Search,1886.41,37083,1692
2025-10-07,META-Prospecting,Paid Social,1453.84,68717,1273
2025-10-07,META-Retargeting,Paid Social,1746.98,136207,2596
2025-10-07,EMAIL-Nurture,Email,583.74,59026,3523
2025-10-07,EMAIL-Reactivation,Email,535.18,43364,2474
2025-10-07,SEO-Content,Organic Search,260.18,99655,3417
2025-10-07,SEO-Product,Organic Search,344.76,148727,5320
2025-10-07,DISPLAY-Prospecting,Display,902.0,63377,558
2025-10-07,DISPLAY-Retargeting,Display,1308.99,154153,1533
2025-10-07,REF-Partner,Referral,417.65,51800,1405
2025-10-07,REF-Customer,Referral,486.76,142731,4015
2025-10-08,PS-Brand,Paid Search,1905.37,47922,2225
2025-10-08,PS-NonBrand,Paid Search,1943.6,37076,1635
2025-10-08,META-Prospecting,Paid Social,1665.69,86414,1590
2025-10-08,META-Retargeting,Paid Social,1555.22,117187,2204
2025-10-08,EMAIL-Nurture,Email,545.14,46688,2700
2025-10-08,EMAIL-Reactivation,Email,485.02,37018,2183
2025-10-08,SEO-Content,Organic Search,273.06,106641,3675
2025-10-08,SEO-Product,Organic Search,350.5,176233,6306
2025-10-08,DISPLAY-Prospecting,Display,1417.01,112640,1056
2025-10-08,DISPLAY-Retargeting,Display,1049.34,102180,1016
2025-10-08,REF-Partner,Referral,386.4,46160,1297
2025-10-08,REF-Customer,Referral,482.3,152212,4173
2025-10-09,PS-Brand,Paid Search,1828.17,43678,2032
2025-10-09,PS-NonBrand,Paid Search,1846.29,34971,1626
2025-10-09,META-Prospecting,Paid Social,1386.85,61720,1065
2025-10-09,META-Retargeting,Paid Social,1442.82,106108,1999
2025-10-09,EMAIL-Nurture,Email,609.77,58345,3417
2025-10-09,EMAIL-Reactivation,Email,401.0,28141,1626
2025-10-09,SEO-Content,Organic Search,275.04,91583,3120
2025-10-09,SEO-Product,Organic Search,306.05,158565,5448
2025-10-09,DISPLAY-Prospecting,Display,992.81,72202,695
2025-10-09,DISPLAY-Retargeting,Display,927.59,91360,970
2025-10-09,REF-Partner,Referral,447.03,56653,1577
2025-10-09,REF-Customer,Referral,425.28,140213,3930
2025-10-10,PS-Brand,Paid Search,1581.4,40541,1826
2025-10-10,PS-NonBrand,Paid Search,1548.24,33131,1526
2025-10-10,META-Prospecting,Paid Social,1552.52,69191,1257
2025-10-10,META-Retargeting,Paid Social,1703.08,109689,2054
2025-10-10,EMAIL-Nurture,Email,566.73,51967,3115
2025-10-10,EMAIL-Reactivation,Email,516.41,39662,2266
2025-10-10,SEO-Content,Organic Search,230.15,74841,2565
2025-10-10,SEO-Product,Organic Search,310.2,150797,5267
2025-10-10,DISPLAY-Prospecting,Display,953.86,76094,713
2025-10-10,DISPLAY-Retargeting,Display,1131.82,122767,1272
2025-10-10,REF-Partner,Referral,417.62,53253,1484
2025-10-10,REF-Customer,Referral,363.48,102672,2883
2025-10-11,PS-Brand,Paid Search,1592.81,36014,1680
2025-10-11,PS-NonBrand,Paid Search,1398.69,28211,1273
2025-10-11,META-Prospecting,Paid Social,887.44,38164,700
2025-10-11,META-Retargeting,Paid Social,1087.59,70056,1283
2025-10-11,EMAIL-Nurture,Email,606.02,60241,3553
2025-10-11,EMAIL-Reactivation,Email,343.25,26226,1586
2025-10-11,SEO-Content,Organic Search,271.89,100089,3426
2025-10-11,SEO-Product,Organic Search,275.74,147223,5121
2025-10-11,DISPLAY-Prospecting,Display,1068.86,75183,736
2025-10-11,DISPLAY-Retargeting,Display,1084.6,126944,1287
2025-10-11,REF-Partner,Referral,345.59,38507,1105
2025-10-11,REF-Customer,Referral,280.58,78810,2228
2025-10-12,PS-Brand,Paid Search,943.87,21410,967
2025-10-12,PS-NonBrand,Paid Search,1514.52,32953,1506
2025-10-12,META-Prospecting,Paid Social,1254.13,59089,1082
2025-10-12,META-Retargeting,Paid Social,1286.83,90834,1689
2025-10-12,EMAIL-Nurture,Email,396.69,40127,2385
2025-10-12,EMAIL-Reactivation,Email,412.52,29320,1666
2025-10-12,SEO-Content,Organic Search,245.35,82829,2858
2025-10-12,SEO-Product,Organic Search,237.76,125262,4409
2025-10-12,DISPLAY-Prospecting,Display,701.7,47617,445
2025-10-12,DISPLAY-Retargeting,Display,917.91,112936,1163
2025-10-12,REF-Partner,Referral,351.62,46534,1287
2025-10-12,REF-Customer,Referral,349.39,112387,3099
2025-10-13,PS-Brand,Paid Search,1369.84,34958,1625
2025-10-13,PS-NonBrand,Paid Search,1359.95,27115,1254
2025-10-13,META-Prospecting,Paid Social,1122.73,58285,1021
2025-10-13,META-Retargeting,Paid Social,1396.82,110369,2054
2025-10-13,EMAIL-Nurture,Email,580.33,54872,3237
2025-10-13,EMAIL-Reactivation,Email,384.97,26954,1518
2025-10-13,SEO-Content,Organic Search,219.41,85561,2940
2025-10-13,SEO-Product,Organic Search,296.36,126281,4361
2025-10-13,DISPLAY-Prospecting,Display,934.27,63351,612
2025-10-13,DISPLAY-Retargeting,Display,1054.63,113554,1107
2025-10-13,REF-Partner,Referral,492.99,64530,1766
2025-10-13,REF-Customer,Referral,389.23,108853,3110
2025-10-14,PS-Brand,Paid Search,1944.81,47147,2217
2025-10-14,PS-NonBrand,Paid Search,2263.0,45214,2087
2025-10-14,META-Prospecting,Paid Social,1627.1,88655,1613
2025-10-14,META-Retargeting,Paid Social,1545.94,120505,2319
2025-10-14,EMAIL-Nurture,Email,666.08,55696,3346
2025-10-14,EMAIL-Reactivation,Email,498.64,40418,2343
2025-10-14,SEO-Content,Organic Search,242.36,94048,3264
2025-10-14,SEO-Product,Organic Search,300.33,134384,4619
2025-10-14,DISPLAY-Prospecting,Display,1042.99,84936,827
2025-10-14,DISPLAY-Retargeting,Display,1017.76,105275,1079
2025-10-14,REF-Partner,Referral,583.57,71454,1984
2025-10-14,REF-Customer,Referral,522.5,160943,4449
2025-10-15,PS-Brand,Paid Search,1991.25,45382,2111
2025-10-15,PS-NonBrand,Paid Search,1888.28,39027,1691
2025-10-15,META-Prospecting,Paid Social,1368.22,59262,1076
2025-10-15,META-Retargeting,Paid Social,1352.3,96227,1843
2025-10-15,EMAIL-Nurture,Email,488.21,44293,2573
2025-10-15,EMAIL-Reactivation,Email,496.15,37107,2159
2025-10-15,SEO-Content,Organic Search,302.91,100524,3449
2025-10-15,SEO-Product,Organic Search,295.82,140995,4919
2025-10-15,DISPLAY-Prospecting,Display,1066.16,88771,856
2025-10-15,DISPLAY-Retargeting,Display,811.43,89055,941
2025-10-15,REF-Partner,Referral,470.37,62618,1695
2025-10-15,REF-Customer,Referral,479.29,129810,3650
2025-10-16,PS-Brand,Paid Search,1881.39,41825,1972
2025-10-16,PS-NonBrand,Paid Search,1471.41,31800,1422
2025-10-16,META-Prospecting,Paid Social,1334.04,70379,1196
2025-10-16,META-Retargeting,Paid Social,1841.32,119956,2199
2025-10-16,EMAIL-Nurture,Email,489.52,46811,2920
2025-10-16,EMAIL-Reactivation,Email,495.73,37229,2114
2025-10-16,SEO-Content,Organic Search,348.54,124907,4313
2025-10-16,SEO-Product,Organic Search,315.82,145347,5048
2025-10-16,DISPLAY-Prospecting,Display,944.08,76285,691
2025-10-16,DISPLAY-Retargeting,Display,1146.71,129311,1304
2025-10-16,REF-Partner,Referral,396.28,44063,1196
2025-10-16,REF-Customer,Referral,452.56,118272,3468
2025-10-17,PS-Brand,Paid Search,1629.47,44975,2130
2025-10-17,PS-NonBrand,Paid Search,1393.19,27672,1216
2025-10-17,META-Prospecting,Paid Social,1447.85,73240,1305
2025-10-17,META-Retargeting,Paid Social,1535.06,101793,1939
2025-10-17,EMAIL-Nurture,Email,441.36,41713,2468
2025-10-17,EMAIL-Reactivation,Email,582.1,46442,2693
2025-10-17,SEO-Content,Organic Search,263.89,103424,3568
2025-10-17,SEO-Product,Organic Search,248.56,129873,4508
2025-10-17,DISPLAY-Prospecting,Display,1030.34,88078,850
2025-10-17,DISPLAY-Retargeting,Display,840.88,92063,928
2025-10-17,REF-Partner,Referral,472.32,60152,1597
2025-10-17,REF-Customer,Referral,366.09,115974,3261
2025-10-18,PS-Brand,Paid Search,1861.97,41549,2050
2025-10-18,PS-NonBrand,Paid Search,1843.89,42336,1938
2025-10-18,META-Prospecting,Paid Social,1793.1,88974,1585
2025-10-18,META-Retargeting,Paid Social,1155.78,81290,1520
2025-10-18,EMAIL-Nurture,Email,466.05,39638,2314
2025-10-18,EMAIL-Reactivation,Email,319.83,27855,1631
2025-10-18,SEO-Content,Organic Search,242.08,96683,3322
2025-10-18,SEO-Product,Organic Search,195.86,94083,3325
2025-10-18,DISPLAY-Prospecting,Display,932.14,71419,629
2025-10-18,DISPLAY-Retargeting,Display,645.6,64546,653
2025-10-18,REF-Partner,Referral,360.69,47456,1384
2025-10-18,REF-Customer,Referral,307.23,82934,2323
2025-10-19,PS-Brand,Paid Search,925.56,25258,1200
2025-10-19,PS-NonBrand,Paid Search,1377.72,27227,1189
2025-10-19,META-Prospecting,Paid Social,1099.92,56559,1012
2025-10-19,META-Retargeting,Paid Social,1291.75,97278,1770
2025-10-19,EMAIL-Nurture,Email,406.86,34508,2098
2025-10-19,EMAIL-Reactivation,Email,452.54,38489,2211
2025-10-19,SEO-Content,Organic Search,264.32,90808,3114
2025-10-19,SEO-Product,Organic Search,296.03,142498,4983
2025-10-19,DISPLAY-Prospecting,Display,853.88,72654,712
2025-10-19,DISPLAY-Retargeting,Display,873.44,97172,1009
2025-10-19,REF-Partner,Referral,366.81,49064,1333
2025-10-19,REF-Customer,Referral,383.2,114769,3238
2025-10-20,PS-Brand,Paid Search,1832.9,41962,1991
2025-10-20,PS-NonBrand,Paid Search,1692.29,35821,1563
2025-10-20,META-Prospecting,Paid Social,1427.08,73489,1348
2025-10-20,META-Retargeting,Paid Social,1444.12,98468,1827
2025-10-20,EMAIL-Nurture,Email,466.05,44768,2598
2025-10-20,EMAIL-Reactivation,Email,431.84,35040,1937
2025-10-20,SEO-Content,Organic Search,262.42,85933,2990
2025-10-20,SEO-Product,Organic Search,261.45,128895,4439
2025-10-20,DISPLAY-Prospecting,Display,864.02,70104,673
2025-10-20,DISPLAY-Retargeting,Display,808.96,88632,816
2025-10-20,REF-Partner,Referral,419.84,52824,1462
2025-10-20,REF-Customer,Referral,331.62,107274,3029
2025-10-21,PS-Brand,Paid Search,2014.57,56217,2598
2025-10-21,PS-NonBrand,Paid Search,1802.82,38432,1782
2025-10-21,META-Prospecting,Paid Social,1545.64,73775,1358
2025-10-21,META-Retargeting,Paid Social,1447.5,101128,1909
2025-10-21,EMAIL-Nurture,Email,602.33,58302,3577
2025-10-21,EMAIL-Reactivation,Email,476.61,34710,1978
2025-10-21,SEO-Content,Organic Search,306.3,106034,3610
2025-10-21,SEO-Product,Organic Search,316.66,166208,5754
2025-10-21,DISPLAY-Prospecting,Display,837.96,71499,720
2025-10-21,DISPLAY-Retargeting,Display,1115.6,117732,1272
2025-10-21,REF-Partner,Referral,429.61,45906,1244
2025-10-21,REF-Customer,Referral,509.88,148713,4176
2025-10-22,PS-Brand,Paid Search,1978.63,51441,2422
2025-10-22,PS-NonBrand,Paid Search,1711.6,39612,1828
2025-10-22,META-Prospecting,Paid Social,1550.09,71634,1262
2025-10-22,META-Retargeting,Paid Social,1495.45,98851,1879
2025-10-22,EMAIL-Nurture,Email,487.73,48760,2893
2025-10-22,EMAIL-Reactivation,Email,545.48,38881,2204
2025-10-22,SEO-Content,Organic Search,271.76,91184,3108
2025-10-22,SEO-Product,Organic Search,283.51,151099,5263
2025-10-22,DISPLAY-Prospecting,Display,1174.05,85381,848
2025-10-22,DISPLAY-Retargeting,Display,932.4,111035,1106
2025-10-22,REF-Partner,Referral,424.75,51260,1438
2025-10-22,REF-Customer,Referral,421.51,139550,4011
2025-10-23,PS-Brand,Paid Search,1935.83,54361,2535
2025-10-23,PS-NonBrand,Paid Search,1961.65,36771,1714
2025-10-23,META-Prospecting,Paid Social,1650.3,86730,1533
2025-10-23,META-Retargeting,Paid Social,1675.41,125852,2324
2025-10-23,EMAIL-Nurture,Email,542.99,46337,2790
2025-10-23,EMAIL-Reactivation,Email,535.02,42352,2455
2025-10-23,SEO-Content,Organic Search,304.95,109882,3661
2025-10-23,SEO-Product,Organic Search,295.11,151947,5311
2025-10-23,DISPLAY-Prospecting,Display,840.86,69731,668
2025-10-23,DISPLAY-Retargeting,Display,1300.11,139750,1333
2025-10-23,REF-Partner,Referral,459.26,55471,1555
2025-10-23,REF-Customer,Referral,427.92,134146,3790
2025-10-24,PS-Brand,Paid Search,1551.23,36043,1666
2025-10-24,PS-NonBrand,Paid Search,1842.16,35327,1637
2025-10-24,META-Prospecting,Paid Social,1381.76,73310,1386
2025-10-24,META-Retargeting,Paid Social,1106.67,73189,1422
2025-10-24,EMAIL-Nurture,Email,399.86,37906,2248
2025-10-24,EMAIL-Reactivation,Email,618.26,43031,2437
2025-10-24,SEO-Content,Organic Search,203.68,70241,2379
2025-10-24,SEO-Product,Organic Search,214.76,104128,3663
2025-10-24,DISPLAY-Prospecting,Display,1053.8,77494,751
2025-10-24,DISPLAY-Retargeting,Display,1082.23,105060,1018
2025-10-24,REF-Partner,Referral,428.29,47609,1349
2025-10-24,REF-Customer,Referral,462.96,151176,4243
2025-10-25,PS-Brand,Paid Search,1895.38,44270,2132
2025-10-25,PS-NonBrand,Paid Search,1243.32,24281,1127
2025-10-25,META-Prospecting,Paid Social,1208.16,63891,1146
2025-10-25,META-Retargeting,Paid Social,1068.28,73132,1356
2025-10-25,EMAIL-Nurture,Email,417.47,42585,2616
2025-10-25,EMAIL-Reactivation,Email,358.8,25572,1536
2025-10-25,SEO-Content,Organic Search,293.02,113765,3848
2025-10-25,SEO-Product,Organic Search,273.49,116385,4087
2025-10-25,DISPLAY-Prospecting,Display,823.38,64536,614
2025-10-25,DISPLAY-Retargeting,Display,751.3,82828,817
2025-10-25,REF-Partner,Referral,372.65,43859,1259
2025-10-25,REF-Customer,Referral,398.79,109216,2994
2025-10-26,PS-Brand,Paid Search,1256.78,30595,1438
2025-10-26,PS-NonBrand,Paid Search,1487.75,34453,1629
2025-10-26,META-Prospecting,Paid Social,946.86,45546,832
2025-10-26,META-Retargeting,Paid Social,1281.91,92053,1739
2025-10-26,EMAIL-Nurture,Email,447.56,37699,2196
2025-10-26,EMAIL-Reactivation,Email,456.53,33391,1933
2025-10-26,SEO-Content,Organic Search,241.35,95243,3353
2025-10-26,SEO-Product,Organic Search,297.69,138573,4828
2025-10-26,DISPLAY-Prospecting,Display,1114.05,87027,796
2025-10-26,DISPLAY-Retargeting,Display,613.68,67621,715
2025-10-26,REF-Partner,Referral,381.79,44196,1246
2025-10-26,REF-Customer,Referral,412.77,115305,3184
2025-10-27,PS-Brand,Paid Search,1178.16,29948,1322
2025-10-27,PS-NonBrand,Paid Search,1495.2,29054,1312
2025-10-27,META-Prospecting,Paid Social,989.86,51776,930
2025-10-27,META-Retargeting,Paid Social,918.53,66784,1271
2025-10-27,EMAIL-Nurture,Email,477.58,40482,2418
2025-10-27,EMAIL-Reactivation,Email,621.71,43240,2527
2025-10-27,SEO-Content,Organic Search,315.87,106245,3694
2025-10-27,SEO-Product,Organic Search,216.75,92136,3225
2025-10-27,DISPLAY-Prospecting,Display,791.31,55631,532
2025-10-27,DISPLAY-Retargeting,Display,859.17,104925,1040
2025-10-27,REF-Partner,Referral,509.93,55338,1529
2025-10-27,REF-Customer,Referral,397.97,115651,3324
2025-10-28,PS-Brand,Paid Search,1722.41,48543,2330
2025-10-28,PS-NonBrand,Paid Search,1812.6,33919,1545
2025-10-28,META-Prospecting,Paid Social,1874.48,83700,1480
2025-10-28,META-Retargeting,Paid Social,1456.29,100681,1942
2025-10-28,EMAIL-Nurture,Email,446.66,39784,2365
2025-10-28,EMAIL-Reactivation,Email,486.67,34493,2015
2025-10-28,SEO-Content,Organic Search,251.5,102540,3425
2025-10-28,SEO-Product,Organic Search,326.05,157421,5561
2025-10-28,DISPLAY-Prospecting,Display,1080.21,80865,784
2025-10-28,DISPLAY-Retargeting,Display,1286.94,127535,1276
2025-10-28,REF-Partner,Referral,358.0,48129,1313
2025-10-28,REF-Customer,Referral,490.12,161494,4590
2025-10-29,PS-Brand,Paid Search,1793.69,40462,1862
2025-10-29,PS-NonBrand,Paid Search,1893.05,40121,1876
2025-10-29,META-Prospecting,Paid Social,1456.08,72877,1329
2025-10-29,META-Retargeting,Paid Social,1932.75,134957,2636
2025-10-29,EMAIL-Nurture,Email,547.2,51556,3060
2025-10-29,EMAIL-Reactivation,Email,573.51,46901,2753
2025-10-29,SEO-Content,Organic Search,329.86,111112,3902
2025-10-29,SEO-Product,Organic Search,275.04,131347,4607
2025-10-29,DISPLAY-Prospecting,Display,1065.0,91696,894
2025-10-29,DISPLAY-Retargeting,Display,1035.35,102312,1069
2025-10-29,REF-Partner,Referral,451.67,48624,1431
2025-10-29,REF-Customer,Referral,442.89,130167,3575
2025-10-30,PS-Brand,Paid Search,1816.69,48874,2275
2025-10-30,PS-NonBrand,Paid Search,2336.13,50617,2275
2025-10-30,META-Prospecting,Paid Social,1706.18,92227,1654
2025-10-30,META-Retargeting,Paid Social,1710.79,121435,2337
2025-10-30,EMAIL-Nurture,Email,467.85,46225,2750
2025-10-30,EMAIL-Reactivation,Email,561.16,46678,2750
2025-10-30,SEO-Content,Organic Search,382.03,155093,5299
2025-10-30,SEO-Product,Organic Search,322.77,155316,5464
2025-10-30,DISPLAY-Prospecting,Display,1226.73,87049,838
2025-10-30,DISPLAY-Retargeting,Display,1167.43,121748,1247
2025-10-30,REF-Partner,Referral,426.24,53962,1459
2025-10-30,REF-Customer,Referral,477.29,149502,4168
2025-10-31,PS-Brand,Paid Search,1521.54,35955,1704
2025-10-31,PS-NonBrand,Paid Search,1598.12,32701,1449
2025-10-31,META-Prospecting,Paid Social,1729.43,79588,1401
2025-10-31,META-Retargeting,Paid Social,1531.09,105125,1936
2025-10-31,EMAIL-Nurture,Email,455.11,42445,2527
2025-10-31,EMAIL-Reactivation,Email,418.6,33764,1910
2025-10-31,SEO-Content,Organic Search,317.12,102558,3521
2025-10-31,SEO-Product,Organic Search,293.97,142765,4965
2025-10-31,DISPLAY-Prospecting,Display,1269.74,91273,908
2025-10-31,DISPLAY-Retargeting,Display,1035.86,107880,1079
2025-10-31,REF-Partner,Referral,314.8,38505,1079
2025-10-31,REF-Customer,Referral,326.34,86244,2530
2025-11-01,PS-Brand,Paid Search,1183.68,31125,1460
2025-11-01,PS-NonBrand,Paid Search,1655.65,32815,1539
2025-11-01,META-Prospecting,Paid Social,1087.08,56906,1019
2025-11-01,META-Retargeting,Paid Social,1024.64,68527,1300
2025-11-01,EMAIL-Nurture,Email,454.15,45182,2677
2025-11-01,EMAIL-Reactivation,Email,454.43,36292,2078
2025-11-01,SEO-Content,Organic Search,266.62,87940,2980
2025-11-01,SEO-Product,Organic Search,162.42,71811,2489
2025-11-01,DISPLAY-Prospecting,Display,721.97,60387,592
2025-11-01,DISPLAY-Retargeting,Display,954.87,103079,1014
2025-11-01,REF-Partner,Referral,455.42,57983,1533
2025-11-01,REF-Customer,Referral,438.51,120322,3365
2025-11-02,PS-Brand,Paid Search,1592.07,42969,2014
2025-11-02,PS-NonBrand,Paid Search,1473.13,28234,1349
2025-11-02,META-Prospecting,Paid Social,1759.84,92785,1700
2025-11-02,META-Retargeting,Paid Social,1339.21,98101,1795
2025-11-02,EMAIL-Nurture,Email,465.63,47109,2717
2025-11-02,EMAIL-Reactivation,Email,372.42,30078,1675
2025-11-02,SEO-Content,Organic Search,257.25,104039,3621
2025-11-02,SEO-Product,Organic Search,247.35,118971,4173
2025-11-02,DISPLAY-Prospecting,Display,587.21,41046,389
2025-11-02,DISPLAY-Retargeting,Display,890.14,100115,992
2025-11-02,REF-Partner,Referral,343.23,38897,1109
2025-11-02,REF-Customer,Referral,391.56,128557,3629
2025-11-03,PS-Brand,Paid Search,2164.27,52600,2494
2025-11-03,PS-NonBrand,Paid Search,1906.03,36135,1612
2025-11-03,META-Prospecting,Paid Social,1424.66,74133,1290
2025-11-03,META-Retargeting,Paid Social,1398.23,94386,1789
2025-11-03,EMAIL-Nurture,Email,455.85,37681,2203
2025-11-03,EMAIL-Reactivation,Email,468.27,36730,2100
2025-11-03,SEO-Content,Organic Search,255.4,82935,2788
2025-11-03,SEO-Product,Organic Search,255.53,129416,4441
2025-11-03,DISPLAY-Prospecting,Display,937.32,67218,644
2025-11-03,DISPLAY-Retargeting,Display,1320.98,136268,1302
2025-11-03,REF-Partner,Referral,385.53,48032,1341
2025-11-03,REF-Customer,Referral,426.2,116976,3284
2025-11-04,PS-Brand,Paid Search,1823.99,51172,2417
2025-11-04,PS-NonBrand,Paid Search,1559.35,29533,1345
2025-11-04,META-Prospecting,Paid Social,1886.49,82436,1421
2025-11-04,META-Retargeting,Paid Social,1445.09,109180,2050
2025-11-04,EMAIL-Nurture,Email,562.76,52791,3202
2025-11-04,EMAIL-Reactivation,Email,625.17,48708,2757
2025-11-04,SEO-Content,Organic Search,312.08,104702,3512
2025-11-04,SEO-Product,Organic Search,260.85,130206,4549
2025-11-04,DISPLAY-Prospecting,Display,1171.02,85962,804
2025-11-04,DISPLAY-Retargeting,Display,1047.9,109881,1141
2025-11-04,REF-Partner,Referral,496.06,61607,1718
2025-11-04,REF-Customer,Referral,465.91,144139,4092
2025-11-05,PS-Brand,Paid Search,1622.04,40352,1924
2025-11-05,PS-NonBrand,Paid Search,2032.29,42086,1823
2025-11-05,META-Prospecting,Paid Social,1486.01,73125,1311
2025-11-05,META-Retargeting,Paid Social,1595.44,112869,2134
2025-11-05,EMAIL-Nurture,Email,661.91,55417,3324
2025-11-05,EMAIL-Reactivation,Email,500.49,39238,2239
2025-11-05,SEO-Content,Organic Search,251.09,84841,2920
2025-11-05,SEO-Product,Organic Search,308.11,144821,4973
2025-11-05,DISPLAY-Prospecting,Display,1111.25,94574,886
2025-11-05,DISPLAY-Retargeting,Display,1189.2,135605,1351
2025-11-05,REF-Partner,Referral,358.87,47519,1307
2025-11-05,REF-Customer,Referral,514.48,170308,4802
2025-11-06,PS-Brand,Paid Search,1850.86,43985,2034
2025-11-06,PS-NonBrand,Paid Search,2053.84,43421,1969
2025-11-06,META-Prospecting,Paid Social,1682.12,76056,1350
2025-11-06,META-Retargeting,Paid Social,1664.94,116313,2285
2025-11-06,EMAIL-Nurture,Email,551.06,55103,3285
2025-11-06,EMAIL-Reactivation,Email,593.37,47272,2741
2025-11-06,SEO-Content,Organic Search,299.42,116117,3981
2025-11-06,SEO-Product,Organic Search,309.13,136674,4701
2025-11-06,DISPLAY-Prospecting,Display,984.4,67053,659
2025-11-06,DISPLAY-Retargeting,Display,1162.55,121287,1223
2025-11-06,REF-Partner,Referral,425.73,45473,1262
2025-11-06,REF-Customer,Referral,387.66,113086,3248
2025-11-07,PS-Brand,Paid Search,1876.96,51758,2400
2025-11-07,PS-NonBrand,Paid Search,1802.32,38310,1736
2025-11-07,META-Prospecting,Paid Social,1278.67,65596,1162
2025-11-07,META-Retargeting,Paid Social,1050.68,70906,1355
2025-11-07,EMAIL-Nurture,Email,398.6,33141,1952
2025-11-07,EMAIL-Reactivation,Email,512.62,39664,2321
2025-11-07,SEO-Content,Organic Search,283.15,111331,3912
2025-11-07,SEO-Product,Organic Search,247.76,121327,4270
2025-11-07,DISPLAY-Prospecting,Display,935.08,71184,706
2025-11-07,DISPLAY-Retargeting,Display,869.85,105731,1022
2025-11-07,REF-Partner,Referral,406.92,54107,1336
2025-11-07,REF-Customer,Referral,421.89,138803,3998
2025-11-08,PS-Brand,Paid Search,861.76,22308,1069
2025-11-08,PS-NonBrand,Paid Search,1713.34,32998,1422
2025-11-08,META-Prospecting,Paid Social,1428.07,75331,1355
2025-11-08,META-Retargeting,Paid Social,1028.59,81125,1576
2025-11-08,EMAIL-Nurture,Email,504.19,43880,2579
2025-11-08,EMAIL-Reactivation,Email,541.22,39593,2303
2025-11-08,SEO-Content,Organic Search,206.81,70987,2415
2025-11-08,SEO-Product,Organic Search,252.06,126017,4592
2025-11-08,DISPLAY-Prospecting,Display,673.72,54017,538
2025-11-08,DISPLAY-Retargeting,Display,1175.82,137572,1390
2025-11-08,REF-Partner,Referral,337.65,40938,1055
2025-11-08,REF-Customer,Referral,341.32,110233,3167
2025-11-09,PS-Brand,Paid Search,1442.59,37987,1754
2025-11-09,PS-NonBrand,Paid Search,1474.45,30535,1387
2025-11-09,META-Prospecting,Paid Social,1189.45,51393,947
2025-11-09,META-Retargeting,Paid Social,1383.23,88840,1652
2025-11-09,EMAIL-Nurture,Email,488.63,44435,2607
2025-11-09,EMAIL-Reactivation,Email,439.74,35304,1999
2025-11-09,SEO-Content,Organic Search,221.31,79453,2644
2025-11-09,SEO-Product,Organic Search,268.56,113613,3968
2025-11-09,DISPLAY-Prospecting,Display,964.5,79350,761
2025-11-09,DISPLAY-Retargeting,Display,1205.02,118297,1196
2025-11-09,REF-Partner,Referral,387.0,44861,1223
2025-11-09,REF-Customer,Referral,407.18,119796,3518
2025-11-10,PS-Brand,Paid Search,1659.3,46282,2146
2025-11-10,PS-NonBrand,Paid Search,1518.88,31321,1407
2025-11-10,META-Prospecting,Paid Social,1119.66,51614,934
2025-11-10,META-Retargeting,Paid Social,1298.53,102572,1925
2025-11-10,EMAIL-Nurture,Email,481.49,43762,2562
2025-11-10,EMAIL-Reactivation,Email,573.45,46918,2716
2025-11-10,SEO-Content,Organic Search,300.68,115749,3989
2025-11-10,SEO-Product,Organic Search,241.12,117204,4006
2025-11-10,DISPLAY-Prospecting,Display,867.13,59350,599
2025-11-10,DISPLAY-Retargeting,Display,1392.55,162683,1586
2025-11-10,REF-Partner,Referral,388.76,48108,1348
2025-11-10,REF-Customer,Referral,337.24,95909,2670
2025-11-11,PS-Brand,Paid Search,1796.38,41767,2024
2025-11-11,PS-NonBrand,Paid Search,1977.76,39198,1772
2025-11-11,META-Prospecting,Paid Social,1196.61,55083,969
2025-11-11,META-Retargeting,Paid Social,1321.1,90917,1726
2025-11-11,EMAIL-Nurture,Email,508.89,42809,2531
2025-11-11,EMAIL-Reactivation,Email,579.75,50885,2990
2025-11-11,SEO-Content,Organic Search,327.36,127401,4327
2025-11-11,SEO-Product,Organic Search,338.77,154432,5502
2025-11-11,DISPLAY-Prospecting,Display,1342.32,110001,1023
2025-11-11,DISPLAY-Retargeting,Display,1240.46,145674,1436
2025-11-11,REF-Partner,Referral,409.23,44613,1229
2025-11-11,REF-Customer,Referral,492.58,143817,4048
2025-11-12,PS-Brand,Paid Search,1809.42,49747,2270
2025-11-12,PS-NonBrand,Paid Search,2032.28,40926,1878
2025-11-12,META-Prospecting,Paid Social,1566.69,76306,1352
2025-11-12,META-Retargeting,Paid Social,1460.23,101356,1889
2025-11-12,EMAIL-Nurture,Email,724.28,72202,4157
2025-11-12,EMAIL-Reactivation,Email,546.79,43207,2441
2025-11-12,SEO-Content,Organic Search,356.23,122952,4303
2025-11-12,SEO-Product,Organic Search,325.09,163580,5623
2025-11-12,DISPLAY-Prospecting,Display,1263.6,87153,865
2025-11-12,DISPLAY-Retargeting,Display,1236.53,123889,1243
2025-11-12,REF-Partner,Referral,422.64,53666,1517
2025-11-12,REF-Customer,Referral,415.38,137531,3842
2025-11-13,PS-Brand,Paid Search,2004.56,55632,2597
2025-11-13,PS-NonBrand,Paid Search,1498.55,34860,1586
2025-11-13,META-Prospecting,Paid Social,1362.48,64983,1116
2025-11-13,META-Retargeting,Paid Social,1565.76,116455,2195
2025-11-13,EMAIL-Nurture,Email,546.05,48984,3003
2025-11-13,EMAIL-Reactivation,Email,504.54,41980,2458
2025-11-13,SEO-Content,Organic Search,294.43,104333,3617
2025-11-13,SEO-Product,Organic Search,277.77,128550,4477
2025-11-13,DISPLAY-Prospecting,Display,896.36,65042,651
2025-11-13,DISPLAY-Retargeting,Display,1034.03,114964,1117
2025-11-13,REF-Partner,Referral,499.59,67027,1833
2025-11-13,REF-Customer,Referral,490.57,129671,3639
2025-11-14,PS-Brand,Paid Search,1881.33,46933,2149
2025-11-14,PS-NonBrand,Paid Search,1672.75,37259,1686
2025-11-14,META-Prospecting,Paid Social,1124.05,56405,1013
2025-11-14,META-Retargeting,Paid Social,1248.53,96339,1767
2025-11-14,EMAIL-Nurture,Email,548.43,55601,3363
2025-11-14,EMAIL-Reactivation,Email,439.08,33145,1984
2025-11-14,SEO-Content,Organic Search,240.71,96284,3192
2025-11-14,SEO-Product,Organic Search,267.31,142200,5009
2025-11-14,DISPLAY-Prospecting,Display,1144.82,83857,768
2025-11-14,DISPLAY-Retargeting,Display,922.11,89609,917
2025-11-14,REF-Partner,Referral,353.58,42887,1184
2025-11-14,REF-Customer,Referral,447.19,147912,4131
2025-11-15,PS-Brand,Paid Search,1462.6,35547,1677
2025-11-15,PS-NonBrand,Paid Search,1458.43,30609,1442
2025-11-15,META-Prospecting,Paid Social,1057.65,50285,889
2025-11-15,META-Retargeting,Paid Social,702.45,46314,853
2025-11-15,EMAIL-Nurture,Email,328.82,31275,1834
2025-11-15,EMAIL-Reactivation,Email,478.05,36892,2141
2025-11-15,SEO-Content,Organic Search,332.77,123749,4216
2025-11-15,SEO-Product,Organic Search,291.88,147095,5079
2025-11-15,DISPLAY-Prospecting,Display,1042.01,87170,841
2025-11-15,DISPLAY-Retargeting,Display,879.14,86630,883
2025-11-15,REF-Partner,Referral,352.7,41805,1127
2025-11-15,REF-Customer,Referral,376.9,124505,3431
2025-11-16,PS-Brand,Paid Search,1567.0,39274,1867
2025-11-16,PS-NonBrand,Paid Search,1585.82,31420,1440
2025-11-16,META-Prospecting,Paid Social,1206.9,58212,1049
2025-11-16,META-Retargeting,Paid Social,1257.68,86262,1566
2025-11-16,EMAIL-Nurture,Email,557.39,47440,2833
2025-11-16,EMAIL-Reactivation,Email,357.91,25747,1487
2025-11-16,SEO-Content,Organic Search,254.16,103878,3462
2025-11-16,SEO-Product,Organic Search,281.5,137481,4663
2025-11-16,DISPLAY-Prospecting,Display,895.86,70520,685
2025-11-16,DISPLAY-Retargeting,Display,1019.68,115057,1144
2025-11-16,REF-Partner,Referral,394.17,45618,1348
2025-11-16,REF-Customer,Referral,402.61,118659,3333
2025-11-17,PS-Brand,Paid Search,1592.57,35964,1748
2025-11-17,PS-NonBrand,Paid Search,1624.83,36305,1583
2025-11-17,META-Prospecting,Paid Social,957.88,41796,764
2025-11-17,META-Retargeting,Paid Social,1381.34,105627,2022
2025-11-17,EMAIL-Nurture,Email,478.09,46723,2661
2025-11-17,EMAIL-Reactivation,Email,556.34,43025,2491
2025-11-17,SEO-Content,Organic Search,290.51,105827,3705
2025-11-17,SEO-Product,Organic Search,272.79,132942,4655
2025-11-17,DISPLAY-Prospecting,Display,1153.81,91813,860
2025-11-17,DISPLAY-Retargeting,Display,1100.45,124455,1243
2025-11-17,REF-Partner,Referral,399.93,52577,1518
2025-11-17,REF-Customer,Referral,504.17,139098,3941
2025-11-18,PS-Brand,Paid Search,2173.09,55960,2613
2025-11-18,PS-NonBrand,Paid Search,1377.38,30484,1408
2025-11-18,META-Prospecting,Paid Social,1488.26,66233,1175
2025-11-18,META-Retargeting,Paid Social,1462.86,103822,1971
2025-11-18,EMAIL-Nurture,Email,642.27,64473,3805
2025-11-18,EMAIL-Reactivation,Email,511.23,36393,2093
2025-11-18,SEO-Content,Organic Search,323.29,105550,3624
2025-11-18,SEO-Product,Organic Search,339.97,174900,6203
2025-11-18,DISPLAY-Prospecting,Display,1088.44,92823,841
2025-11-18,DISPLAY-Retargeting,Display,1039.67,115550,1193
2025-11-18,REF-Partner,Referral,437.36,47953,1317
2025-11-18,REF-Customer,Referral,399.1,107959,3015
2025-11-19,PS-Brand,Paid Search,1715.41,39732,1890
2025-11-19,PS-NonBrand,Paid Search,1886.1,43539,1909
2025-11-19,META-Prospecting,Paid Social,1674.0,87915,1590
2025-11-19,META-Retargeting,Paid Social,1606.95,119115,2148
2025-11-19,EMAIL-Nurture,Email,517.08,51509,3122
2025-11-19,EMAIL-Reactivation,Email,567.7,44653,2610
2025-11-19,SEO-Content,Organic Search,313.69,127732,4351
2025-11-19,SEO-Product,Organic Search,286.34,138242,4824
2025-11-19,DISPLAY-Prospecting,Display,861.07,62852,651
2025-11-19,DISPLAY-Retargeting,Display,1183.34,129367,1260
2025-11-19,REF-Partner,Referral,520.3,66499,1846
2025-11-19,REF-Customer,Referral,454.07,119460,3304
2025-11-20,PS-Brand,Paid Search,2059.09,45857,2140
2025-11-20,PS-NonBrand,Paid Search,2195.41,46618,2126
2025-11-20,META-Prospecting,Paid Social,1891.84,83736,1557
2025-11-20,META-Retargeting,Paid Social,1246.94,79410,1514
2025-11-20,EMAIL-Nurture,Email,551.53,49418,2917
2025-11-20,EMAIL-Reactivation,Email,611.83,51128,3007
2025-11-20,SEO-Content,Organic Search,351.85,141521,4792
2025-11-20,SEO-Product,Organic Search,336.93,178408,6202
2025-11-20,DISPLAY-Prospecting,Display,1256.04,102544,980
2025-11-20,DISPLAY-Retargeting,Display,1418.81,146428,1519
2025-11-20,REF-Partner,Referral,465.46,60468,1661
2025-11-20,REF-Customer,Referral,450.79,133086,3674
2025-11-21,PS-Brand,Paid Search,2007.49,55468,2524
2025-11-21,PS-NonBrand,Paid Search,1482.25,30557,1417
2025-11-21,META-Prospecting,Paid Social,1489.17,67984,1187
2025-11-21,META-Retargeting,Paid Social,1437.61,105087,2002
2025-11-21,EMAIL-Nurture,Email,451.44,39185,2311
2025-11-21,EMAIL-Reactivation,Email,578.94,48296,2785
2025-11-21,SEO-Content,Organic Search,316.73,126515,4345
2025-11-21,SEO-Product,Organic Search,303.41,157027,5420
2025-11-21,DISPLAY-Prospecting,Display,921.51,78186,751
2025-11-21,DISPLAY-Retargeting,Display,1167.16,120247,1232
2025-11-21,REF-Partner,Referral,372.94,48303,1372
2025-11-21,REF-Customer,Referral,349.54,102525,2931
2025-11-22,PS-Brand,Paid Search,1434.51,35903,1700
2025-11-22,PS-NonBrand,Paid Search,1720.19,38891,1685
2025-11-22,META-Prospecting,Paid Social,1143.07,60360,1053
2025-11-22,META-Retargeting,Paid Social,1238.1,92799,1715
2025-11-22,EMAIL-Nurture,Email,461.41,43169,2670
2025-11-22,EMAIL-Reactivation,Email,464.56,40741,2384
2025-11-22,SEO-Content,Organic Search,296.67,96370,3251
2025-11-22,SEO-Product,Organic Search,232.14,111793,3861
2025-11-22,DISPLAY-Prospecting,Display,802.11,61262,618
2025-11-22,DISPLAY-Retargeting,Display,860.62,98165,1002
2025-11-22,REF-Partner,Referral,449.28,50652,1376
2025-11-22,REF-Customer,Referral,394.29,118147,3316
2025-11-23,PS-Brand,Paid Search,1303.63,32143,1460
2025-11-23,PS-NonBrand,Paid Search,1430.15,27422,1218
2025-11-23,META-Prospecting,Paid Social,1264.27,58565,1074
2025-11-23,META-Retargeting,Paid Social,1184.27,83140,1540
2025-11-23,EMAIL-Nurture,Email,568.22,53979,3129
2025-11-23,EMAIL-Reactivation,Email,546.25,45618,2609
2025-11-23,SEO-Content,Organic Search,200.09,67712,2376
2025-11-23,SEO-Product,Organic Search,299.9,151003,5246
2025-11-23,DISPLAY-Prospecting,Display,921.4,75974,750
2025-11-23,DISPLAY-Retargeting,Display,995.14,110408,1111
2025-11-23,REF-Partner,Referral,426.65,49204,1295
2025-11-23,REF-Customer,Referral,391.74,120688,3330
2025-11-24,PS-Brand,Paid Search,1682.01,37795,1693
2025-11-24,PS-NonBrand,Paid Search,1662.41,35039,1606
2025-11-24,META-Prospecting,Paid Social,1597.88,70371,1295
2025-11-24,META-Retargeting,Paid Social,1098.56,81456,1564
2025-11-24,EMAIL-Nurture,Email,457.57,41522,2461
2025-11-24,EMAIL-Reactivation,Email,440.1,38608,2282
2025-11-24,SEO-Content,Organic Search,248.16,96700,3242
2025-11-24,SEO-Product,Organic Search,252.22,113136,3908
2025-11-24,DISPLAY-Prospecting,Display,1172.66,83008,751
2025-11-24,DISPLAY-Retargeting,Display,895.72,87876,854
2025-11-24,REF-Partner,Referral,429.39,53014,1438
2025-11-24,REF-Customer,Referral,441.14,136025,3720
2025-11-25,PS-Brand,Paid Search,1549.65,41289,1964
2025-11-25,PS-NonBrand,Paid Search,1749.0,38824,1747
2025-11-25,META-Prospecting,Paid Social,1721.01,90331,1637
2025-11-25,META-Retargeting,Paid Social,1552.95,104015,1998
2025-11-25,EMAIL-Nurture,Email,549.61,50460,3043
2025-11-25,EMAIL-Reactivation,Email,536.59,43022,2515
2025-11-25,SEO-Content,Organic Search,319.89,113583,3890
2025-11-25,SEO-Product,Organic Search,300.3,137323,4854
2025-11-25,DISPLAY-Prospecting,Display,1249.63,94196,931
2025-11-25,DISPLAY-Retargeting,Display,1075.5,116186,1153
2025-11-25,REF-Partner,Referral,421.7,56144,1505
2025-11-25,REF-Customer,Referral,371.29,97128,2761
2025-11-26,PS-Brand,Paid Search,1764.74,42063,1964
2025-11-26,PS-NonBrand,Paid Search,1903.31,36737,1630
2025-11-26,META-Prospecting,Paid Social,1720.31,84707,1535
2025-11-26,META-Retargeting,Paid Social,1706.47,109590,2063
2025-11-26,EMAIL-Nurture,Email,702.67,67419,3992
2025-11-26,EMAIL-Reactivation,Email,520.69,45541,2599
2025-11-26,SEO-Content,Organic Search,334.72,119069,4171
2025-11-26,SEO-Product,Organic Search,360.03,167040,5810
2025-11-26,DISPLAY-Prospecting,Display,1238.79,105013,1015
2025-11-26,DISPLAY-Retargeting,Display,1087.24,120866,1250
2025-11-26,REF-Partner,Referral,467.06,52896,1470
2025-11-26,REF-Customer,Referral,431.06,142710,4002
2025-11-27,PS-Brand,Paid Search,1831.27,41272,1936
2025-11-27,PS-NonBrand,Paid Search,1735.41,35275,1628
2025-11-27,META-Prospecting,Paid Social,1679.02,82963,1511
2025-11-27,META-Retargeting,Paid Social,1255.35,85174,1591
2025-11-27,EMAIL-Nurture,Email,589.69,61451,3594
2025-11-27,EMAIL-Reactivation,Email,527.11,39239,2294
2025-11-27,SEO-Content,Organic Search,344.52,139918,4813
2025-11-27,SEO-Product,Organic Search,335.85,146920,5168
2025-11-27,DISPLAY-Prospecting,Display,1151.53,83260,834
2025-11-27,DISPLAY-Retargeting,Display,1050.05,110813,1103
2025-11-27,REF-Partner,Referral,531.3,63634,1822
2025-11-27,REF-Customer,Referral,537.86,159230,4446
2025-11-28,PS-Brand,Paid Search,1598.4,42367,2004
2025-11-28,PS-NonBrand,Paid Search,1780.35,33804,1592
2025-11-28,META-Prospecting,Paid Social,1235.74,53807,998
2025-11-28,META-Retargeting,Paid Social,1190.17,90253,1680
2025-11-28,EMAIL-Nurture,Email,573.26,54300,3230
2025-11-28,EMAIL-Reactivation,Email,471.17,41252,2319
2025-11-28,SEO-Content,Organic Search,256.67,88171,2900
2025-11-28,SEO-Product,Organic Search,269.41,131514,4597
2025-11-28,DISPLAY-Prospecting,Display,1044.05,76356,772
2025-11-28,DISPLAY-Retargeting,Display,1136.66,138837,1382
2025-11-28,REF-Partner,Referral,409.88,52334,1451
2025-11-28,REF-Customer,Referral,454.48,122793,3400
2025-11-29,PS-Brand,Paid Search,1261.08,30847,1404
2025-11-29,PS-NonBrand,Paid Search,1541.33,30280,1454
2025-11-29,META-Prospecting,Paid Social,1644.99,70556,1232
2025-11-29,META-Retargeting,Paid Social,1273.81,99487,1869
2025-11-29,EMAIL-Nurture,Email,428.82,37600,2275
2025-11-29,EMAIL-Reactivation,Email,456.18,38251,2246
2025-11-29,SEO-Content,Organic Search,307.07,102970,3519
2025-11-29,SEO-Product,Organic Search,305.68,144026,4940
2025-11-29,DISPLAY-Prospecting,Display,1253.69,95234,940
2025-11-29,DISPLAY-Retargeting,Display,1245.88,135700,1295
2025-11-29,REF-Partner,Referral,420.94,53516,1466
2025-11-29,REF-Customer,Referral,441.06,123112,3493
2025-11-30,PS-Brand,Paid Search,1461.29,39305,1820
2025-11-30,PS-NonBrand,Paid Search,1765.95,40827,1902
2025-11-30,META-Prospecting,Paid Social,1144.13,54223,980
2025-11-30,META-Retargeting,Paid Social,1413.76,92887,1655
2025-11-30,EMAIL-Nurture,Email,463.23,45051,2661
2025-11-30,EMAIL-Reactivation,Email,541.87,47018,2737
2025-11-30,SEO-Content,Organic Search,226.21,85884,2930
2025-11-30,SEO-Product,Organic Search,224.23,111602,3904
2025-11-30,DISPLAY-Prospecting,Display,1003.7,74137,714
2025-11-30,DISPLAY-Retargeting,Display,1071.09,109421,1144
2025-11-30,REF-Partner,Referral,360.04,48071,1303
2025-11-30,REF-Customer,Referral,348.12,91628,2604
2025-12-01,PS-Brand,Paid Search,2245.03,50554,2384
2025-12-01,PS-NonBrand,Paid Search,2159.69,40616,1827
2025-12-01,META-Prospecting,Paid Social,1143.14,58468,1057
2025-12-01,META-Retargeting,Paid Social,1424.33,103349,1977
2025-12-01,EMAIL-Nurture,Email,492.06,44060,2627
2025-12-01,EMAIL-Reactivation,Email,491.77,36873,2229
2025-12-01,SEO-Content,Organic Search,290.73,111874,3836
2025-12-01,SEO-Product,Organic Search,318.93,141004,4845
2025-12-01,DISPLAY-Prospecting,Display,1221.04,97850,941
2025-12-01,DISPLAY-Retargeting,Display,911.57,89437,919
2025-12-01,REF-Partner,Referral,423.96,51245,1483
2025-12-01,REF-Customer,Referral,357.93,97533,2749
2025-12-02,PS-Brand,Paid Search,2268.54,62159,2891
2025-12-02,PS-NonBrand,Paid Search,1775.47,33061,1502
2025-12-02,META-Prospecting,Paid Social,1659.61,78609,1455
2025-12-02,META-Retargeting,Paid Social,1643.25,128551,2412
2025-12-02,EMAIL-Nurture,Email,551.76,46485,2743
2025-12-02,EMAIL-Reactivation,Email,621.98,49896,2827
2025-12-02,SEO-Content,Organic Search,291.39,94164,3221
2025-12-02,SEO-Product,Organic Search,333.32,171190,5870
2025-12-02,DISPLAY-Prospecting,Display,1053.03,75106,745
2025-12-02,DISPLAY-Retargeting,Display,1070.53,107071,1119
2025-12-02,REF-Partner,Referral,442.17,48648,1247
2025-12-02,REF-Customer,Referral,516.41,146151,4181
2025-12-03,PS-Brand,Paid Search,1788.71,42908,1966
2025-12-03,PS-NonBrand,Paid Search,2071.29,46663,2145
2025-12-03,META-Prospecting,Paid Social,1285.09,63346,1123
2025-12-03,META-Retargeting,Paid Social,1670.53,127053,2372
2025-12-03,EMAIL-Nurture,Email,624.73,51900,3022
2025-12-03,EMAIL-Reactivation,Email,539.71,42146,2462
2025-12-03,SEO-Content,Organic Search,290.84,113153,3992
2025-12-03,SEO-Product,Organic Search,358.53,175213,6135
2025-12-03,DISPLAY-Prospecting,Display,1119.68,92784,901
2025-12-03,DISPLAY-Retargeting,Display,1320.68,131851,1394
2025-12-03,REF-Partner,Referral,497.94,54232,1468
2025-12-03,REF-Customer,Referral,477.32,138439,3861
2025-12-04,PS-Brand,Paid Search,2026.36,53763,2540
2025-12-04,PS-NonBrand,Paid Search,2142.03,50032,2329
2025-12-04,META-Prospecting,Paid Social,1498.14,69756,1199
2025-12-04,META-Retargeting,Paid Social,1371.06,86628,1634
2025-12-04,EMAIL-Nurture,Email,688.04,57600,3443
2025-12-04,EMAIL-Reactivation,Email,637.31,44806,2686
2025-12-04,SEO-Content,Organic Search,290.24,101395,3412
2025-12-04,SEO-Product,Organic Search,333.07,170660,5946
2025-12-04,DISPLAY-Prospecting,Display,1201.31,100191,994
2025-12-04,DISPLAY-Retargeting,Display,1304.31,136075,1354
2025-12-04,REF-Partner,Referral,570.2,66347,1817
2025-12-04,REF-Customer,Referral,422.43,125509,3492
2025-12-05,PS-Brand,Paid Search,1807.45,41211,1925
2025-12-05,PS-NonBrand,Paid Search,1545.3,33159,1497
2025-12-05,META-Prospecting,Paid Social,1231.33,57473,1047
2025-12-05,META-Retargeting,Paid Social,1363.13,96175,1831
2025-12-05,EMAIL-Nurture,Email,612.3,55025,3298
2025-12-05,EMAIL-Reactivation,Email,597.03,44971,2633
2025-12-05,SEO-Content,Organic Search,297.0,107142,3712
2025-12-05,SEO-Product,Organic Search,309.35,135867,4776
2025-12-05,DISPLAY-Prospecting,Display,1072.4,90759,853
2025-12-05,DISPLAY-Retargeting,Display,1181.23,141721,1395
2025-12-05,REF-Partner,Referral,406.55,54290,1525
2025-12-05,REF-Customer,Referral,437.99,135659,3831
2025-12-06,PS-Brand,Paid Search,1719.58,39277,1858
2025-12-06,PS-NonBrand,Paid Search,1720.64,39045,1753
2025-12-06,META-Prospecting,Paid Social,1305.22,68295,1253
2025-12-06,META-Retargeting,Paid Social,1287.44,82515,1614
2025-12-06,EMAIL-Nurture,Email,455.78,37981,2278
2025-12-06,EMAIL-Reactivation,Email,366.9,30792,1716
2025-12-06,SEO-Content,Organic Search,286.89,101007,3509
2025-12-06,SEO-Product,Organic Search,265.13,127557,4343
2025-12-06,DISPLAY-Prospecting,Display,1004.18,83246,814
2025-12-06,DISPLAY-Retargeting,Display,591.79,61316,595
2025-12-06,REF-Partner,Referral,333.05,38473,1023
2025-12-06,REF-Customer,Referral,399.74,109325,3045
2025-12-07,PS-Brand,Paid Search,1561.44,37804,1779
2025-12-07,PS-NonBrand,Paid Search,1499.84,33938,1569
2025-12-07,META-Prospecting,Paid Social,1294.31,55970,1067
2025-12-07,META-Retargeting,Paid Social,1122.1,87218,1576
2025-12-07,EMAIL-Nurture,Email,599.1,59788,3525
2025-12-07,EMAIL-Reactivation,Email,473.58,39801,2356
2025-12-07,SEO-Content,Organic Search,220.51,89727,3081
2025-12-07,SEO-Product,Organic Search,280.18,130968,4611
2025-12-07,DISPLAY-Prospecting,Display,704.96,59580,617
2025-12-07,DISPLAY-Retargeting,Display,856.13,99068,1012
2025-12-07,REF-Partner,Referral,368.94,47147,1286
2025-12-07,REF-Customer,Referral,305.27,79474,2177
2025-12-08,PS-Brand,Paid Search,1491.72,39919,1834
2025-12-08,PS-NonBrand,Paid Search,1760.09,37598,1650
2025-12-08,META-Prospecting,Paid Social,1633.73,80801,1433
2025-12-08,META-Retargeting,Paid Social,1510.7,101381,1809
2025-12-08,EMAIL-Nurture,Email,422.85,43920,2682
2025-12-08,EMAIL-Reactivation,Email,485.8,40575,2332
2025-12-08,SEO-Content,Organic Search,359.79,127894,4402
2025-12-08,SEO-Product,Organic Search,328.25,143803,4995
2025-12-08,DISPLAY-Prospecting,Display,986.52,67112,670
2025-12-08,DISPLAY-Retargeting,Display,1313.77,155157,1540
2025-12-08,REF-Partner,Referral,445.41,51210,1448
2025-12-08,REF-Customer,Referral,438.14,120990,3407
2025-12-09,PS-Brand,Paid Search,2047.62,57760,2622
2025-12-09,PS-NonBrand,Paid Search,2248.42,47834,2163
2025-12-09,META-Prospecting,Paid Social,1815.08,94689,1670
2025-12-09,META-Retargeting,Paid Social,1233.14,87710,1688
2025-12-09,EMAIL-Nurture,Email,560.3,48322,2890
2025-12-09,EMAIL-Reactivation,Email,641.6,48043,2692
2025-12-09,SEO-Content,Organic Search,279.93,101100,3459
2025-12-09,SEO-Product,Organic Search,375.45,168922,6041
2025-12-09,DISPLAY-Prospecting,Display,1155.9,95192,906
2025-12-09,DISPLAY-Retargeting,Display,1270.38,150214,1517
2025-12-09,REF-Partner,Referral,475.58,54528,1478
2025-12-09,REF-Customer,Referral,512.94,136607,3729
2025-12-10,PS-Brand,Paid Search,2021.76,50191,2369
2025-12-10,PS-NonBrand,Paid Search,1947.42,38159,1803
2025-12-10,META-Prospecting,Paid Social,1564.37,71511,1280
2025-12-10,META-Retargeting,Paid Social,1689.83,114823,2153
2025-12-10,EMAIL-Nurture,Email,697.25,68099,4097
2025-12-10,EMAIL-Reactivation,Email,625.32,54572,3223
2025-12-10,SEO-Content,Organic Search,355.19,140437,4845
2025-12-10,SEO-Product,Organic Search,318.57,158522,5633
2025-12-10,DISPLAY-Prospecting,Display,1400.35,119802,1181
2025-12-10,DISPLAY-Retargeting,Display,1090.39,107606,1075
2025-12-10,REF-Partner,Referral,536.22,65236,1832
2025-12-10,REF-Customer,Referral,517.56,141129,3887
2025-12-11,PS-Brand,Paid Search,1676.65,41127,1873
2025-12-11,PS-NonBrand,Paid Search,2102.9,41102,1882
2025-12-11,META-Prospecting,Paid Social,1753.92,76825,1357
2025-12-11,META-Retargeting,Paid Social,1615.19,102327,1868
2025-12-11,EMAIL-Nurture,Email,607.49,59127,3508
2025-12-11,EMAIL-Reactivation,Email,730.81,52269,3018
2025-12-11,SEO-Content,Organic Search,397.82,149445,5113
2025-12-11,SEO-Product,Organic Search,304.97,158952,5522
2025-12-11,DISPLAY-Prospecting,Display,1249.57,85858,778
2025-12-11,DISPLAY-Retargeting,Display,1115.03,122587,1246
2025-12-11,REF-Partner,Referral,617.55,82604,2325
2025-12-11,REF-Customer,Referral,530.52,160616,4468
2025-12-12,PS-Brand,Paid Search,1733.77,42887,2035
2025-12-12,PS-NonBrand,Paid Search,1642.07,33914,1568
2025-12-12,META-Prospecting,Paid Social,1606.93,81675,1453
2025-12-12,META-Retargeting,Paid Social,1404.01,103585,1935
2025-12-12,EMAIL-Nurture,Email,601.77,59633,3680
2025-12-12,EMAIL-Reactivation,Email,471.21,39951,2330
2025-12-12,SEO-Content,Organic Search,333.22,121209,4186
2025-12-12,SEO-Product,Organic Search,243.9,114620,3959
2025-12-12,DISPLAY-Prospecting,Display,886.98,64148,629
2025-12-12,DISPLAY-Retargeting,Display,1012.78,124425,1226
2025-12-12,REF-Partner,Referral,449.4,53461,1484
2025-12-12,REF-Customer,Referral,454.33,134664,3718
2025-12-13,PS-Brand,Paid Search,1571.53,43178,2035
2025-12-13,PS-NonBrand,Paid Search,1638.59,34516,1553
2025-12-13,META-Prospecting,Paid Social,1110.73,52037,934
2025-12-13,META-Retargeting,Paid Social,1403.64,91498,1829
2025-12-13,EMAIL-Nurture,Email,610.16,53501,3103
2025-12-13,EMAIL-Reactivation,Email,485.16,36605,2144
2025-12-13,SEO-Content,Organic Search,245.63,99831,3422
2025-12-13,SEO-Product,Organic Search,277.16,132156,4731
2025-12-13,DISPLAY-Prospecting,Display,948.51,81088,739
2025-12-13,DISPLAY-Retargeting,Display,855.56,88154,876
2025-12-13,REF-Partner,Referral,326.41,35867,976
2025-12-13,REF-Customer,Referral,350.47,99254,2784
2025-12-14,PS-Brand,Paid Search,1702.21,44469,2085
2025-12-14,PS-NonBrand,Paid Search,1717.6,34119,1531
2025-12-14,META-Prospecting,Paid Social,1156.13,51927,919
2025-12-14,META-Retargeting,Paid Social,1361.61,99518,1928
2025-12-14,EMAIL-Nurture,Email,572.26,47780,2865
2025-12-14,EMAIL-Reactivation,Email,497.02,36965,2147
2025-12-14,SEO-Content,Organic Search,248.72,93802,3285
2025-12-14,SEO-Product,Organic Search,317.81,153498,5359
2025-12-14,DISPLAY-Prospecting,Display,861.44,68274,660
2025-12-14,DISPLAY-Retargeting,Display,913.04,99972,1005
2025-12-14,REF-Partner,Referral,463.48,49750,1343
2025-12-14,REF-Customer,Referral,434.24,132774,3776
2025-12-15,PS-Brand,Paid Search,1719.77,45752,2204
2025-12-15,PS-NonBrand,Paid Search,1655.12,34134,1548
2025-12-15,META-Prospecting,Paid Social,1447.5,72212,1253
2025-12-15,META-Retargeting,Paid Social,1626.16,120975,2239
2025-12-15,EMAIL-Nurture,Email,562.79,54731,3201
2025-12-15,EMAIL-Reactivation,Email,475.22,37886,2167
2025-12-15,SEO-Content,Organic Search,305.35,108264,3718
2025-12-15,SEO-Product,Organic Search,357.54,191303,6766
2025-12-15,DISPLAY-Prospecting,Display,1305.21,88876,847
2025-12-15,DISPLAY-Retargeting,Display,1020.61,118308,1167
2025-12-15,REF-Partner,Referral,471.25,63506,1772
2025-12-15,REF-Customer,Referral,397.33,117913,3296
2025-12-16,PS-Brand,Paid Search,1397.49,33618,1602
2025-12-16,PS-NonBrand,Paid Search,2051.65,39408,1759
2025-12-16,META-Prospecting,Paid Social,1592.91,75195,1351
2025-12-16,META-Retargeting,Paid Social,1625.8,116543,2168
2025-12-16,EMAIL-Nurture,Email,663.55,67347,4025
2025-12-16,EMAIL-Reactivation,Email,578.55,45633,2649
2025-12-16,SEO-Content,Organic Search,335.89,114587,3935
2025-12-16,SEO-Product,Organic Search,321.02,142618,5005
2025-12-16,DISPLAY-Prospecting,Display,1276.86,89749,881
2025-12-16,DISPLAY-Retargeting,Display,1239.62,136614,1377
2025-12-16,REF-Partner,Referral,486.05,58616,1623
2025-12-16,REF-Customer,Referral,523.05,143162,4119
2025-12-17,PS-Brand,Paid Search,1987.65,46597,2103
2025-12-17,PS-NonBrand,Paid Search,1879.72,38779,1671
2025-12-17,META-Prospecting,Paid Social,1426.83,62264,1100
2025-12-17,META-Retargeting,Paid Social,1715.03,110073,2091
2025-12-17,EMAIL-Nurture,Email,602.46,58844,3506
2025-12-17,EMAIL-Reactivation,Email,516.9,40568,2326
2025-12-17,SEO-Content,Organic Search,339.48,137757,4658
2025-12-17,SEO-Product,Organic Search,378.62,162520,5702
2025-12-17,DISPLAY-Prospecting,Display,1210.01,92976,943
2025-12-17,DISPLAY-Retargeting,Display,1106.78,124440,1249
2025-12-17,REF-Partner,Referral,434.93,48955,1325
2025-12-17,REF-Customer,Referral,588.68,194070,5545
2025-12-18,PS-Brand,Paid Search,2114.37,49925,2322
2025-12-18,PS-NonBrand,Paid Search,2499.67,50488,2242
2025-12-18,META-Prospecting,Paid Social,1373.32,72490,1280
2025-12-18,META-Retargeting,Paid Social,1405.04,99482,1875
2025-12-18,EMAIL-Nurture,Email,559.34,49234,2854
2025-12-18,EMAIL-Reactivation,Email,581.47,46371,2736
2025-12-18,SEO-Content,Organic Search,360.52,118871,4159
2025-12-18,SEO-Product,Organic Search,301.34,137593,4858
2025-12-18,DISPLAY-Prospecting,Display,1266.66,97736,931
2025-12-18,DISPLAY-Retargeting,Display,1164.49,116835,1193
2025-12-18,REF-Partner,Referral,559.62,65561,1793
2025-12-18,REF-Customer,Referral,489.82,132134,3738
2025-12-19,PS-Brand,Paid Search,1768.69,46895,2283
2025-12-19,PS-NonBrand,Paid Search,1627.23,33760,1486
2025-12-19,META-Prospecting,Paid Social,1426.13,74415,1249
2025-12-19,META-Retargeting,Paid Social,1357.98,98249,1792
2025-12-19,EMAIL-Nurture,Email,554.2,54136,3291
2025-12-19,EMAIL-Reactivation,Email,559.36,45472,2673
2025-12-19,SEO-Content,Organic Search,305.63,109331,3772
2025-12-19,SEO-Product,Organic Search,264.83,125047,4391
2025-12-19,DISPLAY-Prospecting,Display,1235.39,90732,863
2025-12-19,DISPLAY-Retargeting,Display,1037.19,117597,1179
2025-12-19,REF-Partner,Referral,495.4,63575,1750
2025-12-19,REF-Customer,Referral,454.44,128650,3647
2025-12-20,PS-Brand,Paid Search,1898.34,52487,2424
2025-12-20,PS-NonBrand,Paid Search,1408.5,28208,1323
2025-12-20,META-Prospecting,Paid Social,1448.24,74347,1299
2025-12-20,META-Retargeting,Paid Social,1266.81,89803,1630
2025-12-20,EMAIL-Nurture,Email,396.15,40205,2388
2025-12-20,EMAIL-Reactivation,Email,443.19,37290,2195
2025-12-20,SEO-Content,Organic Search,220.84,74073,2553
2025-12-20,SEO-Product,Organic Search,238.83,125313,4419
2025-12-20,DISPLAY-Prospecting,Display,879.86,67882,689
2025-12-20,DISPLAY-Retargeting,Display,967.23,115782,1179
2025-12-20,REF-Partner,Referral,388.45,47198,1278
2025-12-20,REF-Customer,Referral,445.41,123943,3413
2025-12-21,PS-Brand,Paid Search,1715.82,42361,1959
2025-12-21,PS-NonBrand,Paid Search,1779.27,37142,1748
2025-12-21,META-Prospecting,Paid Social,1370.96,59861,1097
2025-12-21,META-Retargeting,Paid Social,1359.53,91286,1730
2025-12-21,EMAIL-Nurture,Email,480.32,42118,2468
2025-12-21,EMAIL-Reactivation,Email,475.94,37009,2040
2025-12-21,SEO-Content,Organic Search,171.34,59612,2021
2025-12-21,SEO-Product,Organic Search,268.18,140408,5021
2025-12-21,DISPLAY-Prospecting,Display,865.03,66322,639
2025-12-21,DISPLAY-Retargeting,Display,872.02,96013,928
2025-12-21,REF-Partner,Referral,427.78,55778,1529
2025-12-21,REF-Customer,Referral,428.57,138397,3918
2025-12-22,PS-Brand,Paid Search,1696.26,45885,2097
2025-12-22,PS-NonBrand,Paid Search,2089.48,46537,2127
2025-12-22,META-Prospecting,Paid Social,1361.15,61522,1140
2025-12-22,META-Retargeting,Paid Social,1679.7,108019,2085
2025-12-22,EMAIL-Nurture,Email,498.9,41762,2596
2025-12-22,EMAIL-Reactivation,Email,590.8,40981,2402
2025-12-22,SEO-Content,Organic Search,287.67,114683,3999
2025-12-22,SEO-Product,Organic Search,307.96,138528,4861
2025-12-22,DISPLAY-Prospecting,Display,949.82,67341,631
2025-12-22,DISPLAY-Retargeting,Display,1055.16,120704,1226
2025-12-22,REF-Partner,Referral,550.76,62681,1740
2025-12-22,REF-Customer,Referral,521.6,165315,4703
2025-12-23,PS-Brand,Paid Search,1867.43,47404,2172
2025-12-23,PS-NonBrand,Paid Search,1701.49,33846,1452
2025-12-23,META-Prospecting,Paid Social,1711.68,89652,1636
2025-12-23,META-Retargeting,Paid Social,1747.59,133257,2531
2025-12-23,EMAIL-Nurture,Email,629.76,63795,3758
2025-12-23,EMAIL-Reactivation,Email,612.77,46445,2762
2025-12-23,SEO-Content,Organic Search,345.22,115904,4034
2025-12-23,SEO-Product,Organic Search,407.77,199741,6975
2025-12-23,DISPLAY-Prospecting,Display,1082.65,85118,808
2025-12-23,DISPLAY-Retargeting,Display,998.69,112499,1136
2025-12-23,REF-Partner,Referral,389.67,49431,1357
2025-12-23,REF-Customer,Referral,545.02,155105,4358
2025-12-24,PS-Brand,Paid Search,1963.02,53261,2423
2025-12-24,PS-NonBrand,Paid Search,2253.02,50597,2300
2025-12-24,META-Prospecting,Paid Social,1951.94,96168,1785
2025-12-24,META-Retargeting,Paid Social,1535.72,110190,2009
2025-12-24,EMAIL-Nurture,Email,564.48,57986,3355
2025-12-24,EMAIL-Reactivation,Email,545.17,42541,2456
2025-12-24,SEO-Content,Organic Search,339.32,110008,3741
2025-12-24,SEO-Product,Organic Search,333.08,144817,5129
2025-12-24,DISPLAY-Prospecting,Display,1078.78,91981,878
2025-12-24,DISPLAY-Retargeting,Display,1134.38,112144,1187
2025-12-24,REF-Partner,Referral,523.99,66133,1715
2025-12-24,REF-Customer,Referral,404.12,126404,3536
2025-12-25,PS-Brand,Paid Search,2058.25,57825,2595
2025-12-25,PS-NonBrand,Paid Search,2182.65,46826,2101
2025-12-25,META-Prospecting,Paid Social,1724.36,76253,1402
2025-12-25,META-Retargeting,Paid Social,1467.79,95795,1870
2025-12-25,EMAIL-Nurture,Email,584.11,48307,2918
2025-12-25,EMAIL-Reactivation,Email,546.39,42611,2492
2025-12-25,SEO-Content,Organic Search,393.46,146809,4942
2025-12-25,SEO-Product,Organic Search,347.43,172125,6010
2025-12-25,DISPLAY-Prospecting,Display,1388.43,113432,1053
2025-12-25,DISPLAY-Retargeting,Display,1132.24,132258,1313
2025-12-25,REF-Partner,Referral,558.0,68873,1928
2025-12-25,REF-Customer,Referral,611.75,161424,4669
2025-12-26,PS-Brand,Paid Search,1792.71,48158,2317
2025-12-26,PS-NonBrand,Paid Search,1778.33,37452,1718
2025-12-26,META-Prospecting,Paid Social,1316.52,59904,1099
2025-12-26,META-Retargeting,Paid Social,1217.89,78830,1505
2025-12-26,EMAIL-Nurture,Email,614.25,62845,3719
2025-12-26,EMAIL-Reactivation,Email,666.51,53181,3057
2025-12-26,SEO-Content,Organic Search,318.21,110900,3755
2025-12-26,SEO-Product,Organic Search,298.47,156717,5418
2025-12-26,DISPLAY-Prospecting,Display,1079.84,82892,840
2025-12-26,DISPLAY-Retargeting,Display,972.57,119451,1220
2025-12-26,REF-Partner,Referral,435.35,50441,1364
2025-12-26,REF-Customer,Referral,390.66,124489,3528
2025-12-27,PS-Brand,Paid Search,1512.11,42395,1987
2025-12-27,PS-NonBrand,Paid Search,1529.0,33340,1558
2025-12-27,META-Prospecting,Paid Social,1316.01,56991,1020
2025-12-27,META-Retargeting,Paid Social,1136.18,75469,1418
2025-12-27,EMAIL-Nurture,Email,460.41,40296,2416
2025-12-27,EMAIL-Reactivation,Email,522.93,37239,2141
2025-12-27,SEO-Content,Organic Search,257.94,102325,3496
2025-12-27,SEO-Product,Organic Search,229.43,109466,3763
2025-12-27,DISPLAY-Prospecting,Display,849.33,64743,612
2025-12-27,DISPLAY-Retargeting,Display,892.69,91070,875
2025-12-27,REF-Partner,Referral,373.42,45228,1274
2025-12-27,REF-Customer,Referral,479.34,134921,3839
2025-12-28,PS-Brand,Paid Search,1576.03,37286,1714
2025-12-28,PS-NonBrand,Paid Search,1690.92,38508,1782
2025-12-28,META-Prospecting,Paid Social,1087.12,55218,972
2025-12-28,META-Retargeting,Paid Social,1373.75,93103,1786
2025-12-28,EMAIL-Nurture,Email,488.94,41134,2452
2025-12-28,EMAIL-Reactivation,Email,504.37,38331,2221
2025-12-28,SEO-Content,Organic Search,298.06,108895,3745
2025-12-28,SEO-Product,Organic Search,190.91,85797,3071
2025-12-28,DISPLAY-Prospecting,Display,842.63,67701,616
2025-12-28,DISPLAY-Retargeting,Display,985.78,115136,1113
2025-12-28,REF-Partner,Referral,536.25,60708,1640
2025-12-28,REF-Customer,Referral,414.36,127223,3472
2025-12-29,PS-Brand,Paid Search,1660.54,42605,1946
2025-12-29,PS-NonBrand,Paid Search,1725.78,35070,1594
2025-12-29,META-Prospecting,Paid Social,1359.8,59500,1102
2025-12-29,META-Retargeting,Paid Social,1587.1,120347,2277
2025-12-29,EMAIL-Nurture,Email,545.34,55927,3327
2025-12-29,EMAIL-Reactivation,Email,505.8,39685,2373
2025-12-29,SEO-Content,Organic Search,287.44,117248,4058
2025-12-29,SEO-Product,Organic Search,264.05,123064,4280
2025-12-29,DISPLAY-Prospecting,Display,812.1,64774,656
2025-12-29,DISPLAY-Retargeting,Display,1239.51,127440,1222
2025-12-29,REF-Partner,Referral,534.94,61505,1737
2025-12-29,REF-Customer,Referral,481.15,134967,3757
2025-12-30,PS-Brand,Paid Search,1850.81,46774,2121
2025-12-30,PS-NonBrand,Paid Search,1978.05,45536,2020
2025-12-30,META-Prospecting,Paid Social,1818.47,84920,1517
2025-12-30,META-Retargeting,Paid Social,1690.6,118318,2242
2025-12-30,EMAIL-Nurture,Email,627.39,52263,3084
2025-12-30,EMAIL-Reactivation,Email,634.09,46455,2718
2025-12-30,SEO-Content,Organic Search,348.61,113449,3794
2025-12-30,SEO-Product,Organic Search,360.28,160380,5586
2025-12-30,DISPLAY-Prospecting,Display,1102.26,90991,878
2025-12-30,DISPLAY-Retargeting,Display,1189.78,142868,1469
2025-12-30,REF-Partner,Referral,556.86,61640,1703
2025-12-30,REF-Customer,Referral,599.31,159450,4546
2025-12-31,PS-Brand,Paid Search,2186.96,52997,2501
2025-12-31,PS-NonBrand,Paid Search,2155.14,43169,1936
2025-12-31,META-Prospecting,Paid Social,1770.22,78766,1409
2025-12-31,META-Retargeting,Paid Social,1795.59,138722,2707
2025-12-31,EMAIL-Nurture,Email,609.23,60083,3568
2025-12-31,EMAIL-Reactivation,Email,684.94,56733,3330
2025-12-31,SEO-Content,Organic Search,318.82,126592,4306
2025-12-31,SEO-Product,Organic Search,341.35,162266,5647
2025-12-31,DISPLAY-Prospecting,Display,1298.78,98619,955
2025-12-31,DISPLAY-Retargeting,Display,1208.25,126756,1254
2025-12-31,REF-Partner,Referral,488.19,56735,1530
2025-12-31,REF-Customer,Referral,550.91,178552,5116
2026-01-01,PS-Brand,Paid Search,2427.81,62504,2977
2026-01-01,PS-NonBrand,Paid Search,2139.87,45415,2036
2026-01-01,META-Prospecting,Paid Social,1916.36,89619,1572
2026-01-01,META-Retargeting,Paid Social,2041.27,141569,2609
2026-01-01,EMAIL-Nurture,Email,726.55,63510,3890
2026-01-01,EMAIL-Reactivation,Email,614.29,49837,2890
2026-01-01,SEO-Content,Organic Search,350.57,121690,4164
2026-01-01,SEO-Product,Organic Search,299.38,147072,5154
2026-01-01,DISPLAY-Prospecting,Display,1078.65,83606,805
2026-01-01,DISPLAY-Retargeting,Display,1096.32,122209,1201
2026-01-01,REF-Partner,Referral,471.74,62824,1750
2026-01-01,REF-Customer,Referral,459.76,136161,3879
2026-01-02,PS-Brand,Paid Search,1755.17,44967,2060
2026-01-02,PS-NonBrand,Paid Search,1709.41,35023,1551
2026-01-02,META-Prospecting,Paid Social,1517.85,66344,1221
2026-01-02,META-Retargeting,Paid Social,1440.61,105927,1938
2026-01-02,EMAIL-Nurture,Email,610.35,58118,3336
2026-01-02,EMAIL-Reactivation,Email,499.95,41608,2358
2026-01-02,SEO-Content,Organic Search,321.13,103882,3475
2026-01-02,SEO-Product,Organic Search,314.79,138914,4812
2026-01-02,DISPLAY-Prospecting,Display,1316.85,107620,1061
2026-01-02,DISPLAY-Retargeting,Display,1018.1,111273,1107
2026-01-02,REF-Partner,Referral,441.02,54424,1504
2026-01-02,REF-Customer,Referral,465.88,143713,4015
2026-01-03,PS-Brand,Paid Search,1783.06,39710,1838
2026-01-03,PS-NonBrand,Paid Search,1799.62,38278,1794
2026-01-03,META-Prospecting,Paid Social,1487.53,75949,1368
2026-01-03,META-Retargeting,Paid Social,1211.75,84121,1624
2026-01-03,EMAIL-Nurture,Email,459.04,45302,2657
2026-01-03,EMAIL-Reactivation,Email,516.52,35796,2073
2026-01-03,SEO-Content,Organic Search,269.56,96863,3301
2026-01-03,SEO-Product,Organic Search,259.82,118233,4061
2026-01-03,DISPLAY-Prospecting,Display,974.51,79955,744
2026-01-03,DISPLAY-Retargeting,Display,943.85,94731,902
2026-01-03,REF-Partner,Referral,451.01,56121,1530
2026-01-03,REF-Customer,Referral,401.43,129679,3603
2026-01-04,PS-Brand,Paid Search,1793.84,41028,1929
2026-01-04,PS-NonBrand,Paid Search,1818.29,39436,1817
2026-01-04,META-Prospecting,Paid Social,1680.58,83459,1503
2026-01-04,META-Retargeting,Paid Social,1181.63,87386,1657
2026-01-04,EMAIL-Nurture,Email,518.28,49485,2998
2026-01-04,EMAIL-Reactivation,Email,433.12,36829,2079
2026-01-04,SEO-Content,Organic Search,279.06,114360,3909
2026-01-04,SEO-Product,Organic Search,295.4,133315,4713
2026-01-04,DISPLAY-Prospecting,Display,824.42,63544,632
2026-01-04,DISPLAY-Retargeting,Display,1038.15,124888,1287
2026-01-04,REF-Partner,Referral,408.43,44808,1288
2026-01-04,REF-Customer,Referral,239.82,70315,1944
2026-01-05,PS-Brand,Paid Search,1625.24,44049,2090
2026-01-05,PS-NonBrand,Paid Search,1932.69,44299,2036
2026-01-05,META-Prospecting,Paid Social,1273.78,61776,1150
2026-01-05,META-Retargeting,Paid Social,1501.05,109715,2012
2026-01-05,EMAIL-Nurture,Email,552.1,47236,2787
2026-01-05,EMAIL-Reactivation,Email,545.01,39589,2302
2026-01-05,SEO-Content,Organic Search,278.38,113692,3872
2026-01-05,SEO-Product,Organic Search,279.16,142455,4995
2026-01-05,DISPLAY-Prospecting,Display,860.0,70026,640
2026-01-05,DISPLAY-Retargeting,Display,1002.32,103554,1057
2026-01-05,REF-Partner,Referral,398.9,50611,1402
2026-01-05,REF-Customer,Referral,399.72,110903,3162
2026-01-06,PS-Brand,Paid Search,2224.31,53605,2443
2026-01-06,PS-NonBrand,Paid Search,2042.09,38478,1706
2026-01-06,META-Prospecting,Paid Social,1380.16,65759,1204
2026-01-06,META-Retargeting,Paid Social,1581.45,123238,2379
2026-01-06,EMAIL-Nurture,Email,661.64,56710,3386
2026-01-06,EMAIL-Reactivation,Email,628.06,45643,2714
2026-01-06,SEO-Content,Organic Search,342.91,136168,4735
2026-01-06,SEO-Product,Organic Search,296.3,132186,4575
2026-01-06,DISPLAY-Prospecting,Display,1321.05,104479,982
2026-01-06,DISPLAY-Retargeting,Display,1280.61,129930,1281
2026-01-06,REF-Partner,Referral,490.36,61310,1740
2026-01-06,REF-Customer,Referral,572.88,170657,4744
2026-01-07,PS-Brand,Paid Search,1860.18,44526,2097
2026-01-07,PS-NonBrand,Paid Search,2311.35,47824,2198
2026-01-07,META-Prospecting,Paid Social,1733.12,86569,1568
2026-01-07,META-Retargeting,Paid Social,1527.02,95916,1730
2026-01-07,EMAIL-Nurture,Email,656.44,61617,3746
2026-01-07,EMAIL-Reactivation,Email,630.16,45801,2688
2026-01-07,SEO-Content,Organic Search,375.06,125739,4298
2026-01-07,SEO-Product,Organic Search,292.7,156604,5381
2026-01-07,DISPLAY-Prospecting,Display,1289.43,110672,1058
2026-01-07,DISPLAY-Retargeting,Display,1126.52,112914,1124
2026-01-07,REF-Partner,Referral,473.97,57872,1661
2026-01-07,REF-Customer,Referral,458.57,124546,3542
2026-01-08,PS-Brand,Paid Search,1880.18,47525,2265
2026-01-08,PS-NonBrand,Paid Search,2120.24,44572,2025
2026-01-08,META-Prospecting,Paid Social,1553.7,75729,1455
2026-01-08,META-Retargeting,Paid Social,2074.77,134697,2507
2026-01-08,EMAIL-Nurture,Email,564.79,53730,3258
2026-01-08,EMAIL-Reactivation,Email,592.24,45539,2726
2026-01-08,SEO-Content,Organic Search,352.84,137133,4698
2026-01-08,SEO-Product,Organic Search,242.02,117185,4124
2026-01-08,DISPLAY-Prospecting,Display,1323.05,110664,1097
2026-01-08,DISPLAY-Retargeting,Display,1274.76,144445,1444
2026-01-08,REF-Partner,Referral,533.57,61108,1676
2026-01-08,REF-Customer,Referral,555.59,168675,4643
2026-01-09,PS-Brand,Paid Search,2060.51,55245,2534
2026-01-09,PS-NonBrand,Paid Search,1634.95,32752,1487
2026-01-09,META-Prospecting,Paid Social,1600.27,69327,1266
2026-01-09,META-Retargeting,Paid Social,1599.59,126354,2399
2026-01-09,EMAIL-Nurture,Email,474.6,44049,2649
2026-01-09,EMAIL-Reactivation,Email,581.69,40631,2299
2026-01-09,SEO-Content,Organic Search,261.77,97235,3261
2026-01-09,SEO-Product,Organic Search,290.21,149816,5290
2026-01-09,DISPLAY-Prospecting,Display,1101.03,80196,818
2026-01-09,DISPLAY-Retargeting,Display,1270.34,130593,1321
2026-01-09,REF-Partner,Referral,511.69,63069,1769
2026-01-09,REF-Customer,Referral,367.77,120195,3358
2026-01-10,PS-Brand,Paid Search,1728.98,46009,2124
2026-01-10,PS-NonBrand,Paid Search,1842.97,40725,1847
2026-01-10,META-Prospecting,Paid Social,1448.58,64998,1152
2026-01-10,META-Retargeting,Paid Social,1378.74,97829,1845
2026-01-10,EMAIL-Nurture,Email,508.29,41774,2574
2026-01-10,EMAIL-Reactivation,Email,439.04,30524,1752
2026-01-10,SEO-Content,Organic Search,198.34,74464,2626
2026-01-10,SEO-Product,Organic Search,257.41,134226,4639
2026-01-10,DISPLAY-Prospecting,Display,1061.79,76956,744
2026-01-10,DISPLAY-Retargeting,Display,877.06,89068,896
2026-01-10,REF-Partner,Referral,450.29,48765,1321
2026-01-10,REF-Customer,Referral,334.38,109833,3164
2026-01-11,PS-Brand,Paid Search,1361.01,33267,1534
2026-01-11,PS-NonBrand,Paid Search,1882.85,35777,1676
2026-01-11,META-Prospecting,Paid Social,1217.41,58979,1084
2026-01-11,META-Retargeting,Paid Social,1381.99,90743,1665
2026-01-11,EMAIL-Nurture,Email,487.15,44430,2627
2026-01-11,EMAIL-Reactivation,Email,505.02,36648,2094
2026-01-11,SEO-Content,Organic Search,304.0,101595,3481
2026-01-11,SEO-Product,Organic Search,281.25,133122,4695
2026-01-11,DISPLAY-Prospecting,Display,941.25,65535,621
2026-01-11,DISPLAY-Retargeting,Display,885.0,103498,1066
2026-01-11,REF-Partner,Referral,383.49,45458,1227
2026-01-11,REF-Customer,Referral,381.23,103371,2953
2026-01-12,PS-Brand,Paid Search,1732.22,41846,1927
2026-01-12,PS-NonBrand,Paid Search,1837.38,41609,1899
2026-01-12,META-Prospecting,Paid Social,1539.16,76307,1424
2026-01-12,META-Retargeting,Paid Social,1414.26,111258,2038
2026-01-12,EMAIL-Nurture,Email,557.77,48295,2806
2026-01-12,EMAIL-Reactivation,Email,501.54,37559,2221
2026-01-12,SEO-Content,Organic Search,342.74,136333,4676
2026-01-12,SEO-Product,Organic Search,290.6,155234,5423
2026-01-12,DISPLAY-Prospecting,Display,1401.82,109283,1059
2026-01-12,DISPLAY-Retargeting,Display,1034.25,100709,1006
2026-01-12,REF-Partner,Referral,480.04,53529,1475
2026-01-12,REF-Customer,Referral,459.14,140243,3962
2026-01-13,PS-Brand,Paid Search,2171.2,60199,2834
2026-01-13,PS-NonBrand,Paid Search,2263.12,49071,2240
2026-01-13,META-Prospecting,Paid Social,1677.75,74732,1328
2026-01-13,META-Retargeting,Paid Social,1503.41,102573,1945
2026-01-13,EMAIL-Nurture,Email,541.5,53870,3238
2026-01-13,EMAIL-Reactivation,Email,600.83,44654,2627
2026-01-13,SEO-Content,Organic Search,386.53,144239,4975
2026-01-13,SEO-Product,Organic Search,272.27,137867,4908
2026-01-13,DISPLAY-Prospecting,Display,1310.45,106979,1046
2026-01-13,DISPLAY-Retargeting,Display,1218.19,148156,1523
2026-01-13,REF-Partner,Referral,625.61,81268,2323
2026-01-13,REF-Customer,Referral,533.32,172813,4840
2026-01-14,PS-Brand,Paid Search,2241.72,53990,2437
2026-01-14,PS-NonBrand,Paid Search,2014.32,43302,1981
2026-01-14,META-Prospecting,Paid Social,1702.63,87281,1515
2026-01-14,META-Retargeting,Paid Social,1861.43,138175,2534
2026-01-14,EMAIL-Nurture,Email,532.53,53019,3147
2026-01-14,EMAIL-Reactivation,Email,663.51,57479,3370
2026-01-14,SEO-Content,Organic Search,289.76,105108,3611
2026-01-14,SEO-Product,Organic Search,375.43,171886,6138
2026-01-14,DISPLAY-Prospecting,Display,1174.13,83881,829
2026-01-14,DISPLAY-Retargeting,Display,1203.31,140010,1435
2026-01-14,REF-Partner,Referral,462.31,60042,1624
2026-01-14,REF-Customer,Referral,465.01,127203,3649
2026-01-15,PS-Brand,Paid Search,2171.23,60751,2819
2026-01-15,PS-NonBrand,Paid Search,2089.6,43783,1934
2026-01-15,META-Prospecting,Paid Social,1834.42,92417,1564
2026-01-15,META-Retargeting,Paid Social,1900.79,138002,2599
2026-01-15,EMAIL-Nurture,Email,640.61,58728,3604
2026-01-15,EMAIL-Reactivation,Email,566.89,41353,2485
2026-01-15,SEO-Content,Organic Search,343.63,135154,4571
2026-01-15,SEO-Product,Organic Search,275.04,124186,4299
2026-01-15,DISPLAY-Prospecting,Display,1177.01,89400,826
2026-01-15,DISPLAY-Retargeting,Display,1530.44,155599,1534
2026-01-15,REF-Partner,Referral,533.27,57606,1658
2026-01-15,REF-Customer,Referral,559.84,175041,4824
2026-01-16,PS-Brand,Paid Search,1889.58,43517,2087
2026-01-16,PS-NonBrand,Paid Search,1831.59,34439,1637
2026-01-16,META-Prospecting,Paid Social,1631.55,72329,1280
2026-01-16,META-Retargeting,Paid Social,1719.25,136458,2570
2026-01-16,EMAIL-Nurture,Email,622.25,56198,3381
2026-01-16,EMAIL-Reactivation,Email,574.04,47734,2737
2026-01-16,SEO-Content,Organic Search,379.97,133147,4561
2026-01-16,SEO-Product,Organic Search,372.31,169627,5880
2026-01-16,DISPLAY-Prospecting,Display,1047.54,80750,751
2026-01-16,DISPLAY-Retargeting,Display,1088.12,117123,1147
2026-01-16,REF-Partner,Referral,426.21,51887,1457
2026-01-16,REF-Customer,Referral,524.12,172842,4878
2026-01-17,PS-Brand,Paid Search,1608.95,41226,1955
2026-01-17,PS-NonBrand,Paid Search,1528.68,33449,1474
2026-01-17,META-Prospecting,Paid Social,1467.69,66263,1109
2026-01-17,META-Retargeting,Paid Social,1071.59,82183,1574
2026-01-17,EMAIL-Nurture,Email,421.93,41754,2464
2026-01-17,EMAIL-Reactivation,Email,404.65,27969,1527
2026-01-17,SEO-Content,Organic Search,305.77,114570,3971
2026-01-17,SEO-Product,Organic Search,326.78,160705,5674
2026-01-17,DISPLAY-Prospecting,Display,984.41,67838,668
2026-01-17,DISPLAY-Retargeting,Display,995.02,119716,1212
2026-01-17,REF-Partner,Referral,379.72,41961,1216
2026-01-17,REF-Customer,Referral,335.28,91382,2661
2026-01-18,PS-Brand,Paid Search,1466.67,33908,1534
2026-01-18,PS-NonBrand,Paid Search,1739.21,32314,1451
2026-01-18,META-Prospecting,Paid Social,1522.17,67478,1283
2026-01-18,META-Retargeting,Paid Social,1102.75,82898,1605
2026-01-18,EMAIL-Nurture,Email,496.92,48782,2905
2026-01-18,EMAIL-Reactivation,Email,462.22,34505,2001
2026-01-18,SEO-Content,Organic Search,300.7,117723,4124
2026-01-18,SEO-Product,Organic Search,239.96,118336,4167
2026-01-18,DISPLAY-Prospecting,Display,1069.26,73744,720
2026-01-18,DISPLAY-Retargeting,Display,1055.72,119166,1191
2026-01-18,REF-Partner,Referral,465.23,58977,1607
2026-01-18,REF-Customer,Referral,418.24,115542,3227
2026-01-19,PS-Brand,Paid Search,2270.13,51283,2423
2026-01-19,PS-NonBrand,Paid Search,1802.86,38912,1713
2026-01-19,META-Prospecting,Paid Social,1689.27,87526,1545
2026-01-19,META-Retargeting,Paid Social,1678.38,109827,2112
2026-01-19,EMAIL-Nurture,Email,495.69,48126,2826
2026-01-19,EMAIL-Reactivation,Email,533.78,42544,2435
2026-01-19,SEO-Content,Organic Search,324.12,115062,4009
2026-01-19,SEO-Product,Organic Search,254.16,109239,3861
2026-01-19,DISPLAY-Prospecting,Display,1145.24,86972,864
2026-01-19,DISPLAY-Retargeting,Display,1224.89,125454,1222
2026-01-19,REF-Partner,Referral,489.04,52146,1486
2026-01-19,REF-Customer,Referral,425.63,131752,3643
2026-01-20,PS-Brand,Paid Search,2161.19,58802,2741
2026-01-20,PS-NonBrand,Paid Search,2206.03,46887,2106
2026-01-20,META-Prospecting,Paid Social,1845.13,91492,1653
2026-01-20,META-Retargeting,Paid Social,1797.45,129981,2501
2026-01-20,EMAIL-Nurture,Email,673.79,58274,3545
2026-01-20,EMAIL-Reactivation,Email,598.56,51011,2847
2026-01-20,SEO-Content,Organic Search,436.95,175268,5990
2026-01-20,SEO-Product,Organic Search,365.67,157836,5400
2026-01-20,DISPLAY-Prospecting,Display,1299.45,97954,908
2026-01-20,DISPLAY-Retargeting,Display,1262.68,140940,1504
2026-01-20,REF-Partner,Referral,576.44,64518,1785
2026-01-20,REF-Customer,Referral,529.54,140184,3846
2026-01-21,PS-Brand,Paid Search,1872.91,51517,2461
2026-01-21,PS-NonBrand,Paid Search,2172.22,43426,1922
2026-01-21,META-Prospecting,Paid Social,1610.5,85833,1473
2026-01-21,META-Retargeting,Paid Social,1981.01,146085,2783
2026-01-21,EMAIL-Nurture,Email,644.48,65866,4029
2026-01-21,EMAIL-Reactivation,Email,592.1,51559,2871
2026-01-21,SEO-Content,Organic Search,333.82,118705,3988
2026-01-21,SEO-Product,Organic Search,354.71,169216,5945
2026-01-21,DISPLAY-Prospecting,Display,1437.78,121563,1186
2026-01-21,DISPLAY-Retargeting,Display,1528.77,173305,1723
2026-01-21,REF-Partner,Referral,572.48,75308,2061
2026-01-21,REF-Customer,Referral,583.97,153483,4381
2026-01-22,PS-Brand,Paid Search,1688.48,38336,1769
2026-01-22,PS-NonBrand,Paid Search,1907.81,42361,1949
2026-01-22,META-Prospecting,Paid Social,1484.67,71623,1266
2026-01-22,META-Retargeting,Paid Social,1711.06,110056,2051
2026-01-22,EMAIL-Nurture,Email,654.89,59586,3541
2026-01-22,EMAIL-Reactivation,Email,632.47,50430,2914
2026-01-22,SEO-Content,Organic Search,367.25,145039,4855
2026-01-22,SEO-Product,Organic Search,337.48,144797,5078
2026-01-22,DISPLAY-Prospecting,Display,1328.09,109417,1067
2026-01-22,DISPLAY-Retargeting,Display,1527.74,164848,1669
2026-01-22,REF-Partner,Referral,429.0,47714,1344
2026-01-22,REF-Customer,Referral,474.25,131731,3702
2026-01-23,PS-Brand,Paid Search,2179.87,52272,2419
2026-01-23,PS-NonBrand,Paid Search,1783.66,33839,1558
2026-01-23,META-Prospecting,Paid Social,1763.88,79641,1436
2026-01-23,META-Retargeting,Paid Social,1598.69,115155,2141
2026-01-23,EMAIL-Nurture,Email,518.61,45134,2618
2026-01-23,EMAIL-Reactivation,Email,740.85,63249,3634
2026-01-23,SEO-Content,Organic Search,294.92,116225,4005
2026-01-23,SEO-Product,Organic Search,340.27,152931,5453
2026-01-23,DISPLAY-Prospecting,Display,1168.2,94963,951
2026-01-23,DISPLAY-Retargeting,Display,966.14,112061,1128
2026-01-23,REF-Partner,Referral,469.64,53804,1487
2026-01-23,REF-Customer,Referral,503.06,147932,4255
2026-01-24,PS-Brand,Paid Search,1929.62,46068,2169
2026-01-24,PS-NonBrand,Paid Search,1872.63,43678,2037
2026-01-24,META-Prospecting,Paid Social,1380.83,61695,1106
2026-01-24,META-Retargeting,Paid Social,1610.93,116615,2179
2026-01-24,EMAIL-Nurture,Email,502.45,50003,2901
2026-01-24,EMAIL-Reactivation,Email,552.26,38796,2233
2026-01-24,SEO-Content,Organic Search,285.61,111982,3792
2026-01-24,SEO-Product,Organic Search,286.22,140819,4949
2026-01-24,DISPLAY-Prospecting,Display,1176.32,81942,814
2026-01-24,DISPLAY-Retargeting,Display,1052.27,118682,1215
2026-01-24,REF-Partner,Referral,393.3,41868,1098
2026-01-24,REF-Customer,Referral,372.01,101251,2823
2026-01-25,PS-Brand,Paid Search,1693.67,38027,1790
2026-01-25,PS-NonBrand,Paid Search,1633.76,34753,1570
2026-01-25,META-Prospecting,Paid Social,1321.72,69521,1268
2026-01-25,META-Retargeting,Paid Social,1350.36,102981,1917
2026-01-25,EMAIL-Nurture,Email,478.53,46447,2748
2026-01-25,EMAIL-Reactivation,Email,553.43,42994,2546
2026-01-25,SEO-Content,Organic Search,291.08,110118,3845
2026-01-25,SEO-Product,Organic Search,267.49,121950,4234
2026-01-25,DISPLAY-Prospecting,Display,781.77,57427,587
2026-01-25,DISPLAY-Retargeting,Display,979.66,102504,1036
2026-01-25,REF-Partner,Referral,432.82,46545,1266
2026-01-25,REF-Customer,Referral,471.92,130176,3555
2026-01-26,PS-Brand,Paid Search,1752.11,45909,2156
2026-01-26,PS-NonBrand,Paid Search,2188.74,44174,2051
2026-01-26,META-Prospecting,Paid Social,1667.46,78786,1317
2026-01-26,META-Retargeting,Paid Social,1681.66,124576,2240
2026-01-26,EMAIL-Nurture,Email,625.26,56611,3366
2026-01-26,EMAIL-Reactivation,Email,652.95,55194,3252
2026-01-26,SEO-Content,Organic Search,296.16,99436,3345
2026-01-26,SEO-Product,Organic Search,302.63,156898,5377
2026-01-26,DISPLAY-Prospecting,Display,978.73,67344,617
2026-01-26,DISPLAY-Retargeting,Display,1316.73,160854,1706
2026-01-26,REF-Partner,Referral,466.72,61430,1705
2026-01-26,REF-Customer,Referral,517.92,141132,3983
2026-01-27,PS-Brand,Paid Search,2537.99,71538,3358
2026-01-27,PS-NonBrand,Paid Search,2200.06,45697,1999
2026-01-27,META-Prospecting,Paid Social,1726.12,81854,1451
2026-01-27,META-Retargeting,Paid Social,1764.77,123048,2303
2026-01-27,EMAIL-Nurture,Email,750.83,62118,3688
2026-01-27,EMAIL-Reactivation,Email,678.46,57214,3355
2026-01-27,SEO-Content,Organic Search,367.33,123269,4238
2026-01-27,SEO-Product,Organic Search,448.64,213689,7455
2026-01-27,DISPLAY-Prospecting,Display,1273.59,107862,1042
2026-01-27,DISPLAY-Retargeting,Display,1357.04,160826,1627
2026-01-27,REF-Partner,Referral,441.04,47708,1328
2026-01-27,REF-Customer,Referral,539.84,162382,4579
2026-01-28,PS-Brand,Paid Search,2252.71,56651,2642
2026-01-28,PS-NonBrand,Paid Search,2291.61,43128,1914
2026-01-28,META-Prospecting,Paid Social,1348.7,73090,1338
2026-01-28,META-Retargeting,Paid Social,1834.69,134369,2489
2026-01-28,EMAIL-Nurture,Email,696.07,70325,4167
2026-01-28,EMAIL-Reactivation,Email,551.98,48333,2776
2026-01-28,SEO-Content,Organic Search,395.54,130317,4486
2026-01-28,SEO-Product,Organic Search,406.52,190126,6513
2026-01-28,DISPLAY-Prospecting,Display,1289.6,88670,842
2026-01-28,DISPLAY-Retargeting,Display,1104.03,109084,1112
2026-01-28,REF-Partner,Referral,523.27,63667,1747
2026-01-28,REF-Customer,Referral,518.65,161617,4558
2026-01-29,PS-Brand,Paid Search,1653.76,46242,2165
2026-01-29,PS-NonBrand,Paid Search,1903.82,37010,1687
2026-01-29,META-Prospecting,Paid Social,1797.0,89820,1613
2026-01-29,META-Retargeting,Paid Social,1915.96,149449,2831
2026-01-29,EMAIL-Nurture,Email,579.26,52215,3103
2026-01-29,EMAIL-Reactivation,Email,537.2,41689,2418
2026-01-29,SEO-Content,Organic Search,320.85,122742,4248
2026-01-29,SEO-Product,Organic Search,390.41,204078,7165
2026-01-29,DISPLAY-Prospecting,Display,1271.61,102526,1064
2026-01-29,DISPLAY-Retargeting,Display,1302.73,141191,1390
2026-01-29,REF-Partner,Referral,546.85,63754,1767
2026-01-29,REF-Customer,Referral,511.84,152329,4241
2026-01-30,PS-Brand,Paid Search,1714.51,45568,2194
2026-01-30,PS-NonBrand,Paid Search,1598.49,34472,1560
2026-01-30,META-Prospecting,Paid Social,1731.9,84014,1472
2026-01-30,META-Retargeting,Paid Social,1442.22,93611,1728
2026-01-30,EMAIL-Nurture,Email,570.8,53240,3234
2026-01-30,EMAIL-Reactivation,Email,541.72,44347,2592
2026-01-30,SEO-Content,Organic Search,296.07,117336,3914
2026-01-30,SEO-Product,Organic Search,318.06,155575,5453
2026-01-30,DISPLAY-Prospecting,Display,1239.32,99856,950
2026-01-30,DISPLAY-Retargeting,Display,1011.24,103921,1089
2026-01-30,REF-Partner,Referral,476.51,52163,1468
2026-01-30,REF-Customer,Referral,583.02,169622,4735
2026-01-31,PS-Brand,Paid Search,1470.64,33279,1545
2026-01-31,PS-NonBrand,Paid Search,2093.8,44679,2089
2026-01-31,META-Prospecting,Paid Social,1358.36,70745,1273
2026-01-31,META-Retargeting,Paid Social,1597.06,125800,2412
2026-01-31,EMAIL-Nurture,Email,498.76,43241,2597
2026-01-31,EMAIL-Reactivation,Email,540.47,46714,2786
2026-01-31,SEO-Content,Organic Search,330.71,113620,3925
2026-01-31,SEO-Product,Organic Search,288.99,144860,5018
2026-01-31,DISPLAY-Prospecting,Display,866.96,71542,689
2026-01-31,DISPLAY-Retargeting,Display,1304.16,134206,1411
2026-01-31,REF-Partner,Referral,410.14,52186,1412
2026-01-31,REF-Customer,Referral,495.05,155829,4388
2026-02-01,PS-Brand,Paid Search,1897.44,51699,2438
2026-02-01,PS-NonBrand,Paid Search,1476.13,29776,1395
2026-02-01,META-Prospecting,Paid Social,1049.77,47471,858
2026-02-01,META-Retargeting,Paid Social,1305.17,97456,1782
2026-02-01,EMAIL-Nurture,Email,637.3,57318,3508
2026-02-01,EMAIL-Reactivation,Email,452.64,39398,2233
2026-02-01,SEO-Content,Organic Search,286.74,105720,3669
2026-02-01,SEO-Product,Organic Search,308.25,137776,4753
2026-02-01,DISPLAY-Prospecting,Display,1216.87,95843,886
2026-02-01,DISPLAY-Retargeting,Display,1267.68,136552,1368
2026-02-01,REF-Partner,Referral,384.74,46526,1277
2026-02-01,REF-Customer,Referral,428.17,124377,3542
2026-02-02,PS-Brand,Paid Search,2114.93,58065,2745
2026-02-02,PS-NonBrand,Paid Search,1859.78,43330,2008
2026-02-02,META-Prospecting,Paid Social,1676.52,86941,1579
2026-02-02,META-Retargeting,Paid Social,1445.94,102690,1958
2026-02-02,EMAIL-Nurture,Email,589.17,55241,3206
2026-02-02,EMAIL-Reactivation,Email,672.7,51967,2977
2026-02-02,SEO-Content,Organic Search,293.62,119649,4175
2026-02-02,SEO-Product,Organic Search,343.54,156120,5481
2026-02-02,DISPLAY-Prospecting,Display,1278.52,103253,1014
2026-02-02,DISPLAY-Retargeting,Display,1161.89,118091,1214
2026-02-02,REF-Partner,Referral,472.59,63542,1767
2026-02-02,REF-Customer,Referral,474.77,134257,3730
2026-02-03,PS-Brand,Paid Search,2093.56,56467,2599
2026-02-03,PS-NonBrand,Paid Search,1903.44,36732,1688
2026-02-03,META-Prospecting,Paid Social,1685.57,76032,1360
2026-02-03,META-Retargeting,Paid Social,1619.25,118886,2262
2026-02-03,EMAIL-Nurture,Email,632.37,58072,3570
2026-02-03,EMAIL-Reactivation,Email,664.51,51550,2916
2026-02-03,SEO-Content,Organic Search,314.44,110678,3785
2026-02-03,SEO-Product,Organic Search,342.97,147367,5127
2026-02-03,DISPLAY-Prospecting,Display,1356.66,103574,982
2026-02-03,DISPLAY-Retargeting,Display,1349.35,134850,1360
2026-02-03,REF-Partner,Referral,572.0,74888,2095
2026-02-03,REF-Customer,Referral,562.27,179711,5009
2026-02-04,PS-Brand,Paid Search,2191.12,57732,2689
2026-02-04,PS-NonBrand,Paid Search,2146.28,42871,1933
2026-02-04,META-Prospecting,Paid Social,1793.83,90818,1662
2026-02-04,META-Retargeting,Paid Social,1951.65,129209,2459
2026-02-04,EMAIL-Nurture,Email,635.2,60067,3583
2026-02-04,EMAIL-Reactivation,Email,544.12,47380,2761
2026-02-04,SEO-Content,Organic Search,400.57,163879,5699
2026-02-04,SEO-Product,Organic Search,357.86,167860,5851
2026-02-04,DISPLAY-Prospecting,Display,1293.64,98728,969
2026-02-04,DISPLAY-Retargeting,Display,1120.74,135124,1337
2026-02-04,REF-Partner,Referral,547.67,73873,2011
2026-02-04,REF-Customer,Referral,587.39,159504,4492
2026-02-05,PS-Brand,Paid Search,2079.43,52047,2421
2026-02-05,PS-NonBrand,Paid Search,2215.03,44597,2012
2026-02-05,META-Prospecting,Paid Social,1733.62,75081,1412
2026-02-05,META-Retargeting,Paid Social,1600.21,115480,2118
2026-02-05,EMAIL-Nurture,Email,694.11,68687,4054
2026-02-05,EMAIL-Reactivation,Email,788.42,64155,3710
2026-02-05,SEO-Content,Organic Search,384.57,138990,4724
2026-02-05,SEO-Product,Organic Search,394.24,210960,7426
2026-02-05,DISPLAY-Prospecting,Display,1308.14,90613,836
2026-02-05,DISPLAY-Retargeting,Display,1171.0,115215,1191
2026-02-05,REF-Partner,Referral,647.77,79795,2198
2026-02-05,REF-Customer,Referral,541.01,150219,4166
2026-02-06,PS-Brand,Paid Search,1713.78,43802,2109
2026-02-06,PS-NonBrand,Paid Search,2355.13,46389,2098
2026-02-06,META-Prospecting,Paid Social,1665.07,78731,1415
2026-02-06,META-Retargeting,Paid Social,1587.41,105223,2003
2026-02-06,EMAIL-Nurture,Email,499.08,51536,3057
2026-02-06,EMAIL-Reactivation,Email,519.52,40810,2355
2026-02-06,SEO-Content,Organic Search,347.97,128323,4419
2026-02-06,SEO-Product,Organic Search,294.5,144934,5031
2026-02-06,DISPLAY-Prospecting,Display,1033.12,88283,805
2026-02-06,DISPLAY-Retargeting,Display,1415.0,146961,1404
2026-02-06,REF-Partner,Referral,332.44,40245,1088
2026-02-06,REF-Customer,Referral,528.86,167733,4737
2026-02-07,PS-Brand,Paid Search,1523.21,37407,1738
2026-02-07,PS-NonBrand,Paid Search,1792.15,34573,1639
2026-02-07,META-Prospecting,Paid Social,1573.19,71448,1286
2026-02-07,META-Retargeting,Paid Social,1655.2,110474,2133
2026-02-07,EMAIL-Nurture,Email,632.17,53685,3161
2026-02-07,EMAIL-Reactivation,Email,577.95,42843,2443
2026-02-07,SEO-Content,Organic Search,285.65,102717,3398
2026-02-07,SEO-Product,Organic Search,272.91,133004,4578
2026-02-07,DISPLAY-Prospecting,Display,1013.77,69789,695
2026-02-07,DISPLAY-Retargeting,Display,1139.04,118470,1155
2026-02-07,REF-Partner,Referral,468.05,54931,1455
2026-02-07,REF-Customer,Referral,335.74,95422,2769
2026-02-08,PS-Brand,Paid Search,1603.2,35800,1728
2026-02-08,PS-NonBrand,Paid Search,1647.0,38660,1785
2026-02-08,META-Prospecting,Paid Social,1421.67,67154,1189
2026-02-08,META-Retargeting,Paid Social,1615.87,112456,2074
2026-02-08,EMAIL-Nurture,Email,533.58,53966,3170
2026-02-08,EMAIL-Reactivation,Email,555.57,43383,2451
2026-02-08,SEO-Content,Organic Search,387.6,135727,4671
2026-02-08,SEO-Product,Organic Search,266.66,116324,4016
2026-02-08,DISPLAY-Prospecting,Display,965.53,73546,709
2026-02-08,DISPLAY-Retargeting,Display,797.15,94759,951
2026-02-08,REF-Partner,Referral,452.57,59667,1672
2026-02-08,REF-Customer,Referral,488.08,129014,3678
2026-02-09,PS-Brand,Paid Search,2188.93,50169,2384
2026-02-09,PS-NonBrand,Paid Search,2163.36,46786,2261
2026-02-09,META-Prospecting,Paid Social,1384.45,67292,1181
2026-02-09,META-Retargeting,Paid Social,1314.8,85534,1555
2026-02-09,EMAIL-Nurture,Email,556.34,53537,3187
2026-02-09,EMAIL-Reactivation,Email,397.89,33796,1992
2026-02-09,SEO-Content,Organic Search,309.76,110059,3814
2026-02-09,SEO-Product,Organic Search,341.68,158930,5507
2026-02-09,DISPLAY-Prospecting,Display,1168.92,91642,868
2026-02-09,DISPLAY-Retargeting,Display,1336.42,157858,1520
2026-02-09,REF-Partner,Referral,458.54,56614,1525
2026-02-09,REF-Customer,Referral,558.92,159770,4513
2026-02-10,PS-Brand,Paid Search,2273.25,51762,2446
2026-02-10,PS-NonBrand,Paid Search,1725.77,37922,1698
2026-02-10,META-Prospecting,Paid Social,1763.46,94280,1727
2026-02-10,META-Retargeting,Paid Social,1672.51,129513,2468
2026-02-10,EMAIL-Nurture,Email,707.85,67494,3990
2026-02-10,EMAIL-Reactivation,Email,589.43,46014,2635
2026-02-10,SEO-Content,Organic Search,380.9,142155,4804
2026-02-10,SEO-Product,Organic Search,352.55,163816,5710
2026-02-10,DISPLAY-Prospecting,Display,981.92,79611,774
2026-02-10,DISPLAY-Retargeting,Display,1534.17,151361,1555
2026-02-10,REF-Partner,Referral,596.32,75740,2109
2026-02-10,REF-Customer,Referral,557.89,168171,4782
2026-02-11,PS-Brand,Paid Search,2095.23,48869,2339
2026-02-11,PS-NonBrand,Paid Search,2072.05,45239,2078
2026-02-11,META-Prospecting,Paid Social,1758.53,91199,1609
2026-02-11,META-Retargeting,Paid Social,1917.44,145313,2726
2026-02-11,EMAIL-Nurture,Email,587.86,49664,3010
2026-02-11,EMAIL-Reactivation,Email,663.1,48195,2702
2026-02-11,SEO-Content,Organic Search,341.15,137912,4800
2026-02-11,SEO-Product,Organic Search,407.73,197551,6743
2026-02-11,DISPLAY-Prospecting,Display,1074.53,87552,846
2026-02-11,DISPLAY-Retargeting,Display,1300.64,159749,1641
2026-02-11,REF-Partner,Referral,581.18,72419,2095
2026-02-11,REF-Customer,Referral,565.14,186751,5360
2026-02-12,PS-Brand,Paid Search,2013.2,45613,2118
2026-02-12,PS-NonBrand,Paid Search,2270.35,52882,2452
2026-02-12,META-Prospecting,Paid Social,1745.02,81613,1457
2026-02-12,META-Retargeting,Paid Social,2062.1,132571,2429
2026-02-12,EMAIL-Nurture,Email,576.24,51508,3106
2026-02-12,EMAIL-Reactivation,Email,638.45,44639,2616
2026-02-12,SEO-Content,Organic Search,330.39,122849,4228
2026-02-12,SEO-Product,Organic Search,322.07,153895,5322
2026-02-12,DISPLAY-Prospecting,Display,1420.87,99081,918
2026-02-12,DISPLAY-Retargeting,Display,1339.41,158416,1622
2026-02-12,REF-Partner,Referral,434.75,54072,1535
2026-02-12,REF-Customer,Referral,506.39,139289,3937
2026-02-13,PS-Brand,Paid Search,2163.46,48155,2235
2026-02-13,PS-NonBrand,Paid Search,2121.99,44865,2092
2026-02-13,META-Prospecting,Paid Social,1710.29,89582,1702
2026-02-13,META-Retargeting,Paid Social,1356.73,98543,1868
2026-02-13,EMAIL-Nurture,Email,622.44,60220,3558
2026-02-13,EMAIL-Reactivation,Email,586.77,49292,2859
2026-02-13,SEO-Content,Organic Search,291.87,98319,3290
2026-02-13,SEO-Product,Organic Search,304.27,161956,5586
2026-02-13,DISPLAY-Prospecting,Display,1292.24,104149,1014
2026-02-13,DISPLAY-Retargeting,Display,1128.87,126392,1260
2026-02-13,REF-Partner,Referral,576.41,69453,1931
2026-02-13,REF-Customer,Referral,482.52,152030,4320
2026-02-14,PS-Brand,Paid Search,1566.96,43184,2001
2026-02-14,PS-NonBrand,Paid Search,1982.77,42970,1993
2026-02-14,META-Prospecting,Paid Social,1378.56,67906,1184
2026-02-14,META-Retargeting,Paid Social,1182.59,77302,1485
2026-02-14,EMAIL-Nurture,Email,553.1,52413,3183
2026-02-14,EMAIL-Reactivation,Email,656.4,52375,2962
2026-02-14,SEO-Content,Organic Search,326.7,105982,3585
2026-02-14,SEO-Product,Organic Search,272.6,136668,4621
2026-02-14,DISPLAY-Prospecting,Display,1007.74,82515,783
2026-02-14,DISPLAY-Retargeting,Display,917.39,90356,907
2026-02-14,REF-Partner,Referral,430.36,48908,1278
2026-02-14,REF-Customer,Referral,496.62,155350,4391
2026-02-15,PS-Brand,Paid Search,1437.52,36472,1739
2026-02-15,PS-NonBrand,Paid Search,1489.42,27937,1228
2026-02-15,META-Prospecting,Paid Social,1352.51,73361,1257
2026-02-15,META-Retargeting,Paid Social,1303.8,102789,1978
2026-02-15,EMAIL-Nurture,Email,571.96,54054,3335
2026-02-15,EMAIL-Reactivation,Email,614.21,48028,2738
2026-02-15,SEO-Content,Organic Search,357.16,122885,4186
2026-02-15,SEO-Product,Organic Search,289.63,129388,4535
2026-02-15,DISPLAY-Prospecting,Display,1123.59,89084,822
2026-02-15,DISPLAY-Retargeting,Display,1070.53,130149,1364
2026-02-15,REF-Partner,Referral,441.75,59213,1534
2026-02-15,REF-Customer,Referral,496.4,147107,4067
2026-02-16,PS-Brand,Paid Search,2094.36,51118,2432
2026-02-16,PS-NonBrand,Paid Search,1956.44,44616,1986
2026-02-16,META-Prospecting,Paid Social,1540.45,69051,1215
2026-02-16,META-Retargeting,Paid Social,1423.05,97888,1813
2026-02-16,EMAIL-Nurture,Email,565.08,51805,3117
2026-02-16,EMAIL-Reactivation,Email,533.69,39930,2303
2026-02-16,SEO-Content,Organic Search,284.5,97304,3198
2026-02-16,SEO-Product,Organic Search,291.6,149198,5150
2026-02-16,DISPLAY-Prospecting,Display,1186.58,96703,942
2026-02-16,DISPLAY-Retargeting,Display,1270.03,139386,1400
2026-02-16,REF-Partner,Referral,469.77,59080,1622
2026-02-16,REF-Customer,Referral,558.38,154576,4312
2026-02-17,PS-Brand,Paid Search,2157.74,55310,2563
2026-02-17,PS-NonBrand,Paid Search,2000.74,43454,2009
2026-02-17,META-Prospecting,Paid Social,1824.35,98557,1770
2026-02-17,META-Retargeting,Paid Social,1672.9,127306,2442
2026-02-17,EMAIL-Nurture,Email,606.48,52922,3205
2026-02-17,EMAIL-Reactivation,Email,670.29,58387,3401
2026-02-17,SEO-Content,Organic Search,410.48,143612,4870
2026-02-17,SEO-Product,Organic Search,394.95,186479,6632
2026-02-17,DISPLAY-Prospecting,Display,1278.01,93856,952
2026-02-17,DISPLAY-Retargeting,Display,1011.72,117236,1166
2026-02-17,REF-Partner,Referral,619.79,79550,2127
2026-02-17,REF-Customer,Referral,670.52,190587,5410
2026-02-18,PS-Brand,Paid Search,2478.55,69940,3261
2026-02-18,PS-NonBrand,Paid Search,2591.94,59097,2534
2026-02-18,META-Prospecting,Paid Social,1725.03,85704,1534
2026-02-18,META-Retargeting,Paid Social,1605.27,125578,2346
2026-02-18,EMAIL-Nurture,Email,627.18,59008,3455
2026-02-18,EMAIL-Reactivation,Email,707.96,58732,3460
2026-02-18,SEO-Content,Organic Search,363.84,120850,4152
2026-02-18,SEO-Product,Organic Search,333.7,166720,5881
2026-02-18,DISPLAY-Prospecting,Display,1279.95,92845,910
2026-02-18,DISPLAY-Retargeting,Display,1271.09,141076,1407
2026-02-18,REF-Partner,Referral,621.45,80313,2076
2026-02-18,REF-Customer,Referral,548.34,170080,4874
2026-02-19,PS-Brand,Paid Search,1844.63,40967,2012
2026-02-19,PS-NonBrand,Paid Search,2211.42,46942,2117
2026-02-19,META-Prospecting,Paid Social,2109.85,103046,1840
2026-02-19,META-Retargeting,Paid Social,1659.79,123043,2383
2026-02-19,EMAIL-Nurture,Email,738.63,64189,3788
2026-02-19,EMAIL-Reactivation,Email,672.02,54786,3184
2026-02-19,SEO-Content,Organic Search,397.38,134659,4779
2026-02-19,SEO-Product,Organic Search,432.21,191490,6661
2026-02-19,DISPLAY-Prospecting,Display,1249.61,93044,918
2026-02-19,DISPLAY-Retargeting,Display,1234.54,138406,1370
2026-02-19,REF-Partner,Referral,565.91,67718,1962
2026-02-19,REF-Customer,Referral,564.39,178338,5066
2026-02-20,PS-Brand,Paid Search,1949.03,53279,2516
2026-02-20,PS-NonBrand,Paid Search,1866.38,38719,1685
2026-02-20,META-Prospecting,Paid Social,1773.05,87268,1516
2026-02-20,META-Retargeting,Paid Social,1501.07,101815,1910
2026-02-20,EMAIL-Nurture,Email,481.12,48773,2977
2026-02-20,EMAIL-Reactivation,Email,674.14,55601,3249
2026-02-20,SEO-Content,Organic Search,275.22,105995,3615
2026-02-20,SEO-Product,Organic Search,318.13,167792,5785
2026-02-20,DISPLAY-Prospecting,Display,1315.35,98031,914
2026-02-20,DISPLAY-Retargeting,Display,1169.49,133500,1427
2026-02-20,REF-Partner,Referral,408.52,54118,1528
2026-02-20,REF-Customer,Referral,503.6,162428,4593
2026-02-21,PS-Brand,Paid Search,1573.29,35578,1618
2026-02-21,PS-NonBrand,Paid Search,1778.37,36342,1645
2026-02-21,META-Prospecting,Paid Social,1906.73,88607,1530
2026-02-21,META-Retargeting,Paid Social,1531.12,107453,2058
2026-02-21,EMAIL-Nurture,Email,593.62,53968,3155
2026-02-21,EMAIL-Reactivation,Email,562.33,41789,2456
2026-02-21,SEO-Content,Organic Search,295.92,104676,3636
2026-02-21,SEO-Product,Organic Search,300.12,148307,5250
2026-02-21,DISPLAY-Prospecting,Display,1096.45,85330,793
2026-02-21,DISPLAY-Retargeting,Display,1169.38,123208,1270
2026-02-21,REF-Partner,Referral,533.3,60710,1689
2026-02-21,REF-Customer,Referral,410.23,134463,3826
2026-02-22,PS-Brand,Paid Search,1724.91,45639,2122
2026-02-22,PS-NonBrand,Paid Search,1821.16,38064,1709
2026-02-22,META-Prospecting,Paid Social,1584.6,71010,1325
2026-02-22,META-Retargeting,Paid Social,1282.35,91688,1708
2026-02-22,EMAIL-Nurture,Email,521.73,43767,2481
2026-02-22,EMAIL-Reactivation,Email,582.92,44193,2513
2026-02-22,SEO-Content,Organic Search,262.02,87112,2991
2026-02-22,SEO-Product,Organic Search,250.74,112932,3913
2026-02-22,DISPLAY-Prospecting,Display,873.06,72922,734
2026-02-22,DISPLAY-Retargeting,Display,952.76,117680,1187
2026-02-22,REF-Partner,Referral,427.16,52062,1365
2026-02-22,REF-Customer,Referral,466.16,140765,3904
2026-02-23,PS-Brand,Paid Search,2173.75,49453,2322
2026-02-23,PS-NonBrand,Paid Search,2197.07,42897,1972
2026-02-23,META-Prospecting,Paid Social,1568.06,69100,1233
2026-02-23,META-Retargeting,Paid Social,1198.7,90041,1631
2026-02-23,EMAIL-Nurture,Email,622.25,59448,3558
2026-02-23,EMAIL-Reactivation,Email,587.39,40695,2404
2026-02-23,SEO-Content,Organic Search,298.14,101864,3444
2026-02-23,SEO-Product,Organic Search,308.91,131607,4623
2026-02-23,DISPLAY-Prospecting,Display,1269.46,91599,882
2026-02-23,DISPLAY-Retargeting,Display,1276.87,156223,1573
2026-02-23,REF-Partner,Referral,454.21,49722,1404
2026-02-23,REF-Customer,Referral,548.3,144141,4035
2026-02-24,PS-Brand,Paid Search,2297.11,61792,2953
2026-02-24,PS-NonBrand,Paid Search,2406.67,48777,2234
2026-02-24,META-Prospecting,Paid Social,1886.29,91376,1628
2026-02-24,META-Retargeting,Paid Social,1772.23,125710,2310
2026-02-24,EMAIL-Nurture,Email,663.04,56831,3273
2026-02-24,EMAIL-Reactivation,Email,617.78,53154,2964
2026-02-24,SEO-Content,Organic Search,363.95,138347,4658
2026-02-24,SEO-Product,Organic Search,319.52,141251,4935
2026-02-24,DISPLAY-Prospecting,Display,994.07,85031,827
2026-02-24,DISPLAY-Retargeting,Display,1506.09,170211,1772
2026-02-24,REF-Partner,Referral,488.89,62054,1699
2026-02-24,REF-Customer,Referral,525.19,150148,4228
2026-02-25,PS-Brand,Paid Search,2548.1,63625,2974
2026-02-25,PS-NonBrand,Paid Search,1915.94,42956,1958
2026-02-25,META-Prospecting,Paid Social,2049.63,97160,1711
2026-02-25,META-Retargeting,Paid Social,2064.75,146622,2731
2026-02-25,EMAIL-Nurture,Email,679.85,70236,4163
2026-02-25,EMAIL-Reactivation,Email,577.98,45937,2646
2026-02-25,SEO-Content,Organic Search,346.95,115146,3819
2026-02-25,SEO-Product,Organic Search,347.74,158117,5455
2026-02-25,DISPLAY-Prospecting,Display,1423.87,104298,977
2026-02-25,DISPLAY-Retargeting,Display,1306.15,158360,1618
2026-02-25,REF-Partner,Referral,472.69,54240,1529
2026-02-25,REF-Customer,Referral,549.66,178343,5169
2026-02-26,PS-Brand,Paid Search,1880.72,41803,2044
2026-02-26,PS-NonBrand,Paid Search,2022.62,37574,1723
2026-02-26,META-Prospecting,Paid Social,1380.25,61708,1074
2026-02-26,META-Retargeting,Paid Social,1822.83,118223,2245
2026-02-26,EMAIL-Nurture,Email,649.18,65245,3836
2026-02-26,EMAIL-Reactivation,Email,683.1,51054,3015
2026-02-26,SEO-Content,Organic Search,397.18,162713,5738
2026-02-26,SEO-Product,Organic Search,336.84,176301,6323
2026-02-26,DISPLAY-Prospecting,Display,1314.7,96872,943
2026-02-26,DISPLAY-Retargeting,Display,1472.77,154384,1572
2026-02-26,REF-Partner,Referral,586.54,67714,1784
2026-02-26,REF-Customer,Referral,551.91,159927,4384
2026-02-27,PS-Brand,Paid Search,1859.69,41789,1957
2026-02-27,PS-NonBrand,Paid Search,2220.76,42354,1876
2026-02-27,META-Prospecting,Paid Social,1427.05,70671,1297
2026-02-27,META-Retargeting,Paid Social,1687.02,114622,2181
2026-02-27,EMAIL-Nurture,Email,592.77,49521,2970
2026-02-27,EMAIL-Reactivation,Email,543.49,45951,2636
2026-02-27,SEO-Content,Organic Search,310.81,105933,3530
2026-02-27,SEO-Product,Organic Search,302.45,141839,5108
2026-02-27,DISPLAY-Prospecting,Display,1057.44,74453,709
2026-02-27,DISPLAY-Retargeting,Display,1319.32,150127,1488
2026-02-27,REF-Partner,Referral,466.65,62190,1725
2026-02-27,REF-Customer,Referral,476.47,132932,3617
2026-02-28,PS-Brand,Paid Search,1485.17,41887,1996
2026-02-28,PS-NonBrand,Paid Search,1699.23,31615,1475
2026-02-28,META-Prospecting,Paid Social,1364.86,58967,1065
2026-02-28,META-Retargeting,Paid Social,1333.96,88822,1710
2026-02-28,EMAIL-Nurture,Email,486.04,41123,2511
2026-02-28,EMAIL-Reactivation,Email,547.51,43534,2565
2026-02-28,SEO-Content,Organic Search,286.75,96892,3339
2026-02-28,SEO-Product,Organic Search,306.54,144180,5035
2026-02-28,DISPLAY-Prospecting,Display,1129.69,87773,868
2026-02-28,DISPLAY-Retargeting,Display,1279.04,126053,1246
2026-02-28,REF-Partner,Referral,456.97,50082,1365
2026-02-28,REF-Customer,Referral,418.04,128184,3645
2026-03-01,PS-Brand,Paid Search,2103.1,57108,2644
2026-03-01,PS-NonBrand,Paid Search,1860.87,35261,1605
2026-03-01,META-Prospecting,Paid Social,1586.57,83086,1504
2026-03-01,META-Retargeting,Paid Social,1536.37,103358,1916
2026-03-01,EMAIL-Nurture,Email,514.15,52614,3198
2026-03-01,EMAIL-Reactivation,Email,574.1,43433,2556
2026-03-01,SEO-Content,Organic Search,309.5,106585,3608
2026-03-01,SEO-Product,Organic Search,292.38,147337,5068
2026-03-01,DISPLAY-Prospecting,Display,1199.09,82364,794
2026-03-01,DISPLAY-Retargeting,Display,1014.57,116833,1204
2026-03-01,REF-Partner,Referral,546.5,61219,1708
2026-03-01,REF-Customer,Referral,417.09,123454,3469
2026-03-02,PS-Brand,Paid Search,1722.27,45410,2083
2026-03-02,PS-NonBrand,Paid Search,1954.61,37875,1711
2026-03-02,META-Prospecting,Paid Social,1420.3,64871,1182
2026-03-02,META-Retargeting,Paid Social,1557.2,102304,1890
2026-03-02,EMAIL-Nurture,Email,552.92,48161,2883
2026-03-02,EMAIL-Reactivation,Email,688.34,59823,3452
2026-03-02,SEO-Content,Organic Search,337.88,129614,4397
2026-03-02,SEO-Product,Organic Search,265.29,128410,4465
2026-03-02,DISPLAY-Prospecting,Display,951.95,75867,757
2026-03-02,DISPLAY-Retargeting,Display,1189.67,146564,1436
2026-03-02,REF-Partner,Referral,501.98,64994,1732
2026-03-02,REF-Customer,Referral,444.56,118499,3379
2026-03-03,PS-Brand,Paid Search,2489.47,59129,2785
2026-03-03,PS-NonBrand,Paid Search,1862.23,42651,1959
2026-03-03,META-Prospecting,Paid Social,1728.24,76188,1351
2026-03-03,META-Retargeting,Paid Social,1868.69,123400,2361
2026-03-03,EMAIL-Nurture,Email,612.55,58272,3516
2026-03-03,EMAIL-Reactivation,Email,624.12,45441,2576
2026-03-03,SEO-Content,Organic Search,409.85,154036,5250
2026-03-03,SEO-Product,Organic Search,319.26,134877,4655
2026-03-03,DISPLAY-Prospecting,Display,1240.92,84807,804
2026-03-03,DISPLAY-Retargeting,Display,1093.81,121844,1193
2026-03-03,REF-Partner,Referral,575.32,77259,2227
2026-03-03,REF-Customer,Referral,522.76,148220,4297
2026-03-04,PS-Brand,Paid Search,2399.19,57526,2641
2026-03-04,PS-NonBrand,Paid Search,2335.38,49476,2302
2026-03-04,META-Prospecting,Paid Social,1774.18,83941,1524
2026-03-04,META-Retargeting,Paid Social,1619.28,127409,2401
2026-03-04,EMAIL-Nurture,Email,738.53,76276,4531
2026-03-04,EMAIL-Reactivation,Email,594.09,47979,2758
2026-03-04,SEO-Content,Organic Search,315.45,128858,4370
2026-03-04,SEO-Product,Organic Search,291.32,152582,5479
2026-03-04,DISPLAY-Prospecting,Display,1537.55,130534,1251
2026-03-04,DISPLAY-Retargeting,Display,1323.93,156999,1576
2026-03-04,REF-Partner,Referral,495.78,55299,1575
2026-03-04,REF-Customer,Referral,578.9,162767,4684
2026-03-05,PS-Brand,Paid Search,2290.8,59427,2795
2026-03-05,PS-NonBrand,Paid Search,2330.24,45599,2130
2026-03-05,META-Prospecting,Paid Social,1863.37,92815,1608
2026-03-05,META-Retargeting,Paid Social,1778.91,119649,2244
2026-03-05,EMAIL-Nurture,Email,608.04,61335,3719
2026-03-05,EMAIL-Reactivation,Email,668.43,47508,2845
2026-03-05,SEO-Content,Organic Search,363.81,139234,4870
2026-03-05,SEO-Product,Organic Search,404.09,193561,6745
2026-03-05,DISPLAY-Prospecting,Display,1199.52,95350,898
2026-03-05,DISPLAY-Retargeting,Display,1316.85,154983,1478
2026-03-05,REF-Partner,Referral,581.19,68417,1830
2026-03-05,REF-Customer,Referral,484.33,148897,4320
2026-03-06,PS-Brand,Paid Search,1774.14,39937,1893
2026-03-06,PS-NonBrand,Paid Search,1664.54,32719,1394
2026-03-06,META-Prospecting,Paid Social,1705.51,78592,1347
2026-03-06,META-Retargeting,Paid Social,1466.88,105114,1951
2026-03-06,EMAIL-Nurture,Email,417.97,43362,2611
2026-03-06,EMAIL-Reactivation,Email,691.41,47805,2720
2026-03-06,SEO-Content,Organic Search,384.14,134864,4697
2026-03-06,SEO-Product,Organic Search,320.13,169394,5958
2026-03-06,DISPLAY-Prospecting,Display,1479.09,110744,1080
2026-03-06,DISPLAY-Retargeting,Display,1364.81,152851,1574
2026-03-06,REF-Partner,Referral,361.64,42897,1227
2026-03-06,REF-Customer,Referral,544.22,148161,4137
2026-03-07,PS-Brand,Paid Search,1894.52,52679,2415
2026-03-07,PS-NonBrand,Paid Search,1401.34,29787,1391
2026-03-07,META-Prospecting,Paid Social,1474.86,78832,1410
2026-03-07,META-Retargeting,Paid Social,1285.05,92775,1719
2026-03-07,EMAIL-Nurture,Email,536.69,51838,3060
2026-03-07,EMAIL-Reactivation,Email,535.97,46523,2702
2026-03-07,SEO-Content,Organic Search,274.23,91330,3258
2026-03-07,SEO-Product,Organic Search,313.15,139832,4821
2026-03-07,DISPLAY-Prospecting,Display,1192.22,80936,743
2026-03-07,DISPLAY-Retargeting,Display,884.94,90813,962
2026-03-07,REF-Partner,Referral,475.3,52202,1424
2026-03-07,REF-Customer,Referral,402.02,114263,3199
2026-03-08,PS-Brand,Paid Search,2208.46,49568,2326
2026-03-08,PS-NonBrand,Paid Search,1655.48,34376,1624
2026-03-08,META-Prospecting,Paid Social,1219.5,62901,1143
2026-03-08,META-Retargeting,Paid Social,1426.28,95276,1838
2026-03-08,EMAIL-Nurture,Email,548.03,56617,3472
2026-03-08,EMAIL-Reactivation,Email,613.87,49155,2851
2026-03-08,SEO-Content,Organic Search,237.16,84207,2884
2026-03-08,SEO-Product,Organic Search,357.18,188866,6597
2026-03-08,DISPLAY-Prospecting,Display,984.32,77731,746
2026-03-08,DISPLAY-Retargeting,Display,1126.02,133131,1330
2026-03-08,REF-Partner,Referral,470.57,57513,1530
2026-03-08,REF-Customer,Referral,363.98,101991,2881
2026-03-09,PS-Brand,Paid Search,2241.77,57911,2760
2026-03-09,PS-NonBrand,Paid Search,2034.36,46081,2053
2026-03-09,META-Prospecting,Paid Social,1698.4,84139,1536
2026-03-09,META-Retargeting,Paid Social,1360.65,105044,1980
2026-03-09,EMAIL-Nurture,Email,539.0,48985,2973
2026-03-09,EMAIL-Reactivation,Email,705.74,53838,3141
2026-03-09,SEO-Content,Organic Search,351.34,119383,4019
2026-03-09,SEO-Product,Organic Search,305.61,149264,5304
2026-03-09,DISPLAY-Prospecting,Display,1229.53,97474,954
2026-03-09,DISPLAY-Retargeting,Display,1220.62,126688,1250
2026-03-09,REF-Partner,Referral,456.67,53436,1471
2026-03-09,REF-Customer,Referral,459.87,141451,3996
2026-03-10,PS-Brand,Paid Search,2152.05,53551,2526
2026-03-10,PS-NonBrand,Paid Search,1800.35,35632,1656
2026-03-10,META-Prospecting,Paid Social,1532.46,72761,1286
2026-03-10,META-Retargeting,Paid Social,1615.06,112521,2172
2026-03-10,EMAIL-Nurture,Email,622.13,62955,3793
2026-03-10,EMAIL-Reactivation,Email,640.58,48012,2714
2026-03-10,SEO-Content,Organic Search,400.12,138258,4648
2026-03-10,SEO-Product,Organic Search,378.1,200151,7094
2026-03-10,DISPLAY-Prospecting,Display,1131.48,95937,920
2026-03-10,DISPLAY-Retargeting,Display,1563.01,189973,1916
2026-03-10,REF-Partner,Referral,439.09,47376,1234
2026-03-10,REF-Customer,Referral,498.0,162912,4602
2026-03-11,PS-Brand,Paid Search,2394.82,58771,2708
2026-03-11,PS-NonBrand,Paid Search,2229.28,49420,2192
2026-03-11,META-Prospecting,Paid Social,1665.21,78459,1346
2026-03-11,META-Retargeting,Paid Social,1722.83,126984,2285
2026-03-11,EMAIL-Nurture,Email,764.53,75298,4480
2026-03-11,EMAIL-Reactivation,Email,686.55,60052,3562
2026-03-11,SEO-Content,Organic Search,418.26,150205,5142
2026-03-11,SEO-Product,Organic Search,331.75,157471,5554
2026-03-11,DISPLAY-Prospecting,Display,1338.38,93254,887
2026-03-11,DISPLAY-Retargeting,Display,1293.93,137540,1354
2026-03-11,REF-Partner,Referral,587.81,70231,1879
2026-03-11,REF-Customer,Referral,516.64,159104,4536
2026-03-12,PS-Brand,Paid Search,2589.53,68460,3232
2026-03-12,PS-NonBrand,Paid Search,2494.35,55570,2464
2026-03-12,META-Prospecting,Paid Social,2022.52,95390,1738
2026-03-12,META-Retargeting,Paid Social,1688.11,111180,2074
2026-03-12,EMAIL-Nurture,Email,600.54,53425,3242
2026-03-12,EMAIL-Reactivation,Email,734.78,51650,2943
2026-03-12,SEO-Content,Organic Search,415.12,162888,5633
2026-03-12,SEO-Product,Organic Search,360.02,154697,5482
2026-03-12,DISPLAY-Prospecting,Display,1433.5,119008,1128
2026-03-12,DISPLAY-Retargeting,Display,1547.1,156848,1588
2026-03-12,REF-Partner,Referral,604.28,78724,2180
2026-03-12,REF-Customer,Referral,538.21,140905,3861
2026-03-13,PS-Brand,Paid Search,1931.99,52277,2414
2026-03-13,PS-NonBrand,Paid Search,1750.19,38306,1674
2026-03-13,META-Prospecting,Paid Social,1733.12,77713,1385
2026-03-13,META-Retargeting,Paid Social,2035.45,131109,2378
2026-03-13,EMAIL-Nurture,Email,512.11,46890,2849
2026-03-13,EMAIL-Reactivation,Email,580.47,47064,2730
2026-03-13,SEO-Content,Organic Search,303.81,108746,3723
2026-03-13,SEO-Product,Organic Search,336.73,145773,5121
2026-03-13,DISPLAY-Prospecting,Display,1187.5,101772,1003
2026-03-13,DISPLAY-Retargeting,Display,1291.24,148181,1504
2026-03-13,REF-Partner,Referral,522.88,56443,1574
2026-03-13,REF-Customer,Referral,501.38,165398,4610
2026-03-14,PS-Brand,Paid Search,1881.49,52331,2422
2026-03-14,PS-NonBrand,Paid Search,1531.37,35103,1611
2026-03-14,META-Prospecting,Paid Social,1478.49,74330,1350
2026-03-14,META-Retargeting,Paid Social,1246.34,97742,1849
2026-03-14,EMAIL-Nurture,Email,597.3,52794,3000
2026-03-14,EMAIL-Reactivation,Email,601.87,50550,2854
2026-03-14,SEO-Content,Organic Search,271.46,87603,2896
2026-03-14,SEO-Product,Organic Search,304.61,154739,5315
2026-03-14,DISPLAY-Prospecting,Display,928.58,68401,643
2026-03-14,DISPLAY-Retargeting,Display,1104.27,119852,1266
2026-03-14,REF-Partner,Referral,392.57,52393,1445
2026-03-14,REF-Customer,Referral,407.37,111700,3049
2026-03-15,PS-Brand,Paid Search,1731.23,45255,2096
2026-03-15,PS-NonBrand,Paid Search,1816.75,39614,1821
2026-03-15,META-Prospecting,Paid Social,1485.51,72695,1301
2026-03-15,META-Retargeting,Paid Social,1417.5,98465,1830
2026-03-15,EMAIL-Nurture,Email,724.07,72324,4350
2026-03-15,EMAIL-Reactivation,Email,476.8,33119,1865
2026-03-15,SEO-Content,Organic Search,310.34,121017,4037
2026-03-15,SEO-Product,Organic Search,259.59,115319,4070
2026-03-15,DISPLAY-Prospecting,Display,1029.48,72754,699
2026-03-15,DISPLAY-Retargeting,Display,1016.84,103042,1048
2026-03-15,REF-Partner,Referral,474.31,58184,1556
2026-03-15,REF-Customer,Referral,367.4,103091,2929
2026-03-16,PS-Brand,Paid Search,1693.44,41587,1926
2026-03-16,PS-NonBrand,Paid Search,1841.86,39159,1734
2026-03-16,META-Prospecting,Paid Social,2006.94,108650,1980
2026-03-16,META-Retargeting,Paid Social,1310.21,100024,1898
2026-03-16,EMAIL-Nurture,Email,587.27,56667,3356
2026-03-16,EMAIL-Reactivation,Email,659.91,54792,3194
2026-03-16,SEO-Content,Organic Search,387.61,128635,4416
2026-03-16,SEO-Product,Organic Search,325.37,148536,5169
2026-03-16,DISPLAY-Prospecting,Display,1128.35,91914,903
2026-03-16,DISPLAY-Retargeting,Display,1243.59,146994,1494
2026-03-16,REF-Partner,Referral,475.23,59787,1569
2026-03-16,REF-Customer,Referral,364.32,101084,2869
2026-03-17,PS-Brand,Paid Search,2230.72,54429,2591
2026-03-17,PS-NonBrand,Paid Search,2099.59,47217,2131
2026-03-17,META-Prospecting,Paid Social,1747.53,83022,1392
2026-03-17,META-Retargeting,Paid Social,1757.36,117394,2275
2026-03-17,EMAIL-Nurture,Email,736.2,66414,4046
2026-03-17,EMAIL-Reactivation,Email,802.43,60920,3495
2026-03-17,SEO-Content,Organic Search,340.19,128588,4483
2026-03-17,SEO-Product,Organic Search,424.82,200870,6888
2026-03-17,DISPLAY-Prospecting,Display,1253.23,99907,972
2026-03-17,DISPLAY-Retargeting,Display,1300.04,127910,1245
2026-03-17,REF-Partner,Referral,594.28,70312,1902
2026-03-17,REF-Customer,Referral,560.6,152306,4221
2026-03-18,PS-Brand,Paid Search,2235.31,50511,2310
2026-03-18,PS-NonBrand,Paid Search,2382.1,52273,2320
2026-03-18,META-Prospecting,Paid Social,1960.93,97761,1710
2026-03-18,META-Retargeting,Paid Social,2027.18,128151,2359
2026-03-18,EMAIL-Nurture,Email,691.1,70131,4197
2026-03-18,EMAIL-Reactivation,Email,678.82,55056,3148
2026-03-18,SEO-Content,Organic Search,371.45,132413,4622
2026-03-18,SEO-Product,Organic Search,379.73,202768,7029
2026-03-18,DISPLAY-Prospecting,Display,1480.47,110639,1110
2026-03-18,DISPLAY-Retargeting,Display,1544.66,176274,1730
2026-03-18,REF-Partner,Referral,628.26,68888,1926
2026-03-18,REF-Customer,Referral,610.44,180078,5124
2026-03-19,PS-Brand,Paid Search,2152.27,51353,2499
2026-03-19,PS-NonBrand,Paid Search,1971.3,42965,1941
2026-03-19,META-Prospecting,Paid Social,1601.85,85252,1502
2026-03-19,META-Retargeting,Paid Social,1701.74,111428,2042
2026-03-19,EMAIL-Nurture,Email,702.75,68285,4009
2026-03-19,EMAIL-Reactivation,Email,689.42,58883,3432
2026-03-19,SEO-Content,Organic Search,360.58,124236,4136
2026-03-19,SEO-Product,Organic Search,371.78,170256,5935
2026-03-19,DISPLAY-Prospecting,Display,1263.68,97012,924
2026-03-19,DISPLAY-Retargeting,Display,1412.5,141302,1410
2026-03-19,REF-Partner,Referral,606.27,70409,1966
2026-03-19,REF-Customer,Referral,554.99,145918,4072
2026-03-20,PS-Brand,Paid Search,1732.62,39796,1856
2026-03-20,PS-NonBrand,Paid Search,1722.68,32332,1518
2026-03-20,META-Prospecting,Paid Social,1813.48,88120,1594
2026-03-20,META-Retargeting,Paid Social,1663.98,129991,2572
2026-03-20,EMAIL-Nurture,Email,603.3,54447,3214
2026-03-20,EMAIL-Reactivation,Email,600.27,46913,2630
2026-03-20,SEO-Content,Organic Search,352.6,123921,4145
2026-03-20,SEO-Product,Organic Search,341.05,171745,6048
2026-03-20,DISPLAY-Prospecting,Display,1320.53,110325,1027
2026-03-20,DISPLAY-Retargeting,Display,1403.87,151625,1523
2026-03-20,REF-Partner,Referral,505.17,56071,1576
2026-03-20,REF-Customer,Referral,567.32,151686,4233
2026-03-21,PS-Brand,Paid Search,1750.99,43291,2084
2026-03-21,PS-NonBrand,Paid Search,1517.94,35471,1622
2026-03-21,META-Prospecting,Paid Social,1308.44,58790,1038
2026-03-21,META-Retargeting,Paid Social,1128.3,74937,1460
2026-03-21,EMAIL-Nurture,Email,424.59,37263,2290
2026-03-21,EMAIL-Reactivation,Email,424.38,34597,1968
2026-03-21,SEO-Content,Organic Search,292.41,116118,3926
2026-03-21,SEO-Product,Organic Search,321.88,157220,5489
2026-03-21,DISPLAY-Prospecting,Display,1097.49,82614,793
2026-03-21,DISPLAY-Retargeting,Display,1090.11,111925,1093
2026-03-21,REF-Partner,Referral,466.44,60179,1648
2026-03-21,REF-Customer,Referral,426.09,120323,3405
2026-03-22,PS-Brand,Paid Search,1750.78,46635,2179
2026-03-22,PS-NonBrand,Paid Search,1738.94,40477,1794
2026-03-22,META-Prospecting,Paid Social,1379.86,68259,1251
2026-03-22,META-Retargeting,Paid Social,1515.48,113384,2088
2026-03-22,EMAIL-Nurture,Email,500.69,42654,2498
2026-03-22,EMAIL-Reactivation,Email,560.28,45017,2567
2026-03-22,SEO-Content,Organic Search,275.56,112367,3886
2026-03-22,SEO-Product,Organic Search,291.86,142722,5059
2026-03-22,DISPLAY-Prospecting,Display,1074.25,91736,891
2026-03-22,DISPLAY-Retargeting,Display,929.61,99750,1014
2026-03-22,REF-Partner,Referral,479.19,57445,1563
2026-03-22,REF-Customer,Referral,455.03,139314,3908
2026-03-23,PS-Brand,Paid Search,1957.32,52565,2426
2026-03-23,PS-NonBrand,Paid Search,1985.54,43615,1954
2026-03-23,META-Prospecting,Paid Social,1919.53,103238,1918
2026-03-23,META-Retargeting,Paid Social,1135.04,71724,1352
2026-03-23,EMAIL-Nurture,Email,614.39,61232,3669
2026-03-23,EMAIL-Reactivation,Email,754.81,57755,3334
2026-03-23,SEO-Content,Organic Search,316.2,110691,3787
2026-03-23,SEO-Product,Organic Search,323.82,165274,5686
2026-03-23,DISPLAY-Prospecting,Display,1362.6,102520,973
2026-03-23,DISPLAY-Retargeting,Display,1025.34,109510,1108
2026-03-23,REF-Partner,Referral,461.92,54817,1500
2026-03-23,REF-Customer,Referral,468.64,150768,4113
2026-03-24,PS-Brand,Paid Search,2469.9,54874,2563
2026-03-24,PS-NonBrand,Paid Search,2089.16,46505,1993
2026-03-24,META-Prospecting,Paid Social,1576.57,78773,1426
2026-03-24,META-Retargeting,Paid Social,2018.41,153702,2741
2026-03-24,EMAIL-Nurture,Email,698.0,64150,3921
2026-03-24,EMAIL-Reactivation,Email,740.05,52098,3114
2026-03-24,SEO-Content,Organic Search,422.89,152838,5207
2026-03-24,SEO-Product,Organic Search,369.55,169363,5720
2026-03-24,DISPLAY-Prospecting,Display,1071.61,85898,879
2026-03-24,DISPLAY-Retargeting,Display,1064.85,110213,1097
2026-03-24,REF-Partner,Referral,516.17,60319,1643
2026-03-24,REF-Customer,Referral,619.49,201294,5650
2026-03-25,PS-Brand,Paid Search,2225.87,60497,2800
2026-03-25,PS-NonBrand,Paid Search,2275.14,42420,1951
2026-03-25,META-Prospecting,Paid Social,2019.41,101565,1799
2026-03-25,META-Retargeting,Paid Social,1535.88,103147,2105
2026-03-25,EMAIL-Nurture,Email,686.13,69895,4174
2026-03-25,EMAIL-Reactivation,Email,498.28,38451,2192
2026-03-25,SEO-Content,Organic Search,356.75,142250,4836
2026-03-25,SEO-Product,Organic Search,381.96,160998,5745
2026-03-25,DISPLAY-Prospecting,Display,1507.1,121443,1139
2026-03-25,DISPLAY-Retargeting,Display,1461.96,176311,1726
2026-03-25,REF-Partner,Referral,643.87,80500,2205
2026-03-25,REF-Customer,Referral,580.28,163456,4753
2026-03-26,PS-Brand,Paid Search,2331.21,61885,2883
2026-03-26,PS-NonBrand,Paid Search,1945.72,36195,1622
2026-03-26,META-Prospecting,Paid Social,1922.63,91297,1666
2026-03-26,META-Retargeting,Paid Social,1642.59,127629,2441
2026-03-26,EMAIL-Nurture,Email,722.45,61118,3616
2026-03-26,EMAIL-Reactivation,Email,771.71,57797,3324
2026-03-26,SEO-Content,Organic Search,354.51,145051,5018
2026-03-26,SEO-Product,Organic Search,332.1,174669,5990
2026-03-26,DISPLAY-Prospecting,Display,1167.48,86801,844
2026-03-26,DISPLAY-Retargeting,Display,1198.5,123173,1224
2026-03-26,REF-Partner,Referral,492.24,62835,1680
2026-03-26,REF-Customer,Referral,602.36,158016,4452
2026-03-27,PS-Brand,Paid Search,2295.17,52525,2478
2026-03-27,PS-NonBrand,Paid Search,1756.07,34819,1562
2026-03-27,META-Prospecting,Paid Social,1505.66,76139,1406
2026-03-27,META-Retargeting,Paid Social,1466.59,97034,1856
2026-03-27,EMAIL-Nurture,Email,594.21,56200,3372
2026-03-27,EMAIL-Reactivation,Email,523.09,43343,2589
2026-03-27,SEO-Content,Organic Search,361.92,142325,4792
2026-03-27,SEO-Product,Organic Search,405.84,193812,6794
2026-03-27,DISPLAY-Prospecting,Display,1424.05,100527,978
2026-03-27,DISPLAY-Retargeting,Display,1143.61,129427,1226
2026-03-27,REF-Partner,Referral,425.81,55818,1436
2026-03-27,REF-Customer,Referral,525.61,147252,4254
2026-03-28,PS-Brand,Paid Search,1903.58,47045,2270
2026-03-28,PS-NonBrand,Paid Search,1529.17,32091,1496
2026-03-28,META-Prospecting,Paid Social,1431.6,68602,1294
2026-03-28,META-Retargeting,Paid Social,1305.81,82561,1612
2026-03-28,EMAIL-Nurture,Email,436.07,39399,2326
2026-03-28,EMAIL-Reactivation,Email,377.95,29835,1720
2026-03-28,SEO-Content,Organic Search,281.91,98833,3396
2026-03-28,SEO-Product,Organic Search,248.31,118398,4118
2026-03-28,DISPLAY-Prospecting,Display,815.89,59823,554
2026-03-28,DISPLAY-Retargeting,Display,1061.26,107494,1095
2026-03-28,REF-Partner,Referral,427.28,45818,1300
2026-03-28,REF-Customer,Referral,462.82,152714,4358
2026-03-29,PS-Brand,Paid Search,1794.54,46946,2223
2026-03-29,PS-NonBrand,Paid Search,1881.37,37230,1730
2026-03-29,META-Prospecting,Paid Social,1550.77,70868,1259
2026-03-29,META-Retargeting,Paid Social,1305.37,102798,1956
2026-03-29,EMAIL-Nurture,Email,514.83,51997,3144
2026-03-29,EMAIL-Reactivation,Email,436.06,36255,2186
2026-03-29,SEO-Content,Organic Search,300.68,99705,3316
2026-03-29,SEO-Product,Organic Search,339.69,181508,6220
2026-03-29,DISPLAY-Prospecting,Display,754.4,55659,525
2026-03-29,DISPLAY-Retargeting,Display,1039.89,123650,1207
2026-03-29,REF-Partner,Referral,411.54,53146,1461
2026-03-29,REF-Customer,Referral,560.54,157967,4424
2026-03-30,PS-Brand,Paid Search,2093.3,58585,2725
2026-03-30,PS-NonBrand,Paid Search,1990.64,40551,1867
2026-03-30,META-Prospecting,Paid Social,1787.46,89594,1589
2026-03-30,META-Retargeting,Paid Social,1471.46,109433,2034
2026-03-30,EMAIL-Nurture,Email,611.4,55571,3260
2026-03-30,EMAIL-Reactivation,Email,632.63,52127,3072
2026-03-30,SEO-Content,Organic Search,346.25,139091,4781
2026-03-30,SEO-Product,Organic Search,325.68,171361,6014
2026-03-30,DISPLAY-Prospecting,Display,1266.48,105796,1002
2026-03-30,DISPLAY-Retargeting,Display,1329.34,162429,1734
2026-03-30,REF-Partner,Referral,539.42,64899,1728
2026-03-30,REF-Customer,Referral,463.84,133987,3738
2026-03-31,PS-Brand,Paid Search,2111.16,55795,2599
2026-03-31,PS-NonBrand,Paid Search,2156.4,40964,1799
2026-03-31,META-Prospecting,Paid Social,1541.17,70422,1314
2026-03-31,META-Retargeting,Paid Social,2041.67,156663,3018
2026-03-31,EMAIL-Nurture,Email,648.09,56904,3458
2026-03-31,EMAIL-Reactivation,Email,627.42,53841,3079
2026-03-31,SEO-Content,Organic Search,388.14,150225,5167
2026-03-31,SEO-Product,Organic Search,389.2,184623,6470
2026-03-31,DISPLAY-Prospecting,Display,1478.37,101525,990
2026-03-31,DISPLAY-Retargeting,Display,1409.78,150939,1534
2026-03-31,REF-Partner,Referral,447.94,53022,1477
2026-03-31,REF-Customer,Referral,576.49,152182,4175
2026-04-01,PS-Brand,Paid Search,2423.4,62975,2982
2026-04-01,PS-NonBrand,Paid Search,2355.18,51829,2275
2026-04-01,META-Prospecting,Paid Social,1829.39,85775,1557
2026-04-01,META-Retargeting,Paid Social,2021.54,159907,3038
2026-04-01,EMAIL-Nurture,Email,716.93,63354,3767
2026-04-01,EMAIL-Reactivation,Email,693.95,57930,3311
2026-04-01,SEO-Content,Organic Search,384.82,149771,5029
2026-04-01,SEO-Product,Organic Search,415.73,202159,6926
2026-04-01,DISPLAY-Prospecting,Display,1316.52,97320,922
2026-04-01,DISPLAY-Retargeting,Display,1305.81,143707,1433
2026-04-01,REF-Partner,Referral,526.99,59616,1595
2026-04-01,REF-Customer,Referral,618.71,185233,5151
2026-04-02,PS-Brand,Paid Search,2119.59,54244,2556
2026-04-02,PS-NonBrand,Paid Search,2083.01,44020,1988
2026-04-02,META-Prospecting,Paid Social,1494.21,72554,1257
2026-04-02,META-Retargeting,Paid Social,1794.5,122385,2325
2026-04-02,EMAIL-Nurture,Email,607.75,55372,3350
2026-04-02,EMAIL-Reactivation,Email,796.62,55873,3173
2026-04-02,SEO-Content,Organic Search,410.86,154107,5160
2026-04-02,SEO-Product,Organic Search,345.8,172714,5996
2026-04-02,DISPLAY-Prospecting,Display,1631.53,128148,1222
2026-04-02,DISPLAY-Retargeting,Display,1288.7,134599,1332
2026-04-02,REF-Partner,Referral,512.78,64925,1766
2026-04-02,REF-Customer,Referral,531.71,158804,4540
2026-04-03,PS-Brand,Paid Search,1502.46,41878,1913
2026-04-03,PS-NonBrand,Paid Search,2134.67,45193,2046
2026-04-03,META-Prospecting,Paid Social,1760.39,87470,1542
2026-04-03,META-Retargeting,Paid Social,1621.28,128042,2420
2026-04-03,EMAIL-Nurture,Email,567.66,53684,3153
2026-04-03,EMAIL-Reactivation,Email,521.76,36243,2074
2026-04-03,SEO-Content,Organic Search,304.03,112515,3724
2026-04-03,SEO-Product,Organic Search,279.18,148324,5095
2026-04-03,DISPLAY-Prospecting,Display,1202.17,98039,925
2026-04-03,DISPLAY-Retargeting,Display,1184.11,144892,1505
2026-04-03,REF-Partner,Referral,554.58,73097,2085
2026-04-03,REF-Customer,Referral,485.69,129006,3531
2026-04-04,PS-Brand,Paid Search,1397.84,36837,1739
2026-04-04,PS-NonBrand,Paid Search,1558.31,33357,1534
2026-04-04,META-Prospecting,Paid Social,1520.82,77987,1355
2026-04-04,META-Retargeting,Paid Social,1547.76,103136,1908
2026-04-04,EMAIL-Nurture,Email,582.37,59357,3556
2026-04-04,EMAIL-Reactivation,Email,540.09,46646,2787
2026-04-04,SEO-Content,Organic Search,291.44,96042,3311
2026-04-04,SEO-Product,Organic Search,268.07,137802,4778
2026-04-04,DISPLAY-Prospecting,Display,1113.39,95193,902
2026-04-04,DISPLAY-Retargeting,Display,772.52,92505,907
2026-04-04,REF-Partner,Referral,417.68,56278,1459
2026-04-04,REF-Customer,Referral,464.71,140609,3923
2026-04-05,PS-Brand,Paid Search,1605.26,40694,1835
2026-04-05,PS-NonBrand,Paid Search,1363.5,29530,1338
2026-04-05,META-Prospecting,Paid Social,1539.55,72479,1320
2026-04-05,META-Retargeting,Paid Social,1365.81,100881,1909
2026-04-05,EMAIL-Nurture,Email,544.87,52712,3196
2026-04-05,EMAIL-Reactivation,Email,571.8,40326,2406
2026-04-05,SEO-Content,Organic Search,281.22,100873,3557
2026-04-05,SEO-Product,Organic Search,278.74,121839,4357
2026-04-05,DISPLAY-Prospecting,Display,1001.33,81004,771
2026-04-05,DISPLAY-Retargeting,Display,1265.21,149902,1519
2026-04-05,REF-Partner,Referral,435.18,55955,1502
2026-04-05,REF-Customer,Referral,466.87,151714,4325
2026-04-06,PS-Brand,Paid Search,2033.66,49350,2347
2026-04-06,PS-NonBrand,Paid Search,2002.88,38996,1815
2026-04-06,META-Prospecting,Paid Social,1524.62,82113,1479
2026-04-06,META-Retargeting,Paid Social,2131.68,146257,2819
2026-04-06,EMAIL-Nurture,Email,541.3,49755,2956
2026-04-06,EMAIL-Reactivation,Email,548.9,45422,2576
2026-04-06,SEO-Content,Organic Search,282.05,109232,3723
2026-04-06,SEO-Product,Organic Search,292.54,145193,5062
2026-04-06,DISPLAY-Prospecting,Display,1183.73,80700,775
2026-04-06,DISPLAY-Retargeting,Display,1303.39,136684,1442
2026-04-06,REF-Partner,Referral,482.6,52654,1470
2026-04-06,REF-Customer,Referral,453.85,134198,3758
2026-04-07,PS-Brand,Paid Search,2027.74,54787,2510
2026-04-07,PS-NonBrand,Paid Search,1961.65,44369,2059
2026-04-07,META-Prospecting,Paid Social,1686.29,80027,1408
2026-04-07,META-Retargeting,Paid Social,1829.23,140081,2565
2026-04-07,EMAIL-Nurture,Email,763.55,79725,4661
2026-04-07,EMAIL-Reactivation,Email,618.83,48992,2883
2026-04-07,SEO-Content,Organic Search,414.45,158956,5450
2026-04-07,SEO-Product,Organic Search,390.96,165638,5575
2026-04-07,DISPLAY-Prospecting,Display,1389.23,94226,905
2026-04-07,DISPLAY-Retargeting,Display,1168.99,119195,1133
2026-04-07,REF-Partner,Referral,498.09,58410,1630
2026-04-07,REF-Customer,Referral,539.68,148838,4191
2026-04-08,PS-Brand,Paid Search,2384.27,56905,2686
2026-04-08,PS-NonBrand,Paid Search,2244.33,51944,2324
2026-04-08,META-Prospecting,Paid Social,1636.51,85362,1486
2026-04-08,META-Retargeting,Paid Social,1866.58,119171,2241
2026-04-08,EMAIL-Nurture,Email,799.36,83328,5001
2026-04-08,EMAIL-Reactivation,Email,627.35,52863,3068
2026-04-08,SEO-Content,Organic Search,402.98,163026,5572
2026-04-08,SEO-Product,Organic Search,409.21,180337,6209
2026-04-08,DISPLAY-Prospecting,Display,1315.72,93491,911
2026-04-08,DISPLAY-Retargeting,Display,1367.7,146627,1488
2026-04-08,REF-Partner,Referral,534.1,68974,1906
2026-04-08,REF-Customer,Referral,605.3,163199,4454
2026-04-09,PS-Brand,Paid Search,1922.18,42858,2035
2026-04-09,PS-NonBrand,Paid Search,1779.77,33586,1478
2026-04-09,META-Prospecting,Paid Social,1962.35,100941,1798
2026-04-09,META-Retargeting,Paid Social,1733.54,115510,2190
2026-04-09,EMAIL-Nurture,Email,742.08,67149,4033
2026-04-09,EMAIL-Reactivation,Email,646.43,54141,3137
2026-04-09,SEO-Content,Organic Search,352.54,134987,4561
2026-04-09,SEO-Product,Organic Search,364.23,180755,6268
2026-04-09,DISPLAY-Prospecting,Display,1330.03,95344,936
2026-04-09,DISPLAY-Retargeting,Display,1320.04,136382,1384
2026-04-09,REF-Partner,Referral,540.6,60401,1736
2026-04-09,REF-Customer,Referral,528.27,139617,4000
2026-04-10,PS-Brand,Paid Search,2310.91,60865,2924
2026-04-10,PS-NonBrand,Paid Search,1744.49,38319,1706
2026-04-10,META-Prospecting,Paid Social,1666.54,77435,1375
2026-04-10,META-Retargeting,Paid Social,1739.97,137158,2601
2026-04-10,EMAIL-Nurture,Email,602.44,54860,3291
2026-04-10,EMAIL-Reactivation,Email,647.73,55860,3258
2026-04-10,SEO-Content,Organic Search,333.56,130673,4406
2026-04-10,SEO-Product,Organic Search,365.1,189088,6568
2026-04-10,DISPLAY-Prospecting,Display,1296.37,108161,968
2026-04-10,DISPLAY-Retargeting,Display,1465.56,149392,1558
2026-04-10,REF-Partner,Referral,511.13,66630,1853
2026-04-10,REF-Customer,Referral,519.96,144649,4154
2026-04-11,PS-Brand,Paid Search,1820.76,41540,1892
2026-04-11,PS-NonBrand,Paid Search,2143.66,45230,2098
2026-04-11,META-Prospecting,Paid Social,1482.53,64539,1208
2026-04-11,META-Retargeting,Paid Social,1578.21,98461,1803
2026-04-11,EMAIL-Nurture,Email,506.88,42121,2481
2026-04-11,EMAIL-Reactivation,Email,469.19,35583,2048
2026-04-11,SEO-Content,Organic Search,354.91,118109,4103
2026-04-11,SEO-Product,Organic Search,322.14,167447,5876
2026-04-11,DISPLAY-Prospecting,Display,1199.61,101520,996
2026-04-11,DISPLAY-Retargeting,Display,1105.0,133494,1338
2026-04-11,REF-Partner,Referral,459.57,59402,1643
2026-04-11,REF-Customer,Referral,504.3,138431,3961
2026-04-12,PS-Brand,Paid Search,2405.38,63646,2965
2026-04-12,PS-NonBrand,Paid Search,1936.39,44181,1958
2026-04-12,META-Prospecting,Paid Social,1466.37,67138,1209
2026-04-12,META-Retargeting,Paid Social,1175.44,81577,1474
2026-04-12,EMAIL-Nurture,Email,621.99,58513,3575
2026-04-12,EMAIL-Reactivation,Email,702.74,61427,3660
2026-04-12,SEO-Content,Organic Search,330.98,121363,4067
2026-04-12,SEO-Product,Organic Search,347.2,154151,5415
2026-04-12,DISPLAY-Prospecting,Display,1121.8,81625,821
2026-04-12,DISPLAY-Retargeting,Display,1198.45,134486,1383
2026-04-12,REF-Partner,Referral,490.14,55466,1557
2026-04-12,REF-Customer,Referral,447.62,148033,4125
2026-04-13,PS-Brand,Paid Search,2151.36,53907,2415
2026-04-13,PS-NonBrand,Paid Search,2242.13,45240,2067
2026-04-13,META-Prospecting,Paid Social,1662.6,90180,1612
2026-04-13,META-Retargeting,Paid Social,1378.83,100561,1865
2026-04-13,EMAIL-Nurture,Email,667.84,56245,3496
2026-04-13,EMAIL-Reactivation,Email,618.0,43992,2558
2026-04-13,SEO-Content,Organic Search,300.47,100077,3462
2026-04-13,SEO-Product,Organic Search,384.08,187855,6527
2026-04-13,DISPLAY-Prospecting,Display,1432.07,118524,1149
2026-04-13,DISPLAY-Retargeting,Display,1275.43,135484,1393
2026-04-13,REF-Partner,Referral,553.6,65945,1843
2026-04-13,REF-Customer,Referral,357.12,105094,2991
2026-04-14,PS-Brand,Paid Search,2468.23,55280,2606
2026-04-14,PS-NonBrand,Paid Search,2265.02,53053,2398
2026-04-14,META-Prospecting,Paid Social,1514.58,73883,1311
2026-04-14,META-Retargeting,Paid Social,1727.06,110761,2089
2026-04-14,EMAIL-Nurture,Email,689.14,67778,4028
2026-04-14,EMAIL-Reactivation,Email,724.7,63684,3706
2026-04-14,SEO-Content,Organic Search,361.68,121608,4192
2026-04-14,SEO-Product,Organic Search,323.95,164131,5860
2026-04-14,DISPLAY-Prospecting,Display,1104.31,93077,916
2026-04-14,DISPLAY-Retargeting,Display,1470.37,143281,1448
2026-04-14,REF-Partner,Referral,516.88,59856,1653
2026-04-14,REF-Customer,Referral,583.45,191621,5546
2026-04-15,PS-Brand,Paid Search,2152.93,56729,2618
2026-04-15,PS-NonBrand,Paid Search,2029.42,37656,1689
2026-04-15,META-Prospecting,Paid Social,1601.07,85106,1508
2026-04-15,META-Retargeting,Paid Social,1780.84,128423,2278
2026-04-15,EMAIL-Nurture,Email,632.84,59402,3604
2026-04-15,EMAIL-Reactivation,Email,660.4,47739,2658
2026-04-15,SEO-Content,Organic Search,343.61,132316,4581
2026-04-15,SEO-Product,Organic Search,331.82,144562,4880
2026-04-15,DISPLAY-Prospecting,Display,1277.31,102949,987
2026-04-15,DISPLAY-Retargeting,Display,1133.43,130012,1308
2026-04-15,REF-Partner,Referral,561.16,73703,2116
2026-04-15,REF-Customer,Referral,587.4,158634,4378
2026-04-16,PS-Brand,Paid Search,2299.92,64027,2944
2026-04-16,PS-NonBrand,Paid Search,2357.97,47474,2163
2026-04-16,META-Prospecting,Paid Social,1681.08,78410,1414
2026-04-16,META-Retargeting,Paid Social,1727.7,135482,2578
2026-04-16,EMAIL-Nurture,Email,637.84,53431,3205
2026-04-16,EMAIL-Reactivation,Email,676.5,48830,2869
2026-04-16,SEO-Content,Organic Search,390.41,129962,4388
2026-04-16,SEO-Product,Organic Search,423.51,201569,6950
2026-04-16,DISPLAY-Prospecting,Display,1338.44,91790,834
2026-04-16,DISPLAY-Retargeting,Display,1188.35,119662,1190
2026-04-16,REF-Partner,Referral,566.17,61038,1677
2026-04-16,REF-Customer,Referral,463.9,150232,4196
2026-04-17,PS-Brand,Paid Search,2380.48,57683,2679
2026-04-17,PS-NonBrand,Paid Search,2161.55,48070,2144
2026-04-17,META-Prospecting,Paid Social,1644.61,80803,1380
2026-04-17,META-Retargeting,Paid Social,1597.65,122119,2341
2026-04-17,EMAIL-Nurture,Email,599.97,53538,3230
2026-04-17,EMAIL-Reactivation,Email,640.54,52550,2972
2026-04-17,SEO-Content,Organic Search,339.1,128879,4432
2026-04-17,SEO-Product,Organic Search,371.0,158091,5509
2026-04-17,DISPLAY-Prospecting,Display,1310.99,97218,942
2026-04-17,DISPLAY-Retargeting,Display,1289.99,129249,1298
2026-04-17,REF-Partner,Referral,493.75,65596,1764
2026-04-17,REF-Customer,Referral,488.64,155177,4388
2026-04-18,PS-Brand,Paid Search,1701.88,42769,2031
2026-04-18,PS-NonBrand,Paid Search,1738.97,33948,1538
2026-04-18,META-Prospecting,Paid Social,1456.08,69467,1200
2026-04-18,META-Retargeting,Paid Social,1248.9,89847,1770
2026-04-18,EMAIL-Nurture,Email,605.45,59187,3545
2026-04-18,EMAIL-Reactivation,Email,570.51,47209,2831
2026-04-18,SEO-Content,Organic Search,273.31,96677,3296
2026-04-18,SEO-Product,Organic Search,336.38,152055,5258
2026-04-18,DISPLAY-Prospecting,Display,890.57,66911,665
2026-04-18,DISPLAY-Retargeting,Display,1278.6,135515,1338
2026-04-18,REF-Partner,Referral,490.58,57617,1519
2026-04-18,REF-Customer,Referral,399.88,131900,3791
2026-04-19,PS-Brand,Paid Search,1522.65,36587,1743
2026-04-19,PS-NonBrand,Paid Search,1772.62,40936,1841
2026-04-19,META-Prospecting,Paid Social,1350.29,64531,1177
2026-04-19,META-Retargeting,Paid Social,1577.92,104420,1972
2026-04-19,EMAIL-Nurture,Email,472.87,42580,2547
2026-04-19,EMAIL-Reactivation,Email,624.88,48703,2719
2026-04-19,SEO-Content,Organic Search,282.92,112079,3780
2026-04-19,SEO-Product,Organic Search,268.57,118632,4210
2026-04-19,DISPLAY-Prospecting,Display,1216.9,99365,963
2026-04-19,DISPLAY-Retargeting,Display,977.55,112095,1069
2026-04-19,REF-Partner,Referral,400.4,53964,1471
2026-04-19,REF-Customer,Referral,395.15,118198,3354
2026-04-20,PS-Brand,Paid Search,2003.79,45924,2221
2026-04-20,PS-NonBrand,Paid Search,2048.22,42907,1925
2026-04-20,META-Prospecting,Paid Social,1953.63,103047,1837
2026-04-20,META-Retargeting,Paid Social,1362.97,94697,1751
2026-04-20,EMAIL-Nurture,Email,564.89,53728,3232
2026-04-20,EMAIL-Reactivation,Email,486.22,35367,2011
2026-04-20,SEO-Content,Organic Search,335.92,133103,4650
2026-04-20,SEO-Product,Organic Search,366.69,193353,6723
2026-04-20,DISPLAY-Prospecting,Display,1085.08,87848,791
2026-04-20,DISPLAY-Retargeting,Display,1225.66,146135,1486
2026-04-20,REF-Partner,Referral,617.09,80330,2206
2026-04-20,REF-Customer,Referral,445.7,139436,3924
2026-04-21,PS-Brand,Paid Search,2691.91,70426,3311
2026-04-21,PS-NonBrand,Paid Search,2428.22,51506,2293
2026-04-21,META-Prospecting,Paid Social,1543.4,70056,1220
2026-04-21,META-Retargeting,Paid Social,2060.33,163129,3102
2026-04-21,EMAIL-Nurture,Email,726.52,63635,3813
2026-04-21,EMAIL-Reactivation,Email,607.7,44912,2671
2026-04-21,SEO-Content,Organic Search,401.44,150925,5036
2026-04-21,SEO-Product,Organic Search,371.56,169368,5947
2026-04-21,DISPLAY-Prospecting,Display,1372.2,97830,942
2026-04-21,DISPLAY-Retargeting,Display,1448.5,162346,1672
2026-04-21,REF-Partner,Referral,620.19,72975,2087
2026-04-21,REF-Customer,Referral,548.64,165496,4675
2026-04-22,PS-Brand,Paid Search,2097.68,55039,2632
2026-04-22,PS-NonBrand,Paid Search,2213.36,41172,1836
2026-04-22,META-Prospecting,Paid Social,1756.93,95074,1746
2026-04-22,META-Retargeting,Paid Social,1800.37,134517,2535
2026-04-22,EMAIL-Nurture,Email,640.73,56401,3399
2026-04-22,EMAIL-Reactivation,Email,595.6,49963,2888
2026-04-22,SEO-Content,Organic Search,364.65,137481,4679
2026-04-22,SEO-Product,Organic Search,352.62,188560,6474
2026-04-22,DISPLAY-Prospecting,Display,1417.09,106991,1032
2026-04-22,DISPLAY-Retargeting,Display,1229.25,139431,1459
2026-04-22,REF-Partner,Referral,420.88,45712,1247
2026-04-22,REF-Customer,Referral,639.83,207103,5741
2026-04-23,PS-Brand,Paid Search,1850.51,49766,2376
2026-04-23,PS-NonBrand,Paid Search,2099.68,45440,1997
2026-04-23,META-Prospecting,Paid Social,1837.71,97223,1764
2026-04-23,META-Retargeting,Paid Social,1914.61,127742,2376
2026-04-23,EMAIL-Nurture,Email,690.68,69630,4207
2026-04-23,EMAIL-Reactivation,Email,740.18,57196,3235
2026-04-23,SEO-Content,Organic Search,410.73,134126,4541
2026-04-23,SEO-Product,Organic Search,365.42,156565,5631
2026-04-23,DISPLAY-Prospecting,Display,1336.17,101598,901
2026-04-23,DISPLAY-Retargeting,Display,1299.54,156003,1552
2026-04-23,REF-Partner,Referral,571.47,73444,2069
2026-04-23,REF-Customer,Referral,510.43,155125,4468
2026-04-24,PS-Brand,Paid Search,1908.26,51342,2393
2026-04-24,PS-NonBrand,Paid Search,2103.07,43196,2021
2026-04-24,META-Prospecting,Paid Social,1842.22,92971,1648
2026-04-24,META-Retargeting,Paid Social,1505.67,113117,2084
2026-04-24,EMAIL-Nurture,Email,578.27,53099,3035
2026-04-24,EMAIL-Reactivation,Email,686.45,54021,3227
2026-04-24,SEO-Content,Organic Search,316.6,121886,4144
2026-04-24,SEO-Product,Organic Search,363.61,185234,6415
2026-04-24,DISPLAY-Prospecting,Display,1150.99,88015,814
2026-04-24,DISPLAY-Retargeting,Display,1289.08,153862,1583
2026-04-24,REF-Partner,Referral,472.27,57434,1648
2026-04-24,REF-Customer,Referral,415.35,108980,3124
2026-04-25,PS-Brand,Paid Search,1551.59,42315,1969
2026-04-25,PS-NonBrand,Paid Search,1913.32,37221,1722
2026-04-25,META-Prospecting,Paid Social,1623.55,85311,1484
2026-04-25,META-Retargeting,Paid Social,1708.76,121545,2303
2026-04-25,EMAIL-Nurture,Email,595.27,57912,3479
2026-04-25,EMAIL-Reactivation,Email,493.69,37977,2219
2026-04-25,SEO-Content,Organic Search,325.27,124278,4224
2026-04-25,SEO-Product,Organic Search,288.27,140173,4783
2026-04-25,DISPLAY-Prospecting,Display,1314.56,99429,938
2026-04-25,DISPLAY-Retargeting,Display,853.62,93519,892
2026-04-25,REF-Partner,Referral,319.46,40956,1164
2026-04-25,REF-Customer,Referral,339.86,110944,3136
2026-04-26,PS-Brand,Paid Search,1776.92,40928,1947
2026-04-26,PS-NonBrand,Paid Search,1853.98,40603,1748
2026-04-26,META-Prospecting,Paid Social,1866.59,89561,1599
2026-04-26,META-Retargeting,Paid Social,1190.86,75574,1431
2026-04-26,EMAIL-Nurture,Email,510.29,45308,2815
2026-04-26,EMAIL-Reactivation,Email,550.77,38806,2147
2026-04-26,SEO-Content,Organic Search,314.6,109854,3765
2026-04-26,SEO-Product,Organic Search,311.13,165686,5863
2026-04-26,DISPLAY-Prospecting,Display,872.86,72274,703
2026-04-26,DISPLAY-Retargeting,Display,1026.44,111690,1112
2026-04-26,REF-Partner,Referral,497.47,56685,1581
2026-04-26,REF-Customer,Referral,481.27,141531,3919
2026-04-27,PS-Brand,Paid Search,1591.56,42780,1968
2026-04-27,PS-NonBrand,Paid Search,2091.54,38981,1779
2026-04-27,META-Prospecting,Paid Social,1435.05,74805,1309
2026-04-27,META-Retargeting,Paid Social,1747.25,126060,2361
2026-04-27,EMAIL-Nurture,Email,667.04,61170,3621
2026-04-27,EMAIL-Reactivation,Email,546.47,46496,2735
2026-04-27,SEO-Content,Organic Search,349.42,139316,4709
2026-04-27,SEO-Product,Organic Search,298.61,133249,4544
2026-04-27,DISPLAY-Prospecting,Display,1293.98,102090,952
2026-04-27,DISPLAY-Retargeting,Display,1321.47,147881,1580
2026-04-27,REF-Partner,Referral,515.44,64844,1780
2026-04-27,REF-Customer,Referral,631.23,172104,4928
2026-04-28,PS-Brand,Paid Search,2175.2,58318,2664
2026-04-28,PS-NonBrand,Paid Search,2445.95,48660,2194
2026-04-28,META-Prospecting,Paid Social,1592.37,86780,1580
2026-04-28,META-Retargeting,Paid Social,1880.28,145967,2818
2026-04-28,EMAIL-Nurture,Email,607.26,63254,3751
2026-04-28,EMAIL-Reactivation,Email,762.59,58305,3446
2026-04-28,SEO-Content,Organic Search,324.44,126974,4230
2026-04-28,SEO-Product,Organic Search,354.41,170015,5902
2026-04-28,DISPLAY-Prospecting,Display,1408.58,99544,969
2026-04-28,DISPLAY-Retargeting,Display,1430.46,145598,1499
2026-04-28,REF-Partner,Referral,617.67,74261,2010
2026-04-28,REF-Customer,Referral,464.4,147948,4246
2026-04-29,PS-Brand,Paid Search,1939.77,48053,2218
2026-04-29,PS-NonBrand,Paid Search,2294.02,49179,2216
2026-04-29,META-Prospecting,Paid Social,1847.25,89407,1522
2026-04-29,META-Retargeting,Paid Social,2139.62,156103,2947
2026-04-29,EMAIL-Nurture,Email,746.75,75851,4634
2026-04-29,EMAIL-Reactivation,Email,644.1,46636,2671
2026-04-29,SEO-Content,Organic Search,358.1,132896,4530
2026-04-29,SEO-Product,Organic Search,328.36,170765,5938
2026-04-29,DISPLAY-Prospecting,Display,1166.36,80313,783
2026-04-29,DISPLAY-Retargeting,Display,1298.36,136078,1322
2026-04-29,REF-Partner,Referral,558.83,68810,1874
2026-04-29,REF-Customer,Referral,510.08,135296,3848
2026-04-30,PS-Brand,Paid Search,2156.4,52448,2296
2026-04-30,PS-NonBrand,Paid Search,2421.71,50017,2241
2026-04-30,META-Prospecting,Paid Social,1561.17,76470,1396
2026-04-30,META-Retargeting,Paid Social,1799.63,113546,2110
2026-04-30,EMAIL-Nurture,Email,633.49,53132,3134
2026-04-30,EMAIL-Reactivation,Email,614.57,50859,2891
2026-04-30,SEO-Content,Organic Search,411.92,165411,5790
2026-04-30,SEO-Product,Organic Search,376.36,180114,6313
2026-04-30,DISPLAY-Prospecting,Display,1484.55,120408,1195
2026-04-30,DISPLAY-Retargeting,Display,1327.4,152937,1575
2026-04-30,REF-Partner,Referral,571.33,73280,2042
2026-04-30,REF-Customer,Referral,620.7,173268,4883
2026-05-01,PS-Brand,Paid Search,1687.92,47363,2256
2026-05-01,PS-NonBrand,Paid Search,1831.5,36270,1629
2026-05-01,META-Prospecting,Paid Social,1804.66,93732,1614
2026-05-01,META-Retargeting,Paid Social,1665.73,128314,2460
2026-05-01,EMAIL-Nurture,Email,582.63,58931,3562
2026-05-01,EMAIL-Reactivation,Email,531.38,39140,2287
2026-05-01,SEO-Content,Organic Search,335.09,136215,4602
2026-05-01,SEO-Product,Organic Search,336.49,145505,5061
2026-05-01,DISPLAY-Prospecting,Display,1204.35,92175,904
2026-05-01,DISPLAY-Retargeting,Display,1146.42,111978,1154
2026-05-01,REF-Partner,Referral,516.37,64583,1781
2026-05-01,REF-Customer,Referral,457.57,119076,3363
2026-05-02,PS-Brand,Paid Search,2157.13,52645,2479
2026-05-02,PS-NonBrand,Paid Search,1484.0,34310,1595
2026-05-02,META-Prospecting,Paid Social,1484.67,77273,1417
2026-05-02,META-Retargeting,Paid Social,1399.44,90242,1662
2026-05-02,EMAIL-Nurture,Email,502.12,51680,3097
2026-05-02,EMAIL-Reactivation,Email,457.98,39929,2208
2026-05-02,SEO-Content,Organic Search,319.16,108669,3658
2026-05-02,SEO-Product,Organic Search,312.42,158482,5672
2026-05-02,DISPLAY-Prospecting,Display,941.09,80902,785
2026-05-02,DISPLAY-Retargeting,Display,793.5,91483,959
2026-05-02,REF-Partner,Referral,449.7,60046,1693
2026-05-02,REF-Customer,Referral,471.63,152353,4368
2026-05-03,PS-Brand,Paid Search,1929.37,45349,2130
2026-05-03,PS-NonBrand,Paid Search,1583.16,31437,1430
2026-05-03,META-Prospecting,Paid Social,1263.06,57371,969
2026-05-03,META-Retargeting,Paid Social,1435.0,111387,2105
2026-05-03,EMAIL-Nurture,Email,472.73,40731,2396
2026-05-03,EMAIL-Reactivation,Email,525.25,45292,2577
2026-05-03,SEO-Content,Organic Search,294.37,119830,4210
2026-05-03,SEO-Product,Organic Search,316.44,156556,5393
2026-05-03,DISPLAY-Prospecting,Display,909.73,75943,765
2026-05-03,DISPLAY-Retargeting,Display,1218.32,136650,1399
2026-05-03,REF-Partner,Referral,445.84,56200,1524
2026-05-03,REF-Customer,Referral,413.35,130051,3616
2026-05-04,PS-Brand,Paid Search,2027.47,55092,2544
2026-05-04,PS-NonBrand,Paid Search,1944.79,38531,1767
2026-05-04,META-Prospecting,Paid Social,1716.88,90542,1514
2026-05-04,META-Retargeting,Paid Social,1170.12,78670,1481
2026-05-04,EMAIL-Nurture,Email,602.42,55521,3334
2026-05-04,EMAIL-Reactivation,Email,600.73,45641,2666
2026-05-04,SEO-Content,Organic Search,291.94,112957,3862
2026-05-04,SEO-Product,Organic Search,305.36,131256,4575
2026-05-04,DISPLAY-Prospecting,Display,1026.07,74816,718
2026-05-04,DISPLAY-Retargeting,Display,1213.44,131626,1340
2026-05-04,REF-Partner,Referral,604.6,66252,1853
2026-05-04,REF-Customer,Referral,430.83,121721,3381
2026-05-05,PS-Brand,Paid Search,2615.87,69919,3287
2026-05-05,PS-NonBrand,Paid Search,2057.47,45384,2004
2026-05-05,META-Prospecting,Paid Social,1714.69,85272,1542
2026-05-05,META-Retargeting,Paid Social,1743.62,115803,2230
2026-05-05,EMAIL-Nurture,Email,710.78,71355,4167
2026-05-05,EMAIL-Reactivation,Email,637.23,49226,2860
2026-05-05,SEO-Content,Organic Search,338.18,127091,4364
2026-05-05,SEO-Product,Organic Search,371.39,175337,6150
2026-05-05,DISPLAY-Prospecting,Display,1325.23,102478,968
2026-05-05,DISPLAY-Retargeting,Display,1350.63,148888,1489
2026-05-05,REF-Partner,Referral,565.12,70952,2037
2026-05-05,REF-Customer,Referral,486.17,137357,3904
2026-05-06,PS-Brand,Paid Search,1778.64,47939,2242
2026-05-06,PS-NonBrand,Paid Search,2363.77,55313,2556
2026-05-06,META-Prospecting,Paid Social,2098.93,97074,1816
2026-05-06,META-Retargeting,Paid Social,1776.51,131453,2484
2026-05-06,EMAIL-Nurture,Email,758.59,74024,4412
2026-05-06,EMAIL-Reactivation,Email,813.3,67707,3949
2026-05-06,SEO-Content,Organic Search,354.43,141407,4827
2026-05-06,SEO-Product,Organic Search,395.74,199056,6838
2026-05-06,DISPLAY-Prospecting,Display,1224.98,96274,872
2026-05-06,DISPLAY-Retargeting,Display,1068.73,126008,1224
2026-05-06,REF-Partner,Referral,576.31,77161,2157
2026-05-06,REF-Customer,Referral,611.57,189538,5386
2026-05-07,PS-Brand,Paid Search,1967.57,53919,2485
2026-05-07,PS-NonBrand,Paid Search,2091.44,43951,1987
2026-05-07,META-Prospecting,Paid Social,1889.16,83507,1516
2026-05-07,META-Retargeting,Paid Social,1832.35,133338,2492
2026-05-07,EMAIL-Nurture,Email,698.75,58910,3612
2026-05-07,EMAIL-Reactivation,Email,650.92,47166,2730
2026-05-07,SEO-Content,Organic Search,364.93,138199,4666
2026-05-07,SEO-Product,Organic Search,393.89,200579,7055
2026-05-07,DISPLAY-Prospecting,Display,1247.97,86629,862
2026-05-07,DISPLAY-Retargeting,Display,1345.66,157974,1579
2026-05-07,REF-Partner,Referral,471.5,56632,1554
2026-05-07,REF-Customer,Referral,532.28,165579,4689
2026-05-08,PS-Brand,Paid Search,1795.65,50612,2287
2026-05-08,PS-NonBrand,Paid Search,2303.56,49455,2226
2026-05-08,META-Prospecting,Paid Social,1247.24,55422,966
2026-05-08,META-Retargeting,Paid Social,1618.59,118727,2210
2026-05-08,EMAIL-Nurture,Email,715.67,66631,3942
2026-05-08,EMAIL-Reactivation,Email,529.62,44386,2582
2026-05-08,SEO-Content,Organic Search,340.89,111284,3795
2026-05-08,SEO-Product,Organic Search,397.49,179422,6236
2026-05-08,DISPLAY-Prospecting,Display,1105.27,80710,773
2026-05-08,DISPLAY-Retargeting,Display,1072.4,123482,1235
2026-05-08,REF-Partner,Referral,503.22,58094,1492
2026-05-08,REF-Customer,Referral,455.11,129801,3665
2026-05-09,PS-Brand,Paid Search,1711.16,41115,1876
2026-05-09,PS-NonBrand,Paid Search,1754.72,33119,1516
2026-05-09,META-Prospecting,Paid Social,1375.29,73874,1346
2026-05-09,META-Retargeting,Paid Social,1723.58,118107,2189
2026-05-09,EMAIL-Nurture,Email,707.0,71512,4271
2026-05-09,EMAIL-Reactivation,Email,452.48,36742,2097
2026-05-09,SEO-Content,Organic Search,302.74,120053,4031
2026-05-09,SEO-Product,Organic Search,299.32,133668,4655
2026-05-09,DISPLAY-Prospecting,Display,994.6,70588,675
2026-05-09,DISPLAY-Retargeting,Display,1303.08,126948,1331
2026-05-09,REF-Partner,Referral,460.46,53359,1461
2026-05-09,REF-Customer,Referral,453.64,128986,3747
2026-05-10,PS-Brand,Paid Search,1539.75,43100,2000
2026-05-10,PS-NonBrand,Paid Search,1662.64,34214,1560
2026-05-10,META-Prospecting,Paid Social,901.16,43632,807
2026-05-10,META-Retargeting,Paid Social,1651.67,108119,2056
2026-05-10,EMAIL-Nurture,Email,452.72,42412,2621
2026-05-10,EMAIL-Reactivation,Email,485.84,42424,2420
2026-05-10,SEO-Content,Organic Search,277.78,93026,3231
2026-05-10,SEO-Product,Organic Search,299.51,157632,5523
2026-05-10,DISPLAY-Prospecting,Display,1267.43,96611,956
2026-05-10,DISPLAY-Retargeting,Display,1070.14,130009,1267
2026-05-10,REF-Partner,Referral,430.28,55818,1525
2026-05-10,REF-Customer,Referral,435.09,142833,4028
2026-05-11,PS-Brand,Paid Search,1995.01,47868,2284
2026-05-11,PS-NonBrand,Paid Search,1992.03,38756,1765
2026-05-11,META-Prospecting,Paid Social,1486.02,68020,1178
2026-05-11,META-Retargeting,Paid Social,1572.56,105908,1992
2026-05-11,EMAIL-Nurture,Email,491.2,45042,2705
2026-05-11,EMAIL-Reactivation,Email,702.5,58026,3266
2026-05-11,SEO-Content,Organic Search,337.94,125818,4304
2026-05-11,SEO-Product,Organic Search,384.29,179933,6364
2026-05-11,DISPLAY-Prospecting,Display,1198.85,85353,829
2026-05-11,DISPLAY-Retargeting,Display,1327.02,148294,1564
2026-05-11,REF-Partner,Referral,477.94,52415,1401
2026-05-11,REF-Customer,Referral,402.11,109144,2985
2026-05-12,PS-Brand,Paid Search,2182.09,48850,2292
2026-05-12,PS-NonBrand,Paid Search,2240.6,47518,2175
2026-05-12,META-Prospecting,Paid Social,1818.03,95909,1727
2026-05-12,META-Retargeting,Paid Social,1751.37,110754,2117
2026-05-12,EMAIL-Nurture,Email,644.97,56657,3419
2026-05-12,EMAIL-Reactivation,Email,612.09,53373,3135
2026-05-12,SEO-Content,Organic Search,320.22,109385,3631
2026-05-12,SEO-Product,Organic Search,359.92,171678,5974
2026-05-12,DISPLAY-Prospecting,Display,1270.4,106538,965
2026-05-12,DISPLAY-Retargeting,Display,1192.77,141516,1458
2026-05-12,REF-Partner,Referral,583.76,62897,1727
2026-05-12,REF-Customer,Referral,660.49,209240,6012
2026-05-13,PS-Brand,Paid Search,1968.02,46973,2169
2026-05-13,PS-NonBrand,Paid Search,1889.68,37153,1601
2026-05-13,META-Prospecting,Paid Social,1888.24,81501,1420
2026-05-13,META-Retargeting,Paid Social,1655.08,103689,2055
2026-05-13,EMAIL-Nurture,Email,638.33,59833,3590
2026-05-13,EMAIL-Reactivation,Email,542.11,46507,2683
2026-05-13,SEO-Content,Organic Search,363.54,144516,4956
2026-05-13,SEO-Product,Organic Search,283.64,138277,4808
2026-05-13,DISPLAY-Prospecting,Display,1218.04,104675,1031
2026-05-13,DISPLAY-Retargeting,Display,1473.89,158831,1535
2026-05-13,REF-Partner,Referral,524.79,69378,1871
2026-05-13,REF-Customer,Referral,556.24,175138,4970
2026-05-14,PS-Brand,Paid Search,2261.45,50961,2467
2026-05-14,PS-NonBrand,Paid Search,1672.23,35117,1546
2026-05-14,META-Prospecting,Paid Social,1965.95,103548,1817
2026-05-14,META-Retargeting,Paid Social,2064.39,141529,2699
2026-05-14,EMAIL-Nurture,Email,749.79,66210,4038
2026-05-14,EMAIL-Reactivation,Email,597.06,47742,2704
2026-05-14,SEO-Content,Organic Search,380.48,129338,4269
2026-05-14,SEO-Product,Organic Search,304.3,157575,5540
2026-05-14,DISPLAY-Prospecting,Display,1353.09,95471,927
2026-05-14,DISPLAY-Retargeting,Display,1472.83,160171,1611
2026-05-14,REF-Partner,Referral,398.68,46057,1255
2026-05-14,REF-Customer,Referral,592.53,182085,5169
2026-05-15,PS-Brand,Paid Search,1969.4,47641,2190
2026-05-15,PS-NonBrand,Paid Search,1592.61,35673,1632
2026-05-15,META-Prospecting,Paid Social,1385.59,66192,1141
2026-05-15,META-Retargeting,Paid Social,1735.82,120583,2267
2026-05-15,EMAIL-Nurture,Email,546.68,53629,3108
2026-05-15,EMAIL-Reactivation,Email,592.72,43888,2488
2026-05-15,SEO-Content,Organic Search,331.91,109556,3733
2026-05-15,SEO-Product,Organic Search,325.48,145480,5053
2026-05-15,DISPLAY-Prospecting,Display,1152.34,84144,783
2026-05-15,DISPLAY-Retargeting,Display,1322.87,145735,1476
2026-05-15,REF-Partner,Referral,455.27,51100,1509
2026-05-15,REF-Customer,Referral,511.25,157595,4506
2026-05-16,PS-Brand,Paid Search,1685.74,42346,1970
2026-05-16,PS-NonBrand,Paid Search,1479.14,34144,1524
2026-05-16,META-Prospecting,Paid Social,1050.49,52238,913
2026-05-16,META-Retargeting,Paid Social,1716.48,116967,2189
2026-05-16,EMAIL-Nurture,Email,560.24,53065,3222
2026-05-16,EMAIL-Reactivation,Email,477.42,36000,2153
2026-05-16,SEO-Content,Organic Search,239.48,93352,3218
2026-05-16,SEO-Product,Organic Search,292.73,147301,5163
2026-05-16,DISPLAY-Prospecting,Display,1085.17,82638,823
2026-05-16,DISPLAY-Retargeting,Display,1084.1,118836,1157
2026-05-16,REF-Partner,Referral,344.53,39541,1158
2026-05-16,REF-Customer,Referral,343.26,99150,2766
2026-05-17,PS-Brand,Paid Search,1487.01,40566,1872
2026-05-17,PS-NonBrand,Paid Search,1853.94,36165,1565
2026-05-17,META-Prospecting,Paid Social,1493.01,69301,1231
2026-05-17,META-Retargeting,Paid Social,1114.13,76885,1403
2026-05-17,EMAIL-Nurture,Email,527.02,44671,2665
2026-05-17,EMAIL-Reactivation,Email,581.91,45283,2649
2026-05-17,SEO-Content,Organic Search,253.68,83812,2822
2026-05-17,SEO-Product,Organic Search,314.48,143402,5058
2026-05-17,DISPLAY-Prospecting,Display,1334.15,92687,902
2026-05-17,DISPLAY-Retargeting,Display,1220.2,119937,1181
2026-05-17,REF-Partner,Referral,464.87,58787,1574
2026-05-17,REF-Customer,Referral,434.48,142765,3934
2026-05-18,PS-Brand,Paid Search,1994.16,54142,2489
2026-05-18,PS-NonBrand,Paid Search,1687.3,36119,1603
2026-05-18,META-Prospecting,Paid Social,1555.96,74156,1367
2026-05-18,META-Retargeting,Paid Social,1676.02,113386,2087
2026-05-18,EMAIL-Nurture,Email,612.57,59475,3534
2026-05-18,EMAIL-Reactivation,Email,515.02,38496,2262
2026-05-18,SEO-Content,Organic Search,351.55,115341,3844
2026-05-18,SEO-Product,Organic Search,350.07,170890,5806
2026-05-18,DISPLAY-Prospecting,Display,1386.33,103544,1019
2026-05-18,DISPLAY-Retargeting,Display,1163.35,119874,1209
2026-05-18,REF-Partner,Referral,580.68,67740,1958
2026-05-18,REF-Customer,Referral,497.82,149924,4267
2026-05-19,PS-Brand,Paid Search,2131.84,55419,2552
2026-05-19,PS-NonBrand,Paid Search,2243.52,49573,2266
2026-05-19,META-Prospecting,Paid Social,1936.44,98081,1666
2026-05-19,META-Retargeting,Paid Social,2020.68,131771,2439
2026-05-19,EMAIL-Nurture,Email,683.02,66834,4020
2026-05-19,EMAIL-Reactivation,Email,599.05,48289,2849
2026-05-19,SEO-Content,Organic Search,328.98,133797,4526
2026-05-19,SEO-Product,Organic Search,406.37,193531,6806
2026-05-19,DISPLAY-Prospecting,Display,1387.13,95149,905
2026-05-19,DISPLAY-Retargeting,Display,1508.41,177709,1807
2026-05-19,REF-Partner,Referral,503.23,60285,1665
2026-05-19,REF-Customer,Referral,516.29,138963,3878
2026-05-20,PS-Brand,Paid Search,2334.97,55547,2607
2026-05-20,PS-NonBrand,Paid Search,2273.83,49312,2148
2026-05-20,META-Prospecting,Paid Social,1928.82,96931,1755
2026-05-20,META-Retargeting,Paid Social,2251.93,169940,3257
2026-05-20,EMAIL-Nurture,Email,630.04,53515,3183
2026-05-20,EMAIL-Reactivation,Email,686.1,50500,2946
2026-05-20,SEO-Content,Organic Search,381.46,143506,4867
2026-05-20,SEO-Product,Organic Search,507.89,234883,8272
2026-05-20,DISPLAY-Prospecting,Display,1202.44,85251,835
2026-05-20,DISPLAY-Retargeting,Display,1146.2,132127,1293
2026-05-20,REF-Partner,Referral,536.84,69322,1915
2026-05-20,REF-Customer,Referral,461.79,139524,3908
2026-05-21,PS-Brand,Paid Search,2290.85,55155,2529
2026-05-21,PS-NonBrand,Paid Search,1936.23,43561,1931
2026-05-21,META-Prospecting,Paid Social,1843.25,91847,1605
2026-05-21,META-Retargeting,Paid Social,1802.08,120252,2218
2026-05-21,EMAIL-Nurture,Email,738.4,67632,4069
2026-05-21,EMAIL-Reactivation,Email,641.5,52968,3068
2026-05-21,SEO-Content,Organic Search,345.18,129545,4571
2026-05-21,SEO-Product,Organic Search,363.28,180568,6495
2026-05-21,DISPLAY-Prospecting,Display,933.24,75249,720
2026-05-21,DISPLAY-Retargeting,Display,1265.91,147918,1501
2026-05-21,REF-Partner,Referral,503.16,62111,1677
2026-05-21,REF-Customer,Referral,547.93,167554,4687
2026-05-22,PS-Brand,Paid Search,1757.81,43816,2052
2026-05-22,PS-NonBrand,Paid Search,1825.07,39548,1772
2026-05-22,META-Prospecting,Paid Social,1540.78,73884,1329
2026-05-22,META-Retargeting,Paid Social,1849.66,146599,2662
2026-05-22,EMAIL-Nurture,Email,595.01,51627,3127
2026-05-22,EMAIL-Reactivation,Email,582.35,42939,2509
2026-05-22,SEO-Content,Organic Search,298.32,103814,3591
2026-05-22,SEO-Product,Organic Search,339.85,151730,5424
2026-05-22,DISPLAY-Prospecting,Display,1415.77,102166,960
2026-05-22,DISPLAY-Retargeting,Display,1170.14,141004,1457
2026-05-22,REF-Partner,Referral,566.41,63358,1745
2026-05-22,REF-Customer,Referral,393.63,107675,3045
2026-05-23,PS-Brand,Paid Search,1737.24,46977,2162
2026-05-23,PS-NonBrand,Paid Search,2135.0,46110,2122
2026-05-23,META-Prospecting,Paid Social,1361.98,74105,1322
2026-05-23,META-Retargeting,Paid Social,972.64,75694,1294
2026-05-23,EMAIL-Nurture,Email,510.45,42606,2585
2026-05-23,EMAIL-Reactivation,Email,689.34,59512,3513
2026-05-23,SEO-Content,Organic Search,295.94,106979,3706
2026-05-23,SEO-Product,Organic Search,299.59,147049,5121
2026-05-23,DISPLAY-Prospecting,Display,905.19,71762,664
2026-05-23,DISPLAY-Retargeting,Display,932.9,111966,1139
2026-05-23,REF-Partner,Referral,365.86,44970,1191
2026-05-23,REF-Customer,Referral,387.41,102254,2822
2026-05-24,PS-Brand,Paid Search,1417.48,34711,1623
2026-05-24,PS-NonBrand,Paid Search,1700.11,32629,1454
2026-05-24,META-Prospecting,Paid Social,1329.52,65610,1143
2026-05-24,META-Retargeting,Paid Social,1408.74,100076,1830
2026-05-24,EMAIL-Nurture,Email,416.81,41639,2479
2026-05-24,EMAIL-Reactivation,Email,547.08,47747,2707
2026-05-24,SEO-Content,Organic Search,255.47,85802,2981
2026-05-24,SEO-Product,Organic Search,269.23,143929,4958
2026-05-24,DISPLAY-Prospecting,Display,1047.3,78520,742
2026-05-24,DISPLAY-Retargeting,Display,1011.78,118730,1246
2026-05-24,REF-Partner,Referral,347.58,43093,1222
2026-05-24,REF-Customer,Referral,408.99,117781,3352
2026-05-25,PS-Brand,Paid Search,1893.68,43317,2040
2026-05-25,PS-NonBrand,Paid Search,2000.55,41256,1867
2026-05-25,META-Prospecting,Paid Social,1832.01,92279,1719
2026-05-25,META-Retargeting,Paid Social,1499.5,93978,1783
2026-05-25,EMAIL-Nurture,Email,438.11,37614,2292
2026-05-25,EMAIL-Reactivation,Email,575.89,47600,2729
2026-05-25,SEO-Content,Organic Search,307.76,118447,3956
2026-05-25,SEO-Product,Organic Search,288.54,148426,5137
2026-05-25,DISPLAY-Prospecting,Display,1019.82,85479,854
2026-05-25,DISPLAY-Retargeting,Display,1324.49,156613,1598
2026-05-25,REF-Partner,Referral,440.03,56290,1545
2026-05-25,REF-Customer,Referral,385.65,104483,2997
2026-05-26,PS-Brand,Paid Search,2265.35,60814,2809
2026-05-26,PS-NonBrand,Paid Search,2187.88,50345,2257
2026-05-26,META-Prospecting,Paid Social,2075.31,91411,1565
2026-05-26,META-Retargeting,Paid Social,1720.87,125744,2316
2026-05-26,EMAIL-Nurture,Email,728.21,61119,3592
2026-05-26,EMAIL-Reactivation,Email,667.13,53799,3097
2026-05-26,SEO-Content,Organic Search,343.08,127196,4478
2026-05-26,SEO-Product,Organic Search,325.23,169903,5936
2026-05-26,DISPLAY-Prospecting,Display,1450.1,119890,1185
2026-05-26,DISPLAY-Retargeting,Display,1291.62,131298,1328
2026-05-26,REF-Partner,Referral,520.64,57339,1562
2026-05-26,REF-Customer,Referral,422.0,114156,3210
2026-05-27,PS-Brand,Paid Search,2042.88,54666,2546
2026-05-27,PS-NonBrand,Paid Search,2189.5,47465,2173
2026-05-27,META-Prospecting,Paid Social,1751.07,91298,1581
2026-05-27,META-Retargeting,Paid Social,1899.86,134586,2496
2026-05-27,EMAIL-Nurture,Email,586.34,61087,3663
2026-05-27,EMAIL-Reactivation,Email,664.35,54787,3275
2026-05-27,SEO-Content,Organic Search,423.05,136711,4642
2026-05-27,SEO-Product,Organic Search,410.86,196328,6972
2026-05-27,DISPLAY-Prospecting,Display,1194.94,101173,933
2026-05-27,DISPLAY-Retargeting,Display,1324.2,152132,1515
2026-05-27,REF-Partner,Referral,500.71,65641,1834
2026-05-27,REF-Customer,Referral,490.19,145900,4176
2026-05-28,PS-Brand,Paid Search,2133.08,57108,2664
2026-05-28,PS-NonBrand,Paid Search,2220.59,48930,2188
2026-05-28,META-Prospecting,Paid Social,1748.04,83401,1503
2026-05-28,META-Retargeting,Paid Social,1939.3,144770,2683
2026-05-28,EMAIL-Nurture,Email,624.1,51898,3012
2026-05-28,EMAIL-Reactivation,Email,577.39,42926,2428
2026-05-28,SEO-Content,Organic Search,383.23,155164,5354
2026-05-28,SEO-Product,Organic Search,350.16,148862,5153
2026-05-28,DISPLAY-Prospecting,Display,1137.16,88513,838
2026-05-28,DISPLAY-Retargeting,Display,1217.54,125289,1277
2026-05-28,REF-Partner,Referral,520.78,70379,1931
2026-05-28,REF-Customer,Referral,525.41,142450,3979
2026-05-29,PS-Brand,Paid Search,1655.73,43409,2044
2026-05-29,PS-NonBrand,Paid Search,2128.58,46383,2061
2026-05-29,META-Prospecting,Paid Social,2089.95,101316,1859
2026-05-29,META-Retargeting,Paid Social,1717.28,122696,2284
2026-05-29,EMAIL-Nurture,Email,684.88,62594,3698
2026-05-29,EMAIL-Reactivation,Email,596.92,43278,2571
2026-05-29,SEO-Content,Organic Search,329.53,122353,4141
2026-05-29,SEO-Product,Organic Search,334.19,152069,5247
2026-05-29,DISPLAY-Prospecting,Display,991.52,76586,720
2026-05-29,DISPLAY-Retargeting,Display,767.36,92345,911
2026-05-29,REF-Partner,Referral,449.69,49779,1432
2026-05-29,REF-Customer,Referral,538.73,159394,4492
2026-05-30,PS-Brand,Paid Search,1372.23,33984,1658
2026-05-30,PS-NonBrand,Paid Search,1558.01,36610,1621
2026-05-30,META-Prospecting,Paid Social,1562.78,78289,1477
2026-05-30,META-Retargeting,Paid Social,1261.19,83248,1606
2026-05-30,EMAIL-Nurture,Email,493.74,42657,2559
2026-05-30,EMAIL-Reactivation,Email,569.49,41388,2319
2026-05-30,SEO-Content,Organic Search,291.87,100510,3479
2026-05-30,SEO-Product,Organic Search,318.83,155475,5416
2026-05-30,DISPLAY-Prospecting,Display,1046.71,71941,678
2026-05-30,DISPLAY-Retargeting,Display,1224.93,131026,1285
2026-05-30,REF-Partner,Referral,362.93,46860,1330
2026-05-30,REF-Customer,Referral,384.79,119939,3441
2026-05-31,PS-Brand,Paid Search,1765.81,45475,2137
2026-05-31,PS-NonBrand,Paid Search,1817.98,42305,1908
2026-05-31,META-Prospecting,Paid Social,1445.23,61948,1153
2026-05-31,META-Retargeting,Paid Social,1341.3,90456,1756
2026-05-31,EMAIL-Nurture,Email,468.37,38765,2307
2026-05-31,EMAIL-Reactivation,Email,387.99,30089,1699
2026-05-31,SEO-Content,Organic Search,311.77,127069,4402
2026-05-31,SEO-Product,Organic Search,202.25,85467,3017
2026-05-31,DISPLAY-Prospecting,Display,943.71,75108,743
2026-05-31,DISPLAY-Retargeting,Display,1209.0,122549,1256
2026-05-31,REF-Partner,Referral,467.52,55729,1502
2026-05-31,REF-Customer,Referral,397.53,123355,3456
2026-06-01,PS-Brand,Paid Search,1941.05,52389,2381
2026-06-01,PS-NonBrand,Paid Search,1531.1,29272,1273
2026-06-01,META-Prospecting,Paid Social,1622.17,74941,1331
2026-06-01,META-Retargeting,Paid Social,1740.8,130297,2458
2026-06-01,EMAIL-Nurture,Email,558.77,53351,3207
2026-06-01,EMAIL-Reactivation,Email,510.13,44536,2555
2026-06-01,SEO-Content,Organic Search,330.23,108780,3666
2026-06-01,SEO-Product,Organic Search,307.2,135524,4685
2026-06-01,DISPLAY-Prospecting,Display,956.18,64759,617
2026-06-01,DISPLAY-Retargeting,Display,918.2,104744,1075
2026-06-01,REF-Partner,Referral,422.2,53830,1477
2026-06-01,REF-Customer,Referral,478.93,144204,3978
2026-06-02,PS-Brand,Paid Search,2103.63,57519,2782
2026-06-02,PS-NonBrand,Paid Search,2344.61,46390,2144
2026-06-02,META-Prospecting,Paid Social,1392.58,67992,1239
2026-06-02,META-Retargeting,Paid Social,1626.32,112535,2098
2026-06-02,EMAIL-Nurture,Email,584.7,56734,3316
2026-06-02,EMAIL-Reactivation,Email,655.56,53402,3095
2026-06-02,SEO-Content,Organic Search,401.44,142504,4914
2026-06-02,SEO-Product,Organic Search,396.69,180025,6257
2026-06-02,DISPLAY-Prospecting,Display,1190.84,87749,884
2026-06-02,DISPLAY-Retargeting,Display,1338.32,145165,1477
2026-06-02,REF-Partner,Referral,508.49,61859,1698
2026-06-02,REF-Customer,Referral,519.59,169707,4851
2026-06-03,PS-Brand,Paid Search,1915.55,49496,2318
2026-06-03,PS-NonBrand,Paid Search,2400.44,53403,2511
2026-06-03,META-Prospecting,Paid Social,1797.23,85812,1492
2026-06-03,META-Retargeting,Paid Social,2093.27,154764,2880
2026-06-03,EMAIL-Nurture,Email,669.91,61345,3812
2026-06-03,EMAIL-Reactivation,Email,766.99,55309,3159
2026-06-03,SEO-Content,Organic Search,351.37,132787,4590
2026-06-03,SEO-Product,Organic Search,384.48,183905,6445
2026-06-03,DISPLAY-Prospecting,Display,1501.96,119259,1142
2026-06-03,DISPLAY-Retargeting,Display,1308.46,152538,1537
2026-06-03,REF-Partner,Referral,528.62,65790,1867
2026-06-03,REF-Customer,Referral,592.47,182884,5175
2026-06-04,PS-Brand,Paid Search,2247.97,52003,2464
2026-06-04,PS-NonBrand,Paid Search,2302.59,50948,2294
2026-06-04,META-Prospecting,Paid Social,1513.2,74008,1329
2026-06-04,META-Retargeting,Paid Social,1989.87,135456,2550
2026-06-04,EMAIL-Nurture,Email,550.34,46390,2857
2026-06-04,EMAIL-Reactivation,Email,675.28,53351,3098
2026-06-04,SEO-Content,Organic Search,341.52,119685,4083
2026-06-04,SEO-Product,Organic Search,357.98,156083,5481
2026-06-04,DISPLAY-Prospecting,Display,1242.77,87231,803
2026-06-04,DISPLAY-Retargeting,Display,1373.51,143031,1476
2026-06-04,REF-Partner,Referral,509.93,68149,1824
2026-06-04,REF-Customer,Referral,476.83,142926,4126
2026-06-05,PS-Brand,Paid Search,2075.14,46867,2238
2026-06-05,PS-NonBrand,Paid Search,1829.27,36342,1709
2026-06-05,META-Prospecting,Paid Social,1471.06,68299,1231
2026-06-05,META-Retargeting,Paid Social,1637.76,108657,2024
2026-06-05,EMAIL-Nurture,Email,621.39,51511,3074
2026-06-05,EMAIL-Reactivation,Email,514.88,42803,2503
2026-06-05,SEO-Content,Organic Search,316.45,110272,3745
2026-06-05,SEO-Product,Organic Search,335.1,160602,5630
2026-06-05,DISPLAY-Prospecting,Display,1304.74,105175,1047
2026-06-05,DISPLAY-Retargeting,Display,999.22,103221,1030
2026-06-05,REF-Partner,Referral,467.74,58649,1592
2026-06-05,REF-Customer,Referral,474.87,128678,3605
2026-06-06,PS-Brand,Paid Search,1460.0,35891,1677
2026-06-06,PS-NonBrand,Paid Search,1501.45,27945,1217
2026-06-06,META-Prospecting,Paid Social,1511.52,72443,1291
2026-06-06,META-Retargeting,Paid Social,1305.31,86834,1712
2026-06-06,EMAIL-Nurture,Email,466.43,47521,2832
2026-06-06,EMAIL-Reactivation,Email,458.44,38967,2183
2026-06-06,SEO-Content,Organic Search,247.88,88664,2976
2026-06-06,SEO-Product,Organic Search,279.99,136170,4643
2026-06-06,DISPLAY-Prospecting,Display,1071.13,77168,744
2026-06-06,DISPLAY-Retargeting,Display,944.3,112072,1153
2026-06-06,REF-Partner,Referral,397.04,47424,1315
2026-06-06,REF-Customer,Referral,438.21,132749,3694
2026-06-07,PS-Brand,Paid Search,1654.88,43656,1998
2026-06-07,PS-NonBrand,Paid Search,1452.44,29269,1294
2026-06-07,META-Prospecting,Paid Social,1364.94,60062,1079
2026-06-07,META-Retargeting,Paid Social,1284.2,95624,1773
2026-06-07,EMAIL-Nurture,Email,491.65,45826,2708
2026-06-07,EMAIL-Reactivation,Email,519.05,44419,2520
2026-06-07,SEO-Content,Organic Search,278.91,112650,3948
2026-06-07,SEO-Product,Organic Search,271.44,133926,4580
2026-06-07,DISPLAY-Prospecting,Display,916.37,78117,734
2026-06-07,DISPLAY-Retargeting,Display,1001.4,98129,998
2026-06-07,REF-Partner,Referral,335.33,44861,1244
2026-06-07,REF-Customer,Referral,406.88,111405,3176
2026-06-08,PS-Brand,Paid Search,1926.06,50362,2299
2026-06-08,PS-NonBrand,Paid Search,1890.93,38517,1802
2026-06-08,META-Prospecting,Paid Social,1591.66,73217,1251
2026-06-08,META-Retargeting,Paid Social,1714.8,121586,2250
2026-06-08,EMAIL-Nurture,Email,497.46,42848,2581
2026-06-08,EMAIL-Reactivation,Email,526.63,36806,2142
2026-06-08,SEO-Content,Organic Search,352.22,117929,3948
2026-06-08,SEO-Product,Organic Search,315.58,134073,4578
2026-06-08,DISPLAY-Prospecting,Display,1256.1,98186,971
2026-06-08,DISPLAY-Retargeting,Display,1104.28,125110,1289
2026-06-08,REF-Partner,Referral,453.09,50110,1333
2026-06-08,REF-Customer,Referral,402.83,105496,2943
2026-06-09,PS-Brand,Paid Search,2281.83,59573,2815
2026-06-09,PS-NonBrand,Paid Search,2390.31,48026,2122
2026-06-09,META-Prospecting,Paid Social,1895.46,96859,1717
2026-06-09,META-Retargeting,Paid Social,1358.03,99146,1911
2026-06-09,EMAIL-Nurture,Email,585.41,58432,3506
2026-06-09,EMAIL-Reactivation,Email,544.26,45668,2493
2026-06-09,SEO-Content,Organic Search,355.11,138211,4811
2026-06-09,SEO-Product,Organic Search,354.89,169885,5940
2026-06-09,DISPLAY-Prospecting,Display,1266.68,107643,1027
2026-06-09,DISPLAY-Retargeting,Display,1186.69,135078,1347
2026-06-09,REF-Partner,Referral,480.83,53905,1567
2026-06-09,REF-Customer,Referral,527.9,139607,3870
2026-06-10,PS-Brand,Paid Search,1931.24,49517,2301
2026-06-10,PS-NonBrand,Paid Search,2546.5,50614,2305
2026-06-10,META-Prospecting,Paid Social,1700.58,79754,1461
2026-06-10,META-Retargeting,Paid Social,1547.37,118345,2248
2026-06-10,EMAIL-Nurture,Email,616.81,57775,3380
2026-06-10,EMAIL-Reactivation,Email,646.57,46251,2655
2026-06-10,SEO-Content,Organic Search,369.01,128566,4384
2026-06-10,SEO-Product,Organic Search,312.88,161887,5581
2026-06-10,DISPLAY-Prospecting,Display,1298.11,106328,1019
2026-06-10,DISPLAY-Retargeting,Display,1454.55,148919,1476
2026-06-10,REF-Partner,Referral,513.25,60369,1665
2026-06-10,REF-Customer,Referral,497.29,147018,4063
2026-06-11,PS-Brand,Paid Search,2307.2,52252,2423
2026-06-11,PS-NonBrand,Paid Search,2004.78,37405,1748
2026-06-11,META-Prospecting,Paid Social,1452.81,69424,1265
2026-06-11,META-Retargeting,Paid Social,1590.59,109487,2096
2026-06-11,EMAIL-Nurture,Email,552.78,52131,3082
2026-06-11,EMAIL-Reactivation,Email,615.5,48130,2785
2026-06-11,SEO-Content,Organic Search,373.0,134048,4452
2026-06-11,SEO-Product,Organic Search,317.8,155689,5631
2026-06-11,DISPLAY-Prospecting,Display,1616.55,114762,1138
2026-06-11,DISPLAY-Retargeting,Display,1245.61,127614,1320
2026-06-11,REF-Partner,Referral,472.9,51755,1435
2026-06-11,REF-Customer,Referral,420.13,123397,3475
2026-06-12,PS-Brand,Paid Search,1873.43,45521,2128
2026-06-12,PS-NonBrand,Paid Search,1855.5,40814,1775
2026-06-12,META-Prospecting,Paid Social,1744.59,84269,1459
2026-06-12,META-Retargeting,Paid Social,1862.13,140824,2673
2026-06-12,EMAIL-Nurture,Email,660.64,55329,3220
2026-06-12,EMAIL-Reactivation,Email,560.16,42753,2488
2026-06-12,SEO-Content,Organic Search,288.97,107422,3667
2026-06-12,SEO-Product,Organic Search,276.37,146051,5068
2026-06-12,DISPLAY-Prospecting,Display,1231.38,83447,772
2026-06-12,DISPLAY-Retargeting,Display,1067.51,107719,1120
2026-06-12,REF-Partner,Referral,479.85,62998,1730
2026-06-12,REF-Customer,Referral,573.47,189628,5369
2026-06-13,PS-Brand,Paid Search,1542.43,40034,1863
2026-06-13,PS-NonBrand,Paid Search,1864.09,35688,1601
2026-06-13,META-Prospecting,Paid Social,1657.59,85735,1531
2026-06-13,META-Retargeting,Paid Social,1310.78,85664,1565
2026-06-13,EMAIL-Nurture,Email,539.21,46301,2738
2026-06-13,EMAIL-Reactivation,Email,408.48,33961,1976
2026-06-13,SEO-Content,Organic Search,254.17,84677,2943
2026-06-13,SEO-Product,Organic Search,257.26,110077,3749
2026-06-13,DISPLAY-Prospecting,Display,979.44,83471,810
2026-06-13,DISPLAY-Retargeting,Display,1074.04,119603,1176
2026-06-13,REF-Partner,Referral,387.93,43421,1214
2026-06-13,REF-Customer,Referral,461.76,124205,3511
2026-06-14,PS-Brand,Paid Search,1271.33,32147,1439
2026-06-14,PS-NonBrand,Paid Search,1264.05,24694,1091
2026-06-14,META-Prospecting,Paid Social,1265.84,54323,938
2026-06-14,META-Retargeting,Paid Social,1287.95,80914,1558
2026-06-14,EMAIL-Nurture,Email,575.22,57239,3392
2026-06-14,EMAIL-Reactivation,Email,531.35,44875,2609
2026-06-14,SEO-Content,Organic Search,282.44,91801,3115
2026-06-14,SEO-Product,Organic Search,303.98,133162,4609
2026-06-14,DISPLAY-Prospecting,Display,919.04,67387,670
2026-06-14,DISPLAY-Retargeting,Display,1281.45,129908,1315
2026-06-14,REF-Partner,Referral,414.33,45416,1278
2026-06-14,REF-Customer,Referral,501.13,164471,4592
2026-06-15,PS-Brand,Paid Search,1666.28,38798,1858
2026-06-15,PS-NonBrand,Paid Search,1784.98,33848,1482
2026-06-15,META-Prospecting,Paid Social,1625.37,88197,1566
2026-06-15,META-Retargeting,Paid Social,1797.05,137616,2546
2026-06-15,EMAIL-Nurture,Email,525.82,43180,2618
2026-06-15,EMAIL-Reactivation,Email,592.69,45648,2604
2026-06-15,SEO-Content,Organic Search,296.97,119200,4154
2026-06-15,SEO-Product,Organic Search,365.08,169834,5886
2026-06-15,DISPLAY-Prospecting,Display,1037.36,81376,802
2026-06-15,DISPLAY-Retargeting,Display,1223.12,140318,1466
2026-06-15,REF-Partner,Referral,441.79,51448,1446
2026-06-15,REF-Customer,Referral,427.14,133393,3768
2026-06-16,PS-Brand,Paid Search,1943.31,50765,2278
2026-06-16,PS-NonBrand,Paid Search,2326.21,50849,2325
2026-06-16,META-Prospecting,Paid Social,1719.04,79913,1387
2026-06-16,META-Retargeting,Paid Social,1881.84,124711,2378
2026-06-16,EMAIL-Nurture,Email,626.49,51625,3107
2026-06-16,EMAIL-Reactivation,Email,708.92,49200,2840
2026-06-16,SEO-Content,Organic Search,328.76,131773,4546
2026-06-16,SEO-Product,Organic Search,316.07,145186,5027
2026-06-16,DISPLAY-Prospecting,Display,1245.02,94285,895
2026-06-16,DISPLAY-Retargeting,Display,1304.84,148142,1530
2026-06-16,REF-Partner,Referral,563.48,75302,2055
2026-06-16,REF-Customer,Referral,511.71,144419,3938
2026-06-17,PS-Brand,Paid Search,1732.98,48627,2268
2026-06-17,PS-NonBrand,Paid Search,1869.51,39911,1814
2026-06-17,META-Prospecting,Paid Social,1999.9,85919,1527
2026-06-17,META-Retargeting,Paid Social,1656.57,117820,2239
2026-06-17,EMAIL-Nurture,Email,652.79,67730,4083
2026-06-17,EMAIL-Reactivation,Email,672.24,58403,3390
2026-06-17,SEO-Content,Organic Search,337.0,125495,4409
2026-06-17,SEO-Product,Organic Search,375.86,165589,5787
2026-06-17,DISPLAY-Prospecting,Display,1351.86,110540,1054
2026-06-17,DISPLAY-Retargeting,Display,1288.62,151605,1616
2026-06-17,REF-Partner,Referral,449.01,59485,1666
2026-06-17,REF-Customer,Referral,520.91,145143,4111
2026-06-18,PS-Brand,Paid Search,1897.37,47654,2263
2026-06-18,PS-NonBrand,Paid Search,2531.25,55741,2521
2026-06-18,META-Prospecting,Paid Social,1645.04,71649,1274
2026-06-18,META-Retargeting,Paid Social,1836.31,140419,2666
2026-06-18,EMAIL-Nurture,Email,613.29,60418,3620
2026-06-18,EMAIL-Reactivation,Email,577.77,42243,2414
2026-06-18,SEO-Content,Organic Search,397.48,133902,4536
2026-06-18,SEO-Product,Organic Search,283.85,131691,4582
2026-06-18,DISPLAY-Prospecting,Display,1182.97,94840,964
2026-06-18,DISPLAY-Retargeting,Display,1231.36,120682,1215
2026-06-18,REF-Partner,Referral,504.47,56572,1578
2026-06-18,REF-Customer,Referral,453.81,125196,3450
2026-06-19,PS-Brand,Paid Search,1707.61,40428,1980
2026-06-19,PS-NonBrand,Paid Search,2140.83,47921,2179
2026-06-19,META-Prospecting,Paid Social,1594.42,70868,1261
2026-06-19,META-Retargeting,Paid Social,1259.52,83393,1590
2026-06-19,EMAIL-Nurture,Email,509.24,42672,2590
2026-06-19,EMAIL-Reactivation,Email,596.51,42524,2406
2026-06-19,SEO-Content,Organic Search,355.33,137423,4713
2026-06-19,SEO-Product,Organic Search,285.91,149105,5243
2026-06-19,DISPLAY-Prospecting,Display,1094.51,81921,804
2026-06-19,DISPLAY-Retargeting,Display,883.5,108504,1126
2026-06-19,REF-Partner,Referral,535.07,71704,2002
2026-06-19,REF-Customer,Referral,514.64,164157,4675
2026-06-20,PS-Brand,Paid Search,1764.93,42623,1933
2026-06-20,PS-NonBrand,Paid Search,1824.82,37397,1689
2026-06-20,META-Prospecting,Paid Social,1310.85,70668,1210
2026-06-20,META-Retargeting,Paid Social,1487.3,103238,1985
2026-06-20,EMAIL-Nurture,Email,479.99,41607,2541
2026-06-20,EMAIL-Reactivation,Email,537.53,43057,2553
2026-06-20,SEO-Content,Organic Search,264.94,101081,3439
2026-06-20,SEO-Product,Organic Search,356.72,156019,5391
2026-06-20,DISPLAY-Prospecting,Display,1218.13,83656,790
2026-06-20,DISPLAY-Retargeting,Display,1096.86,119624,1214
2026-06-20,REF-Partner,Referral,480.38,55875,1540
2026-06-20,REF-Customer,Referral,424.08,122193,3471
2026-06-21,PS-Brand,Paid Search,1680.43,42574,1980
2026-06-21,PS-NonBrand,Paid Search,1430.99,28345,1320
2026-06-21,META-Prospecting,Paid Social,1193.87,62701,1110
2026-06-21,META-Retargeting,Paid Social,1613.26,104130,2028
2026-06-21,EMAIL-Nurture,Email,547.98,48332,2846
2026-06-21,EMAIL-Reactivation,Email,581.2,48381,2853
2026-06-21,SEO-Content,Organic Search,230.65,81163,2742
2026-06-21,SEO-Product,Organic Search,240.25,117824,4090
2026-06-21,DISPLAY-Prospecting,Display,962.19,69814,640
2026-06-21,DISPLAY-Retargeting,Display,1272.52,143902,1451
2026-06-21,REF-Partner,Referral,387.76,43452,1192
2026-06-21,REF-Customer,Referral,390.04,108752,3123
2026-06-22,PS-Brand,Paid Search,2147.21,49754,2348
2026-06-22,PS-NonBrand,Paid Search,1693.15,39700,1806
2026-06-22,META-Prospecting,Paid Social,1489.18,66480,1154
2026-06-22,META-Retargeting,Paid Social,1628.97,127310,2356
2026-06-22,EMAIL-Nurture,Email,459.59,46514,2870
2026-06-22,EMAIL-Reactivation,Email,471.91,39670,2280
2026-06-22,SEO-Content,Organic Search,346.08,124273,4218
2026-06-22,SEO-Product,Organic Search,348.79,159907,5440
2026-06-22,DISPLAY-Prospecting,Display,1180.58,91748,946
2026-06-22,DISPLAY-Retargeting,Display,1187.8,126940,1257
2026-06-22,REF-Partner,Referral,465.96,56528,1466
2026-06-22,REF-Customer,Referral,486.97,149431,4300
2026-06-23,PS-Brand,Paid Search,1911.71,49821,2264
2026-06-23,PS-NonBrand,Paid Search,2593.71,52185,2344
2026-06-23,META-Prospecting,Paid Social,1189.62,59542,1040
2026-06-23,META-Retargeting,Paid Social,1446.79,95159,1866
2026-06-23,EMAIL-Nurture,Email,670.63,61006,3568
2026-06-23,EMAIL-Reactivation,Email,679.68,54834,3181
2026-06-23,SEO-Content,Organic Search,340.51,112090,3873
2026-06-23,SEO-Product,Organic Search,371.99,189939,6643
2026-06-23,DISPLAY-Prospecting,Display,1114.23,93836,932
2026-06-23,DISPLAY-Retargeting,Display,1360.58,166000,1620
2026-06-23,REF-Partner,Referral,447.9,47647,1279
2026-06-23,REF-Customer,Referral,520.49,140236,4029
2026-06-24,PS-Brand,Paid Search,1974.6,46533,2096
2026-06-24,PS-NonBrand,Paid Search,2187.18,49221,2249
2026-06-24,META-Prospecting,Paid Social,1714.73,80125,1377
2026-06-24,META-Retargeting,Paid Social,2012.66,146366,2704
2026-06-24,EMAIL-Nurture,Email,665.64,68550,4051
2026-06-24,EMAIL-Reactivation,Email,649.18,51940,3015
2026-06-24,SEO-Content,Organic Search,311.83,106116,3588
2026-06-24,SEO-Product,Organic Search,299.02,142541,4957
2026-06-24,DISPLAY-Prospecting,Display,1216.33,86357,841
2026-06-24,DISPLAY-Retargeting,Display,1541.16,162846,1616
2026-06-24,REF-Partner,Referral,454.84,53473,1510
2026-06-24,REF-Customer,Referral,585.25,156856,4435
2026-06-25,PS-Brand,Paid Search,2235.51,51738,2438
2026-06-25,PS-NonBrand,Paid Search,2210.36,50561,2323
2026-06-25,META-Prospecting,Paid Social,1734.1,76774,1323
2026-06-25,META-Retargeting,Paid Social,1908.46,149689,2816
2026-06-25,EMAIL-Nurture,Email,684.88,71267,4225
2026-06-25,EMAIL-Reactivation,Email,598.84,48617,2784
2026-06-25,SEO-Content,Organic Search,259.37,95479,3218
2026-06-25,SEO-Product,Organic Search,275.97,130582,4678
2026-06-25,DISPLAY-Prospecting,Display,1211.65,95838,931
2026-06-25,DISPLAY-Retargeting,Display,1238.88,147563,1461
2026-06-25,REF-Partner,Referral,409.61,54709,1537
2026-06-25,REF-Customer,Referral,452.68,138000,3942
2026-06-26,PS-Brand,Paid Search,1816.41,49722,2363
2026-06-26,PS-NonBrand,Paid Search,1991.06,43037,1935
2026-06-26,META-Prospecting,Paid Social,1821.96,84157,1534
2026-06-26,META-Retargeting,Paid Social,1587.65,111355,2135
2026-06-26,EMAIL-Nurture,Email,579.19,56063,3357
2026-06-26,EMAIL-Reactivation,Email,556.71,41998,2383
2026-06-26,SEO-Content,Organic Search,310.26,116423,3954
2026-06-26,SEO-Product,Organic Search,380.78,179072,6231
2026-06-26,DISPLAY-Prospecting,Display,914.98,68725,717
2026-06-26,DISPLAY-Retargeting,Display,1122.45,133873,1378
2026-06-26,REF-Partner,Referral,539.9,59663,1683
2026-06-26,REF-Customer,Referral,423.07,117943,3397
2026-06-27,PS-Brand,Paid Search,1660.07,37297,1772
2026-06-27,PS-NonBrand,Paid Search,1907.4,38305,1680
2026-06-27,META-Prospecting,Paid Social,1211.01,60270,1076
2026-06-27,META-Retargeting,Paid Social,1418.13,103154,1964
2026-06-27,EMAIL-Nurture,Email,520.41,48748,2775
2026-06-27,EMAIL-Reactivation,Email,534.81,39600,2351
2026-06-27,SEO-Content,Organic Search,300.1,99145,3455
2026-06-27,SEO-Product,Organic Search,279.46,130723,4528
2026-06-27,DISPLAY-Prospecting,Display,903.51,68320,641
2026-06-27,DISPLAY-Retargeting,Display,929.43,102708,1005
2026-06-27,REF-Partner,Referral,432.85,53620,1412
2026-06-27,REF-Customer,Referral,399.27,109770,3126
2026-06-28,PS-Brand,Paid Search,1531.21,38466,1795
2026-06-28,PS-NonBrand,Paid Search,1745.31,37279,1676
2026-06-28,META-Prospecting,Paid Social,1264.99,66467,1199
2026-06-28,META-Retargeting,Paid Social,1281.73,82677,1555
2026-06-28,EMAIL-Nurture,Email,507.54,52020,3104
2026-06-28,EMAIL-Reactivation,Email,516.94,44452,2618
2026-06-28,SEO-Content,Organic Search,250.32,86575,3040
2026-06-28,SEO-Product,Organic Search,344.93,158968,5560
2026-06-28,DISPLAY-Prospecting,Display,735.92,62072,637
2026-06-28,DISPLAY-Retargeting,Display,1044.81,126082,1302
2026-06-28,REF-Partner,Referral,423.72,54249,1513
2026-06-28,REF-Customer,Referral,416.76,124958,3492
2026-06-29,PS-Brand,Paid Search,1706.87,43102,1933
2026-06-29,PS-NonBrand,Paid Search,1684.95,34965,1606
2026-06-29,META-Prospecting,Paid Social,1307.16,56202,1026
2026-06-29,META-Retargeting,Paid Social,1400.48,100759,1849
2026-06-29,EMAIL-Nurture,Email,554.75,51851,3040
2026-06-29,EMAIL-Reactivation,Email,534.85,42138,2460
2026-06-29,SEO-Content,Organic Search,345.75,129186,4455
2026-06-29,SEO-Product,Organic Search,297.98,139479,4870
2026-06-29,DISPLAY-Prospecting,Display,1090.62,80763,821
2026-06-29,DISPLAY-Retargeting,Display,959.39,113204,1121
2026-06-29,REF-Partner,Referral,426.99,50852,1489
2026-06-29,REF-Customer,Referral,360.34,103705,2820
2026-06-30,PS-Brand,Paid Search,1861.89,43598,2062
2026-06-30,PS-NonBrand,Paid Search,1922.23,44820,2020
2026-06-30,META-Prospecting,Paid Social,1496.85,78117,1381
2026-06-30,META-Retargeting,Paid Social,1653.02,115238,2110
2026-06-30,EMAIL-Nurture,Email,605.72,62539,3790
2026-06-30,EMAIL-Reactivation,Email,582.68,47967,2908
2026-06-30,SEO-Content,Organic Search,299.43,122676,4174
2026-06-30,SEO-Product,Organic Search,291.39,122547,4326
2026-06-30,DISPLAY-Prospecting,Display,1247.53,90122,863
2026-06-30,DISPLAY-Retargeting,Display,981.11,107329,1087
2026-06-30,REF-Partner,Referral,534.29,60477,1605
2026-06-30,REF-Customer,Referral,588.23,193890,5294
2026-07-01,PS-Brand,Paid Search,1981.98,49320,2255
2026-07-01,PS-NonBrand,Paid Search,2025.75,40424,1804
2026-07-01,META-Prospecting,Paid Social,1546.49,70755,1307
2026-07-01,META-Retargeting,Paid Social,1600.71,109935,2065
2026-07-01,EMAIL-Nurture,Email,503.54,49840,2949
2026-07-01,EMAIL-Reactivation,Email,552.99,43186,2509
2026-07-01,SEO-Content,Organic Search,300.91,104952,3574
2026-07-01,SEO-Product,Organic Search,372.86,193676,6692
2026-07-01,DISPLAY-Prospecting,Display,1487.69,126500,1256
2026-07-01,DISPLAY-Retargeting,Display,1314.86,156706,1492
2026-07-01,REF-Partner,Referral,516.07,55643,1563
2026-07-01,REF-Customer,Referral,449.03,120194,3387
2026-07-02,PS-Brand,Paid Search,2020.72,49474,2308
2026-07-02,PS-NonBrand,Paid Search,2284.68,50947,2322
2026-07-02,META-Prospecting,Paid Social,1516.0,77159,1387
2026-07-02,META-Retargeting,Paid Social,1799.42,124335,2339
2026-07-02,EMAIL-Nurture,Email,585.56,55680,3382
2026-07-02,EMAIL-Reactivation,Email,640.64,48810,2892
2026-07-02,SEO-Content,Organic Search,332.24,109446,3799
2026-07-02,SEO-Product,Organic Search,195.75,97027,3343
2026-07-02,DISPLAY-Prospecting,Display,1311.43,95127,908
2026-07-02,DISPLAY-Retargeting,Display,1302.55,160594,1633
2026-07-02,REF-Partner,Referral,497.48,56025,1533
2026-07-02,REF-Customer,Referral,562.84,163970,4684
2026-07-03,PS-Brand,Paid Search,1933.02,43601,2047
2026-07-03,PS-NonBrand,Paid Search,1623.89,32255,1491
2026-07-03,META-Prospecting,Paid Social,1436.97,70728,1259
2026-07-03,META-Retargeting,Paid Social,1316.79,95240,1838
2026-07-03,EMAIL-Nurture,Email,596.77,61801,3740
2026-07-03,EMAIL-Reactivation,Email,432.55,37832,2147
2026-07-03,SEO-Content,Organic Search,296.49,100080,3427
2026-07-03,SEO-Product,Organic Search,279.68,144462,4975
2026-07-03,DISPLAY-Prospecting,Display,1059.02,87431,837
2026-07-03,DISPLAY-Retargeting,Display,975.79,96014,953
2026-07-03,REF-Partner,Referral,402.13,52617,1457
2026-07-03,REF-Customer,Referral,560.96,173868,4866
2026-07-04,PS-Brand,Paid Search,1405.39,37579,1751
2026-07-04,PS-NonBrand,Paid Search,2008.29,39809,1828
2026-07-04,META-Prospecting,Paid Social,1612.71,78306,1393
2026-07-04,META-Retargeting,Paid Social,1620.98,103345,1927
2026-07-04,EMAIL-Nurture,Email,426.03,38025,2332
2026-07-04,EMAIL-Reactivation,Email,456.67,35317,2059
2026-07-04,SEO-Content,Organic Search,228.18,89347,3060
2026-07-04,SEO-Product,Organic Search,283.15,144311,5024
2026-07-04,DISPLAY-Prospecting,Display,1066.86,84039,799
2026-07-04,DISPLAY-Retargeting,Display,971.23,97184,969
2026-07-04,REF-Partner,Referral,418.53,50744,1390
2026-07-04,REF-Customer,Referral,364.96,103261,2942
2026-07-05,PS-Brand,Paid Search,1899.29,42272,1997
2026-07-05,PS-NonBrand,Paid Search,1912.68,44555,1983
2026-07-05,META-Prospecting,Paid Social,1379.08,64317,1109
2026-07-05,META-Retargeting,Paid Social,1498.48,99041,1821
2026-07-05,EMAIL-Nurture,Email,533.47,49130,3018
2026-07-05,EMAIL-Reactivation,Email,437.54,30785,1763
2026-07-05,SEO-Content,Organic Search,294.43,110580,3825
2026-07-05,SEO-Product,Organic Search,267.14,126104,4502
2026-07-05,DISPLAY-Prospecting,Display,1235.54,84022,782
2026-07-05,DISPLAY-Retargeting,Display,859.91,102615,1042
2026-07-05,REF-Partner,Referral,445.87,48339,1359
2026-07-05,REF-Customer,Referral,422.09,135110,3848
2026-07-06,PS-Brand,Paid Search,1850.92,50013,2318
2026-07-06,PS-NonBrand,Paid Search,1999.95,38726,1792
2026-07-06,META-Prospecting,Paid Social,1649.01,74102,1366
2026-07-06,META-Retargeting,Paid Social,1627.81,104313,1970
2026-07-06,EMAIL-Nurture,Email,538.61,49240,2923
2026-07-06,EMAIL-Reactivation,Email,514.8,44145,2536
2026-07-06,SEO-Content,Organic Search,370.15,137426,4537
2026-07-06,SEO-Product,Organic Search,298.01,134817,4612
2026-07-06,DISPLAY-Prospecting,Display,1158.94,86441,824
2026-07-06,DISPLAY-Retargeting,Display,1051.07,115434,1053
2026-07-06,REF-Partner,Referral,308.23,39155,1103
2026-07-06,REF-Customer,Referral,426.19,131728,3730
2026-07-07,PS-Brand,Paid Search,2272.88,59142,2787
2026-07-07,PS-NonBrand,Paid Search,2273.26,44254,1978
2026-07-07,META-Prospecting,Paid Social,1438.43,62184,1108
2026-07-07,META-Retargeting,Paid Social,1582.73,121056,2280
2026-07-07,EMAIL-Nurture,Email,543.51,48307,2897
2026-07-07,EMAIL-Reactivation,Email,628.38,48019,2685
2026-07-07,SEO-Content,Organic Search,371.35,147709,4935
2026-07-07,SEO-Product,Organic Search,342.03,147515,5029
2026-07-07,DISPLAY-Prospecting,Display,1222.86,93087,899
2026-07-07,DISPLAY-Retargeting,Display,1347.13,151138,1488
2026-07-07,REF-Partner,Referral,499.33,66289,1877
2026-07-07,REF-Customer,Referral,462.82,124431,3481
2026-07-08,PS-Brand,Paid Search,2033.5,52665,2491
2026-07-08,PS-NonBrand,Paid Search,1614.49,30664,1347
2026-07-08,META-Prospecting,Paid Social,1536.0,73101,1335
2026-07-08,META-Retargeting,Paid Social,1516.06,105439,1956
2026-07-08,EMAIL-Nurture,Email,562.61,48963,2998
2026-07-08,EMAIL-Reactivation,Email,574.97,47468,2735
2026-07-08,SEO-Content,Organic Search,335.77,129893,4407
2026-07-08,SEO-Product,Organic Search,333.88,167081,5901
2026-07-08,DISPLAY-Prospecting,Display,1375.29,112726,1051
2026-07-08,DISPLAY-Retargeting,Display,918.56,107163,1103
2026-07-08,REF-Partner,Referral,517.24,63407,1717
2026-07-08,REF-Customer,Referral,422.06,123047,3471
2026-07-09,PS-Brand,Paid Search,1933.73,51062,2361
2026-07-09,PS-NonBrand,Paid Search,2196.68,50326,2211
2026-07-09,META-Prospecting,Paid Social,1583.38,80736,1426
2026-07-09,META-Retargeting,Paid Social,1271.09,93235,1753
2026-07-09,EMAIL-Nurture,Email,494.07,44296,2665
2026-07-09,EMAIL-Reactivation,Email,509.9,42253,2398
2026-07-09,SEO-Content,Organic Search,268.88,91706,3142
2026-07-09,SEO-Product,Organic Search,312.91,144712,5089
2026-07-09,DISPLAY-Prospecting,Display,1139.09,82453,792
2026-07-09,DISPLAY-Retargeting,Display,1268.81,154573,1592
2026-07-09,REF-Partner,Referral,486.53,52115,1420
2026-07-09,REF-Customer,Referral,526.87,168436,4688
2026-07-10,PS-Brand,Paid Search,1734.23,45533,2131
2026-07-10,PS-NonBrand,Paid Search,1776.91,38911,1714
2026-07-10,META-Prospecting,Paid Social,1360.64,59763,1050
2026-07-10,META-Retargeting,Paid Social,1152.39,76663,1421
2026-07-10,EMAIL-Nurture,Email,329.13,33868,1995
2026-07-10,EMAIL-Reactivation,Email,671.2,54872,3092
2026-07-10,SEO-Content,Organic Search,296.39,119492,3947
2026-07-10,SEO-Product,Organic Search,306.02,150901,5283
2026-07-10,DISPLAY-Prospecting,Display,1039.55,72109,723
2026-07-10,DISPLAY-Retargeting,Display,1146.27,117114,1173
2026-07-10,REF-Partner,Referral,436.26,49077,1355
2026-07-10,REF-Customer,Referral,385.76,116314,3214
2026-07-11,PS-Brand,Paid Search,1937.35,47174,2300
2026-07-11,PS-NonBrand,Paid Search,1544.42,34713,1663
2026-07-11,META-Prospecting,Paid Social,1334.33,58164,1056
2026-07-11,META-Retargeting,Paid Social,1400.49,89431,1660
2026-07-11,EMAIL-Nurture,Email,442.21,40502,2378
2026-07-11,EMAIL-Reactivation,Email,531.55,37045,2138
2026-07-11,SEO-Content,Organic Search,258.97,95145,3255
2026-07-11,SEO-Product,Organic Search,261.17,117879,4245
2026-07-11,DISPLAY-Prospecting,Display,1089.59,78643,747
2026-07-11,DISPLAY-Retargeting,Display,1295.49,147963,1490
2026-07-11,REF-Partner,Referral,374.84,48240,1330
2026-07-11,REF-Customer,Referral,375.54,118712,3308
2026-07-12,PS-Brand,Paid Search,1519.82,39625,1822
2026-07-12,PS-NonBrand,Paid Search,1922.43,43040,2011
2026-07-12,META-Prospecting,Paid Social,1407.53,63551,1125
2026-07-12,META-Retargeting,Paid Social,1003.77,74934,1429
2026-07-12,EMAIL-Nurture,Email,412.02,42025,2500
2026-07-12,EMAIL-Reactivation,Email,431.69,29924,1741
2026-07-12,SEO-Content,Organic Search,274.94,108272,3660
2026-07-12,SEO-Product,Organic Search,212.63,99327,3413
2026-07-12,DISPLAY-Prospecting,Display,936.03,80367,745
2026-07-12,DISPLAY-Retargeting,Display,1008.98,116949,1208
2026-07-12,REF-Partner,Referral,433.27,56524,1540
2026-07-12,REF-Customer,Referral,380.69,118967,3405
2026-07-13,PS-Brand,Paid Search,1751.94,45656,2161
2026-07-13,PS-NonBrand,Paid Search,2025.72,38928,1827
2026-07-13,META-Prospecting,Paid Social,1171.91,62427,1135
2026-07-13,META-Retargeting,Paid Social,1819.65,127009,2464
2026-07-13,EMAIL-Nurture,Email,474.24,49492,2957
2026-07-13,EMAIL-Reactivation,Email,539.86,43876,2523
2026-07-13,SEO-Content,Organic Search,287.04,92818,3240
2026-07-13,SEO-Product,Organic Search,342.02,148271,5145
2026-07-13,DISPLAY-Prospecting,Display,1171.71,91024,857
2026-07-13,DISPLAY-Retargeting,Display,1193.34,134029,1415
2026-07-13,REF-Partner,Referral,434.91,57065,1624
2026-07-13,REF-Customer,Referral,473.88,130862,3690
2026-07-14,PS-Brand,Paid Search,2213.87,61364,2796
2026-07-14,PS-NonBrand,Paid Search,1867.48,41856,1966
2026-07-14,META-Prospecting,Paid Social,1919.76,92585,1635
2026-07-14,META-Retargeting,Paid Social,1587.71,114935,2144
2026-07-14,EMAIL-Nurture,Email,569.86,51047,3031
2026-07-14,EMAIL-Reactivation,Email,669.37,48515,2796
2026-07-14,SEO-Content,Organic Search,302.76,115017,3868
2026-07-14,SEO-Product,Organic Search,277.98,117970,4056
2026-07-14,DISPLAY-Prospecting,Display,1060.58,85988,867
2026-07-14,DISPLAY-Retargeting,Display,1096.92,121903,1171
2026-07-14,REF-Partner,Referral,342.74,43788,1220
2026-07-14,REF-Customer,Referral,432.03,133054,3701
2026-07-15,PS-Brand,Paid Search,1950.08,47354,2202
2026-07-15,PS-NonBrand,Paid Search,1841.0,42743,1914
2026-07-15,META-Prospecting,Paid Social,1449.49,78296,1437
2026-07-15,META-Retargeting,Paid Social,1673.47,114762,2119
2026-07-15,EMAIL-Nurture,Email,591.9,49039,2940
2026-07-15,EMAIL-Reactivation,Email,597.81,43847,2483
2026-07-15,SEO-Content,Organic Search,332.99,112830,3874
2026-07-15,SEO-Product,Organic Search,307.48,145373,5006
2026-07-15,DISPLAY-Prospecting,Display,1293.79,105935,981
2026-07-15,DISPLAY-Retargeting,Display,1197.98,133914,1370
2026-07-15,REF-Partner,Referral,452.29,49495,1345
2026-07-15,REF-Customer,Referral,485.46,143463,4041
2026-07-16,PS-Brand,Paid Search,1955.19,53334,2481
2026-07-16,PS-NonBrand,Paid Search,1608.75,30695,1378
2026-07-16,META-Prospecting,Paid Social,1880.24,95404,1731
2026-07-16,META-Retargeting,Paid Social,1979.77,148155,2862
2026-07-16,EMAIL-Nurture,Email,558.14,45913,2813
2026-07-16,EMAIL-Reactivation,Email,720.27,49934,2855
2026-07-16,SEO-Content,Organic Search,332.28,134502,4642
2026-07-16,SEO-Product,Organic Search,352.55,171842,5928
2026-07-16,DISPLAY-Prospecting,Display,1428.39,116932,1132
2026-07-16,DISPLAY-Retargeting,Display,1389.72,167746,1691
2026-07-16,REF-Partner,Referral,540.42,61023,1725
2026-07-16,REF-Customer,Referral,552.98,156736,4510
2026-07-17,PS-Brand,Paid Search,1557.25,38437,1780
2026-07-17,PS-NonBrand,Paid Search,1870.41,36156,1626
2026-07-17,META-Prospecting,Paid Social,1759.17,78179,1402
2026-07-17,META-Retargeting,Paid Social,1635.45,109700,2121
2026-07-17,EMAIL-Nurture,Email,452.1,41930,2458
2026-07-17,EMAIL-Reactivation,Email,601.17,43261,2512
2026-07-17,SEO-Content,Organic Search,276.16,89001,3089
2026-07-17,SEO-Product,Organic Search,270.11,142551,4998
2026-07-17,DISPLAY-Prospecting,Display,947.92,76425,780
2026-07-17,DISPLAY-Retargeting,Display,935.34,109740,1054
2026-07-17,REF-Partner,Referral,413.39,45171,1243
2026-07-17,REF-Customer,Referral,523.69,153245,4234
2026-07-18,PS-Brand,Paid Search,1728.06,47458,2212
2026-07-18,PS-NonBrand,Paid Search,1695.12,36480,1645
2026-07-18,META-Prospecting,Paid Social,1398.47,66002,1167
2026-07-18,META-Retargeting,Paid Social,1339.56,85907,1609
2026-07-18,EMAIL-Nurture,Email,487.75,44497,2694
2026-07-18,EMAIL-Reactivation,Email,443.69,32520,1825
2026-07-18,SEO-Content,Organic Search,235.76,85586,2908
2026-07-18,SEO-Product,Organic Search,259.91,116395,3989
2026-07-18,DISPLAY-Prospecting,Display,844.35,69806,683
2026-07-18,DISPLAY-Retargeting,Display,1018.03,104173,1045
2026-07-18,REF-Partner,Referral,411.09,43971,1260
2026-07-18,REF-Customer,Referral,374.19,102964,2885
2026-07-19,PS-Brand,Paid Search,1652.05,38415,1755
2026-07-19,PS-NonBrand,Paid Search,1531.65,32072,1433
2026-07-19,META-Prospecting,Paid Social,1331.32,67997,1236
2026-07-19,META-Retargeting,Paid Social,1603.44,110082,2061
2026-07-19,EMAIL-Nurture,Email,479.68,42433,2545
2026-07-19,EMAIL-Reactivation,Email,530.55,46426,2686
2026-07-19,SEO-Content,Organic Search,273.94,96690,3336
2026-07-19,SEO-Product,Organic Search,283.65,146636,5020
2026-07-19,DISPLAY-Prospecting,Display,821.55,64227,584
2026-07-19,DISPLAY-Retargeting,Display,1054.91,120304,1227
2026-07-19,REF-Partner,Referral,307.39,40188,1155
2026-07-19,REF-Customer,Referral,416.27,118542,3421
2026-07-20,PS-Brand,Paid Search,1920.37,52537,2489
2026-07-20,PS-NonBrand,Paid Search,1815.02,40933,1899
2026-07-20,META-Prospecting,Paid Social,1513.87,81707,1471
2026-07-20,META-Retargeting,Paid Social,1497.04,101138,1877
2026-07-20,EMAIL-Nurture,Email,481.99,49224,2891
2026-07-20,EMAIL-Reactivation,Email,515.66,39006,2230
2026-07-20,SEO-Content,Organic Search,292.47,106156,3663
2026-07-20,SEO-Product,Organic Search,296.24,140662,4909
2026-07-20,DISPLAY-Prospecting,Display,1266.42,85971,846
2026-07-20,DISPLAY-Retargeting,Display,1084.18,128181,1272
2026-07-20,REF-Partner,Referral,494.59,59844,1645
2026-07-20,REF-Customer,Referral,453.61,128908,3621
2026-07-21,PS-Brand,Paid Search,2255.14,61552,2888
2026-07-21,PS-NonBrand,Paid Search,2356.12,53884,2475
2026-07-21,META-Prospecting,Paid Social,1766.55,95810,1759
2026-07-21,META-Retargeting,Paid Social,1621.03,118925,2198
2026-07-21,EMAIL-Nurture,Email,574.2,58571,3439
2026-07-21,EMAIL-Reactivation,Email,651.95,52734,3057
2026-07-21,SEO-Content,Organic Search,325.5,107398,3661
2026-07-21,SEO-Product,Organic Search,345.02,175162,6042
2026-07-21,DISPLAY-Prospecting,Display,1217.08,99722,942
2026-07-21,DISPLAY-Retargeting,Display,1375.83,156732,1537
2026-07-21,REF-Partner,Referral,507.96,68018,1911
2026-07-21,REF-Customer,Referral,444.33,122523,3509
2026-07-22,PS-Brand,Paid Search,1479.93,33036,1537
2026-07-22,PS-NonBrand,Paid Search,1695.43,33375,1496
2026-07-22,META-Prospecting,Paid Social,1437.79,67752,1283
2026-07-22,META-Retargeting,Paid Social,1508.24,107689,1947
2026-07-22,EMAIL-Nurture,Email,511.57,46801,2764
2026-07-22,EMAIL-Reactivation,Email,614.2,51688,3003
2026-07-22,SEO-Content,Organic Search,349.98,118390,4019
2026-07-22,SEO-Product,Organic Search,305.26,130408,4574
2026-07-22,DISPLAY-Prospecting,Display,1048.21,75825,720
2026-07-22,DISPLAY-Retargeting,Display,1315.95,143376,1474
2026-07-22,REF-Partner,Referral,436.53,58507,1573
2026-07-22,REF-Customer,Referral,538.99,177738,4988
2026-07-23,PS-Brand,Paid Search,2286.79,61749,2890
2026-07-23,PS-NonBrand,Paid Search,1930.35,37115,1675
2026-07-23,META-Prospecting,Paid Social,1506.31,70971,1303
2026-07-23,META-Retargeting,Paid Social,1425.67,104706,1921
2026-07-23,EMAIL-Nurture,Email,625.64,60778,3577
2026-07-23,EMAIL-Reactivation,Email,643.24,55276,3236
2026-07-23,SEO-Content,Organic Search,300.72,102761,3487
2026-07-23,SEO-Product,Organic Search,304.57,149040,5375
2026-07-23,DISPLAY-Prospecting,Display,1112.92,92216,895
2026-07-23,DISPLAY-Retargeting,Display,1380.46,145954,1481
2026-07-23,REF-Partner,Referral,457.06,58479,1688
2026-07-23,REF-Customer,Referral,477.95,144347,4036
2026-07-24,PS-Brand,Paid Search,2032.54,53282,2488
2026-07-24,PS-NonBrand,Paid Search,1535.49,34191,1483
2026-07-24,META-Prospecting,Paid Social,1856.17,94146,1674
2026-07-24,META-Retargeting,Paid Social,1395.28,105395,1936
2026-07-24,EMAIL-Nurture,Email,582.35,56254,3398
2026-07-24,EMAIL-Reactivation,Email,544.49,40856,2333
2026-07-24,SEO-Content,Organic Search,290.55,113247,3867
2026-07-24,SEO-Product,Organic Search,289.76,138663,4711
2026-07-24,DISPLAY-Prospecting,Display,1167.76,92521,836
2026-07-24,DISPLAY-Retargeting,Display,806.45,95361,907
2026-07-24,REF-Partner,Referral,450.94,60459,1643
2026-07-24,REF-Customer,Referral,472.4,126929,3463
2026-07-25,PS-Brand,Paid Search,1733.33,39179,1897
2026-07-25,PS-NonBrand,Paid Search,1424.32,27548,1212
2026-07-25,META-Prospecting,Paid Social,1756.11,80571,1456
2026-07-25,META-Retargeting,Paid Social,1032.44,66334,1242
2026-07-25,EMAIL-Nurture,Email,408.44,40406,2346
2026-07-25,EMAIL-Reactivation,Email,549.0,47060,2666
2026-07-25,SEO-Content,Organic Search,322.32,131433,4431
2026-07-25,SEO-Product,Organic Search,267.17,137310,4806
2026-07-25,DISPLAY-Prospecting,Display,994.78,70232,652
2026-07-25,DISPLAY-Retargeting,Display,777.86,77382,727
2026-07-25,REF-Partner,Referral,408.29,45581,1256
2026-07-25,REF-Customer,Referral,295.34,97376,2740
2026-07-26,PS-Brand,Paid Search,1446.93,34244,1568
2026-07-26,PS-NonBrand,Paid Search,1518.61,34469,1609
2026-07-26,META-Prospecting,Paid Social,1466.5,77658,1369
2026-07-26,META-Retargeting,Paid Social,1109.64,79469,1415
2026-07-26,EMAIL-Nurture,Email,403.47,33991,2057
2026-07-26,EMAIL-Reactivation,Email,438.14,30905,1812
2026-07-26,SEO-Content,Organic Search,288.07,99482,3330
2026-07-26,SEO-Product,Organic Search,214.81,90703,3236
2026-07-26,DISPLAY-Prospecting,Display,932.65,73040,666
2026-07-26,DISPLAY-Retargeting,Display,890.08,90280,894
2026-07-26,REF-Partner,Referral,354.62,42023,1185
2026-07-26,REF-Customer,Referral,404.23,121771,3399
2026-07-27,PS-Brand,Paid Search,1735.52,41717,2003
2026-07-27,PS-NonBrand,Paid Search,2019.97,42202,1915
2026-07-27,META-Prospecting,Paid Social,1624.36,86603,1521
2026-07-27,META-Retargeting,Paid Social,1335.04,90048,1719
2026-07-27,EMAIL-Nurture,Email,461.31,41258,2524
2026-07-27,EMAIL-Reactivation,Email,576.12,40205,2289
2026-07-27,SEO-Content,Organic Search,302.11,104596,3518
2026-07-27,SEO-Product,Organic Search,250.21,111383,3976
2026-07-27,DISPLAY-Prospecting,Display,1259.81,91272,889
2026-07-27,DISPLAY-Retargeting,Display,1243.38,151160,1508
2026-07-27,REF-Partner,Referral,458.72,52265,1444
2026-07-27,REF-Customer,Referral,398.72,123167,3453
2026-07-28,PS-Brand,Paid Search,1503.96,34898,1657
2026-07-28,PS-NonBrand,Paid Search,2185.81,48312,2208
2026-07-28,META-Prospecting,Paid Social,1760.51,92458,1688
2026-07-28,META-Retargeting,Paid Social,1677.74,110364,2143
2026-07-28,EMAIL-Nurture,Email,599.37,54499,3279
2026-07-28,EMAIL-Reactivation,Email,607.32,51002,2942
2026-07-28,SEO-Content,Organic Search,288.39,105652,3734
2026-07-28,SEO-Product,Organic Search,349.4,184643,6553
2026-07-28,DISPLAY-Prospecting,Display,1121.55,83087,813
2026-07-28,DISPLAY-Retargeting,Display,1310.71,136421,1358
2026-07-28,REF-Partner,Referral,480.72,53966,1499
2026-07-28,REF-Customer,Referral,528.95,162901,4587
2026-07-29,PS-Brand,Paid Search,2055.23,55754,2519
2026-07-29,PS-NonBrand,Paid Search,2122.63,40606,1843
2026-07-29,META-Prospecting,Paid Social,1640.16,82812,1516
2026-07-29,META-Retargeting,Paid Social,1523.41,103302,1905
2026-07-29,EMAIL-Nurture,Email,637.94,53769,3166
2026-07-29,EMAIL-Reactivation,Email,586.96,41671,2392
2026-07-29,SEO-Content,Organic Search,229.37,80949,2677
2026-07-29,SEO-Product,Organic Search,334.41,152050,5331
2026-07-29,DISPLAY-Prospecting,Display,1156.95,85869,804
2026-07-29,DISPLAY-Retargeting,Display,1011.96,109369,1158
2026-07-29,REF-Partner,Referral,540.52,58735,1607
2026-07-29,REF-Customer,Referral,564.87,157724,4472
2026-07-30,PS-Brand,Paid Search,1683.03,44962,2052
2026-07-30,PS-NonBrand,Paid Search,1816.13,34736,1589
2026-07-30,META-Prospecting,Paid Social,1733.28,90399,1648
2026-07-30,META-Retargeting,Paid Social,1711.63,134257,2440
2026-07-30,EMAIL-Nurture,Email,603.83,51025,3112
2026-07-30,EMAIL-Reactivation,Email,658.37,57071,3301
2026-07-30,SEO-Content,Organic Search,301.95,111575,3753
2026-07-30,SEO-Product,Organic Search,344.56,158894,5588
2026-07-30,DISPLAY-Prospecting,Display,1273.16,95109,926
2026-07-30,DISPLAY-Retargeting,Display,1097.31,123201,1259
2026-07-30,REF-Partner,Referral,531.46,71246,1893
2026-07-30,REF-Customer,Referral,358.43,116613,3280
2026-07-31,PS-Brand,Paid Search,2006.8,50873,2424
2026-07-31,PS-NonBrand,Paid Search,1715.67,39947,1778
2026-07-31,META-Prospecting,Paid Social,1440.29,66883,1218
2026-07-31,META-Retargeting,Paid Social,1131.67,74713,1469
2026-07-31,EMAIL-Nurture,Email,587.4,56456,3343
2026-07-31,EMAIL-Reactivation,Email,527.68,44393,2643
2026-07-31,SEO-Content,Organic Search,264.46,96374,3391
2026-07-31,SEO-Product,Organic Search,265.91,122467,4306
2026-07-31,DISPLAY-Prospecting,Display,1014.92,72785,750
2026-07-31,DISPLAY-Retargeting,Display,932.41,100956,1005
2026-07-31,REF-Partner,Referral,349.63,42838,1169
2026-07-31,REF-Customer,Referral,436.33,114497,3235
2026-08-01,PS-Brand,Paid Search,1289.92,30188,1407
2026-08-01,PS-NonBrand,Paid Search,1485.58,30509,1358
2026-08-01,META-Prospecting,Paid Social,1383.76,68142,1216
2026-08-01,META-Retargeting,Paid Social,1183.53,80369,1539
2026-08-01,EMAIL-Nurture,Email,475.82,48467,2965
2026-08-01,EMAIL-Reactivation,Email,420.27,32104,1826
2026-08-01,SEO-Content,Organic Search,198.29,63920,2173
2026-08-01,SEO-Product,Organic Search,307.27,135169,4724
2026-08-01,DISPLAY-Prospecting,Display,1189.01,87523,809
2026-08-01,DISPLAY-Retargeting,Display,628.13,73942,754
2026-08-01,REF-Partner,Referral,349.79,43063,1150
2026-08-01,REF-Customer,Referral,449.0,147969,4169
2026-08-02,PS-Brand,Paid Search,1494.92,33718,1600
2026-08-02,PS-NonBrand,Paid Search,1423.2,27493,1227
2026-08-02,META-Prospecting,Paid Social,881.69,45311,838
2026-08-02,META-Retargeting,Paid Social,1366.12,103849,1943
2026-08-02,EMAIL-Nurture,Email,406.01,36083,2089
2026-08-02,EMAIL-Reactivation,Email,563.54,40646,2332
2026-08-02,SEO-Content,Organic Search,260.85,101309,3548
2026-08-02,SEO-Product,Organic Search,242.62,128040,4407
2026-08-02,DISPLAY-Prospecting,Display,932.72,64899,618
2026-08-02,DISPLAY-Retargeting,Display,780.05,75726,830
2026-08-02,REF-Partner,Referral,414.03,52508,1491
2026-08-02,REF-Customer,Referral,276.4,88134,2482
2026-08-03,PS-Brand,Paid Search,2257.11,50293,2442
2026-08-03,PS-NonBrand,Paid Search,1512.33,32999,1498
2026-08-03,META-Prospecting,Paid Social,1367.66,69668,1209
2026-08-03,META-Retargeting,Paid Social,1037.1,73407,1397
2026-08-03,EMAIL-Nurture,Email,511.96,49028,2911
2026-08-03,EMAIL-Reactivation,Email,476.73,39181,2301
2026-08-03,SEO-Content,Organic Search,252.49,98730,3388
2026-08-03,SEO-Product,Organic Search,311.01,140238,4936
2026-08-03,DISPLAY-Prospecting,Display,1119.41,81433,750
2026-08-03,DISPLAY-Retargeting,Display,1056.85,116853,1194
2026-08-03,REF-Partner,Referral,423.06,55395,1524
2026-08-03,REF-Customer,Referral,500.35,130273,3772
2026-08-04,PS-Brand,Paid Search,2126.19,58036,2613
2026-08-04,PS-NonBrand,Paid Search,1789.51,36643,1614
2026-08-04,META-Prospecting,Paid Social,1230.42,55797,1039
2026-08-04,META-Retargeting,Paid Social,1332.46,94002,1756
2026-08-04,EMAIL-Nurture,Email,635.21,52800,3254
2026-08-04,EMAIL-Reactivation,Email,618.0,51067,2993
2026-08-04,SEO-Content,Organic Search,360.01,139213,4751
2026-08-04,SEO-Product,Organic Search,290.35,143904,5095
2026-08-04,DISPLAY-Prospecting,Display,1362.61,94625,879
2026-08-04,DISPLAY-Retargeting,Display,1207.77,118031,1205
2026-08-04,REF-Partner,Referral,504.67,61143,1728
2026-08-04,REF-Customer,Referral,421.79,122726,3493
2026-08-05,PS-Brand,Paid Search,1753.75,47370,2165
2026-08-05,PS-NonBrand,Paid Search,1625.29,30270,1298
2026-08-05,META-Prospecting,Paid Social,1579.02,85127,1553
2026-08-05,META-Retargeting,Paid Social,1481.17,103198,1866
2026-08-05,EMAIL-Nurture,Email,676.01,60246,3495
2026-08-05,EMAIL-Reactivation,Email,501.79,37977,2155
2026-08-05,SEO-Content,Organic Search,308.33,125492,4207
2026-08-05,SEO-Product,Organic Search,272.98,126472,4453
2026-08-05,DISPLAY-Prospecting,Display,1035.64,82640,775
2026-08-05,DISPLAY-Retargeting,Display,1264.75,135969,1422
2026-08-05,REF-Partner,Referral,367.41,40075,1104
2026-08-05,REF-Customer,Referral,456.63,147925,4318
2026-08-06,PS-Brand,Paid Search,2013.79,45045,2130
2026-08-06,PS-NonBrand,Paid Search,2050.17,44902,2026
2026-08-06,META-Prospecting,Paid Social,1752.61,94598,1672
2026-08-06,META-Retargeting,Paid Social,1567.63,106892,2024
2026-08-06,EMAIL-Nurture,Email,614.41,52919,3172
2026-08-06,EMAIL-Reactivation,Email,472.91,33903,1925
2026-08-06,SEO-Content,Organic Search,293.79,115813,3881
2026-08-06,SEO-Product,Organic Search,297.31,137827,4753
2026-08-06,DISPLAY-Prospecting,Display,1180.82,85808,822
2026-08-06,DISPLAY-Retargeting,Display,1212.82,143898,1460
2026-08-06,REF-Partner,Referral,493.4,52417,1377
2026-08-06,REF-Customer,Referral,518.62,157774,4522
2026-08-07,PS-Brand,Paid Search,1496.66,38942,1870
2026-08-07,PS-NonBrand,Paid Search,1356.38,27223,1171
2026-08-07,META-Prospecting,Paid Social,1527.54,78510,1387
2026-08-07,META-Retargeting,Paid Social,1460.81,97359,1895
2026-08-07,EMAIL-Nurture,Email,428.51,35298,2114
2026-08-07,EMAIL-Reactivation,Email,522.46,41711,2381
2026-08-07,SEO-Content,Organic Search,242.03,86981,3014
2026-08-07,SEO-Product,Organic Search,266.4,120618,4128
2026-08-07,DISPLAY-Prospecting,Display,1282.63,101619,1058
2026-08-07,DISPLAY-Retargeting,Display,1136.43,127103,1300
2026-08-07,REF-Partner,Referral,385.44,44249,1240
2026-08-07,REF-Customer,Referral,483.49,144187,4113
2026-08-08,PS-Brand,Paid Search,1529.19,34612,1580
2026-08-08,PS-NonBrand,Paid Search,1632.51,32335,1426
2026-08-08,META-Prospecting,Paid Social,1167.41,50883,935
2026-08-08,META-Retargeting,Paid Social,1143.78,73446,1407
2026-08-08,EMAIL-Nurture,Email,551.12,57059,3362
2026-08-08,EMAIL-Reactivation,Email,419.15,34182,2002
2026-08-08,SEO-Content,Organic Search,248.57,100988,3377
2026-08-08,SEO-Product,Organic Search,270.84,136068,4751
2026-08-08,DISPLAY-Prospecting,Display,802.21,57699,580
2026-08-08,DISPLAY-Retargeting,Display,937.48,108110,1088
2026-08-08,REF-Partner,Referral,316.36,40367,1041
2026-08-08,REF-Customer,Referral,290.54,96086,2745
2026-08-09,PS-Brand,Paid Search,1411.18,38384,1779
2026-08-09,PS-NonBrand,Paid Search,1500.44,34206,1551
2026-08-09,META-Prospecting,Paid Social,1223.36,53488,882
2026-08-09,META-Retargeting,Paid Social,1430.81,95843,1765
2026-08-09,EMAIL-Nurture,Email,445.22,39865,2425
2026-08-09,EMAIL-Reactivation,Email,505.21,41669,2373
2026-08-09,SEO-Content,Organic Search,273.98,106028,3682
2026-08-09,SEO-Product,Organic Search,209.89,97161,3330
2026-08-09,DISPLAY-Prospecting,Display,984.0,81726,807
2026-08-09,DISPLAY-Retargeting,Display,979.03,106136,1089
2026-08-09,REF-Partner,Referral,337.34,40562,1103
2026-08-09,REF-Customer,Referral,263.08,69617,1924
2026-08-10,PS-Brand,Paid Search,1540.81,42194,2007
2026-08-10,PS-NonBrand,Paid Search,1725.2,34411,1509
2026-08-10,META-Prospecting,Paid Social,1344.44,58096,954
2026-08-10,META-Retargeting,Paid Social,1411.39,97742,1868
2026-08-10,EMAIL-Nurture,Email,636.2,60949,3651
2026-08-10,EMAIL-Reactivation,Email,569.37,48672,2809
2026-08-10,SEO-Content,Organic Search,248.08,80392,2784
2026-08-10,SEO-Product,Organic Search,221.68,116845,4013
2026-08-10,DISPLAY-Prospecting,Display,1104.19,75377,706
2026-08-10,DISPLAY-Retargeting,Display,1146.61,138095,1393
2026-08-10,REF-Partner,Referral,382.14,40875,1145
2026-08-10,REF-Customer,Referral,457.12,132196,3736
2026-08-11,PS-Brand,Paid Search,2309.15,53615,2597
2026-08-11,PS-NonBrand,Paid Search,2064.98,40247,1842
2026-08-11,META-Prospecting,Paid Social,1413.68,64643,1149
2026-08-11,META-Retargeting,Paid Social,1796.48,123605,2345
2026-08-11,EMAIL-Nurture,Email,517.01,45395,2556
2026-08-11,EMAIL-Reactivation,Email,484.99,39214,2280
2026-08-11,SEO-Content,Organic Search,283.41,106349,3578
2026-08-11,SEO-Product,Organic Search,291.6,149095,5154
2026-08-11,DISPLAY-Prospecting,Display,1288.38,109034,1093
2026-08-11,DISPLAY-Retargeting,Display,1048.54,127369,1216
2026-08-11,REF-Partner,Referral,435.64,46614,1257
2026-08-11,REF-Customer,Referral,421.86,138141,3888
2026-08-12,PS-Brand,Paid Search,1753.56,49374,2326
2026-08-12,PS-NonBrand,Paid Search,1871.09,36337,1660
2026-08-12,META-Prospecting,Paid Social,1512.96,70252,1286
2026-08-12,META-Retargeting,Paid Social,1482.67,116481,2172
2026-08-12,EMAIL-Nurture,Email,575.74,56778,3436
2026-08-12,EMAIL-Reactivation,Email,576.42,47510,2774
2026-08-12,SEO-Content,Organic Search,294.95,111538,3878
2026-08-12,SEO-Product,Organic Search,310.41,148844,5151
2026-08-12,DISPLAY-Prospecting,Display,1244.68,106927,1064
2026-08-12,DISPLAY-Retargeting,Display,1218.34,122689,1245
2026-08-12,REF-Partner,Referral,512.58,69032,1843
2026-08-12,REF-Customer,Referral,401.63,107650,3148
2026-08-13,PS-Brand,Paid Search,1902.44,52185,2411
2026-08-13,PS-NonBrand,Paid Search,2050.39,43431,1943
2026-08-13,META-Prospecting,Paid Social,1780.43,79863,1465
2026-08-13,META-Retargeting,Paid Social,1788.37,116951,2157
2026-08-13,EMAIL-Nurture,Email,467.05,46960,2752
2026-08-13,EMAIL-Reactivation,Email,582.79,50805,2842
2026-08-13,SEO-Content,Organic Search,305.99,116395,3899
2026-08-13,SEO-Product,Organic Search,376.58,200596,7102
2026-08-13,DISPLAY-Prospecting,Display,1149.23,80989,727
2026-08-13,DISPLAY-Retargeting,Display,1207.91,127112,1274
2026-08-13,REF-Partner,Referral,418.79,50084,1433
2026-08-13,REF-Customer,Referral,470.67,133814,3785
2026-08-14,PS-Brand,Paid Search,1650.7,40889,1946
2026-08-14,PS-NonBrand,Paid Search,1570.41,30802,1424
2026-08-14,META-Prospecting,Paid Social,1618.71,77581,1362
2026-08-14,META-Retargeting,Paid Social,1386.36,98739,1828
2026-08-14,EMAIL-Nurture,Email,528.69,51757,3125
2026-08-14,EMAIL-Reactivation,Email,452.93,38162,2274
2026-08-14,SEO-Content,Organic Search,371.19,124129,4251
2026-08-14,SEO-Product,Organic Search,273.34,119491,4149
2026-08-14,DISPLAY-Prospecting,Display,1270.0,107865,1061
2026-08-14,DISPLAY-Retargeting,Display,989.21,109116,1072
2026-08-14,REF-Partner,Referral,478.29,55218,1476
2026-08-14,REF-Customer,Referral,398.63,115949,3325
2026-08-15,PS-Brand,Paid Search,1639.44,39093,1806
2026-08-15,PS-NonBrand,Paid Search,1269.97,26817,1269
2026-08-15,META-Prospecting,Paid Social,1065.4,56656,1033
2026-08-15,META-Retargeting,Paid Social,1306.23,90790,1730
2026-08-15,EMAIL-Nurture,Email,428.1,38692,2301
2026-08-15,EMAIL-Reactivation,Email,484.53,39380,2252
2026-08-15,SEO-Content,Organic Search,268.17,87544,2930
2026-08-15,SEO-Product,Organic Search,191.14,99216,3418
2026-08-15,DISPLAY-Prospecting,Display,813.01,58088,553
2026-08-15,DISPLAY-Retargeting,Display,1113.3,132925,1462
2026-08-15,REF-Partner,Referral,358.12,42347,1187
2026-08-15,REF-Customer,Referral,306.57,99253,2748
2026-08-16,PS-Brand,Paid Search,1380.84,34716,1628
2026-08-16,PS-NonBrand,Paid Search,1590.81,35530,1650
2026-08-16,META-Prospecting,Paid Social,1264.88,63980,1063
2026-08-16,META-Retargeting,Paid Social,1154.49,81429,1571
2026-08-16,EMAIL-Nurture,Email,464.83,48440,2924
2026-08-16,EMAIL-Reactivation,Email,424.56,35028,2013
2026-08-16,SEO-Content,Organic Search,323.7,104842,3469
2026-08-16,SEO-Product,Organic Search,282.93,148316,5100
2026-08-16,DISPLAY-Prospecting,Display,992.57,84068,826
2026-08-16,DISPLAY-Retargeting,Display,849.48,102759,1001
2026-08-16,REF-Partner,Referral,319.8,39915,1137
2026-08-16,REF-Customer,Referral,375.92,105309,2945
2026-08-17,PS-Brand,Paid Search,1516.82,40202,1910
2026-08-17,PS-NonBrand,Paid Search,1687.97,38833,1772
2026-08-17,META-Prospecting,Paid Social,1249.06,64595,1152
2026-08-17,META-Retargeting,Paid Social,1631.31,109413,2032
2026-08-17,EMAIL-Nurture,Email,391.23,40429,2398
2026-08-17,EMAIL-Reactivation,Email,603.73,47165,2798
2026-08-17,SEO-Content,Organic Search,261.3,103047,3587
2026-08-17,SEO-Product,Organic Search,260.73,137951,4788
2026-08-17,DISPLAY-Prospecting,Display,1017.75,75985,764
2026-08-17,DISPLAY-Retargeting,Display,1199.98,137618,1378
2026-08-17,REF-Partner,Referral,475.09,61365,1807
2026-08-17,REF-Customer,Referral,504.17,137322,3798
2026-08-18,PS-Brand,Paid Search,2119.31,57171,2687
2026-08-18,PS-NonBrand,Paid Search,2033.67,38776,1776
2026-08-18,META-Prospecting,Paid Social,1467.47,75979,1323
2026-08-18,META-Retargeting,Paid Social,1781.8,127457,2396
2026-08-18,EMAIL-Nurture,Email,629.18,53947,3172
2026-08-18,EMAIL-Reactivation,Email,481.52,37913,2211
2026-08-18,SEO-Content,Organic Search,259.13,84291,2948
2026-08-18,SEO-Product,Organic Search,349.08,182770,6413
2026-08-18,DISPLAY-Prospecting,Display,1221.71,102633,1016
2026-08-18,DISPLAY-Retargeting,Display,834.5,92024,901
2026-08-18,REF-Partner,Referral,452.92,54609,1503
2026-08-18,REF-Customer,Referral,515.42,151581,4229
2026-08-19,PS-Brand,Paid Search,1933.4,54208,2526
2026-08-19,PS-NonBrand,Paid Search,2144.96,45400,2089
2026-08-19,META-Prospecting,Paid Social,1545.25,72646,1266
2026-08-19,META-Retargeting,Paid Social,1339.42,99011,1835
2026-08-19,EMAIL-Nurture,Email,562.09,46838,2803
2026-08-19,EMAIL-Reactivation,Email,591.59,42553,2521
2026-08-19,SEO-Content,Organic Search,288.92,95147,3318
2026-08-19,SEO-Product,Organic Search,301.21,156561,5338
2026-08-19,DISPLAY-Prospecting,Display,908.13,62012,586
2026-08-19,DISPLAY-Retargeting,Display,1157.39,134011,1363
2026-08-19,REF-Partner,Referral,471.27,55131,1545
2026-08-19,REF-Customer,Referral,498.41,154598,4386
2026-08-20,PS-Brand,Paid Search,1854.67,42389,2046
2026-08-20,PS-NonBrand,Paid Search,2047.7,40734,1774
2026-08-20,META-Prospecting,Paid Social,1845.55,86445,1504
2026-08-20,META-Retargeting,Paid Social,1386.56,105904,1990
2026-08-20,EMAIL-Nurture,Email,485.05,48294,2927
2026-08-20,EMAIL-Reactivation,Email,534.06,43581,2451
2026-08-20,SEO-Content,Organic Search,299.91,110846,3802
2026-08-20,SEO-Product,Organic Search,303.85,133276,4633
2026-08-20,DISPLAY-Prospecting,Display,1260.82,94710,976
2026-08-20,DISPLAY-Retargeting,Display,1166.8,126109,1287
2026-08-20,REF-Partner,Referral,600.97,75471,2132
2026-08-20,REF-Customer,Referral,402.23,112906,3136
2026-08-21,PS-Brand,Paid Search,1878.55,47232,2141
2026-08-21,PS-NonBrand,Paid Search,1776.71,34707,1607
2026-08-21,META-Prospecting,Paid Social,1241.64,67451,1193
2026-08-21,META-Retargeting,Paid Social,1432.41,92155,1649
2026-08-21,EMAIL-Nurture,Email,641.17,60235,3460
2026-08-21,EMAIL-Reactivation,Email,575.4,43758,2510
2026-08-21,SEO-Content,Organic Search,217.97,77588,2689
2026-08-21,SEO-Product,Organic Search,264.55,129741,4504
2026-08-21,DISPLAY-Prospecting,Display,1072.21,88374,773
2026-08-21,DISPLAY-Retargeting,Display,1006.84,117019,1137
2026-08-21,REF-Partner,Referral,442.88,48947,1371
2026-08-21,REF-Customer,Referral,389.56,106749,3058
2026-08-22,PS-Brand,Paid Search,1168.66,30540,1431
2026-08-22,PS-NonBrand,Paid Search,1268.61,26428,1222
2026-08-22,META-Prospecting,Paid Social,1168.11,56737,1019
2026-08-22,META-Retargeting,Paid Social,1571.22,102113,1960
2026-08-22,EMAIL-Nurture,Email,454.58,41122,2412
2026-08-22,EMAIL-Reactivation,Email,463.89,33432,1905
2026-08-22,SEO-Content,Organic Search,218.69,74136,2561
2026-08-22,SEO-Product,Organic Search,308.34,148453,5235
2026-08-22,DISPLAY-Prospecting,Display,940.61,80100,771
2026-08-22,DISPLAY-Retargeting,Display,742.46,88113,916
2026-08-22,REF-Partner,Referral,334.91,41212,1083
2026-08-22,REF-Customer,Referral,387.61,116123,3243
2026-08-23,PS-Brand,Paid Search,1733.89,45531,2155
2026-08-23,PS-NonBrand,Paid Search,1502.19,31750,1422
2026-08-23,META-Prospecting,Paid Social,1283.14,66341,1213
2026-08-23,META-Retargeting,Paid Social,1139.96,90346,1655
2026-08-23,EMAIL-Nurture,Email,492.5,42079,2653
2026-08-23,EMAIL-Reactivation,Email,520.97,44793,2643
2026-08-23,SEO-Content,Organic Search,261.68,85150,2904
2026-08-23,SEO-Product,Organic Search,246.12,108004,3784
2026-08-23,DISPLAY-Prospecting,Display,701.8,47891,435
2026-08-23,DISPLAY-Retargeting,Display,938.12,104927,1057
2026-08-23,REF-Partner,Referral,355.49,43638,1228
2026-08-23,REF-Customer,Referral,411.15,121287,3439
2026-08-24,PS-Brand,Paid Search,1332.11,35378,1591
2026-08-24,PS-NonBrand,Paid Search,2019.35,44038,1956
2026-08-24,META-Prospecting,Paid Social,1256.76,66250,1173
2026-08-24,META-Retargeting,Paid Social,1337.56,103347,1880
2026-08-24,EMAIL-Nurture,Email,486.98,43295,2637
2026-08-24,EMAIL-Reactivation,Email,451.98,37300,2089
2026-08-24,SEO-Content,Organic Search,246.33,85264,3001
2026-08-24,SEO-Product,Organic Search,315.65,164081,5745
2026-08-24,DISPLAY-Prospecting,Display,1066.78,79052,781
2026-08-24,DISPLAY-Retargeting,Display,960.4,100830,1021
2026-08-24,REF-Partner,Referral,423.5,48093,1327
2026-08-24,REF-Customer,Referral,389.28,122707,3541
2026-08-25,PS-Brand,Paid Search,1853.1,50005,2362
2026-08-25,PS-NonBrand,Paid Search,1806.77,33617,1505
2026-08-25,META-Prospecting,Paid Social,1568.83,68837,1177
2026-08-25,META-Retargeting,Paid Social,1256.02,86731,1691
2026-08-25,EMAIL-Nurture,Email,553.27,57141,3455
2026-08-25,EMAIL-Reactivation,Email,621.87,51040,2888
2026-08-25,SEO-Content,Organic Search,325.73,113678,3962
2026-08-25,SEO-Product,Organic Search,341.18,167638,5823
2026-08-25,DISPLAY-Prospecting,Display,1156.05,92950,928
2026-08-25,DISPLAY-Retargeting,Display,1062.75,107530,1090
2026-08-25,REF-Partner,Referral,411.32,44571,1264
2026-08-25,REF-Customer,Referral,469.18,139755,3952
2026-08-26,PS-Brand,Paid Search,2155.59,53522,2543
2026-08-26,PS-NonBrand,Paid Search,1579.42,32879,1495
2026-08-26,META-Prospecting,Paid Social,1490.82,76995,1400
2026-08-26,META-Retargeting,Paid Social,1578.35,98491,1851
2026-08-26,EMAIL-Nurture,Email,530.75,53304,3204
2026-08-26,EMAIL-Reactivation,Email,693.91,60537,3530
2026-08-26,SEO-Content,Organic Search,323.17,129482,4395
2026-08-26,SEO-Product,Organic Search,297.92,146229,5101
2026-08-26,DISPLAY-Prospecting,Display,1209.76,100947,924
2026-08-26,DISPLAY-Retargeting,Display,1006.53,103622,1111
2026-08-26,REF-Partner,Referral,529.46,70196,1965
2026-08-26,REF-Customer,Referral,497.06,160131,4517
2026-08-27,PS-Brand,Paid Search,2250.54,60355,2742
2026-08-27,PS-NonBrand,Paid Search,2030.65,40735,1880
2026-08-27,META-Prospecting,Paid Social,1090.42,51616,955
2026-08-27,META-Retargeting,Paid Social,1504.36,113309,2033
2026-08-27,EMAIL-Nurture,Email,532.91,55462,3321
2026-08-27,EMAIL-Reactivation,Email,520.94,44095,2565
2026-08-27,SEO-Content,Organic Search,271.25,101209,3524
2026-08-27,SEO-Product,Organic Search,331.31,160865,5698
2026-08-27,DISPLAY-Prospecting,Display,1003.05,80264,811
2026-08-27,DISPLAY-Retargeting,Display,1139.35,139092,1340
2026-08-27,REF-Partner,Referral,497.1,61349,1692
2026-08-27,REF-Customer,Referral,556.97,164977,4572
2026-08-28,PS-Brand,Paid Search,1404.88,36577,1736
2026-08-28,PS-NonBrand,Paid Search,1595.51,37321,1693
2026-08-28,META-Prospecting,Paid Social,1435.15,74305,1327
2026-08-28,META-Retargeting,Paid Social,964.33,70338,1323
2026-08-28,EMAIL-Nurture,Email,474.25,40264,2308
2026-08-28,EMAIL-Reactivation,Email,487.56,39041,2212
2026-08-28,SEO-Content,Organic Search,255.11,89993,3080
2026-08-28,SEO-Product,Organic Search,203.51,96178,3292
2026-08-28,DISPLAY-Prospecting,Display,942.85,76009,748
2026-08-28,DISPLAY-Retargeting,Display,967.08,106909,1056
2026-08-28,REF-Partner,Referral,378.17,45431,1215
2026-08-28,REF-Customer,Referral,360.83,104201,2894
2026-08-29,PS-Brand,Paid Search,1537.2,41604,1932
2026-08-29,PS-NonBrand,Paid Search,1410.71,28184,1308
2026-08-29,META-Prospecting,Paid Social,1067.11,58106,1059
2026-08-29,META-Retargeting,Paid Social,1316.55,91270,1774
2026-08-29,EMAIL-Nurture,Email,478.72,48159,2811
2026-08-29,EMAIL-Reactivation,Email,238.17,18356,1064
2026-08-29,SEO-Content,Organic Search,258.15,94812,3336
2026-08-29,SEO-Product,Organic Search,263.53,132538,4517
2026-08-29,DISPLAY-Prospecting,Display,1182.08,86892,828
2026-08-29,DISPLAY-Retargeting,Display,1066.09,111394,1124
2026-08-29,REF-Partner,Referral,490.99,53141,1453
2026-08-29,REF-Customer,Referral,368.54,107314,3054
2026-08-30,PS-Brand,Paid Search,1727.54,38992,1772
2026-08-30,PS-NonBrand,Paid Search,1588.65,32727,1412
2026-08-30,META-Prospecting,Paid Social,1353.7,63483,1119
2026-08-30,META-Retargeting,Paid Social,932.27,62755,1250
2026-08-30,EMAIL-Nurture,Email,500.63,45388,2614
2026-08-30,EMAIL-Reactivation,Email,427.11,37116,2136
2026-08-30,SEO-Content,Organic Search,213.95,81269,2739
2026-08-30,SEO-Product,Organic Search,213.54,111204,3818
2026-08-30,DISPLAY-Prospecting,Display,788.36,63511,625
2026-08-30,DISPLAY-Retargeting,Display,1136.36,136560,1335
2026-08-30,REF-Partner,Referral,300.78,40611,1131
2026-08-30,REF-Customer,Referral,340.69,112072,3158
2026-08-31,PS-Brand,Paid Search,1623.38,40194,1819
2026-08-31,PS-NonBrand,Paid Search,1787.19,34088,1512
2026-08-31,META-Prospecting,Paid Social,1287.82,65555,1215
2026-08-31,META-Retargeting,Paid Social,1366.57,93916,1756
2026-08-31,EMAIL-Nurture,Email,525.88,51738,3033
2026-08-31,EMAIL-Reactivation,Email,591.89,47047,2767
2026-08-31,SEO-Content,Organic Search,286.83,95057,3192
2026-08-31,SEO-Product,Organic Search,263.84,118942,4182
2026-08-31,DISPLAY-Prospecting,Display,1090.58,85331,818
2026-08-31,DISPLAY-Retargeting,Display,1053.95,127024,1238
2026-08-31,REF-Partner,Referral,425.54,47784,1263
2026-08-31,REF-Customer,Referral,329.68,103914,3035
2026-09-01,PS-Brand,Paid Search,1853.91,44681,2066
2026-09-01,PS-NonBrand,Paid Search,2190.01,49023,2240
2026-09-01,META-Prospecting,Paid Social,1500.05,76756,1370
2026-09-01,META-Retargeting,Paid Social,1666.77,130645,2405
2026-09-01,EMAIL-Nurture,Email,558.34,56411,3239
2026-09-01,EMAIL-Reactivation,Email,634.32,52336,3073
2026-09-01,SEO-Content,Organic Search,303.57,103914,3636
2026-09-01,SEO-Product,Organic Search,315.64,162393,5718
2026-09-01,DISPLAY-Prospecting,Display,1082.19,80445,766
2026-09-01,DISPLAY-Retargeting,Display,1375.63,169712,1673
2026-09-01,REF-Partner,Referral,415.85,50099,1392
2026-09-01,REF-Customer,Referral,507.83,154485,4397
2026-09-02,PS-Brand,Paid Search,1514.68,40361,1951
2026-09-02,PS-NonBrand,Paid Search,1934.07,43344,1878
2026-09-02,META-Prospecting,Paid Social,1788.78,85757,1594
2026-09-02,META-Retargeting,Paid Social,1399.2,109819,2081
2026-09-02,EMAIL-Nurture,Email,591.09,49296,2836
2026-09-02,EMAIL-Reactivation,Email,625.36,49828,2945
2026-09-02,SEO-Content,Organic Search,316.72,119442,3982
2026-09-02,SEO-Product,Organic Search,270.62,114114,4099
2026-09-02,DISPLAY-Prospecting,Display,1183.34,86166,816
2026-09-02,DISPLAY-Retargeting,Display,1156.35,128148,1272
2026-09-02,REF-Partner,Referral,479.95,55371,1446
2026-09-02,REF-Customer,Referral,403.34,125149,3536
2026-09-03,PS-Brand,Paid Search,1935.14,48845,2270
2026-09-03,PS-NonBrand,Paid Search,2284.64,42458,1923
2026-09-03,META-Prospecting,Paid Social,1227.01,56455,1002
2026-09-03,META-Retargeting,Paid Social,1525.66,96714,1801
2026-09-03,EMAIL-Nurture,Email,523.18,45534,2703
2026-09-03,EMAIL-Reactivation,Email,549.31,47497,2773
2026-09-03,SEO-Content,Organic Search,296.56,110298,3802
2026-09-03,SEO-Product,Organic Search,315.96,132901,4594
2026-09-03,DISPLAY-Prospecting,Display,1044.92,73578,694
2026-09-03,DISPLAY-Retargeting,Display,1168.8,129968,1277
2026-09-03,REF-Partner,Referral,575.83,70896,1966
2026-09-03,REF-Customer,Referral,461.93,151183,4241
2026-09-04,PS-Brand,Paid Search,1486.62,39909,1789
2026-09-04,PS-NonBrand,Paid Search,1588.03,34179,1541
2026-09-04,META-Prospecting,Paid Social,1449.73,74779,1354
2026-09-04,META-Retargeting,Paid Social,1499.43,117147,2180
2026-09-04,EMAIL-Nurture,Email,583.86,60107,3522
2026-09-04,EMAIL-Reactivation,Email,522.16,43371,2543
2026-09-04,SEO-Content,Organic Search,319.68,118255,4026
2026-09-04,SEO-Product,Organic Search,262.15,127647,4522
2026-09-04,DISPLAY-Prospecting,Display,1158.03,95579,876
2026-09-04,DISPLAY-Retargeting,Display,974.59,107250,1083
2026-09-04,REF-Partner,Referral,340.76,38613,1034
2026-09-04,REF-Customer,Referral,375.41,117275,3266
2026-09-05,PS-Brand,Paid Search,1564.9,35769,1622
2026-09-05,PS-NonBrand,Paid Search,1575.26,33586,1566
2026-09-05,META-Prospecting,Paid Social,1191.82,63426,1095
2026-09-05,META-Retargeting,Paid Social,1294.57,84771,1598
2026-09-05,EMAIL-Nurture,Email,501.38,44321,2627
2026-09-05,EMAIL-Reactivation,Email,534.45,38399,2249
2026-09-05,SEO-Content,Organic Search,314.99,118623,4071
2026-09-05,SEO-Product,Organic Search,218.36,100503,3483
2026-09-05,DISPLAY-Prospecting,Display,1057.67,78040,700
2026-09-05,DISPLAY-Retargeting,Display,791.62,82502,839
2026-09-05,REF-Partner,Referral,263.86,34196,906
2026-09-05,REF-Customer,Referral,318.04,96855,2794
2026-09-06,PS-Brand,Paid Search,1895.29,50983,2312
2026-09-06,PS-NonBrand,Paid Search,1303.04,28204,1305
2026-09-06,META-Prospecting,Paid Social,1292.13,66569,1209
2026-09-06,META-Retargeting,Paid Social,1655.6,114594,2149
2026-09-06,EMAIL-Nurture,Email,294.37,30284,1759
2026-09-06,EMAIL-Reactivation,Email,449.24,35797,2091
2026-09-06,SEO-Content,Organic Search,256.5,94073,3146
2026-09-06,SEO-Product,Organic Search,230.03,99562,3456
2026-09-06,DISPLAY-Prospecting,Display,796.04,55524,555
2026-09-06,DISPLAY-Retargeting,Display,917.97,104850,1026
2026-09-06,REF-Partner,Referral,432.17,56129,1526
2026-09-06,REF-Customer,Referral,333.46,101181,2829
2026-09-07,PS-Brand,Paid Search,1644.58,40192,1861
2026-09-07,PS-NonBrand,Paid Search,1878.1,38829,1779
2026-09-07,META-Prospecting,Paid Social,1280.22,67950,1228
2026-09-07,META-Retargeting,Paid Social,1542.77,116059,2184
2026-09-07,EMAIL-Nurture,Email,508.55,50423,3089
2026-09-07,EMAIL-Reactivation,Email,478.48,39954,2405
2026-09-07,SEO-Content,Organic Search,245.03,86398,3030
2026-09-07,SEO-Product,Organic Search,247.11,126024,4473
2026-09-07,DISPLAY-Prospecting,Display,978.53,68701,667
2026-09-07,DISPLAY-Retargeting,Display,1078.92,106417,1030
2026-09-07,REF-Partner,Referral,377.04,48880,1377
2026-09-07,REF-Customer,Referral,489.5,140250,3931
2026-09-08,PS-Brand,Paid Search,1866.46,48976,2331
2026-09-08,PS-NonBrand,Paid Search,2030.17,45669,2095
2026-09-08,META-Prospecting,Paid Social,1688.19,72522,1327
2026-09-08,META-Retargeting,Paid Social,1734.44,137094,2600
2026-09-08,EMAIL-Nurture,Email,515.04,53800,3211
2026-09-08,EMAIL-Reactivation,Email,636.26,45732,2698
2026-09-08,SEO-Content,Organic Search,216.21,80201,2804
2026-09-08,SEO-Product,Organic Search,326.23,172536,5972
2026-09-08,DISPLAY-Prospecting,Display,1060.99,76501,743
2026-09-08,DISPLAY-Retargeting,Display,928.35,102581,1037
2026-09-08,REF-Partner,Referral,430.48,50854,1367
2026-09-08,REF-Customer,Referral,454.02,137617,3853
2026-09-09,PS-Brand,Paid Search,1909.64,45170,2192
2026-09-09,PS-NonBrand,Paid Search,1381.97,26889,1204
2026-09-09,META-Prospecting,Paid Social,1856.36,94907,1667
2026-09-09,META-Retargeting,Paid Social,1351.12,102476,1921
2026-09-09,EMAIL-Nurture,Email,498.06,50940,3045
2026-09-09,EMAIL-Reactivation,Email,625.59,53501,3073
2026-09-09,SEO-Content,Organic Search,297.53,100585,3479
2026-09-09,SEO-Product,Organic Search,276.76,141708,4846
2026-09-09,DISPLAY-Prospecting,Display,967.91,80702,750
2026-09-09,DISPLAY-Retargeting,Display,1294.16,138807,1422
2026-09-09,REF-Partner,Referral,546.33,61183,1643
2026-09-09,REF-Customer,Referral,347.67,95957,2704
2026-09-10,PS-Brand,Paid Search,1768.85,46333,2193
2026-09-10,PS-NonBrand,Paid Search,1874.29,37159,1738
2026-09-10,META-Prospecting,Paid Social,1621.23,80543,1466
2026-09-10,META-Retargeting,Paid Social,1674.63,116471,2159
2026-09-10,EMAIL-Nurture,Email,487.01,44889,2683
2026-09-10,EMAIL-Reactivation,Email,504.99,37554,2172
2026-09-10,SEO-Content,Organic Search,346.84,128741,4361
2026-09-10,SEO-Product,Organic Search,355.45,181870,6424
2026-09-10,DISPLAY-Prospecting,Display,1090.06,93269,913
2026-09-10,DISPLAY-Retargeting,Display,978.47,105412,1097
2026-09-10,REF-Partner,Referral,497.82,63258,1646
2026-09-10,REF-Customer,Referral,426.6,126449,3584
2026-09-11,PS-Brand,Paid Search,2124.84,54350,2531
2026-09-11,PS-NonBrand,Paid Search,1915.69,35789,1675
2026-09-11,META-Prospecting,Paid Social,1383.19,70452,1210
2026-09-11,META-Retargeting,Paid Social,1685.49,118273,2270
2026-09-11,EMAIL-Nurture,Email,516.5,44294,2583
2026-09-11,EMAIL-Reactivation,Email,572.89,45428,2579
2026-09-11,SEO-Content,Organic Search,289.55,115751,3950
2026-09-11,SEO-Product,Organic Search,286.18,144556,5090
2026-09-11,DISPLAY-Prospecting,Display,1180.15,87373,763
2026-09-11,DISPLAY-Retargeting,Display,899.95,105877,1040
2026-09-11,REF-Partner,Referral,308.8,33069,935
2026-09-11,REF-Customer,Referral,437.6,126985,3561
2026-09-12,PS-Brand,Paid Search,1371.08,35238,1630
2026-09-12,PS-NonBrand,Paid Search,1553.65,32039,1503
2026-09-12,META-Prospecting,Paid Social,1343.08,61759,1137
2026-09-12,META-Retargeting,Paid Social,842.4,57128,1034
2026-09-12,EMAIL-Nurture,Email,439.03,45630,2763
2026-09-12,EMAIL-Reactivation,Email,434.34,31513,1816
2026-09-12,SEO-Content,Organic Search,276.12,90028,3105
2026-09-12,SEO-Product,Organic Search,222.41,106590,3826
2026-09-12,DISPLAY-Prospecting,Display,998.56,81675,785
2026-09-12,DISPLAY-Retargeting,Display,968.52,112917,1084
2026-09-12,REF-Partner,Referral,339.83,44251,1187
2026-09-12,REF-Customer,Referral,291.49,93966,2671
2026-09-13,PS-Brand,Paid Search,1065.74,27367,1322
2026-09-13,PS-NonBrand,Paid Search,1568.12,31908,1501
2026-09-13,META-Prospecting,Paid Social,1187.58,62642,1109
2026-09-13,META-Retargeting,Paid Social,773.13,54012,1034
2026-09-13,EMAIL-Nurture,Email,361.95,30926,1890
2026-09-13,EMAIL-Reactivation,Email,451.81,38289,2175
2026-09-13,SEO-Content,Organic Search,208.64,80381,2712
2026-09-13,SEO-Product,Organic Search,233.84,112595,3801
2026-09-13,DISPLAY-Prospecting,Display,974.61,67397,627
2026-09-13,DISPLAY-Retargeting,Display,616.21,70215,712
2026-09-13,REF-Partner,Referral,280.02,32099,851
2026-09-13,REF-Customer,Referral,371.65,118225,3268
2026-09-14,PS-Brand,Paid Search,1521.64,39252,1849
2026-09-14,PS-NonBrand,Paid Search,1826.28,40861,1839
2026-09-14,META-Prospecting,Paid Social,1666.7,73229,1246
2026-09-14,META-Retargeting,Paid Social,1275.05,89997,1714
2026-09-14,EMAIL-Nurture,Email,453.44,37262,2221
2026-09-14,EMAIL-Reactivation,Email,469.26,38624,2215
2026-09-14,SEO-Content,Organic Search,253.15,86283,2867
2026-09-14,SEO-Product,Organic Search,303.78,132937,4659
2026-09-14,DISPLAY-Prospecting,Display,1048.69,74599,693
2026-09-14,DISPLAY-Retargeting,Display,1003.51,114726,1110
2026-09-14,REF-Partner,Referral,441.33,52197,1464
2026-09-14,REF-Customer,Referral,292.67,83401,2289
2026-09-15,PS-Brand,Paid Search,2030.34,51116,2266
2026-09-15,PS-NonBrand,Paid Search,1799.62,41586,1893
2026-09-15,META-Prospecting,Paid Social,1480.76,70465,1196
2026-09-15,META-Retargeting,Paid Social,1800.25,127434,2347
2026-09-15,EMAIL-Nurture,Email,579.12,57510,3494
2026-09-15,EMAIL-Reactivation,Email,549.08,40139,2338
2026-09-15,SEO-Content,Organic Search,355.71,131287,4405
2026-09-15,SEO-Product,Organic Search,285.1,144498,4993
2026-09-15,DISPLAY-Prospecting,Display,1243.32,89471,861
2026-09-15,DISPLAY-Retargeting,Display,1159.72,131240,1304
2026-09-15,REF-Partner,Referral,442.76,58569,1603
2026-09-15,REF-Customer,Referral,477.23,142803,4073
2026-09-16,PS-Brand,Paid Search,1636.61,42448,1933
2026-09-16,PS-NonBrand,Paid Search,1708.04,39213,1763
2026-09-16,META-Prospecting,Paid Social,1771.59,96187,1703
2026-09-16,META-Retargeting,Paid Social,1531.84,112428,2154
2026-09-16,EMAIL-Nurture,Email,588.27,57340,3429
2026-09-16,EMAIL-Reactivation,Email,625.73,51174,2989
2026-09-16,SEO-Content,Organic Search,334.32,126385,4308
2026-09-16,SEO-Product,Organic Search,337.65,147274,5078
2026-09-16,DISPLAY-Prospecting,Display,1136.09,96069,954
2026-09-16,DISPLAY-Retargeting,Display,1285.36,150708,1534
2026-09-16,REF-Partner,Referral,436.24,47164,1295
2026-09-16,REF-Customer,Referral,433.09,132666,3718
2026-09-17,PS-Brand,Paid Search,1535.56,35902,1682
2026-09-17,PS-NonBrand,Paid Search,1885.68,40466,1806
2026-09-17,META-Prospecting,Paid Social,1619.35,74516,1291
2026-09-17,META-Retargeting,Paid Social,1524.27,117625,2274
2026-09-17,EMAIL-Nurture,Email,505.61,47919,2795
2026-09-17,EMAIL-Reactivation,Email,615.9,43689,2539
2026-09-17,SEO-Content,Organic Search,291.8,117771,3938
2026-09-17,SEO-Product,Organic Search,289.72,125764,4409
2026-09-17,DISPLAY-Prospecting,Display,1236.54,103509,941
2026-09-17,DISPLAY-Retargeting,Display,1064.94,123974,1308
2026-09-17,REF-Partner,Referral,445.2,59213,1605
2026-09-17,REF-Customer,Referral,477.14,136342,3852
2026-09-18,PS-Brand,Paid Search,1798.02,44647,2125
2026-09-18,PS-NonBrand,Paid Search,1745.14,40111,1805
2026-09-18,META-Prospecting,Paid Social,1237.51,66871,1194
2026-09-18,META-Retargeting,Paid Social,1404.17,97619,1814
2026-09-18,EMAIL-Nurture,Email,492.61,44245,2647
2026-09-18,EMAIL-Reactivation,Email,496.03,36421,2103
2026-09-18,SEO-Content,Organic Search,277.69,98767,3459
2026-09-18,SEO-Product,Organic Search,273.14,121371,4336
2026-09-18,DISPLAY-Prospecting,Display,1142.22,89934,923
2026-09-18,DISPLAY-Retargeting,Display,1153.46,119017,1185
2026-09-18,REF-Partner,Referral,410.14,47935,1344
2026-09-18,REF-Customer,Referral,308.31,91334,2552
2026-09-19,PS-Brand,Paid Search,1483.13,35590,1609
2026-09-19,PS-NonBrand,Paid Search,1546.02,32960,1481
2026-09-19,META-Prospecting,Paid Social,1384.9,74947,1333
2026-09-19,META-Retargeting,Paid Social,1352.79,95456,1777
2026-09-19,EMAIL-Nurture,Email,362.36,37524,2169
2026-09-19,EMAIL-Reactivation,Email,475.23,40062,2338
2026-09-19,SEO-Content,Organic Search,251.28,82061,2799
2026-09-19,SEO-Product,Organic Search,215.57,108995,3801
2026-09-19,DISPLAY-Prospecting,Display,998.63,82124,762
2026-09-19,DISPLAY-Retargeting,Display,907.1,111279,1133
2026-09-19,REF-Partner,Referral,331.42,42253,1167
2026-09-19,REF-Customer,Referral,274.51,87681,2461
2026-09-20,PS-Brand,Paid Search,1565.94,40752,1887
2026-09-20,PS-NonBrand,Paid Search,1613.71,34209,1543
2026-09-20,META-Prospecting,Paid Social,1237.68,57299,1057
2026-09-20,META-Retargeting,Paid Social,1078.4,82648,1498
2026-09-20,EMAIL-Nurture,Email,489.15,43553,2606
2026-09-20,EMAIL-Reactivation,Email,373.68,31703,1897
2026-09-20,SEO-Content,Organic Search,252.17,84720,2807
2026-09-20,SEO-Product,Organic Search,180.57,94336,3320
2026-09-20,DISPLAY-Prospecting,Display,961.65,71897,674
2026-09-20,DISPLAY-Retargeting,Display,805.42,81196,852
2026-09-20,REF-Partner,Referral,397.74,42828,1216
2026-09-20,REF-Customer,Referral,321.53,85462,2375
2026-09-21,PS-Brand,Paid Search,2003.07,52174,2464
2026-09-21,PS-NonBrand,Paid Search,1580.49,32002,1419
2026-09-21,META-Prospecting,Paid Social,1231.78,59507,1094
2026-09-21,META-Retargeting,Paid Social,1324.12,98459,1837
2026-09-21,EMAIL-Nurture,Email,526.32,46306,2725
2026-09-21,EMAIL-Reactivation,Email,423.53,36201,2088
2026-09-21,SEO-Content,Organic Search,250.78,87530,3024
2026-09-21,SEO-Product,Organic Search,275.16,134821,4726
2026-09-21,DISPLAY-Prospecting,Display,1139.95,85141,845
2026-09-21,DISPLAY-Retargeting,Display,933.67,92513,950
2026-09-21,REF-Partner,Referral,389.97,45049,1302
2026-09-21,REF-Customer,Referral,413.46,110535,3057
2026-09-22,PS-Brand,Paid Search,1824.56,49036,2306
2026-09-22,PS-NonBrand,Paid Search,1565.83,29157,1338
2026-09-22,META-Prospecting,Paid Social,1201.53,64193,1111
2026-09-22,META-Retargeting,Paid Social,1439.29,96340,1781
2026-09-22,EMAIL-Nurture,Email,655.98,64618,3843
2026-09-22,EMAIL-Reactivation,Email,555.64,46204,2715
2026-09-22,SEO-Content,Organic Search,289.82,103898,3556
2026-09-22,SEO-Product,Organic Search,321.0,157020,5512
2026-09-22,DISPLAY-Prospecting,Display,1237.82,84329,761
2026-09-22,DISPLAY-Retargeting,Display,1036.35,122998,1257
2026-09-22,REF-Partner,Referral,442.07,52138,1477
2026-09-22,REF-Customer,Referral,534.85,142266,4054
2026-09-23,PS-Brand,Paid Search,1958.78,53011,2504
2026-09-23,PS-NonBrand,Paid Search,1556.98,30284,1379
2026-09-23,META-Prospecting,Paid Social,1550.7,78299,1324
2026-09-23,META-Retargeting,Paid Social,1606.43,111310,2120
2026-09-23,EMAIL-Nurture,Email,559.21,46172,2771
2026-09-23,EMAIL-Reactivation,Email,455.85,36677,2195
2026-09-23,SEO-Content,Organic Search,279.59,93612,3140
2026-09-23,SEO-Product,Organic Search,323.74,137398,4762
2026-09-23,DISPLAY-Prospecting,Display,1250.92,107001,1066
2026-09-23,DISPLAY-Retargeting,Display,1052.17,120944,1196
2026-09-23,REF-Partner,Referral,473.86,52222,1426
2026-09-23,REF-Customer,Referral,396.82,120176,3316
2026-09-24,PS-Brand,Paid Search,1625.59,43953,2041
2026-09-24,PS-NonBrand,Paid Search,1878.16,43427,1935
2026-09-24,META-Prospecting,Paid Social,1812.26,87304,1605
2026-09-24,META-Retargeting,Paid Social,1207.84,84062,1588
2026-09-24,EMAIL-Nurture,Email,685.73,67399,4018
2026-09-24,EMAIL-Reactivation,Email,680.58,55018,3129
2026-09-24,SEO-Content,Organic Search,308.01,117755,3949
2026-09-24,SEO-Product,Organic Search,315.72,133838,4744
2026-09-24,DISPLAY-Prospecting,Display,1060.51,73735,721
2026-09-24,DISPLAY-Retargeting,Display,1130.52,127073,1291
2026-09-24,REF-Partner,Referral,507.45,62862,1681
2026-09-24,REF-Customer,Referral,528.71,143746,3994
2026-09-25,PS-Brand,Paid Search,1822.97,41094,1971
2026-09-25,PS-NonBrand,Paid Search,1761.44,35616,1553
2026-09-25,META-Prospecting,Paid Social,1380.12,72706,1237
2026-09-25,META-Retargeting,Paid Social,1252.55,89216,1677
2026-09-25,EMAIL-Nurture,Email,535.15,49531,2979
2026-09-25,EMAIL-Reactivation,Email,402.99,31015,1781
2026-09-25,SEO-Content,Organic Search,307.88,112963,3937
2026-09-25,SEO-Product,Organic Search,282.04,136966,4900
2026-09-25,DISPLAY-Prospecting,Display,980.42,73079,700
2026-09-25,DISPLAY-Retargeting,Display,941.06,100032,1029
2026-09-25,REF-Partner,Referral,446.39,49354,1325
2026-09-25,REF-Customer,Referral,397.52,129245,3611
2026-09-26,PS-Brand,Paid Search,1807.26,47084,2169
2026-09-26,PS-NonBrand,Paid Search,1048.35,20001,922
2026-09-26,META-Prospecting,Paid Social,1209.43,56272,979
2026-09-26,META-Retargeting,Paid Social,1354.43,96203,1927
2026-09-26,EMAIL-Nurture,Email,440.05,43623,2596
2026-09-26,EMAIL-Reactivation,Email,428.48,32135,1899
2026-09-26,SEO-Content,Organic Search,270.5,90162,3117
2026-09-26,SEO-Product,Organic Search,248.37,112784,4040
2026-09-26,DISPLAY-Prospecting,Display,1018.22,86056,784
2026-09-26,DISPLAY-Retargeting,Display,984.12,97266,955
2026-09-26,REF-Partner,Referral,397.76,44984,1262
2026-09-26,REF-Customer,Referral,464.56,138681,3870
2026-09-27,PS-Brand,Paid Search,1459.7,39521,1822
2026-09-27,PS-NonBrand,Paid Search,1593.7,32159,1421
2026-09-27,META-Prospecting,Paid Social,1365.09,71838,1329
2026-09-27,META-Retargeting,Paid Social,1050.17,78989,1471
2026-09-27,EMAIL-Nurture,Email,553.87,45559,2735
2026-09-27,EMAIL-Reactivation,Email,443.43,32881,1875
2026-09-27,SEO-Content,Organic Search,247.02,92800,3156
2026-09-27,SEO-Product,Organic Search,261.91,125471,4484
2026-09-27,DISPLAY-Prospecting,Display,964.28,71273,662
2026-09-27,DISPLAY-Retargeting,Display,753.01,92926,954
2026-09-27,REF-Partner,Referral,323.42,34733,967
2026-09-27,REF-Customer,Referral,329.6,93008,2658
2026-09-28,PS-Brand,Paid Search,1369.66,30961,1440
2026-09-28,PS-NonBrand,Paid Search,1738.54,35338,1662
2026-09-28,META-Prospecting,Paid Social,1291.65,65356,1211
2026-09-28,META-Retargeting,Paid Social,1390.95,103692,2043
2026-09-28,EMAIL-Nurture,Email,455.39,44390,2606
2026-09-28,EMAIL-Reactivation,Email,555.17,41768,2359
2026-09-28,SEO-Content,Organic Search,281.58,110749,3710
2026-09-28,SEO-Product,Organic Search,263.13,128363,4505
2026-09-28,DISPLAY-Prospecting,Display,947.78,68102,627
2026-09-28,DISPLAY-Retargeting,Display,819.08,95468,1021
2026-09-28,REF-Partner,Referral,406.44,52448,1433
2026-09-28,REF-Customer,Referral,384.19,101922,2945
2026-09-29,PS-Brand,Paid Search,1248.2,30635,1397
2026-09-29,PS-NonBrand,Paid Search,1791.13,34816,1588
2026-09-29,META-Prospecting,Paid Social,1372.85,62510,1144
2026-09-29,META-Retargeting,Paid Social,1426.22,90627,1701
2026-09-29,EMAIL-Nurture,Email,515.34,43459,2593
2026-09-29,EMAIL-Reactivation,Email,486.4,38199,2166
2026-09-29,SEO-Content,Organic Search,338.01,125208,4241
2026-09-29,SEO-Product,Organic Search,354.89,150186,5341
2026-09-29,DISPLAY-Prospecting,Display,1040.75,82800,849
2026-09-29,DISPLAY-Retargeting,Display,1125.56,124440,1296
2026-09-29,REF-Partner,Referral,403.69,51280,1465
2026-09-29,REF-Customer,Referral,426.83,120939,3460
2026-09-30,PS-Brand,Paid Search,1978.13,53514,2468
2026-09-30,PS-NonBrand,Paid Search,1374.28,28303,1288
2026-09-30,META-Prospecting,Paid Social,1623.56,74644,1312
2026-09-30,META-Retargeting,Paid Social,1402.25,92909,1766
2026-09-30,EMAIL-Nurture,Email,541.83,51006,3026
2026-09-30,EMAIL-Reactivation,Email,556.02,40070,2327
2026-09-30,SEO-Content,Organic Search,334.23,130913,4437
2026-09-30,SEO-Product,Organic Search,367.58,184160,6543
2026-09-30,DISPLAY-Prospecting,Display,1095.86,76451,780
2026-09-30,DISPLAY-Retargeting,Display,1292.78,149116,1532
2026-09-30,REF-Partner,Referral,457.79,48989,1327
2026-09-30,REF-Customer,Referral,425.56,138249,3922
