touchpoint_id,customer_id,timestamp,segment,channel,campaign_id,touchpoint_order
1,1,2026-01-28 22:14:00,SMB,Paid Search,PS-NonBrand,1
2,1,2026-01-29 18:10:00,SMB,Paid Social,META-Retargeting,2
3,1,2026-01-30 17:50:00,SMB,Paid Search,PS-Brand,3
4,1,2026-02-01 13:36:00,SMB,Paid Search,PS-Brand,4
5,1,2026-02-16 16:52:00,SMB,Email,EMAIL-Nurture,5
6,2,2025-11-12 16:42:00,Startup,Organic Search,SEO-Product,1
7,2,2025-11-20 03:06:00,Startup,Paid Social,META-Retargeting,2
8,2,2025-11-30 11:10:00,Startup,Paid Social,META-Retargeting,3
9,3,2026-01-10 11:20:00,SMB,Email,EMAIL-Nurture,1
10,3,2026-02-04 11:40:00,SMB,Paid Social,META-Retargeting,2
11,4,2026-03-07 05:06:00,Startup,Email,EMAIL-Reactivation,1
12,5,2026-08-04 15:41:00,Freelancer,Paid Search,PS-NonBrand,1
13,5,2026-08-14 16:48:00,Freelancer,Display,DISPLAY-Retargeting,2
14,5,2026-08-23 02:50:00,Freelancer,Paid Search,PS-Brand,3
15,5,2026-08-28 18:41:00,Freelancer,Display,DISPLAY-Retargeting,4
16,6,2026-02-06 18:50:00,SMB,Paid Social,META-Retargeting,1
17,6,2026-02-22 23:42:00,SMB,Paid Search,PS-Brand,2
18,6,2026-02-24 15:03:00,SMB,Paid Search,PS-Brand,3
19,6,2026-02-26 19:11:00,SMB,Paid Search,PS-NonBrand,4
20,7,2025-11-29 04:36:00,Startup,Paid Search,PS-NonBrand,1
21,7,2025-12-12 00:31:00,Startup,Paid Social,META-Prospecting,2
22,8,2026-08-05 05:26:00,SMB,Organic Search,SEO-Content,1
23,8,2026-08-05 07:18:00,SMB,Paid Social,META-Retargeting,2
24,8,2026-08-14 07:11:00,SMB,Organic Search,SEO-Product,3
25,8,2026-08-22 04:56:00,SMB,Paid Social,META-Prospecting,4
26,8,2026-08-22 22:19:00,SMB,Paid Search,PS-NonBrand,5
27,9,2026-03-05 10:52:00,SMB,Paid Search,PS-NonBrand,1
28,10,2026-09-02 13:56:00,Freelancer,Paid Search,PS-NonBrand,1
29,10,2026-09-13 21:05:00,Freelancer,Display,DISPLAY-Retargeting,2
30,11,2025-11-13 12:18:00,SMB,Referral,REF-Customer,1
31,11,2025-12-01 22:49:00,SMB,Referral,REF-Customer,2
32,11,2025-12-07 05:09:00,SMB,Email,EMAIL-Reactivation,3
33,12,2025-10-20 07:18:00,SMB,Email,EMAIL-Reactivation,1
34,12,2025-10-25 04:09:00,SMB,Display,DISPLAY-Retargeting,2
35,12,2025-10-28 06:10:00,SMB,Referral,REF-Partner,3
36,12,2025-11-04 07:16:00,SMB,Paid Social,META-Prospecting,4
37,13,2026-09-03 12:55:00,Startup,Paid Search,PS-NonBrand,1
38,14,2025-11-29 06:38:00,SMB,Referral,REF-Partner,1
39,15,2025-10-18 08:01:00,SMB,Paid Social,META-Prospecting,1
40,15,2025-10-20 01:58:00,SMB,Organic Search,SEO-Content,2
41,15,2025-10-24 01:32:00,SMB,Display,DISPLAY-Retargeting,3
42,15,2025-10-26 17:24:00,SMB,Paid Social,META-Retargeting,4
43,16,2026-06-01 03:00:00,SMB,Email,EMAIL-Nurture,1
44,16,2026-06-08 05:47:00,SMB,Paid Search,PS-Brand,2
45,16,2026-06-15 19:59:00,SMB,Paid Search,PS-NonBrand,3
46,17,2026-02-15 15:17:00,Startup,Paid Social,META-Prospecting,1
47,18,2026-04-05 20:46:00,SMB,Organic Search,SEO-Product,1
48,18,2026-04-15 04:06:00,SMB,Referral,REF-Customer,2
49,18,2026-04-17 21:44:00,SMB,Email,EMAIL-Reactivation,3
50,18,2026-04-22 16:09:00,SMB,Paid Search,PS-NonBrand,4
51,19,2026-03-14 00:53:00,Startup,Referral,REF-Partner,1
52,20,2026-01-26 15:01:00,SMB,Referral,REF-Partner,1
53,20,2026-02-04 11:43:00,SMB,Email,EMAIL-Reactivation,2
54,20,2026-02-08 18:03:00,SMB,Organic Search,SEO-Product,3
55,20,2026-02-08 21:54:00,SMB,Email,EMAIL-Nurture,4
56,20,2026-02-12 06:09:00,SMB,Display,DISPLAY-Retargeting,5
57,21,2026-04-01 14:12:00,Freelancer,Organic Search,SEO-Product,1
58,21,2026-04-03 07:56:00,Freelancer,Email,EMAIL-Reactivation,2
59,21,2026-04-14 15:35:00,Freelancer,Email,EMAIL-Nurture,3
60,21,2026-04-21 01:16:00,Freelancer,Organic Search,SEO-Product,4
61,22,2026-01-10 06:18:00,SMB,Paid Social,META-Prospecting,1
62,22,2026-01-18 12:41:00,SMB,Paid Search,PS-Brand,2
63,22,2026-01-20 09:57:00,SMB,Organic Search,SEO-Product,3
64,22,2026-01-30 09:37:00,SMB,Paid Search,PS-NonBrand,4
65,22,2026-01-31 05:31:00,SMB,Paid Search,PS-Brand,5
66,23,2025-12-30 02:23:00,SMB,Paid Social,META-Prospecting,1
67,23,2026-01-02 18:26:00,SMB,Paid Social,META-Retargeting,2
68,23,2026-01-03 13:35:00,SMB,Email,EMAIL-Nurture,3
69,23,2026-01-18 15:22:00,SMB,Organic Search,SEO-Product,4
70,24,2026-01-09 03:08:00,Freelancer,Referral,REF-Customer,1
71,24,2026-01-11 04:29:00,Freelancer,Paid Search,PS-Brand,2
72,24,2026-01-11 06:49:00,Freelancer,Paid Search,PS-Brand,3
73,25,2025-12-03 11:22:00,Freelancer,Paid Social,META-Retargeting,1
74,25,2025-12-09 23:11:00,Freelancer,Referral,REF-Customer,2
75,26,2026-04-15 14:14:00,SMB,Referral,REF-Partner,1
76,26,2026-04-25 23:09:00,SMB,Paid Search,PS-NonBrand,2
77,26,2026-04-25 23:42:00,SMB,Paid Search,PS-NonBrand,3
78,26,2026-04-29 21:18:00,SMB,Paid Social,META-Retargeting,4
79,26,2026-05-05 01:43:00,SMB,Paid Search,PS-NonBrand,5
80,27,2026-05-13 14:17:00,SMB,Referral,REF-Customer,1
81,28,2025-10-29 19:00:00,Freelancer,Email,EMAIL-Reactivation,1
82,29,2026-03-29 12:08:00,SMB,Paid Search,PS-NonBrand,1
83,29,2026-04-05 15:42:00,SMB,Paid Social,META-Retargeting,2
84,29,2026-04-14 20:15:00,SMB,Email,EMAIL-Nurture,3
85,29,2026-04-15 16:47:00,SMB,Email,EMAIL-Reactivation,4
86,30,2026-06-30 21:32:00,SMB,Paid Social,META-Prospecting,1
87,30,2026-07-01 23:04:00,SMB,Paid Search,PS-NonBrand,2
88,30,2026-07-04 18:09:00,SMB,Paid Search,PS-Brand,3
89,30,2026-07-05 07:14:00,SMB,Organic Search,SEO-Content,4
90,30,2026-07-23 05:20:00,SMB,Organic Search,SEO-Product,5
91,31,2025-10-05 10:53:00,Startup,Display,DISPLAY-Prospecting,1
92,31,2025-10-18 00:28:00,Startup,Referral,REF-Customer,2
93,31,2025-10-24 07:20:00,Startup,Organic Search,SEO-Product,3
94,32,2026-01-18 23:24:00,Freelancer,Organic Search,SEO-Product,1
95,32,2026-01-30 02:59:00,Freelancer,Referral,REF-Customer,2
96,32,2026-02-14 23:42:00,Freelancer,Organic Search,SEO-Product,3
97,33,2026-09-30 17:38:00,Startup,Paid Social,META-Retargeting,1
98,34,2026-03-15 05:29:00,Startup,Paid Search,PS-NonBrand,1
99,34,2026-03-18 04:46:00,Startup,Display,DISPLAY-Prospecting,2
100,34,2026-03-26 21:08:00,Startup,Paid Search,PS-Brand,3
101,34,2026-03-27 00:04:00,Startup,Referral,REF-Partner,4
102,34,2026-04-03 14:18:00,Startup,Paid Social,META-Retargeting,5
103,35,2025-10-30 19:21:00,Freelancer,Organic Search,SEO-Product,1
104,35,2025-11-05 19:43:00,Freelancer,Paid Social,META-Retargeting,2
105,36,2026-04-13 21:41:00,SMB,Organic Search,SEO-Content,1
106,36,2026-05-08 04:39:00,SMB,Paid Search,PS-NonBrand,2
107,37,2026-03-06 02:52:00,Startup,Display,DISPLAY-Prospecting,1
108,37,2026-03-07 18:34:00,Startup,Referral,REF-Customer,2
109,37,2026-03-14 20:17:00,Startup,Paid Social,META-Retargeting,3
110,38,2026-01-04 20:51:00,SMB,Paid Social,META-Retargeting,1
111,38,2026-01-12 01:42:00,SMB,Display,DISPLAY-Prospecting,2
112,38,2026-01-14 08:24:00,SMB,Paid Social,META-Retargeting,3
113,39,2025-11-05 23:18:00,Startup,Display,DISPLAY-Retargeting,1
114,39,2025-11-10 21:36:00,Startup,Display,DISPLAY-Prospecting,2
115,40,2026-08-20 15:54:00,Startup,Paid Social,META-Prospecting,1
116,40,2026-08-22 15:13:00,Startup,Organic Search,SEO-Content,2
117,40,2026-08-25 16:07:00,Startup,Paid Search,PS-NonBrand,3
118,40,2026-08-26 04:13:00,Startup,Paid Search,PS-Brand,4
119,40,2026-08-28 10:31:00,Startup,Referral,REF-Customer,5
120,41,2026-08-03 03:15:00,SMB,Display,DISPLAY-Retargeting,1
121,41,2026-08-11 11:07:00,SMB,Paid Social,META-Prospecting,2
122,41,2026-08-16 16:04:00,SMB,Organic Search,SEO-Product,3
123,41,2026-08-16 21:01:00,SMB,Organic Search,SEO-Content,4
124,42,2026-06-11 14:34:00,Startup,Display,DISPLAY-Retargeting,1
125,42,2026-06-27 13:57:00,Startup,Email,EMAIL-Reactivation,2
126,42,2026-07-02 17:52:00,Startup,Paid Search,PS-NonBrand,3
127,42,2026-07-03 21:54:00,Startup,Paid Search,PS-NonBrand,4
128,43,2025-10-21 00:54:00,Freelancer,Email,EMAIL-Nurture,1
129,43,2025-10-21 07:59:00,Freelancer,Organic Search,SEO-Content,2
130,43,2025-10-22 14:05:00,Freelancer,Paid Social,META-Prospecting,3
131,43,2025-10-26 05:29:00,Freelancer,Referral,REF-Customer,4
132,43,2025-10-27 14:57:00,Freelancer,Display,DISPLAY-Prospecting,5
133,44,2026-09-03 13:19:00,SMB,Email,EMAIL-Nurture,1
134,44,2026-09-11 01:15:00,SMB,Paid Social,META-Prospecting,2
135,45,2026-03-26 18:16:00,SMB,Paid Social,META-Prospecting,1
136,45,2026-04-15 01:29:00,SMB,Paid Search,PS-NonBrand,2
137,45,2026-04-20 18:13:00,SMB,Organic Search,SEO-Product,3
138,46,2026-04-09 00:58:00,SMB,Referral,REF-Customer,1
139,46,2026-04-16 14:49:00,SMB,Referral,REF-Partner,2
140,47,2026-09-02 05:41:00,Startup,Paid Social,META-Prospecting,1
141,48,2026-03-08 21:47:00,Startup,Paid Search,PS-NonBrand,1
142,48,2026-03-12 13:20:00,Startup,Referral,REF-Customer,2
143,48,2026-03-15 19:48:00,Startup,Referral,REF-Customer,3
144,48,2026-03-18 22:40:00,Startup,Paid Search,PS-Brand,4
145,49,2025-12-29 14:49:00,SMB,Display,DISPLAY-Prospecting,1
146,49,2025-12-30 14:43:00,SMB,Paid Search,PS-NonBrand,2
147,49,2025-12-31 05:11:00,SMB,Paid Social,META-Prospecting,3
148,49,2026-01-16 03:54:00,SMB,Referral,REF-Customer,4
149,50,2026-01-04 10:22:00,SMB,Referral,REF-Customer,1
150,50,2026-01-13 08:22:00,SMB,Paid Search,PS-NonBrand,2
151,51,2026-09-13 14:02:00,Startup,Referral,REF-Partner,1
152,51,2026-09-21 16:11:00,Startup,Referral,REF-Partner,2
153,51,2026-09-23 14:15:00,Startup,Display,DISPLAY-Retargeting,3
154,51,2026-09-26 21:45:00,Startup,Paid Social,META-Prospecting,4
155,51,2026-09-30 08:05:00,Startup,Paid Social,META-Retargeting,5
156,52,2026-05-04 17:06:00,SMB,Email,EMAIL-Reactivation,1
157,53,2026-05-04 14:34:00,SMB,Display,DISPLAY-Prospecting,1
158,53,2026-05-12 10:41:00,SMB,Paid Social,META-Retargeting,2
159,53,2026-05-25 00:35:00,SMB,Paid Search,PS-Brand,3
160,53,2026-05-28 09:06:00,SMB,Organic Search,SEO-Content,4
161,54,2026-05-20 04:43:00,SMB,Paid Social,META-Prospecting,1
162,54,2026-05-25 05:57:00,SMB,Paid Social,META-Retargeting,2
163,54,2026-06-03 15:24:00,SMB,Organic Search,SEO-Product,3
164,55,2026-01-10 12:31:00,Startup,Email,EMAIL-Nurture,1
165,55,2026-01-14 06:22:00,Startup,Organic Search,SEO-Content,2
166,56,2026-03-09 22:10:00,Freelancer,Paid Social,META-Prospecting,1
167,56,2026-03-19 05:16:00,Freelancer,Display,DISPLAY-Retargeting,2
168,57,2026-09-23 15:20:00,Startup,Organic Search,SEO-Product,1
169,58,2025-11-26 16:10:00,SMB,Email,EMAIL-Reactivation,1
170,58,2025-11-28 21:39:00,SMB,Referral,REF-Customer,2
171,58,2025-12-05 07:11:00,SMB,Organic Search,SEO-Content,3
172,59,2026-09-22 04:46:00,Freelancer,Paid Social,META-Retargeting,1
173,59,2026-10-04 01:29:00,Freelancer,Display,DISPLAY-Prospecting,2
174,59,2026-10-09 15:22:00,Freelancer,Paid Search,PS-Brand,3
175,60,2026-01-15 07:54:00,SMB,Paid Search,PS-Brand,1
176,60,2026-01-25 11:27:00,SMB,Paid Social,META-Prospecting,2
177,60,2026-01-25 22:14:00,SMB,Paid Social,META-Retargeting,3
178,61,2026-02-06 00:28:00,Freelancer,Paid Social,META-Retargeting,1
179,62,2025-10-07 15:50:00,SMB,Organic Search,SEO-Product,1
180,62,2025-10-11 04:13:00,SMB,Organic Search,SEO-Content,2
181,62,2025-10-20 21:56:00,SMB,Display,DISPLAY-Retargeting,3
182,62,2025-10-25 07:58:00,SMB,Referral,REF-Customer,4
183,63,2026-06-05 18:03:00,Freelancer,Paid Social,META-Prospecting,1
184,64,2026-02-10 22:06:00,Freelancer,Paid Search,PS-NonBrand,1
185,65,2026-03-26 07:12:00,Freelancer,Paid Social,META-Retargeting,1
186,65,2026-03-30 03:57:00,Freelancer,Paid Search,PS-NonBrand,2
187,65,2026-04-03 17:05:00,Freelancer,Display,DISPLAY-Retargeting,3
188,65,2026-04-13 09:29:00,Freelancer,Paid Social,META-Retargeting,4
189,66,2026-05-05 03:48:00,SMB,Organic Search,SEO-Content,1
190,66,2026-05-07 23:20:00,SMB,Organic Search,SEO-Product,2
191,66,2026-05-11 22:39:00,SMB,Email,EMAIL-Nurture,3
192,67,2026-05-23 14:09:00,Freelancer,Paid Social,META-Retargeting,1
193,67,2026-05-27 15:45:00,Freelancer,Email,EMAIL-Nurture,2
194,67,2026-05-28 03:05:00,Freelancer,Paid Social,META-Retargeting,3
195,67,2026-05-31 20:15:00,Freelancer,Email,EMAIL-Nurture,4
196,67,2026-06-13 06:51:00,Freelancer,Paid Search,PS-Brand,5
197,68,2026-09-16 02:08:00,Startup,Paid Search,PS-NonBrand,1
198,68,2026-09-27 09:51:00,Startup,Paid Social,META-Retargeting,2
199,68,2026-10-02 10:56:00,Startup,Paid Search,PS-Brand,3
200,68,2026-10-04 18:57:00,Startup,Paid Social,META-Retargeting,4
201,69,2026-04-24 18:37:00,SMB,Paid Search,PS-Brand,1
202,69,2026-05-03 07:26:00,SMB,Paid Search,PS-NonBrand,2
203,70,2025-12-04 06:35:00,Startup,Paid Search,PS-NonBrand,1
204,70,2025-12-04 15:56:00,Startup,Organic Search,SEO-Content,2
205,70,2025-12-13 14:35:00,Startup,Paid Social,META-Retargeting,3
206,71,2026-06-19 03:25:00,Startup,Organic Search,SEO-Content,1
207,71,2026-06-21 04:55:00,Startup,Email,EMAIL-Nurture,2
208,71,2026-07-03 14:25:00,Startup,Paid Search,PS-NonBrand,3
209,71,2026-07-10 10:51:00,Startup,Paid Search,PS-Brand,4
210,72,2025-11-04 13:27:00,Freelancer,Paid Social,META-Prospecting,1
211,72,2025-11-10 02:26:00,Freelancer,Organic Search,SEO-Product,2
212,73,2026-08-22 22:10:00,Startup,Paid Social,META-Prospecting,1
213,73,2026-08-23 10:18:00,Startup,Display,DISPLAY-Prospecting,2
214,73,2026-08-24 02:09:00,Startup,Referral,REF-Customer,3
215,73,2026-08-26 11:17:00,Startup,Paid Search,PS-Brand,4
216,74,2026-01-19 09:46:00,SMB,Paid Social,META-Prospecting,1
217,74,2026-01-20 09:43:00,SMB,Referral,REF-Customer,2
218,74,2026-01-25 00:36:00,SMB,Paid Social,META-Retargeting,3
219,74,2026-02-14 14:57:00,SMB,Paid Social,META-Retargeting,4
220,75,2026-06-26 20:26:00,Startup,Referral,REF-Partner,1
221,75,2026-06-30 20:32:00,Startup,Paid Social,META-Prospecting,2
222,75,2026-07-03 16:30:00,Startup,Paid Social,META-Prospecting,3
223,75,2026-07-12 19:51:00,Startup,Paid Social,META-Retargeting,4
224,75,2026-07-18 22:01:00,Startup,Paid Search,PS-NonBrand,5
225,76,2025-12-03 11:38:00,SMB,Referral,REF-Customer,1
226,76,2025-12-17 16:27:00,SMB,Organic Search,SEO-Content,2
227,76,2025-12-18 01:18:00,SMB,Email,EMAIL-Reactivation,3
228,76,2025-12-22 18:56:00,SMB,Email,EMAIL-Nurture,4
229,77,2026-03-07 21:17:00,SMB,Email,EMAIL-Nurture,1
230,77,2026-03-08 12:32:00,SMB,Email,EMAIL-Nurture,2
231,77,2026-03-13 02:46:00,SMB,Email,EMAIL-Reactivation,3
232,77,2026-03-14 13:06:00,SMB,Organic Search,SEO-Product,4
233,77,2026-03-22 23:53:00,SMB,Organic Search,SEO-Product,5
234,78,2026-06-13 02:50:00,Startup,Paid Social,META-Prospecting,1
235,78,2026-06-21 09:23:00,Startup,Organic Search,SEO-Product,2
236,78,2026-07-04 22:35:00,Startup,Paid Social,META-Retargeting,3
237,79,2026-06-02 20:22:00,Startup,Organic Search,SEO-Product,1
238,80,2025-10-04 16:39:00,Startup,Paid Social,META-Retargeting,1
239,80,2025-10-06 17:08:00,Startup,Paid Search,PS-NonBrand,2
240,80,2025-10-15 09:06:00,Startup,Paid Search,PS-Brand,3
241,81,2025-11-03 00:01:00,Startup,Referral,REF-Customer,1
242,82,2026-10-07 06:55:00,SMB,Referral,REF-Partner,1
243,82,2026-10-12 14:48:00,SMB,Paid Search,PS-Brand,2
244,82,2026-10-23 08:22:00,SMB,Referral,REF-Customer,3
245,83,2026-04-17 17:37:00,Startup,Paid Social,META-Prospecting,1
246,83,2026-05-11 15:02:00,Startup,Email,EMAIL-Nurture,2
247,84,2026-08-11 02:23:00,SMB,Email,EMAIL-Nurture,1
248,84,2026-08-16 04:24:00,SMB,Paid Search,PS-Brand,2
249,84,2026-08-26 11:13:00,SMB,Referral,REF-Customer,3
250,84,2026-08-30 18:27:00,SMB,Referral,REF-Customer,4
251,84,2026-09-03 11:04:00,SMB,Paid Social,META-Retargeting,5
252,85,2025-11-12 12:13:00,Freelancer,Paid Search,PS-Brand,1
253,85,2025-11-17 18:34:00,Freelancer,Paid Social,META-Retargeting,2
254,85,2025-11-18 18:53:00,Freelancer,Paid Social,META-Retargeting,3
255,85,2025-11-20 22:36:00,Freelancer,Paid Social,META-Retargeting,4
256,86,2026-04-03 03:13:00,Freelancer,Paid Social,META-Prospecting,1
257,86,2026-04-17 18:19:00,Freelancer,Display,DISPLAY-Retargeting,2
258,86,2026-04-21 06:43:00,Freelancer,Paid Search,PS-NonBrand,3
259,86,2026-04-21 13:20:00,Freelancer,Paid Social,META-Retargeting,4
260,87,2026-04-30 12:49:00,Freelancer,Paid Social,META-Prospecting,1
261,87,2026-05-09 10:38:00,Freelancer,Email,EMAIL-Nurture,2
262,87,2026-05-10 20:06:00,Freelancer,Organic Search,SEO-Content,3
263,88,2026-09-04 14:50:00,Freelancer,Display,DISPLAY-Retargeting,1
264,88,2026-09-15 20:16:00,Freelancer,Organic Search,SEO-Product,2
265,88,2026-09-22 01:58:00,Freelancer,Referral,REF-Customer,3
266,89,2026-06-18 22:46:00,Startup,Paid Social,META-Prospecting,1
267,89,2026-07-06 05:31:00,Startup,Email,EMAIL-Nurture,2
268,90,2026-05-18 05:16:00,Startup,Referral,REF-Customer,1
269,90,2026-05-29 07:07:00,Startup,Paid Search,PS-NonBrand,2
270,90,2026-05-30 09:39:00,Startup,Paid Search,PS-Brand,3
271,90,2026-06-02 22:36:00,Startup,Display,DISPLAY-Prospecting,4
272,90,2026-06-08 21:36:00,Startup,Display,DISPLAY-Retargeting,5
273,91,2026-01-18 04:49:00,Freelancer,Organic Search,SEO-Content,1
274,91,2026-01-23 08:15:00,Freelancer,Organic Search,SEO-Product,2
275,91,2026-01-26 20:43:00,Freelancer,Paid Search,PS-Brand,3
276,91,2026-01-27 23:14:00,Freelancer,Referral,REF-Partner,4
277,91,2026-01-28 02:06:00,Freelancer,Email,EMAIL-Nurture,5
278,92,2026-10-03 14:36:00,SMB,Organic Search,SEO-Product,1
279,92,2026-10-16 06:09:00,SMB,Email,EMAIL-Reactivation,2
280,92,2026-10-18 00:04:00,SMB,Paid Search,PS-Brand,3
281,92,2026-10-18 00:31:00,SMB,Paid Social,META-Retargeting,4
282,93,2026-01-31 05:38:00,Freelancer,Organic Search,SEO-Content,1
283,93,2026-02-08 00:59:00,Freelancer,Paid Social,META-Prospecting,2
284,93,2026-02-21 20:30:00,Freelancer,Referral,REF-Customer,3
285,93,2026-02-23 17:36:00,Freelancer,Referral,REF-Customer,4
286,94,2026-01-13 21:36:00,SMB,Display,DISPLAY-Prospecting,1
287,94,2026-01-21 15:37:00,SMB,Email,EMAIL-Nurture,2
288,94,2026-01-23 13:35:00,SMB,Email,EMAIL-Reactivation,3
289,94,2026-01-25 08:16:00,SMB,Referral,REF-Customer,4
290,95,2026-07-05 23:09:00,Freelancer,Paid Social,META-Retargeting,1
291,95,2026-07-17 08:44:00,Freelancer,Paid Social,META-Retargeting,2
292,96,2026-10-08 11:52:00,Startup,Organic Search,SEO-Product,1
293,96,2026-10-19 12:01:00,Startup,Referral,REF-Partner,2
294,97,2026-08-09 23:49:00,Freelancer,Display,DISPLAY-Prospecting,1
295,97,2026-08-21 17:01:00,Freelancer,Paid Social,META-Retargeting,2
296,97,2026-08-30 17:10:00,Freelancer,Paid Search,PS-NonBrand,3
297,97,2026-09-01 22:18:00,Freelancer,Paid Search,PS-NonBrand,4
298,98,2025-12-15 10:48:00,Startup,Referral,REF-Customer,1
299,98,2025-12-16 08:26:00,Startup,Referral,REF-Customer,2
300,99,2026-07-31 01:59:00,Startup,Paid Search,PS-NonBrand,1
301,99,2026-08-02 11:30:00,Startup,Paid Social,META-Retargeting,2
302,99,2026-08-09 18:53:00,Startup,Referral,REF-Customer,3
303,99,2026-08-21 08:35:00,Startup,Organic Search,SEO-Content,4
304,99,2026-08-21 14:19:00,Startup,Display,DISPLAY-Retargeting,5
305,100,2026-02-15 06:53:00,Freelancer,Paid Social,META-Retargeting,1
306,100,2026-02-16 06:40:00,Freelancer,Paid Search,PS-NonBrand,2
307,101,2025-12-22 05:59:00,SMB,Paid Search,PS-Brand,1
308,101,2026-01-05 17:56:00,SMB,Email,EMAIL-Reactivation,2
309,101,2026-01-09 13:41:00,SMB,Organic Search,SEO-Product,3
310,101,2026-01-19 04:35:00,SMB,Email,EMAIL-Reactivation,4
311,102,2026-09-09 13:15:00,SMB,Referral,REF-Partner,1
312,102,2026-09-20 02:42:00,SMB,Paid Social,META-Retargeting,2
313,102,2026-10-01 15:44:00,SMB,Paid Search,PS-Brand,3
314,102,2026-10-02 17:00:00,SMB,Paid Search,PS-Brand,4
315,103,2026-10-09 06:16:00,SMB,Display,DISPLAY-Prospecting,1
316,104,2026-02-22 08:06:00,Startup,Paid Social,META-Prospecting,1
317,104,2026-02-24 21:56:00,Startup,Organic Search,SEO-Product,2
318,104,2026-03-07 19:15:00,Startup,Organic Search,SEO-Product,3
319,105,2025-10-18 02:43:00,Startup,Organic Search,SEO-Content,1
320,105,2025-10-19 23:57:00,Startup,Paid Social,META-Prospecting,2
321,105,2025-10-23 03:32:00,Startup,Organic Search,SEO-Product,3
322,105,2025-10-24 02:50:00,Startup,Organic Search,SEO-Content,4
323,106,2025-12-17 01:20:00,Startup,Paid Social,META-Prospecting,1
324,106,2025-12-31 11:15:00,Startup,Display,DISPLAY-Retargeting,2
325,106,2026-01-01 02:14:00,Startup,Paid Search,PS-Brand,3
326,106,2026-01-04 20:15:00,Startup,Organic Search,SEO-Product,4
327,106,2026-01-14 05:22:00,Startup,Email,EMAIL-Nurture,5
328,107,2026-04-19 04:11:00,SMB,Paid Social,META-Prospecting,1
329,107,2026-05-01 03:03:00,SMB,Referral,REF-Customer,2
330,107,2026-05-04 22:57:00,SMB,Paid Social,META-Retargeting,3
331,107,2026-05-14 13:40:00,SMB,Referral,REF-Customer,4
332,107,2026-05-15 16:47:00,SMB,Email,EMAIL-Reactivation,5
333,108,2025-10-23 08:08:00,SMB,Paid Search,PS-NonBrand,1
334,108,2025-10-23 23:38:00,SMB,Display,DISPLAY-Retargeting,2
335,108,2025-11-07 23:36:00,SMB,Paid Social,META-Retargeting,3
336,108,2025-11-11 07:08:00,SMB,Paid Search,PS-Brand,4
337,108,2025-11-12 23:15:00,SMB,Paid Search,PS-Brand,5
338,109,2025-12-22 15:23:00,Freelancer,Email,EMAIL-Reactivation,1
339,109,2025-12-22 17:11:00,Freelancer,Organic Search,SEO-Content,2
340,109,2025-12-27 07:58:00,Freelancer,Paid Search,PS-Brand,3
341,109,2026-01-05 18:04:00,Freelancer,Referral,REF-Customer,4
342,110,2025-12-15 02:47:00,Startup,Paid Social,META-Prospecting,1
343,111,2026-09-13 16:29:00,SMB,Referral,REF-Customer,1
344,111,2026-10-04 05:07:00,SMB,Paid Search,PS-Brand,2
345,111,2026-10-04 06:16:00,SMB,Referral,REF-Customer,3
346,112,2026-02-12 22:45:00,SMB,Organic Search,SEO-Content,1
347,112,2026-02-14 16:04:00,SMB,Organic Search,SEO-Product,2
348,113,2026-02-19 14:59:00,SMB,Paid Social,META-Prospecting,1
349,113,2026-02-20 09:36:00,SMB,Email,EMAIL-Nurture,2
350,113,2026-02-25 13:59:00,SMB,Referral,REF-Partner,3
351,113,2026-03-03 07:11:00,SMB,Paid Search,PS-Brand,4
352,113,2026-03-11 05:17:00,SMB,Organic Search,SEO-Content,5
353,114,2026-03-12 15:18:00,Startup,Paid Social,META-Prospecting,1
354,114,2026-03-18 05:32:00,Startup,Paid Social,META-Retargeting,2
355,114,2026-03-26 22:50:00,Startup,Paid Social,META-Retargeting,3
356,114,2026-03-29 01:30:00,Startup,Paid Social,META-Prospecting,4
357,114,2026-03-29 03:01:00,Startup,Organic Search,SEO-Product,5
358,115,2025-10-07 03:08:00,Startup,Email,EMAIL-Reactivation,1
359,115,2025-10-07 22:28:00,Startup,Email,EMAIL-Nurture,2
360,115,2025-10-24 16:13:00,Startup,Paid Social,META-Prospecting,3
361,116,2026-05-05 12:52:00,Startup,Paid Search,PS-NonBrand,1
362,116,2026-05-15 22:28:00,Startup,Paid Social,META-Retargeting,2
363,117,2026-09-15 10:07:00,Startup,Paid Social,META-Prospecting,1
364,117,2026-09-15 17:05:00,Startup,Paid Search,PS-NonBrand,2
365,118,2026-07-29 04:43:00,Freelancer,Email,EMAIL-Nurture,1
366,118,2026-07-29 07:15:00,Freelancer,Paid Search,PS-NonBrand,2
367,118,2026-07-30 19:54:00,Freelancer,Paid Social,META-Retargeting,3
368,118,2026-08-01 22:08:00,Freelancer,Organic Search,SEO-Product,4
369,119,2026-01-20 08:17:00,SMB,Referral,REF-Customer,1
370,119,2026-01-21 08:16:00,SMB,Paid Search,PS-NonBrand,2
371,119,2026-01-21 22:42:00,SMB,Organic Search,SEO-Product,3
372,119,2026-01-26 22:34:00,SMB,Paid Social,META-Prospecting,4
373,119,2026-01-28 16:00:00,SMB,Paid Social,META-Retargeting,5
374,120,2025-10-07 08:45:00,SMB,Paid Search,PS-NonBrand,1
375,120,2025-10-17 01:51:00,SMB,Paid Search,PS-Brand,2
376,120,2025-11-03 09:00:00,SMB,Referral,REF-Customer,3
377,121,2026-07-15 20:21:00,SMB,Organic Search,SEO-Content,1
378,121,2026-07-16 12:09:00,SMB,Paid Search,PS-NonBrand,2
379,121,2026-07-22 05:24:00,SMB,Paid Search,PS-Brand,3
380,122,2026-08-09 21:50:00,Freelancer,Organic Search,SEO-Product,1
381,122,2026-08-29 17:20:00,Freelancer,Paid Social,META-Retargeting,2
382,123,2026-09-13 19:23:00,Startup,Paid Social,META-Prospecting,1
383,123,2026-09-16 16:55:00,Startup,Display,DISPLAY-Retargeting,2
384,123,2026-09-30 01:21:00,Startup,Paid Search,PS-Brand,3
385,124,2026-04-30 14:07:00,Startup,Email,EMAIL-Reactivation,1
386,124,2026-05-12 19:12:00,Startup,Organic Search,SEO-Product,2
387,124,2026-05-14 11:31:00,Startup,Paid Search,PS-NonBrand,3
388,125,2026-04-07 00:50:00,Startup,Paid Social,META-Prospecting,1
389,125,2026-04-08 17:07:00,Startup,Paid Search,PS-NonBrand,2
390,125,2026-04-12 12:47:00,Startup,Email,EMAIL-Reactivation,3
391,126,2026-07-09 11:49:00,SMB,Display,DISPLAY-Retargeting,1
392,127,2026-06-11 02:06:00,SMB,Email,EMAIL-Reactivation,1
393,127,2026-06-15 19:08:00,SMB,Referral,REF-Customer,2
394,127,2026-06-24 21:02:00,SMB,Organic Search,SEO-Product,3
395,127,2026-06-26 05:14:00,SMB,Paid Social,META-Prospecting,4
396,127,2026-06-30 21:35:00,SMB,Display,DISPLAY-Retargeting,5
397,128,2026-07-13 09:45:00,Startup,Email,EMAIL-Reactivation,1
398,128,2026-07-20 00:30:00,Startup,Paid Social,META-Retargeting,2
399,128,2026-07-23 07:34:00,Startup,Email,EMAIL-Reactivation,3
400,129,2026-01-26 12:36:00,Freelancer,Email,EMAIL-Reactivation,1
401,129,2026-01-28 17:38:00,Freelancer,Email,EMAIL-Reactivation,2
402,129,2026-01-29 18:10:00,Freelancer,Paid Search,PS-NonBrand,3
403,129,2026-02-01 08:34:00,Freelancer,Organic Search,SEO-Content,4
404,129,2026-02-08 01:07:00,Freelancer,Organic Search,SEO-Product,5
405,130,2026-09-02 14:59:00,SMB,Referral,REF-Customer,1
406,130,2026-09-10 01:00:00,SMB,Organic Search,SEO-Content,2
407,130,2026-09-17 01:37:00,SMB,Paid Search,PS-Brand,3
408,130,2026-09-17 07:06:00,SMB,Paid Search,PS-Brand,4
409,130,2026-09-21 19:58:00,SMB,Paid Social,META-Retargeting,5
410,131,2025-11-12 09:28:00,SMB,Paid Social,META-Retargeting,1
411,132,2025-11-17 12:53:00,Freelancer,Email,EMAIL-Nurture,1
412,133,2026-06-07 04:08:00,Startup,Email,EMAIL-Nurture,1
413,133,2026-06-09 02:31:00,Startup,Referral,REF-Customer,2
414,133,2026-06-19 07:26:00,Startup,Email,EMAIL-Reactivation,3
415,133,2026-06-20 13:27:00,Startup,Paid Search,PS-Brand,4
416,133,2026-06-25 13:09:00,Startup,Email,EMAIL-Nurture,5
417,134,2026-04-30 21:04:00,Startup,Display,DISPLAY-Prospecting,1
418,134,2026-05-22 00:17:00,Startup,Organic Search,SEO-Product,2
419,134,2026-05-24 02:35:00,Startup,Referral,REF-Partner,3
420,134,2026-05-25 19:32:00,Startup,Display,DISPLAY-Retargeting,4
421,135,2026-04-30 03:31:00,SMB,Paid Search,PS-Brand,1
422,136,2026-09-09 23:03:00,SMB,Paid Search,PS-NonBrand,1
423,136,2026-09-19 14:05:00,SMB,Referral,REF-Customer,2
424,137,2026-08-15 11:56:00,SMB,Paid Search,PS-Brand,1
425,137,2026-08-19 19:20:00,SMB,Organic Search,SEO-Product,2
426,137,2026-08-25 01:50:00,SMB,Organic Search,SEO-Content,3
427,137,2026-08-26 14:41:00,SMB,Paid Search,PS-NonBrand,4
428,137,2026-08-29 14:21:00,SMB,Email,EMAIL-Reactivation,5
429,138,2026-07-16 09:46:00,SMB,Paid Social,META-Prospecting,1
430,138,2026-07-18 10:56:00,SMB,Referral,REF-Partner,2
431,139,2025-12-14 02:39:00,Startup,Paid Search,PS-NonBrand,1
432,139,2025-12-19 22:06:00,Startup,Paid Search,PS-NonBrand,2
433,140,2025-11-13 21:36:00,Startup,Paid Social,META-Prospecting,1
434,140,2025-11-16 05:03:00,Startup,Paid Search,PS-Brand,2
435,141,2025-11-25 19:01:00,Freelancer,Paid Social,META-Prospecting,1
436,141,2025-12-02 20:10:00,Freelancer,Email,EMAIL-Reactivation,2
437,141,2025-12-02 22:52:00,Freelancer,Email,EMAIL-Nurture,3
438,141,2025-12-12 15:55:00,Freelancer,Referral,REF-Customer,4
439,142,2026-05-15 18:35:00,SMB,Email,EMAIL-Reactivation,1
440,142,2026-05-17 21:43:00,SMB,Paid Search,PS-NonBrand,2
441,142,2026-05-24 13:51:00,SMB,Referral,REF-Partner,3
442,143,2026-07-07 22:43:00,SMB,Organic Search,SEO-Product,1
443,143,2026-07-08 04:52:00,SMB,Organic Search,SEO-Content,2
444,144,2026-08-11 16:28:00,Startup,Referral,REF-Partner,1
445,145,2025-11-09 14:27:00,SMB,Organic Search,SEO-Product,1
446,145,2025-11-13 12:44:00,SMB,Email,EMAIL-Nurture,2
447,145,2025-11-15 01:49:00,SMB,Organic Search,SEO-Content,3
448,145,2025-11-28 19:13:00,SMB,Paid Search,PS-NonBrand,4
449,145,2025-12-06 02:21:00,SMB,Paid Search,PS-NonBrand,5
450,146,2026-01-09 23:47:00,SMB,Organic Search,SEO-Content,1
451,147,2026-02-02 03:06:00,SMB,Organic Search,SEO-Content,1
452,147,2026-02-04 08:14:00,SMB,Paid Search,PS-Brand,2
453,147,2026-03-01 19:53:00,SMB,Paid Social,META-Prospecting,3
454,148,2026-05-20 13:03:00,SMB,Paid Search,PS-NonBrand,1
455,148,2026-05-23 13:52:00,SMB,Paid Social,META-Prospecting,2
456,148,2026-06-06 12:35:00,SMB,Referral,REF-Customer,3
457,148,2026-06-08 20:21:00,SMB,Organic Search,SEO-Product,4
458,149,2025-10-29 20:26:00,SMB,Email,EMAIL-Nurture,1
459,149,2025-10-30 06:31:00,SMB,Paid Social,META-Retargeting,2
460,149,2025-10-31 14:23:00,SMB,Paid Search,PS-Brand,3
461,149,2025-11-03 11:45:00,SMB,Organic Search,SEO-Product,4
462,149,2025-11-10 23:33:00,SMB,Organic Search,SEO-Product,5
463,150,2026-08-04 17:45:00,SMB,Display,DISPLAY-Prospecting,1
464,150,2026-08-09 03:23:00,SMB,Paid Social,META-Retargeting,2
465,150,2026-08-10 14:32:00,SMB,Paid Search,PS-Brand,3
466,150,2026-08-21 12:36:00,SMB,Referral,REF-Customer,4
467,150,2026-08-30 06:49:00,SMB,Organic Search,SEO-Product,5
468,151,2025-10-31 04:38:00,Freelancer,Email,EMAIL-Nurture,1
469,151,2025-11-07 23:06:00,Freelancer,Paid Search,PS-NonBrand,2
470,151,2025-11-14 01:01:00,Freelancer,Paid Social,META-Prospecting,3
471,151,2025-11-14 17:49:00,Freelancer,Referral,REF-Customer,4
472,151,2025-11-24 20:51:00,Freelancer,Organic Search,SEO-Product,5
473,152,2026-04-12 11:51:00,SMB,Organic Search,SEO-Product,1
474,152,2026-04-12 23:23:00,SMB,Paid Social,META-Retargeting,2
475,152,2026-04-28 20:13:00,SMB,Paid Search,PS-Brand,3
476,153,2026-09-12 03:51:00,Startup,Email,EMAIL-Nurture,1
477,153,2026-09-13 23:36:00,Startup,Email,EMAIL-Nurture,2
478,153,2026-09-17 11:01:00,Startup,Paid Search,PS-Brand,3
479,153,2026-09-19 02:27:00,Startup,Referral,REF-Customer,4
480,153,2026-09-24 18:47:00,Startup,Paid Social,META-Retargeting,5
481,154,2025-12-19 09:34:00,Startup,Paid Social,META-Prospecting,1
482,155,2026-06-16 09:19:00,Startup,Organic Search,SEO-Product,1
483,155,2026-07-06 12:00:00,Startup,Paid Social,META-Retargeting,2
484,156,2026-04-26 07:53:00,Startup,Paid Social,META-Prospecting,1
485,156,2026-04-29 04:07:00,Startup,Email,EMAIL-Nurture,2
486,156,2026-05-13 02:51:00,Startup,Organic Search,SEO-Content,3
487,156,2026-05-16 17:58:00,Startup,Paid Search,PS-NonBrand,4
488,157,2026-08-04 10:26:00,SMB,Email,EMAIL-Reactivation,1
489,157,2026-08-08 20:11:00,SMB,Display,DISPLAY-Retargeting,2
490,157,2026-08-18 02:09:00,SMB,Paid Social,META-Retargeting,3
491,158,2026-05-09 12:09:00,SMB,Paid Search,PS-NonBrand,1
492,158,2026-05-09 21:59:00,SMB,Referral,REF-Partner,2
493,158,2026-05-17 17:19:00,SMB,Organic Search,SEO-Product,3
494,158,2026-05-19 19:25:00,SMB,Paid Search,PS-Brand,4
495,158,2026-05-30 03:40:00,SMB,Paid Social,META-Retargeting,5
496,159,2026-08-06 16:56:00,Startup,Paid Social,META-Retargeting,1
497,159,2026-08-12 00:17:00,Startup,Paid Social,META-Retargeting,2
498,159,2026-08-16 16:27:00,Startup,Referral,REF-Partner,3
499,159,2026-08-24 02:55:00,Startup,Paid Social,META-Prospecting,4
500,159,2026-08-27 17:17:00,Startup,Referral,REF-Partner,5
501,160,2026-02-27 20:19:00,Freelancer,Paid Search,PS-Brand,1
502,160,2026-02-28 12:34:00,Freelancer,Paid Social,META-Prospecting,2
503,160,2026-03-11 04:04:00,Freelancer,Paid Social,META-Retargeting,3
504,160,2026-03-21 18:54:00,Freelancer,Paid Search,PS-Brand,4
505,160,2026-03-26 01:04:00,Freelancer,Paid Search,PS-NonBrand,5
506,161,2025-12-08 07:03:00,SMB,Email,EMAIL-Nurture,1
507,161,2025-12-19 01:57:00,SMB,Organic Search,SEO-Product,2
508,162,2026-06-10 23:01:00,SMB,Display,DISPLAY-Retargeting,1
509,163,2026-09-25 12:38:00,Freelancer,Paid Social,META-Retargeting,1
510,163,2026-10-06 17:34:00,Freelancer,Paid Social,META-Retargeting,2
511,164,2026-03-18 19:59:00,Startup,Paid Search,PS-NonBrand,1
512,164,2026-03-23 23:07:00,Startup,Paid Search,PS-Brand,2
513,165,2026-08-19 23:56:00,Startup,Paid Social,META-Prospecting,1
514,166,2026-08-27 02:44:00,Startup,Organic Search,SEO-Product,1
515,166,2026-08-29 01:24:00,Startup,Email,EMAIL-Reactivation,2
516,166,2026-09-03 04:09:00,Startup,Paid Social,META-Retargeting,3
517,166,2026-09-05 13:37:00,Startup,Referral,REF-Customer,4
518,166,2026-09-12 11:11:00,Startup,Email,EMAIL-Nurture,5
519,167,2026-05-27 00:37:00,Freelancer,Organic Search,SEO-Product,1
520,167,2026-06-18 15:36:00,Freelancer,Display,DISPLAY-Retargeting,2
521,167,2026-06-22 20:42:00,Freelancer,Paid Social,META-Retargeting,3
522,168,2026-07-23 09:27:00,Startup,Referral,REF-Partner,1
523,168,2026-08-03 08:33:00,Startup,Email,EMAIL-Nurture,2
524,169,2026-04-25 18:46:00,Startup,Organic Search,SEO-Content,1
525,169,2026-04-26 06:57:00,Startup,Paid Search,PS-NonBrand,2
526,169,2026-04-29 04:15:00,Startup,Paid Social,META-Retargeting,3
527,169,2026-05-03 17:29:00,Startup,Display,DISPLAY-Retargeting,4
528,169,2026-05-05 05:00:00,Startup,Referral,REF-Customer,5
529,170,2026-07-31 20:45:00,Startup,Referral,REF-Customer,1
530,170,2026-08-12 11:09:00,Startup,Paid Social,META-Retargeting,2
531,170,2026-08-16 23:49:00,Startup,Paid Social,META-Retargeting,3
532,171,2026-02-11 16:09:00,SMB,Referral,REF-Partner,1
533,171,2026-02-12 18:09:00,SMB,Display,DISPLAY-Retargeting,2
534,171,2026-02-18 12:41:00,SMB,Referral,REF-Customer,3
535,171,2026-02-25 18:40:00,SMB,Paid Social,META-Retargeting,4
536,172,2026-04-11 02:24:00,Freelancer,Display,DISPLAY-Prospecting,1
537,172,2026-04-16 00:47:00,Freelancer,Referral,REF-Customer,2
538,172,2026-04-17 21:57:00,Freelancer,Paid Social,META-Retargeting,3
539,172,2026-05-06 21:58:00,Freelancer,Display,DISPLAY-Prospecting,4
540,173,2025-11-07 20:42:00,Freelancer,Organic Search,SEO-Content,1
541,173,2025-11-12 15:23:00,Freelancer,Email,EMAIL-Nurture,2
542,173,2025-11-16 03:15:00,Freelancer,Paid Search,PS-NonBrand,3
543,173,2025-11-26 17:44:00,Freelancer,Paid Search,PS-NonBrand,4
544,173,2025-11-27 21:05:00,Freelancer,Display,DISPLAY-Retargeting,5
545,174,2025-12-13 08:13:00,Startup,Paid Social,META-Retargeting,1
546,174,2025-12-18 03:48:00,Startup,Paid Social,META-Retargeting,2
547,174,2025-12-24 02:10:00,Startup,Referral,REF-Partner,3
548,174,2026-01-07 08:42:00,Startup,Display,DISPLAY-Retargeting,4
549,174,2026-01-08 14:23:00,Startup,Email,EMAIL-Reactivation,5
550,175,2026-05-03 07:19:00,SMB,Paid Social,META-Retargeting,1
551,175,2026-05-10 16:03:00,SMB,Paid Search,PS-Brand,2
552,175,2026-05-12 21:54:00,SMB,Paid Search,PS-Brand,3
553,175,2026-05-13 00:03:00,SMB,Referral,REF-Customer,4
554,175,2026-05-19 18:05:00,SMB,Organic Search,SEO-Content,5
555,176,2026-07-09 14:55:00,Startup,Display,DISPLAY-Prospecting,1
556,176,2026-07-12 00:27:00,Startup,Paid Search,PS-NonBrand,2
557,176,2026-07-13 16:53:00,Startup,Paid Social,META-Prospecting,3
558,176,2026-07-15 06:59:00,Startup,Referral,REF-Customer,4
559,176,2026-07-20 16:44:00,Startup,Display,DISPLAY-Prospecting,5
560,177,2025-10-12 05:41:00,SMB,Paid Search,PS-Brand,1
561,178,2025-10-27 22:19:00,Startup,Referral,REF-Customer,1
562,178,2025-10-31 04:19:00,Startup,Paid Search,PS-NonBrand,2
563,178,2025-11-08 05:48:00,Startup,Paid Search,PS-NonBrand,3
564,178,2025-11-20 18:00:00,Startup,Display,DISPLAY-Retargeting,4
565,179,2025-10-18 10:20:00,SMB,Paid Search,PS-Brand,1
566,179,2025-10-29 19:46:00,SMB,Paid Social,META-Prospecting,2
567,180,2026-04-19 11:32:00,Startup,Email,EMAIL-Nurture,1
568,180,2026-04-27 07:05:00,Startup,Paid Search,PS-NonBrand,2
569,180,2026-05-02 00:31:00,Startup,Referral,REF-Partner,3
570,181,2026-02-08 10:38:00,Freelancer,Organic Search,SEO-Product,1
571,181,2026-02-17 02:29:00,Freelancer,Email,EMAIL-Nurture,2
572,181,2026-02-20 18:14:00,Freelancer,Email,EMAIL-Reactivation,3
573,181,2026-02-21 07:03:00,Freelancer,Email,EMAIL-Nurture,4
574,182,2025-10-20 07:01:00,SMB,Email,EMAIL-Nurture,1
575,182,2025-10-20 09:00:00,SMB,Paid Social,META-Retargeting,2
576,182,2025-11-04 07:20:00,SMB,Paid Social,META-Retargeting,3
577,182,2025-11-14 18:40:00,SMB,Paid Search,PS-Brand,4
578,183,2026-08-11 17:45:00,Startup,Referral,REF-Partner,1
579,184,2026-04-22 10:42:00,Freelancer,Paid Social,META-Prospecting,1
580,185,2025-10-18 21:29:00,SMB,Email,EMAIL-Reactivation,1
581,185,2025-10-24 18:26:00,SMB,Referral,REF-Customer,2
582,185,2025-10-26 17:46:00,SMB,Organic Search,SEO-Product,3
583,185,2025-10-30 08:35:00,SMB,Paid Social,META-Retargeting,4
584,185,2025-11-01 18:07:00,SMB,Paid Search,PS-Brand,5
585,186,2026-06-16 15:50:00,SMB,Referral,REF-Customer,1
586,186,2026-06-22 21:33:00,SMB,Organic Search,SEO-Product,2
587,186,2026-07-02 05:29:00,SMB,Organic Search,SEO-Product,3
588,186,2026-07-02 14:29:00,SMB,Referral,REF-Customer,4
589,186,2026-07-04 00:24:00,SMB,Display,DISPLAY-Retargeting,5
590,187,2026-09-05 07:14:00,SMB,Paid Search,PS-NonBrand,1
591,187,2026-09-16 19:57:00,SMB,Organic Search,SEO-Content,2
592,187,2026-09-17 01:24:00,SMB,Paid Search,PS-Brand,3
593,188,2026-03-14 12:10:00,Freelancer,Referral,REF-Partner,1
594,188,2026-03-15 12:39:00,Freelancer,Referral,REF-Customer,2
595,188,2026-03-17 18:28:00,Freelancer,Paid Social,META-Retargeting,3
596,188,2026-03-20 11:01:00,Freelancer,Paid Search,PS-NonBrand,4
597,188,2026-03-26 14:31:00,Freelancer,Email,EMAIL-Nurture,5
598,189,2026-09-22 05:59:00,Startup,Referral,REF-Partner,1
599,189,2026-10-07 23:26:00,Startup,Paid Social,META-Retargeting,2
600,190,2026-03-12 23:34:00,SMB,Email,EMAIL-Nurture,1
601,190,2026-03-15 10:33:00,SMB,Paid Search,PS-NonBrand,2
602,190,2026-03-18 20:52:00,SMB,Paid Search,PS-NonBrand,3
603,190,2026-03-31 16:23:00,SMB,Paid Social,META-Retargeting,4
604,191,2025-11-11 13:38:00,SMB,Email,EMAIL-Nurture,1
605,191,2025-11-13 18:07:00,SMB,Paid Search,PS-Brand,2
606,191,2025-11-14 17:28:00,SMB,Email,EMAIL-Nurture,3
607,191,2025-11-15 10:39:00,SMB,Paid Search,PS-Brand,4
608,191,2025-11-16 08:07:00,SMB,Organic Search,SEO-Product,5
609,192,2025-11-19 04:05:00,SMB,Paid Social,META-Retargeting,1
610,192,2025-11-24 22:47:00,SMB,Paid Social,META-Retargeting,2
611,192,2025-12-02 22:41:00,SMB,Paid Social,META-Retargeting,3
612,192,2025-12-09 07:11:00,SMB,Email,EMAIL-Nurture,4
613,193,2025-10-26 02:00:00,SMB,Paid Search,PS-NonBrand,1
614,193,2025-11-11 18:24:00,SMB,Paid Social,META-Retargeting,2
615,194,2026-01-23 21:00:00,Startup,Paid Search,PS-NonBrand,1
616,194,2026-02-02 22:43:00,Startup,Paid Search,PS-Brand,2
617,194,2026-02-07 09:04:00,Startup,Paid Search,PS-NonBrand,3
618,194,2026-02-08 06:46:00,Startup,Paid Social,META-Retargeting,4
619,194,2026-02-16 17:17:00,Startup,Email,EMAIL-Nurture,5
620,195,2026-02-23 05:53:00,SMB,Paid Social,META-Prospecting,1
621,195,2026-02-28 00:24:00,SMB,Paid Search,PS-Brand,2
622,195,2026-03-03 13:13:00,SMB,Paid Social,META-Retargeting,3
623,195,2026-03-04 00:18:00,SMB,Display,DISPLAY-Retargeting,4
624,196,2026-03-25 21:37:00,Startup,Email,EMAIL-Reactivation,1
625,197,2026-04-02 12:23:00,Startup,Paid Social,META-Retargeting,1
626,197,2026-04-03 18:48:00,Startup,Display,DISPLAY-Prospecting,2
627,197,2026-04-21 11:18:00,Startup,Organic Search,SEO-Content,3
628,198,2026-08-14 23:49:00,Freelancer,Referral,REF-Partner,1
629,198,2026-08-17 02:32:00,Freelancer,Paid Social,META-Prospecting,2
630,198,2026-08-18 18:51:00,Freelancer,Paid Social,META-Retargeting,3
631,199,2025-10-10 08:17:00,SMB,Organic Search,SEO-Product,1
632,200,2026-09-14 04:27:00,Startup,Organic Search,SEO-Product,1
633,201,2025-12-30 12:42:00,Startup,Paid Social,META-Retargeting,1
634,201,2026-01-15 14:11:00,Startup,Referral,REF-Customer,2
635,201,2026-01-16 04:06:00,Startup,Paid Search,PS-NonBrand,3
636,201,2026-01-16 18:27:00,Startup,Paid Social,META-Retargeting,4
637,202,2026-09-15 01:43:00,Startup,Display,DISPLAY-Prospecting,1
638,202,2026-09-17 06:29:00,Startup,Organic Search,SEO-Product,2
639,202,2026-10-11 23:35:00,Startup,Email,EMAIL-Nurture,3
640,202,2026-10-12 17:11:00,Startup,Display,DISPLAY-Retargeting,4
641,203,2025-11-26 14:36:00,SMB,Paid Search,PS-Brand,1
642,203,2025-12-06 06:47:00,SMB,Organic Search,SEO-Product,2
643,203,2025-12-09 10:46:00,SMB,Referral,REF-Customer,3
644,204,2025-11-20 14:06:00,SMB,Paid Social,META-Prospecting,1
645,204,2025-11-26 13:30:00,SMB,Organic Search,SEO-Product,2
646,205,2025-11-15 19:22:00,Startup,Organic Search,SEO-Product,1
647,205,2025-11-16 11:08:00,Startup,Paid Social,META-Retargeting,2
648,205,2025-12-01 11:39:00,Startup,Referral,REF-Customer,3
649,205,2025-12-10 23:47:00,Startup,Display,DISPLAY-Prospecting,4
650,206,2026-01-23 08:05:00,Startup,Email,EMAIL-Reactivation,1
651,207,2026-09-21 20:28:00,Freelancer,Email,EMAIL-Reactivation,1
652,208,2026-03-22 11:49:00,Freelancer,Email,EMAIL-Nurture,1
653,208,2026-03-28 04:47:00,Freelancer,Referral,REF-Customer,2
654,208,2026-04-09 17:21:00,Freelancer,Paid Search,PS-Brand,3
655,208,2026-04-13 20:48:00,Freelancer,Paid Search,PS-NonBrand,4
656,208,2026-04-15 15:18:00,Freelancer,Email,EMAIL-Nurture,5
657,209,2025-12-01 01:44:00,Startup,Paid Social,META-Retargeting,1
658,209,2025-12-05 13:15:00,Startup,Organic Search,SEO-Content,2
659,209,2025-12-11 06:06:00,Startup,Referral,REF-Partner,3
660,209,2025-12-28 01:40:00,Startup,Paid Search,PS-NonBrand,4
661,210,2026-05-27 16:53:00,Freelancer,Organic Search,SEO-Product,1
662,210,2026-05-31 04:34:00,Freelancer,Paid Search,PS-NonBrand,2
663,210,2026-06-03 15:36:00,Freelancer,Paid Social,META-Prospecting,3
664,210,2026-06-12 14:18:00,Freelancer,Email,EMAIL-Nurture,4
665,211,2026-04-16 02:06:00,Startup,Referral,REF-Customer,1
666,211,2026-05-01 13:36:00,Startup,Paid Social,META-Retargeting,2
667,212,2026-06-16 19:24:00,SMB,Organic Search,SEO-Product,1
668,212,2026-06-18 17:07:00,SMB,Paid Social,META-Retargeting,2
669,212,2026-06-25 22:46:00,SMB,Paid Search,PS-NonBrand,3
670,212,2026-07-12 23:40:00,SMB,Email,EMAIL-Nurture,4
671,213,2026-07-06 02:47:00,SMB,Email,EMAIL-Reactivation,1
672,213,2026-07-22 00:31:00,SMB,Referral,REF-Partner,2
673,213,2026-07-22 01:23:00,SMB,Email,EMAIL-Reactivation,3
674,214,2026-07-20 17:06:00,Startup,Email,EMAIL-Nurture,1
675,214,2026-07-22 22:35:00,Startup,Paid Social,META-Retargeting,2
676,214,2026-07-25 03:37:00,Startup,Paid Social,META-Retargeting,3
677,215,2025-12-22 20:25:00,SMB,Email,EMAIL-Reactivation,1
678,216,2026-04-12 12:46:00,Freelancer,Paid Search,PS-Brand,1
679,216,2026-04-15 19:35:00,Freelancer,Paid Search,PS-Brand,2
680,216,2026-04-17 02:50:00,Freelancer,Paid Search,PS-Brand,3
681,216,2026-04-24 22:16:00,Freelancer,Email,EMAIL-Reactivation,4
682,216,2026-04-27 02:54:00,Freelancer,Paid Social,META-Prospecting,5
683,217,2026-05-22 08:53:00,SMB,Paid Search,PS-Brand,1
684,218,2026-05-02 05:26:00,SMB,Organic Search,SEO-Product,1
685,218,2026-05-06 23:59:00,SMB,Display,DISPLAY-Prospecting,2
686,219,2026-09-30 11:39:00,Startup,Paid Social,META-Retargeting,1
687,219,2026-10-07 00:23:00,Startup,Paid Social,META-Retargeting,2
688,219,2026-10-12 20:18:00,Startup,Organic Search,SEO-Content,3
689,220,2026-09-19 22:04:00,Freelancer,Display,DISPLAY-Retargeting,1
690,220,2026-09-25 11:33:00,Freelancer,Paid Social,META-Retargeting,2
691,220,2026-09-26 15:40:00,Freelancer,Paid Social,META-Retargeting,3
692,220,2026-10-05 15:47:00,Freelancer,Paid Social,META-Retargeting,4
693,220,2026-10-09 20:19:00,Freelancer,Display,DISPLAY-Prospecting,5
694,221,2026-08-16 17:43:00,Freelancer,Email,EMAIL-Reactivation,1
695,222,2026-01-24 22:23:00,SMB,Paid Search,PS-Brand,1
696,223,2026-04-17 12:14:00,SMB,Paid Search,PS-NonBrand,1
697,223,2026-04-21 19:29:00,SMB,Referral,REF-Partner,2
698,223,2026-04-29 01:50:00,SMB,Paid Social,META-Retargeting,3
699,223,2026-05-09 14:12:00,SMB,Paid Search,PS-NonBrand,4
700,223,2026-05-10 05:18:00,SMB,Paid Search,PS-Brand,5
701,224,2026-07-27 22:22:00,Startup,Paid Search,PS-Brand,1
702,224,2026-08-11 02:51:00,Startup,Paid Social,META-Prospecting,2
703,224,2026-08-16 18:10:00,Startup,Paid Social,META-Retargeting,3
704,225,2026-02-04 19:26:00,Freelancer,Organic Search,SEO-Content,1
705,226,2026-06-18 16:46:00,SMB,Paid Search,PS-NonBrand,1
706,226,2026-06-29 05:34:00,SMB,Paid Social,META-Prospecting,2
707,226,2026-07-06 21:05:00,SMB,Referral,REF-Customer,3
708,227,2026-01-09 19:24:00,Startup,Display,DISPLAY-Prospecting,1
709,227,2026-01-19 19:42:00,Startup,Display,DISPLAY-Prospecting,2
710,227,2026-01-27 08:01:00,Startup,Email,EMAIL-Nurture,3
711,228,2025-11-22 05:31:00,SMB,Referral,REF-Partner,1
712,228,2025-11-24 12:06:00,SMB,Email,EMAIL-Nurture,2
713,228,2025-12-20 18:44:00,SMB,Email,EMAIL-Nurture,3
714,229,2026-01-21 17:58:00,Startup,Referral,REF-Customer,1
715,230,2026-09-15 03:09:00,SMB,Paid Social,META-Prospecting,1
716,230,2026-09-22 01:37:00,SMB,Paid Search,PS-Brand,2
717,230,2026-09-22 13:57:00,SMB,Paid Social,META-Retargeting,3
718,230,2026-09-27 23:09:00,SMB,Paid Social,META-Retargeting,4
719,230,2026-09-30 17:20:00,SMB,Organic Search,SEO-Product,5
720,231,2026-10-02 02:55:00,Freelancer,Organic Search,SEO-Product,1
721,231,2026-10-25 09:21:00,Freelancer,Email,EMAIL-Nurture,2
722,232,2026-08-14 11:46:00,SMB,Paid Social,META-Prospecting,1
723,232,2026-08-16 03:28:00,SMB,Paid Search,PS-NonBrand,2
724,232,2026-09-02 23:38:00,SMB,Email,EMAIL-Reactivation,3
725,232,2026-09-03 03:34:00,SMB,Referral,REF-Customer,4
726,232,2026-09-03 12:21:00,SMB,Paid Social,META-Prospecting,5
727,233,2026-01-13 09:54:00,Startup,Paid Search,PS-Brand,1
728,233,2026-01-21 05:47:00,Startup,Paid Social,META-Retargeting,2
729,233,2026-01-26 06:24:00,Startup,Email,EMAIL-Nurture,3
730,233,2026-01-31 15:12:00,Startup,Paid Social,META-Prospecting,4
731,233,2026-02-01 02:19:00,Startup,Organic Search,SEO-Content,5
732,234,2026-07-12 04:49:00,Startup,Display,DISPLAY-Retargeting,1
733,234,2026-07-16 06:40:00,Startup,Paid Search,PS-Brand,2
734,234,2026-07-17 16:10:00,Startup,Paid Social,META-Prospecting,3
735,234,2026-08-08 08:54:00,Startup,Paid Search,PS-NonBrand,4
736,235,2026-01-04 07:32:00,SMB,Paid Search,PS-Brand,1
737,236,2025-12-05 03:57:00,SMB,Organic Search,SEO-Product,1
738,236,2025-12-14 17:34:00,SMB,Paid Social,META-Retargeting,2
739,237,2026-01-08 21:43:00,Startup,Display,DISPLAY-Retargeting,1
740,237,2026-01-09 21:00:00,Startup,Referral,REF-Customer,2
741,237,2026-01-12 12:09:00,Startup,Referral,REF-Customer,3
742,237,2026-01-23 11:28:00,Startup,Paid Social,META-Retargeting,4
743,237,2026-01-24 04:51:00,Startup,Paid Search,PS-Brand,5
744,238,2025-12-19 03:43:00,Startup,Paid Search,PS-NonBrand,1
745,239,2026-05-27 10:21:00,Startup,Display,DISPLAY-Retargeting,1
746,239,2026-06-05 11:34:00,Startup,Paid Search,PS-NonBrand,2
747,239,2026-06-18 22:59:00,Startup,Email,EMAIL-Nurture,3
748,240,2026-06-07 02:08:00,Startup,Paid Search,PS-Brand,1
749,240,2026-06-16 13:41:00,Startup,Email,EMAIL-Nurture,2
750,240,2026-06-17 11:24:00,Startup,Email,EMAIL-Reactivation,3
751,240,2026-07-01 23:55:00,Startup,Referral,REF-Customer,4
752,240,2026-07-03 19:20:00,Startup,Email,EMAIL-Nurture,5
753,241,2025-10-15 06:17:00,SMB,Email,EMAIL-Reactivation,1
754,241,2025-10-22 18:40:00,SMB,Email,EMAIL-Reactivation,2
755,241,2025-10-28 19:05:00,SMB,Paid Social,META-Prospecting,3
756,241,2025-11-03 06:50:00,SMB,Paid Social,META-Retargeting,4
757,242,2025-12-07 22:21:00,Freelancer,Email,EMAIL-Nurture,1
758,243,2026-04-22 00:20:00,SMB,Referral,REF-Customer,1
759,244,2025-11-18 09:34:00,Startup,Paid Social,META-Prospecting,1
760,244,2025-11-24 12:46:00,Startup,Organic Search,SEO-Content,2
761,244,2025-11-26 07:34:00,Startup,Paid Search,PS-NonBrand,3
762,244,2025-11-26 14:58:00,Startup,Email,EMAIL-Nurture,4
763,244,2025-12-03 14:42:00,Startup,Organic Search,SEO-Content,5
764,245,2026-08-02 17:48:00,Freelancer,Paid Social,META-Retargeting,1
765,245,2026-08-06 08:27:00,Freelancer,Paid Social,META-Retargeting,2
766,245,2026-08-09 04:40:00,Freelancer,Email,EMAIL-Nurture,3
767,245,2026-08-13 17:08:00,Freelancer,Paid Social,META-Prospecting,4
768,246,2026-03-02 07:06:00,Freelancer,Display,DISPLAY-Retargeting,1
769,246,2026-03-04 05:07:00,Freelancer,Paid Social,META-Retargeting,2
770,246,2026-03-14 04:37:00,Freelancer,Paid Social,META-Retargeting,3
771,247,2026-03-03 09:29:00,SMB,Referral,REF-Partner,1
772,247,2026-03-08 15:49:00,SMB,Email,EMAIL-Reactivation,2
773,247,2026-03-12 10:02:00,SMB,Paid Search,PS-Brand,3
774,247,2026-03-18 12:06:00,SMB,Organic Search,SEO-Content,4
775,247,2026-03-24 02:47:00,SMB,Organic Search,SEO-Content,5
776,248,2025-10-06 00:07:00,SMB,Paid Social,META-Retargeting,1
777,248,2025-10-27 13:35:00,SMB,Organic Search,SEO-Product,2
778,249,2026-06-19 09:24:00,Startup,Email,EMAIL-Reactivation,1
779,249,2026-06-22 18:42:00,Startup,Paid Search,PS-NonBrand,2
780,249,2026-06-22 21:23:00,Startup,Paid Social,META-Retargeting,3
781,249,2026-07-05 06:23:00,Startup,Organic Search,SEO-Product,4
782,250,2026-07-12 23:13:00,SMB,Email,EMAIL-Reactivation,1
783,251,2026-07-13 23:14:00,Startup,Organic Search,SEO-Content,1
784,251,2026-07-18 03:53:00,Startup,Paid Social,META-Retargeting,2
785,251,2026-07-25 13:39:00,Startup,Organic Search,SEO-Product,3
786,251,2026-07-28 03:37:00,Startup,Paid Social,META-Retargeting,4
787,252,2026-04-17 22:36:00,Startup,Organic Search,SEO-Content,1
788,252,2026-04-28 22:00:00,Startup,Paid Social,META-Retargeting,2
789,252,2026-05-04 07:13:00,Startup,Paid Search,PS-NonBrand,3
790,252,2026-05-06 17:15:00,Startup,Email,EMAIL-Nurture,4
791,252,2026-05-14 02:15:00,Startup,Email,EMAIL-Nurture,5
792,253,2026-01-12 11:41:00,SMB,Email,EMAIL-Nurture,1
793,253,2026-01-13 06:52:00,SMB,Paid Social,META-Retargeting,2
794,253,2026-01-28 02:03:00,SMB,Paid Search,PS-NonBrand,3
795,253,2026-01-29 04:58:00,SMB,Organic Search,SEO-Product,4
796,253,2026-02-05 20:29:00,SMB,Referral,REF-Partner,5
797,254,2025-11-02 06:54:00,SMB,Referral,REF-Partner,1
798,254,2025-11-10 18:11:00,SMB,Paid Search,PS-Brand,2
799,254,2025-11-14 09:22:00,SMB,Referral,REF-Customer,3
800,254,2025-11-17 12:31:00,SMB,Paid Social,META-Prospecting,4
801,254,2025-11-23 05:33:00,SMB,Organic Search,SEO-Product,5
802,255,2026-02-03 22:59:00,Startup,Email,EMAIL-Nurture,1
803,255,2026-02-18 19:59:00,Startup,Email,EMAIL-Nurture,2
804,256,2026-05-03 08:03:00,Startup,Paid Search,PS-Brand,1
805,257,2025-11-17 00:39:00,SMB,Referral,REF-Customer,1
806,257,2025-11-20 15:00:00,SMB,Paid Search,PS-NonBrand,2
807,257,2025-12-02 05:01:00,SMB,Email,EMAIL-Nurture,3
808,258,2025-10-22 14:12:00,SMB,Display,DISPLAY-Prospecting,1
809,258,2025-11-12 10:57:00,SMB,Paid Social,META-Retargeting,2
810,259,2025-12-20 16:48:00,SMB,Paid Search,PS-Brand,1
811,259,2026-01-16 08:08:00,SMB,Paid Social,META-Retargeting,2
812,259,2026-01-16 14:34:00,SMB,Email,EMAIL-Nurture,3
813,260,2025-10-26 16:56:00,Startup,Email,EMAIL-Reactivation,1
814,260,2025-10-31 18:30:00,Startup,Paid Search,PS-NonBrand,2
815,260,2025-11-04 16:34:00,Startup,Paid Social,META-Retargeting,3
816,260,2025-11-18 05:06:00,Startup,Paid Social,META-Retargeting,4
817,261,2025-10-06 08:08:00,Startup,Paid Search,PS-Brand,1
818,261,2025-10-08 01:19:00,Startup,Display,DISPLAY-Retargeting,2
819,261,2025-10-11 03:24:00,Startup,Paid Search,PS-NonBrand,3
820,261,2025-10-15 08:20:00,Startup,Paid Social,META-Retargeting,4
821,261,2025-10-28 22:12:00,Startup,Organic Search,SEO-Content,5
822,262,2026-04-22 16:06:00,Freelancer,Paid Social,META-Prospecting,1
823,263,2026-07-01 17:08:00,Freelancer,Email,EMAIL-Reactivation,1
824,263,2026-07-01 18:46:00,Freelancer,Paid Search,PS-NonBrand,2
825,263,2026-07-14 15:02:00,Freelancer,Email,EMAIL-Reactivation,3
826,264,2026-04-02 00:35:00,Startup,Referral,REF-Partner,1
827,264,2026-04-14 10:15:00,Startup,Paid Search,PS-Brand,2
828,264,2026-04-25 03:45:00,Startup,Referral,REF-Partner,3
829,264,2026-04-29 14:10:00,Startup,Paid Social,META-Retargeting,4
830,265,2025-11-12 18:19:00,Freelancer,Paid Social,META-Prospecting,1
831,265,2025-11-19 15:52:00,Freelancer,Paid Social,META-Prospecting,2
832,265,2025-11-25 09:12:00,Freelancer,Display,DISPLAY-Retargeting,3
833,265,2025-12-02 15:35:00,Freelancer,Email,EMAIL-Nurture,4
834,266,2026-02-03 14:46:00,SMB,Paid Search,PS-NonBrand,1
835,266,2026-02-23 14:46:00,SMB,Paid Search,PS-Brand,2
836,266,2026-03-01 06:59:00,SMB,Paid Search,PS-NonBrand,3
837,267,2025-10-18 04:13:00,Startup,Email,EMAIL-Reactivation,1
838,267,2025-10-27 16:29:00,Startup,Organic Search,SEO-Product,2
839,267,2025-11-06 23:30:00,Startup,Referral,REF-Partner,3
840,268,2026-05-16 12:45:00,Startup,Organic Search,SEO-Product,1
841,268,2026-05-29 14:43:00,Startup,Paid Social,META-Retargeting,2
842,268,2026-06-02 02:08:00,Startup,Referral,REF-Customer,3
843,268,2026-06-04 00:08:00,Startup,Display,DISPLAY-Retargeting,4
844,269,2026-01-18 10:55:00,Startup,Referral,REF-Partner,1
845,270,2026-02-22 03:17:00,Startup,Paid Search,PS-Brand,1
846,270,2026-03-01 17:55:00,Startup,Paid Social,META-Retargeting,2
847,270,2026-03-09 08:24:00,Startup,Referral,REF-Customer,3
848,271,2026-08-31 13:16:00,SMB,Email,EMAIL-Nurture,1
849,271,2026-08-31 17:49:00,SMB,Referral,REF-Customer,2
850,271,2026-09-06 00:47:00,SMB,Paid Social,META-Retargeting,3
851,272,2026-05-10 04:38:00,Freelancer,Email,EMAIL-Reactivation,1
852,272,2026-05-16 05:52:00,Freelancer,Display,DISPLAY-Retargeting,2
853,273,2026-07-07 18:37:00,Freelancer,Paid Social,META-Prospecting,1
854,273,2026-07-11 11:25:00,Freelancer,Organic Search,SEO-Product,2
855,273,2026-07-14 06:31:00,Freelancer,Paid Social,META-Prospecting,3
856,273,2026-07-19 05:37:00,Freelancer,Paid Social,META-Prospecting,4
857,273,2026-07-29 04:34:00,Freelancer,Email,EMAIL-Reactivation,5
858,274,2026-02-20 12:58:00,Freelancer,Organic Search,SEO-Product,1
859,275,2026-09-10 12:16:00,SMB,Paid Search,PS-Brand,1
860,275,2026-09-16 19:16:00,SMB,Organic Search,SEO-Content,2
861,275,2026-09-30 21:56:00,SMB,Paid Social,META-Retargeting,3
862,275,2026-10-01 19:19:00,SMB,Paid Social,META-Prospecting,4
863,275,2026-10-01 22:01:00,SMB,Referral,REF-Customer,5
864,276,2026-07-02 01:35:00,Freelancer,Paid Search,PS-NonBrand,1
865,277,2026-04-19 22:22:00,Startup,Referral,REF-Partner,1
866,278,2026-05-12 18:12:00,Startup,Paid Search,PS-NonBrand,1
867,278,2026-05-15 10:49:00,Startup,Email,EMAIL-Nurture,2
868,278,2026-05-23 02:50:00,Startup,Paid Social,META-Prospecting,3
869,278,2026-05-26 10:05:00,Startup,Organic Search,SEO-Content,4
870,279,2026-06-06 14:39:00,SMB,Paid Search,PS-NonBrand,1
871,280,2025-12-04 12:18:00,Freelancer,Paid Search,PS-NonBrand,1
872,280,2025-12-11 17:53:00,Freelancer,Paid Social,META-Prospecting,2
873,280,2025-12-21 20:19:00,Freelancer,Email,EMAIL-Reactivation,3
874,280,2025-12-24 16:14:00,Freelancer,Paid Social,META-Prospecting,4
875,280,2025-12-25 20:48:00,Freelancer,Paid Social,META-Retargeting,5
876,281,2026-01-15 21:11:00,Startup,Referral,REF-Customer,1
877,282,2026-06-21 15:21:00,Startup,Organic Search,SEO-Content,1
878,282,2026-06-24 18:11:00,Startup,Email,EMAIL-Nurture,2
879,282,2026-06-27 01:13:00,Startup,Paid Search,PS-NonBrand,3
880,282,2026-06-27 21:44:00,Startup,Organic Search,SEO-Content,4
881,282,2026-07-01 09:10:00,Startup,Email,EMAIL-Nurture,5
882,283,2026-03-18 23:26:00,Freelancer,Email,EMAIL-Nurture,1
883,283,2026-04-04 12:57:00,Freelancer,Referral,REF-Partner,2
884,283,2026-04-04 17:35:00,Freelancer,Referral,REF-Customer,3
885,283,2026-04-07 17:08:00,Freelancer,Paid Search,PS-Brand,4
886,283,2026-04-07 23:41:00,Freelancer,Email,EMAIL-Nurture,5
887,284,2026-07-25 08:56:00,SMB,Referral,REF-Customer,1
888,285,2026-04-19 14:55:00,Startup,Paid Search,PS-NonBrand,1
889,285,2026-04-22 17:17:00,Startup,Paid Search,PS-NonBrand,2
890,286,2025-10-28 19:23:00,SMB,Display,DISPLAY-Prospecting,1
891,286,2025-11-14 19:50:00,SMB,Paid Search,PS-NonBrand,2
892,287,2026-06-12 06:24:00,SMB,Organic Search,SEO-Content,1
893,287,2026-06-12 09:32:00,SMB,Paid Search,PS-Brand,2
894,287,2026-06-15 05:53:00,SMB,Display,DISPLAY-Prospecting,3
895,287,2026-06-22 06:26:00,SMB,Display,DISPLAY-Retargeting,4
896,288,2026-05-19 18:27:00,SMB,Email,EMAIL-Reactivation,1
897,288,2026-05-31 07:52:00,SMB,Display,DISPLAY-Retargeting,2
898,289,2026-02-12 21:57:00,SMB,Paid Social,META-Prospecting,1
899,289,2026-02-14 09:51:00,SMB,Paid Social,META-Retargeting,2
900,289,2026-03-11 20:09:00,SMB,Paid Search,PS-Brand,3
901,289,2026-03-11 22:01:00,SMB,Paid Social,META-Retargeting,4
902,290,2026-07-23 17:56:00,SMB,Paid Search,PS-NonBrand,1
903,290,2026-07-29 09:46:00,SMB,Paid Social,META-Prospecting,2
904,290,2026-07-29 14:26:00,SMB,Paid Search,PS-NonBrand,3
905,290,2026-08-02 00:21:00,SMB,Paid Social,META-Retargeting,4
906,290,2026-08-05 05:04:00,SMB,Organic Search,SEO-Content,5
907,291,2026-02-19 21:07:00,SMB,Paid Search,PS-Brand,1
908,292,2025-11-12 05:35:00,SMB,Referral,REF-Customer,1
909,292,2025-11-17 15:45:00,SMB,Paid Social,META-Retargeting,2
910,292,2025-11-19 12:33:00,SMB,Display,DISPLAY-Retargeting,3
911,293,2025-11-22 09:27:00,Startup,Display,DISPLAY-Prospecting,1
912,293,2025-12-02 00:52:00,Startup,Organic Search,SEO-Product,2
913,293,2025-12-02 05:48:00,Startup,Display,DISPLAY-Retargeting,3
914,293,2025-12-04 07:00:00,Startup,Paid Search,PS-Brand,4
915,294,2026-09-02 19:23:00,SMB,Paid Search,PS-NonBrand,1
916,294,2026-09-05 11:37:00,SMB,Paid Search,PS-NonBrand,2
917,294,2026-09-07 11:52:00,SMB,Paid Search,PS-NonBrand,3
918,294,2026-09-21 13:02:00,SMB,Paid Search,PS-Brand,4
919,294,2026-09-22 12:36:00,SMB,Organic Search,SEO-Content,5
920,295,2026-02-23 02:43:00,SMB,Paid Social,META-Prospecting,1
921,295,2026-02-28 03:46:00,SMB,Paid Social,META-Retargeting,2
922,295,2026-03-09 14:47:00,SMB,Paid Search,PS-NonBrand,3
923,295,2026-03-16 11:31:00,SMB,Organic Search,SEO-Content,4
924,296,2026-03-07 22:11:00,SMB,Paid Search,PS-NonBrand,1
925,296,2026-03-17 04:19:00,SMB,Email,EMAIL-Reactivation,2
926,296,2026-03-25 08:55:00,SMB,Paid Social,META-Retargeting,3
927,296,2026-03-27 17:07:00,SMB,Paid Search,PS-Brand,4
928,297,2026-02-06 05:59:00,SMB,Email,EMAIL-Nurture,1
929,298,2026-06-28 20:28:00,SMB,Paid Social,META-Retargeting,1
930,298,2026-07-16 02:24:00,SMB,Paid Search,PS-Brand,2
931,298,2026-07-20 01:01:00,SMB,Paid Search,PS-Brand,3
932,298,2026-07-24 05:22:00,SMB,Referral,REF-Partner,4
933,298,2026-07-26 02:52:00,SMB,Paid Search,PS-Brand,5
934,299,2026-05-14 00:51:00,Freelancer,Paid Search,PS-NonBrand,1
935,299,2026-05-22 05:07:00,Freelancer,Paid Search,PS-Brand,2
936,300,2026-08-31 14:39:00,Startup,Organic Search,SEO-Content,1
937,300,2026-09-23 09:43:00,Startup,Organic Search,SEO-Content,2
938,301,2026-09-19 21:41:00,SMB,Referral,REF-Customer,1
939,301,2026-09-21 04:41:00,SMB,Referral,REF-Customer,2
940,302,2026-09-28 16:21:00,Startup,Paid Search,PS-NonBrand,1
941,302,2026-09-29 20:58:00,Startup,Referral,REF-Customer,2
942,302,2026-10-11 09:28:00,Startup,Display,DISPLAY-Retargeting,3
943,303,2026-02-01 12:49:00,SMB,Paid Search,PS-NonBrand,1
944,303,2026-02-27 09:26:00,SMB,Organic Search,SEO-Content,2
945,304,2026-05-28 11:45:00,Startup,Paid Search,PS-Brand,1
946,305,2026-02-04 17:53:00,Freelancer,Referral,REF-Partner,1
947,305,2026-02-16 13:47:00,Freelancer,Display,DISPLAY-Retargeting,2
948,305,2026-02-25 00:27:00,Freelancer,Email,EMAIL-Nurture,3
949,306,2026-06-19 23:05:00,SMB,Paid Social,META-Prospecting,1
950,307,2026-07-19 12:29:00,SMB,Email,EMAIL-Nurture,1
951,307,2026-07-20 07:11:00,SMB,Paid Search,PS-Brand,2
952,307,2026-07-21 16:09:00,SMB,Email,EMAIL-Nurture,3
953,307,2026-07-27 18:30:00,SMB,Paid Social,META-Prospecting,4
954,307,2026-07-28 20:16:00,SMB,Referral,REF-Customer,5
955,308,2025-12-31 06:06:00,Startup,Display,DISPLAY-Prospecting,1
956,308,2026-01-11 12:06:00,Startup,Paid Social,META-Retargeting,2
957,308,2026-01-15 20:37:00,Startup,Paid Search,PS-Brand,3
958,309,2026-08-29 07:41:00,SMB,Paid Social,META-Retargeting,1
959,310,2026-01-27 05:29:00,SMB,Display,DISPLAY-Prospecting,1
960,310,2026-02-02 23:57:00,SMB,Paid Social,META-Retargeting,2
961,311,2026-10-08 22:29:00,Startup,Paid Social,META-Retargeting,1
962,312,2026-08-08 05:56:00,Startup,Paid Search,PS-Brand,1
963,313,2025-10-12 20:27:00,SMB,Paid Social,META-Retargeting,1
964,313,2025-10-27 02:00:00,SMB,Paid Search,PS-NonBrand,2
965,313,2025-10-29 10:27:00,SMB,Paid Social,META-Retargeting,3
966,314,2026-03-05 23:54:00,Freelancer,Organic Search,SEO-Content,1
967,314,2026-03-16 10:03:00,Freelancer,Display,DISPLAY-Prospecting,2
968,314,2026-03-19 23:32:00,Freelancer,Paid Social,META-Prospecting,3
969,315,2026-03-16 09:29:00,SMB,Paid Search,PS-NonBrand,1
970,316,2026-08-08 05:56:00,SMB,Email,EMAIL-Reactivation,1
971,316,2026-08-26 19:24:00,SMB,Paid Search,PS-Brand,2
972,317,2026-07-03 04:34:00,Startup,Paid Social,META-Prospecting,1
973,317,2026-07-06 08:45:00,Startup,Paid Social,META-Retargeting,2
974,317,2026-07-11 08:11:00,Startup,Organic Search,SEO-Product,3
975,318,2025-10-23 05:13:00,Startup,Referral,REF-Partner,1
976,318,2025-10-23 20:50:00,Startup,Email,EMAIL-Nurture,2
977,318,2025-11-05 20:57:00,Startup,Paid Search,PS-Brand,3
978,318,2025-11-07 23:39:00,Startup,Organic Search,SEO-Product,4
979,319,2026-08-06 04:51:00,Startup,Email,EMAIL-Nurture,1
980,319,2026-08-21 18:04:00,Startup,Paid Search,PS-NonBrand,2
981,320,2026-01-11 12:29:00,Startup,Organic Search,SEO-Product,1
982,321,2026-02-22 20:10:00,Startup,Paid Search,PS-NonBrand,1
983,321,2026-02-24 06:58:00,Startup,Paid Search,PS-NonBrand,2
984,321,2026-03-09 19:18:00,Startup,Paid Search,PS-Brand,3
985,322,2025-12-10 13:07:00,Freelancer,Organic Search,SEO-Content,1
986,322,2025-12-23 00:20:00,Freelancer,Display,DISPLAY-Retargeting,2
987,323,2025-12-20 23:36:00,Startup,Referral,REF-Partner,1
988,323,2025-12-26 11:57:00,Startup,Paid Social,META-Prospecting,2
989,324,2026-04-18 00:10:00,SMB,Paid Search,PS-NonBrand,1
990,324,2026-04-20 18:57:00,SMB,Organic Search,SEO-Product,2
991,324,2026-04-22 17:13:00,SMB,Referral,REF-Customer,3
992,324,2026-04-30 03:43:00,SMB,Paid Search,PS-Brand,4
993,325,2025-11-03 05:04:00,Startup,Email,EMAIL-Nurture,1
994,325,2025-11-19 14:43:00,Startup,Paid Social,META-Retargeting,2
995,325,2025-11-28 17:22:00,Startup,Organic Search,SEO-Content,3
996,326,2025-11-02 15:37:00,SMB,Paid Social,META-Prospecting,1
997,326,2025-11-26 23:19:00,SMB,Organic Search,SEO-Content,2
998,327,2026-07-30 08:18:00,Startup,Email,EMAIL-Reactivation,1
999,327,2026-08-08 18:53:00,Startup,Display,DISPLAY-Retargeting,2
1000,328,2026-02-07 04:24:00,SMB,Referral,REF-Customer,1
1001,328,2026-02-28 17:07:00,SMB,Referral,REF-Customer,2
1002,329,2026-06-09 08:59:00,Startup,Display,DISPLAY-Retargeting,1
1003,329,2026-06-11 14:17:00,Startup,Paid Search,PS-NonBrand,2
1004,330,2026-09-29 17:44:00,Startup,Paid Social,META-Prospecting,1
1005,330,2026-10-01 17:29:00,Startup,Organic Search,SEO-Content,2
1006,330,2026-10-15 08:58:00,Startup,Referral,REF-Customer,3
1007,331,2025-10-23 14:03:00,Startup,Email,EMAIL-Nurture,1
1008,331,2025-10-29 17:26:00,Startup,Paid Search,PS-Brand,2
1009,331,2025-10-30 10:19:00,Startup,Paid Social,META-Retargeting,3
1010,331,2025-10-31 11:14:00,Startup,Referral,REF-Customer,4
1011,331,2025-11-09 16:48:00,Startup,Paid Social,META-Retargeting,5
1012,332,2026-07-23 07:15:00,SMB,Referral,REF-Customer,1
1013,332,2026-08-06 23:51:00,SMB,Paid Search,PS-Brand,2
1014,332,2026-08-08 06:55:00,SMB,Paid Search,PS-Brand,3
1015,332,2026-08-15 05:29:00,SMB,Paid Social,META-Retargeting,4
1016,333,2025-11-29 09:34:00,SMB,Paid Social,META-Prospecting,1
1017,333,2025-12-04 07:30:00,SMB,Organic Search,SEO-Content,2
1018,334,2026-07-13 15:20:00,Startup,Paid Search,PS-NonBrand,1
1019,334,2026-08-03 00:52:00,Startup,Referral,REF-Customer,2
1020,335,2026-01-22 01:03:00,Freelancer,Paid Search,PS-Brand,1
1021,335,2026-01-24 14:38:00,Freelancer,Paid Search,PS-Brand,2
1022,335,2026-01-24 22:26:00,Freelancer,Referral,REF-Partner,3
1023,335,2026-02-13 15:55:00,Freelancer,Paid Search,PS-Brand,4
1024,336,2025-12-02 08:17:00,SMB,Referral,REF-Customer,1
1025,336,2025-12-13 04:06:00,SMB,Paid Social,META-Retargeting,2
1026,337,2025-12-24 18:58:00,SMB,Display,DISPLAY-Retargeting,1
1027,337,2025-12-30 06:02:00,SMB,Email,EMAIL-Nurture,2
1028,337,2025-12-31 03:33:00,SMB,Paid Search,PS-Brand,3
1029,337,2026-01-07 13:02:00,SMB,Organic Search,SEO-Content,4
1030,338,2026-03-09 16:33:00,SMB,Paid Search,PS-Brand,1
1031,339,2026-06-27 07:38:00,Startup,Paid Search,PS-NonBrand,1
1032,339,2026-06-28 09:20:00,Startup,Email,EMAIL-Nurture,2
1033,339,2026-06-29 04:41:00,Startup,Referral,REF-Partner,3
1034,339,2026-07-01 01:43:00,Startup,Referral,REF-Customer,4
1035,340,2026-06-15 05:56:00,SMB,Organic Search,SEO-Product,1
1036,340,2026-06-15 11:45:00,SMB,Paid Search,PS-NonBrand,2
1037,340,2026-06-23 10:26:00,SMB,Organic Search,SEO-Product,3
1038,341,2026-07-16 07:46:00,Freelancer,Paid Social,META-Prospecting,1
1039,342,2025-10-27 08:29:00,Startup,Paid Social,META-Retargeting,1
1040,342,2025-11-03 09:38:00,Startup,Display,DISPLAY-Prospecting,2
1041,342,2025-11-06 03:21:00,Startup,Paid Search,PS-NonBrand,3
1042,343,2026-09-27 03:30:00,SMB,Referral,REF-Partner,1
1043,343,2026-10-06 04:50:00,SMB,Paid Search,PS-Brand,2
1044,343,2026-10-11 11:06:00,SMB,Referral,REF-Customer,3
1045,343,2026-10-17 06:43:00,SMB,Referral,REF-Customer,4
1046,344,2026-03-12 08:41:00,SMB,Paid Search,PS-NonBrand,1
1047,344,2026-03-21 12:17:00,SMB,Email,EMAIL-Nurture,2
1048,344,2026-04-04 14:48:00,SMB,Email,EMAIL-Nurture,3
1049,345,2025-12-06 15:37:00,SMB,Paid Social,META-Retargeting,1
1050,346,2026-09-05 02:00:00,Startup,Display,DISPLAY-Prospecting,1
1051,346,2026-09-13 17:20:00,Startup,Organic Search,SEO-Product,2
1052,346,2026-09-16 08:19:00,Startup,Paid Social,META-Retargeting,3
1053,346,2026-09-25 15:02:00,Startup,Email,EMAIL-Nurture,4
1054,346,2026-09-29 06:37:00,Startup,Organic Search,SEO-Product,5
1055,347,2026-07-26 01:01:00,SMB,Email,EMAIL-Reactivation,1
1056,347,2026-08-02 08:21:00,SMB,Paid Social,META-Retargeting,2
1057,347,2026-08-14 01:16:00,SMB,Paid Search,PS-NonBrand,3
1058,348,2025-11-05 00:51:00,SMB,Organic Search,SEO-Product,1
1059,348,2025-11-13 08:16:00,SMB,Email,EMAIL-Reactivation,2
1060,348,2025-11-25 00:01:00,SMB,Paid Search,PS-NonBrand,3
1061,349,2026-04-07 11:46:00,Startup,Email,EMAIL-Nurture,1
1062,350,2026-08-28 03:30:00,SMB,Paid Search,PS-NonBrand,1
1063,350,2026-09-05 10:03:00,SMB,Paid Search,PS-Brand,2
1064,350,2026-09-17 19:52:00,SMB,Email,EMAIL-Nurture,3
1065,350,2026-09-18 06:55:00,SMB,Display,DISPLAY-Retargeting,4
1066,350,2026-09-23 00:58:00,SMB,Email,EMAIL-Nurture,5
1067,351,2026-06-12 03:40:00,Startup,Email,EMAIL-Nurture,1
1068,351,2026-06-29 06:31:00,Startup,Paid Social,META-Retargeting,2
1069,351,2026-07-01 01:40:00,Startup,Paid Search,PS-Brand,3
1070,351,2026-07-02 21:21:00,Startup,Organic Search,SEO-Product,4
1071,352,2025-12-26 16:26:00,Freelancer,Display,DISPLAY-Prospecting,1
1072,352,2025-12-27 12:30:00,Freelancer,Email,EMAIL-Nurture,2
1073,352,2025-12-30 03:00:00,Freelancer,Referral,REF-Customer,3
1074,353,2026-06-23 05:03:00,SMB,Organic Search,SEO-Product,1
1075,353,2026-07-03 09:11:00,SMB,Organic Search,SEO-Content,2
1076,353,2026-07-04 15:33:00,SMB,Paid Search,PS-NonBrand,3
1077,354,2025-12-29 10:20:00,SMB,Display,DISPLAY-Retargeting,1
1078,355,2026-02-16 03:25:00,Freelancer,Paid Search,PS-Brand,1
1079,355,2026-02-24 05:07:00,Freelancer,Referral,REF-Customer,2
1080,355,2026-02-28 08:18:00,Freelancer,Paid Search,PS-NonBrand,3
1081,355,2026-03-05 07:16:00,Freelancer,Display,DISPLAY-Retargeting,4
1082,355,2026-03-06 17:14:00,Freelancer,Email,EMAIL-Reactivation,5
1083,356,2025-12-11 01:10:00,SMB,Paid Search,PS-NonBrand,1
1084,356,2025-12-22 20:02:00,SMB,Paid Search,PS-Brand,2
1085,356,2026-01-05 06:53:00,SMB,Paid Search,PS-Brand,3
1086,356,2026-01-07 15:43:00,SMB,Paid Search,PS-NonBrand,4
1087,357,2026-06-11 07:23:00,SMB,Paid Search,PS-NonBrand,1
1088,358,2026-09-16 17:46:00,Startup,Display,DISPLAY-Prospecting,1
1089,359,2025-10-18 12:15:00,Startup,Paid Social,META-Prospecting,1
1090,360,2026-05-10 11:01:00,Freelancer,Display,DISPLAY-Prospecting,1
1091,360,2026-05-27 19:52:00,Freelancer,Paid Social,META-Retargeting,2
1092,360,2026-06-01 20:31:00,Freelancer,Organic Search,SEO-Content,3
1093,360,2026-06-05 23:55:00,Freelancer,Paid Search,PS-NonBrand,4
1094,361,2026-01-09 11:07:00,SMB,Organic Search,SEO-Product,1
1095,361,2026-01-12 20:03:00,SMB,Paid Social,META-Prospecting,2
1096,361,2026-01-24 15:30:00,SMB,Referral,REF-Customer,3
1097,361,2026-01-25 17:31:00,SMB,Display,DISPLAY-Retargeting,4
1098,361,2026-01-26 23:40:00,SMB,Referral,REF-Partner,5
1099,362,2026-07-17 03:58:00,SMB,Paid Search,PS-NonBrand,1
1100,363,2025-11-29 12:13:00,SMB,Organic Search,SEO-Content,1
1101,363,2025-12-11 11:35:00,SMB,Email,EMAIL-Nurture,2
1102,364,2026-02-13 17:50:00,SMB,Email,EMAIL-Reactivation,1
1103,364,2026-02-16 03:07:00,SMB,Paid Social,META-Retargeting,2
1104,364,2026-02-24 01:20:00,SMB,Paid Search,PS-NonBrand,3
1105,364,2026-03-12 07:02:00,SMB,Referral,REF-Customer,4
1106,365,2025-12-15 07:47:00,Startup,Paid Search,PS-Brand,1
1107,365,2025-12-26 05:17:00,Startup,Email,EMAIL-Reactivation,2
1108,365,2026-01-02 23:39:00,Startup,Paid Search,PS-Brand,3
1109,365,2026-01-03 12:02:00,Startup,Paid Search,PS-Brand,4
1110,365,2026-01-11 10:12:00,Startup,Referral,REF-Customer,5
1111,366,2026-08-22 03:22:00,SMB,Referral,REF-Partner,1
1112,366,2026-08-26 04:27:00,SMB,Paid Search,PS-NonBrand,2
1113,366,2026-09-04 15:35:00,SMB,Organic Search,SEO-Product,3
1114,366,2026-09-08 11:52:00,SMB,Paid Social,META-Prospecting,4
1115,367,2025-11-07 06:46:00,SMB,Referral,REF-Customer,1
1116,367,2025-11-22 03:02:00,SMB,Paid Social,META-Retargeting,2
1117,368,2026-05-06 08:43:00,SMB,Paid Social,META-Prospecting,1
1118,369,2025-11-15 13:59:00,SMB,Organic Search,SEO-Content,1
1119,369,2025-11-16 02:50:00,SMB,Email,EMAIL-Nurture,2
1120,369,2025-12-07 03:08:00,SMB,Display,DISPLAY-Retargeting,3
1121,370,2026-05-16 22:12:00,SMB,Paid Search,PS-NonBrand,1
1122,371,2026-07-22 10:33:00,Startup,Paid Social,META-Retargeting,1
1123,372,2026-07-17 19:23:00,SMB,Paid Social,META-Prospecting,1
1124,373,2025-10-27 00:28:00,Startup,Paid Social,META-Retargeting,1
1125,373,2025-10-27 04:58:00,Startup,Paid Search,PS-NonBrand,2
1126,373,2025-11-03 21:26:00,Startup,Referral,REF-Customer,3
1127,373,2025-11-08 20:10:00,Startup,Email,EMAIL-Reactivation,4
1128,374,2026-07-12 15:42:00,SMB,Organic Search,SEO-Content,1
1129,374,2026-07-25 15:55:00,SMB,Paid Search,PS-Brand,2
1130,374,2026-07-30 07:53:00,SMB,Email,EMAIL-Reactivation,3
1131,374,2026-08-01 13:14:00,SMB,Paid Search,PS-NonBrand,4
1132,375,2026-01-27 13:22:00,SMB,Paid Search,PS-NonBrand,1
1133,375,2026-02-04 04:55:00,SMB,Paid Social,META-Retargeting,2
1134,375,2026-02-05 07:51:00,SMB,Email,EMAIL-Nurture,3
1135,375,2026-02-13 17:01:00,SMB,Email,EMAIL-Nurture,4
1136,376,2026-06-06 19:34:00,Freelancer,Display,DISPLAY-Retargeting,1
1137,376,2026-06-23 11:04:00,Freelancer,Paid Social,META-Retargeting,2
1138,376,2026-06-25 19:04:00,Freelancer,Paid Social,META-Retargeting,3
1139,376,2026-06-30 00:34:00,Freelancer,Email,EMAIL-Reactivation,4
1140,376,2026-07-05 17:52:00,Freelancer,Paid Search,PS-Brand,5
1141,377,2026-10-05 02:39:00,Freelancer,Referral,REF-Customer,1
1142,377,2026-10-09 08:02:00,Freelancer,Paid Social,META-Retargeting,2
1143,377,2026-10-11 00:17:00,Freelancer,Paid Search,PS-NonBrand,3
1144,377,2026-10-15 00:07:00,Freelancer,Paid Search,PS-Brand,4
1145,377,2026-10-16 19:34:00,Freelancer,Organic Search,SEO-Product,5
1146,378,2025-11-18 22:26:00,SMB,Paid Search,PS-Brand,1
1147,378,2025-11-30 23:37:00,SMB,Display,DISPLAY-Prospecting,2
1148,378,2025-12-02 01:42:00,SMB,Organic Search,SEO-Product,3
1149,378,2025-12-05 03:07:00,SMB,Paid Search,PS-NonBrand,4
1150,379,2026-02-10 12:23:00,SMB,Paid Search,PS-NonBrand,1
1151,379,2026-02-20 15:50:00,SMB,Paid Social,META-Prospecting,2
1152,379,2026-02-23 20:30:00,SMB,Email,EMAIL-Nurture,3
1153,379,2026-03-04 02:48:00,SMB,Display,DISPLAY-Retargeting,4
1154,379,2026-03-07 13:00:00,SMB,Referral,REF-Customer,5
1155,380,2026-08-22 11:14:00,Freelancer,Email,EMAIL-Nurture,1
1156,380,2026-09-06 12:46:00,Freelancer,Referral,REF-Customer,2
1157,381,2025-11-25 21:08:00,Startup,Paid Social,META-Retargeting,1
1158,381,2025-12-02 00:25:00,Startup,Paid Social,META-Retargeting,2
1159,381,2025-12-13 01:39:00,Startup,Email,EMAIL-Reactivation,3
1160,382,2026-01-09 22:00:00,SMB,Email,EMAIL-Nurture,1
1161,382,2026-02-01 17:26:00,SMB,Display,DISPLAY-Prospecting,2
1162,383,2026-04-23 19:45:00,SMB,Paid Social,META-Prospecting,1
1163,383,2026-04-26 06:06:00,SMB,Paid Search,PS-NonBrand,2
1164,383,2026-04-28 14:43:00,SMB,Email,EMAIL-Reactivation,3
1165,383,2026-05-14 01:31:00,SMB,Referral,REF-Partner,4
1166,384,2026-10-08 23:30:00,SMB,Paid Social,META-Prospecting,1
1167,384,2026-10-15 12:30:00,SMB,Organic Search,SEO-Product,2
1168,384,2026-10-23 05:06:00,SMB,Organic Search,SEO-Product,3
1169,385,2026-01-29 21:32:00,Startup,Paid Search,PS-NonBrand,1
1170,385,2026-02-09 02:18:00,Startup,Display,DISPLAY-Prospecting,2
1171,386,2026-02-24 17:34:00,Startup,Paid Search,PS-NonBrand,1
1172,386,2026-03-08 02:40:00,Startup,Organic Search,SEO-Product,2
1173,387,2026-07-20 20:59:00,SMB,Referral,REF-Customer,1
1174,387,2026-07-25 09:08:00,SMB,Organic Search,SEO-Product,2
1175,387,2026-08-04 21:26:00,SMB,Paid Social,META-Retargeting,3
1176,387,2026-08-05 04:23:00,SMB,Referral,REF-Partner,4
1177,387,2026-08-12 10:59:00,SMB,Paid Social,META-Prospecting,5
1178,388,2025-11-16 23:32:00,SMB,Paid Search,PS-NonBrand,1
1179,388,2025-11-17 06:41:00,SMB,Email,EMAIL-Nurture,2
1180,388,2025-11-18 04:21:00,SMB,Display,DISPLAY-Retargeting,3
1181,388,2025-11-26 01:38:00,SMB,Organic Search,SEO-Content,4
1182,388,2025-12-02 18:53:00,SMB,Organic Search,SEO-Content,5
1183,389,2026-01-30 14:57:00,SMB,Email,EMAIL-Reactivation,1
1184,389,2026-02-02 01:11:00,SMB,Paid Social,META-Retargeting,2
1185,390,2026-01-26 10:55:00,Startup,Paid Search,PS-NonBrand,1
1186,390,2026-02-02 14:37:00,Startup,Referral,REF-Customer,2
1187,390,2026-02-03 08:44:00,Startup,Email,EMAIL-Reactivation,3
1188,390,2026-02-09 09:46:00,Startup,Organic Search,SEO-Product,4
1189,390,2026-02-14 20:58:00,Startup,Referral,REF-Customer,5
1190,391,2026-02-24 00:53:00,Freelancer,Paid Search,PS-Brand,1
1191,391,2026-03-03 01:11:00,Freelancer,Email,EMAIL-Nurture,2
1192,391,2026-03-13 22:16:00,Freelancer,Paid Search,PS-Brand,3
1193,391,2026-03-17 09:20:00,Freelancer,Referral,REF-Partner,4
1194,392,2026-05-01 06:55:00,Startup,Display,DISPLAY-Prospecting,1
1195,392,2026-05-06 15:20:00,Startup,Referral,REF-Partner,2
1196,392,2026-05-15 04:34:00,Startup,Organic Search,SEO-Product,3
1197,392,2026-05-16 01:06:00,Startup,Email,EMAIL-Nurture,4
1198,393,2025-12-27 11:14:00,Startup,Display,DISPLAY-Prospecting,1
1199,393,2025-12-30 03:01:00,Startup,Paid Social,META-Retargeting,2
1200,393,2026-01-07 00:23:00,Startup,Referral,REF-Customer,3
1201,394,2026-03-01 20:35:00,SMB,Referral,REF-Customer,1
1202,394,2026-03-15 03:44:00,SMB,Paid Search,PS-NonBrand,2
1203,394,2026-03-18 00:03:00,SMB,Paid Search,PS-Brand,3
1204,394,2026-03-20 17:54:00,SMB,Referral,REF-Partner,4
1205,394,2026-03-20 23:24:00,SMB,Email,EMAIL-Nurture,5
1206,395,2026-09-03 00:58:00,Startup,Referral,REF-Customer,1
1207,395,2026-09-24 15:38:00,Startup,Referral,REF-Partner,2
1208,396,2026-08-09 23:19:00,SMB,Referral,REF-Customer,1
1209,396,2026-08-16 02:09:00,SMB,Referral,REF-Customer,2
1210,396,2026-08-24 23:20:00,SMB,Referral,REF-Customer,3
1211,397,2026-10-09 06:17:00,SMB,Paid Social,META-Retargeting,1
1212,398,2026-06-11 10:02:00,Startup,Paid Social,META-Prospecting,1
1213,398,2026-06-11 21:32:00,Startup,Email,EMAIL-Reactivation,2
1214,398,2026-06-20 01:21:00,Startup,Display,DISPLAY-Retargeting,3
1215,398,2026-06-27 10:37:00,Startup,Referral,REF-Customer,4
1216,398,2026-06-28 18:29:00,Startup,Paid Search,PS-Brand,5
1217,399,2026-05-05 20:09:00,Freelancer,Paid Search,PS-Brand,1
1218,399,2026-05-27 06:25:00,Freelancer,Organic Search,SEO-Content,2
1219,400,2025-12-22 17:09:00,SMB,Email,EMAIL-Reactivation,1
1220,400,2025-12-24 11:53:00,SMB,Display,DISPLAY-Retargeting,2
1221,400,2025-12-27 06:24:00,SMB,Organic Search,SEO-Content,3
1222,400,2025-12-31 11:39:00,SMB,Paid Search,PS-Brand,4
1223,400,2026-01-11 09:53:00,SMB,Paid Search,PS-NonBrand,5
1224,401,2025-12-07 10:16:00,SMB,Paid Search,PS-Brand,1
1225,401,2025-12-09 16:52:00,SMB,Display,DISPLAY-Retargeting,2
1226,401,2025-12-10 19:32:00,SMB,Paid Search,PS-Brand,3
1227,402,2026-04-18 14:22:00,Freelancer,Organic Search,SEO-Content,1
1228,402,2026-04-22 16:37:00,Freelancer,Email,EMAIL-Nurture,2
1229,402,2026-04-25 09:35:00,Freelancer,Paid Social,META-Retargeting,3
1230,402,2026-05-02 05:09:00,Freelancer,Paid Social,META-Retargeting,4
1231,402,2026-05-04 19:48:00,Freelancer,Email,EMAIL-Reactivation,5
1232,403,2026-03-09 01:45:00,Startup,Email,EMAIL-Reactivation,1
1233,403,2026-03-18 21:08:00,Startup,Organic Search,SEO-Product,2
1234,403,2026-03-19 19:31:00,Startup,Paid Search,PS-NonBrand,3
1235,404,2026-07-21 21:51:00,Startup,Referral,REF-Customer,1
1236,404,2026-07-29 04:05:00,Startup,Organic Search,SEO-Product,2
1237,404,2026-08-01 10:28:00,Startup,Organic Search,SEO-Content,3
1238,405,2025-10-16 21:25:00,SMB,Email,EMAIL-Nurture,1
1239,406,2026-08-30 14:11:00,Freelancer,Organic Search,SEO-Product,1
1240,406,2026-09-07 02:56:00,Freelancer,Referral,REF-Customer,2
1241,406,2026-09-10 14:47:00,Freelancer,Organic Search,SEO-Product,3
1242,406,2026-09-11 14:54:00,Freelancer,Organic Search,SEO-Product,4
1243,406,2026-09-12 18:08:00,Freelancer,Referral,REF-Customer,5
1244,407,2025-12-07 13:32:00,SMB,Organic Search,SEO-Content,1
1245,407,2025-12-11 01:56:00,SMB,Organic Search,SEO-Product,2
1246,407,2025-12-24 07:39:00,SMB,Email,EMAIL-Nurture,3
1247,408,2026-03-11 08:16:00,SMB,Paid Search,PS-Brand,1
1248,408,2026-03-19 07:06:00,SMB,Paid Search,PS-NonBrand,2
1249,409,2026-02-08 08:18:00,SMB,Paid Social,META-Prospecting,1
1250,409,2026-02-10 17:23:00,SMB,Paid Search,PS-Brand,2
1251,409,2026-02-18 11:04:00,SMB,Paid Search,PS-Brand,3
1252,409,2026-02-20 09:19:00,SMB,Paid Search,PS-NonBrand,4
1253,409,2026-03-03 22:49:00,SMB,Email,EMAIL-Reactivation,5
1254,410,2026-09-05 17:31:00,SMB,Email,EMAIL-Reactivation,1
1255,410,2026-09-13 12:34:00,SMB,Organic Search,SEO-Product,2
1256,410,2026-09-15 07:09:00,SMB,Email,EMAIL-Reactivation,3
1257,410,2026-09-23 18:36:00,SMB,Referral,REF-Customer,4
1258,410,2026-09-28 18:22:00,SMB,Paid Social,META-Retargeting,5
1259,411,2026-06-22 06:39:00,Startup,Paid Search,PS-Brand,1
1260,411,2026-06-22 09:12:00,Startup,Paid Social,META-Retargeting,2
1261,411,2026-06-28 22:22:00,Startup,Paid Social,META-Prospecting,3
1262,411,2026-07-02 04:22:00,Startup,Organic Search,SEO-Content,4
1263,411,2026-07-18 02:54:00,Startup,Organic Search,SEO-Product,5
1264,412,2025-10-21 23:17:00,Freelancer,Organic Search,SEO-Content,1
1265,412,2025-10-31 14:23:00,Freelancer,Paid Social,META-Prospecting,2
1266,412,2025-11-05 13:17:00,Freelancer,Organic Search,SEO-Content,3
1267,413,2026-08-19 22:08:00,SMB,Referral,REF-Customer,1
1268,413,2026-08-26 06:55:00,SMB,Paid Search,PS-NonBrand,2
1269,414,2026-06-18 20:35:00,Freelancer,Organic Search,SEO-Content,1
1270,414,2026-06-22 08:28:00,Freelancer,Referral,REF-Customer,2
1271,415,2025-10-27 00:15:00,Startup,Referral,REF-Customer,1
1272,415,2025-10-28 20:16:00,Startup,Referral,REF-Customer,2
1273,415,2025-11-22 22:03:00,Startup,Referral,REF-Customer,3
1274,416,2026-07-16 15:21:00,Startup,Paid Social,META-Prospecting,1
1275,416,2026-07-17 07:31:00,Startup,Paid Search,PS-Brand,2
1276,416,2026-07-19 14:59:00,Startup,Display,DISPLAY-Retargeting,3
1277,416,2026-07-22 14:57:00,Startup,Referral,REF-Customer,4
1278,416,2026-07-30 15:47:00,Startup,Paid Search,PS-NonBrand,5
1279,417,2025-10-16 09:48:00,SMB,Paid Social,META-Prospecting,1
1280,417,2025-10-31 15:14:00,SMB,Display,DISPLAY-Retargeting,2
1281,417,2025-11-10 14:54:00,SMB,Paid Search,PS-Brand,3
1282,417,2025-11-11 18:03:00,SMB,Paid Social,META-Retargeting,4
1283,418,2026-03-14 19:20:00,SMB,Paid Search,PS-NonBrand,1
1284,418,2026-03-15 15:38:00,SMB,Organic Search,SEO-Content,2
1285,419,2025-12-14 19:59:00,Startup,Display,DISPLAY-Retargeting,1
1286,419,2025-12-22 11:12:00,Startup,Display,DISPLAY-Retargeting,2
1287,420,2025-10-16 13:53:00,Startup,Paid Search,PS-Brand,1
1288,421,2026-05-05 02:50:00,SMB,Paid Social,META-Retargeting,1
1289,421,2026-05-06 05:58:00,SMB,Referral,REF-Customer,2
1290,421,2026-05-10 12:11:00,SMB,Organic Search,SEO-Content,3
1291,421,2026-05-18 05:30:00,SMB,Paid Social,META-Retargeting,4
1292,422,2026-06-16 14:35:00,Startup,Paid Social,META-Prospecting,1
1293,422,2026-06-18 18:04:00,Startup,Paid Search,PS-NonBrand,2
1294,422,2026-06-24 16:59:00,Startup,Paid Social,META-Prospecting,3
1295,422,2026-06-27 03:52:00,Startup,Paid Search,PS-NonBrand,4
1296,422,2026-07-01 19:44:00,Startup,Organic Search,SEO-Product,5
1297,423,2026-03-27 04:21:00,SMB,Email,EMAIL-Reactivation,1
1298,423,2026-04-16 14:39:00,SMB,Paid Search,PS-Brand,2
1299,424,2026-02-08 17:07:00,SMB,Organic Search,SEO-Content,1
1300,424,2026-02-27 01:02:00,SMB,Paid Search,PS-Brand,2
1301,425,2026-04-14 15:47:00,SMB,Display,DISPLAY-Retargeting,1
1302,425,2026-04-15 23:15:00,SMB,Paid Search,PS-NonBrand,2
1303,425,2026-05-01 05:13:00,SMB,Referral,REF-Customer,3
1304,425,2026-05-05 21:13:00,SMB,Paid Search,PS-Brand,4
1305,426,2025-12-05 08:16:00,SMB,Paid Search,PS-Brand,1
1306,426,2025-12-06 02:48:00,SMB,Paid Search,PS-Brand,2
1307,426,2025-12-06 23:56:00,SMB,Organic Search,SEO-Content,3
1308,426,2025-12-11 04:35:00,SMB,Display,DISPLAY-Prospecting,4
1309,426,2025-12-17 01:05:00,SMB,Referral,REF-Partner,5
1310,427,2025-10-27 01:24:00,SMB,Paid Social,META-Prospecting,1
1311,427,2025-11-07 11:53:00,SMB,Referral,REF-Customer,2
1312,427,2025-11-12 13:53:00,SMB,Paid Search,PS-Brand,3
1313,428,2025-12-06 13:23:00,Freelancer,Paid Search,PS-Brand,1
1314,429,2025-10-21 14:25:00,Startup,Paid Social,META-Retargeting,1
1315,429,2025-10-23 02:22:00,Startup,Referral,REF-Customer,2
1316,429,2025-11-03 11:07:00,Startup,Organic Search,SEO-Product,3
1317,429,2025-11-15 06:46:00,Startup,Paid Social,META-Retargeting,4
1318,430,2026-07-09 18:02:00,SMB,Referral,REF-Partner,1
1319,430,2026-07-15 02:22:00,SMB,Organic Search,SEO-Product,2
1320,430,2026-07-21 12:48:00,SMB,Email,EMAIL-Nurture,3
1321,430,2026-07-27 19:31:00,SMB,Organic Search,SEO-Content,4
1322,430,2026-08-04 21:28:00,SMB,Email,EMAIL-Reactivation,5
1323,431,2026-05-21 17:19:00,SMB,Organic Search,SEO-Content,1
1324,432,2025-12-10 06:37:00,Startup,Referral,REF-Customer,1
1325,432,2025-12-11 12:12:00,Startup,Organic Search,SEO-Product,2
1326,432,2025-12-17 01:28:00,Startup,Organic Search,SEO-Product,3
1327,432,2025-12-21 20:33:00,Startup,Paid Social,META-Retargeting,4
1328,433,2026-04-27 11:54:00,SMB,Organic Search,SEO-Content,1
1329,433,2026-05-01 01:08:00,SMB,Paid Search,PS-Brand,2
1330,433,2026-05-23 20:13:00,SMB,Paid Social,META-Retargeting,3
1331,433,2026-05-24 08:51:00,SMB,Email,EMAIL-Nurture,4
1332,434,2026-04-07 02:05:00,Freelancer,Paid Social,META-Prospecting,1
1333,434,2026-04-11 20:35:00,Freelancer,Paid Search,PS-NonBrand,2
1334,434,2026-04-12 05:35:00,Freelancer,Organic Search,SEO-Content,3
1335,434,2026-04-17 02:09:00,Freelancer,Paid Social,META-Prospecting,4
1336,435,2025-12-01 19:13:00,Startup,Email,EMAIL-Reactivation,1
1337,435,2025-12-07 01:19:00,Startup,Referral,REF-Partner,2
1338,436,2026-09-20 01:27:00,Freelancer,Email,EMAIL-Nurture,1
1339,436,2026-09-21 21:03:00,Freelancer,Display,DISPLAY-Prospecting,2
1340,436,2026-10-12 13:22:00,Freelancer,Email,EMAIL-Reactivation,3
1341,437,2026-09-08 09:28:00,SMB,Email,EMAIL-Reactivation,1
1342,437,2026-09-13 03:24:00,SMB,Email,EMAIL-Reactivation,2
1343,437,2026-09-14 06:09:00,SMB,Referral,REF-Customer,3
1344,437,2026-10-06 15:17:00,SMB,Paid Search,PS-Brand,4
1345,438,2026-07-28 09:30:00,Freelancer,Paid Search,PS-NonBrand,1
1346,438,2026-07-29 09:11:00,Freelancer,Paid Search,PS-Brand,2
1347,439,2026-07-23 17:18:00,Startup,Paid Search,PS-NonBrand,1
1348,440,2026-04-27 16:55:00,Startup,Paid Social,META-Prospecting,1
1349,440,2026-05-03 17:38:00,Startup,Organic Search,SEO-Content,2
1350,440,2026-05-14 23:13:00,Startup,Paid Search,PS-NonBrand,3
1351,441,2026-08-11 03:32:00,Freelancer,Paid Search,PS-Brand,1
1352,441,2026-08-11 10:37:00,Freelancer,Paid Social,META-Prospecting,2
1353,442,2026-04-13 16:57:00,SMB,Paid Social,META-Prospecting,1
1354,442,2026-04-20 17:46:00,SMB,Email,EMAIL-Reactivation,2
1355,442,2026-04-24 08:07:00,SMB,Email,EMAIL-Nurture,3
1356,442,2026-05-05 05:31:00,SMB,Paid Search,PS-NonBrand,4
1357,443,2025-12-09 07:30:00,SMB,Paid Social,META-Prospecting,1
1358,444,2025-12-12 19:19:00,Startup,Paid Search,PS-NonBrand,1
1359,444,2025-12-20 05:49:00,Startup,Paid Search,PS-Brand,2
1360,444,2025-12-30 16:49:00,Startup,Paid Social,META-Retargeting,3
1361,445,2026-08-19 21:42:00,Startup,Paid Social,META-Prospecting,1
1362,445,2026-08-21 15:33:00,Startup,Referral,REF-Partner,2
1363,445,2026-08-24 10:26:00,Startup,Organic Search,SEO-Product,3
1364,446,2026-03-22 09:55:00,Freelancer,Paid Social,META-Prospecting,1
1365,447,2026-07-11 18:27:00,Startup,Paid Search,PS-Brand,1
1366,448,2025-12-10 08:27:00,Startup,Paid Social,META-Retargeting,1
1367,448,2025-12-12 13:04:00,Startup,Display,DISPLAY-Retargeting,2
1368,449,2026-03-16 00:35:00,SMB,Email,EMAIL-Nurture,1
1369,450,2025-11-15 09:50:00,SMB,Paid Search,PS-NonBrand,1
1370,450,2025-11-16 23:02:00,SMB,Email,EMAIL-Nurture,2
1371,451,2025-12-29 02:15:00,Startup,Referral,REF-Partner,1
1372,451,2026-01-18 23:34:00,Startup,Paid Search,PS-NonBrand,2
1373,452,2025-11-11 08:02:00,SMB,Referral,REF-Partner,1
1374,452,2025-11-15 08:45:00,SMB,Referral,REF-Customer,2
1375,452,2025-11-19 04:38:00,SMB,Organic Search,SEO-Product,3
1376,452,2025-12-06 18:29:00,SMB,Organic Search,SEO-Product,4
1377,452,2025-12-08 23:18:00,SMB,Email,EMAIL-Reactivation,5
1378,453,2025-12-17 05:48:00,SMB,Paid Search,PS-NonBrand,1
1379,453,2025-12-18 19:29:00,SMB,Paid Search,PS-NonBrand,2
1380,454,2026-05-25 22:34:00,Startup,Email,EMAIL-Nurture,1
1381,454,2026-05-27 12:42:00,Startup,Display,DISPLAY-Retargeting,2
1382,454,2026-05-31 22:11:00,Startup,Email,EMAIL-Nurture,3
1383,454,2026-06-04 20:48:00,Startup,Organic Search,SEO-Content,4
1384,455,2025-10-13 01:39:00,Startup,Email,EMAIL-Reactivation,1
1385,455,2025-10-25 21:39:00,Startup,Referral,REF-Partner,2
1386,456,2025-12-10 00:45:00,Startup,Paid Social,META-Prospecting,1
1387,456,2025-12-10 16:39:00,Startup,Display,DISPLAY-Retargeting,2
1388,456,2025-12-25 16:49:00,Startup,Paid Search,PS-NonBrand,3
1389,456,2025-12-30 23:03:00,Startup,Paid Social,META-Prospecting,4
1390,457,2026-06-12 05:19:00,SMB,Organic Search,SEO-Content,1
1391,457,2026-06-19 03:10:00,SMB,Paid Search,PS-Brand,2
1392,457,2026-06-25 03:52:00,SMB,Paid Social,META-Prospecting,3
1393,457,2026-06-29 18:16:00,SMB,Paid Search,PS-NonBrand,4
1394,457,2026-07-01 18:04:00,SMB,Display,DISPLAY-Retargeting,5
1395,458,2025-12-12 09:18:00,SMB,Organic Search,SEO-Content,1
1396,459,2026-04-28 17:37:00,Startup,Paid Social,META-Retargeting,1
1397,459,2026-05-10 16:31:00,Startup,Paid Social,META-Retargeting,2
1398,459,2026-05-12 12:12:00,Startup,Paid Search,PS-NonBrand,3
1399,459,2026-05-16 01:24:00,Startup,Organic Search,SEO-Content,4
1400,459,2026-05-20 21:27:00,Startup,Email,EMAIL-Reactivation,5
1401,460,2026-08-15 07:59:00,Freelancer,Organic Search,SEO-Product,1
1402,461,2026-08-03 09:08:00,SMB,Paid Search,PS-NonBrand,1
1403,461,2026-08-09 20:48:00,SMB,Email,EMAIL-Nurture,2
1404,462,2025-11-20 17:04:00,Startup,Referral,REF-Customer,1
1405,463,2025-11-24 06:14:00,Startup,Display,DISPLAY-Prospecting,1
1406,463,2025-12-08 09:04:00,Startup,Referral,REF-Customer,2
1407,463,2025-12-18 20:41:00,Startup,Paid Search,PS-Brand,3
1408,463,2025-12-22 15:59:00,Startup,Paid Social,META-Prospecting,4
1409,464,2026-06-25 18:45:00,Startup,Organic Search,SEO-Content,1
1410,464,2026-07-12 18:26:00,Startup,Email,EMAIL-Nurture,2
1411,465,2026-02-14 01:54:00,Startup,Organic Search,SEO-Product,1
1412,465,2026-02-18 13:20:00,Startup,Paid Social,META-Retargeting,2
1413,465,2026-02-24 17:04:00,Startup,Referral,REF-Customer,3
1414,466,2026-03-08 10:21:00,SMB,Email,EMAIL-Reactivation,1
1415,466,2026-03-16 17:35:00,SMB,Email,EMAIL-Nurture,2
1416,466,2026-03-20 03:15:00,SMB,Paid Search,PS-Brand,3
1417,467,2026-04-03 16:19:00,Startup,Paid Search,PS-Brand,1
1418,467,2026-04-13 04:35:00,Startup,Email,EMAIL-Nurture,2
1419,467,2026-04-21 00:24:00,Startup,Referral,REF-Customer,3
1420,468,2026-04-30 04:20:00,SMB,Paid Search,PS-NonBrand,1
1421,468,2026-05-06 06:00:00,SMB,Organic Search,SEO-Content,2
1422,468,2026-05-29 08:47:00,SMB,Organic Search,SEO-Content,3
1423,469,2026-03-19 01:14:00,SMB,Paid Social,META-Prospecting,1
1424,469,2026-03-25 05:30:00,SMB,Display,DISPLAY-Retargeting,2
1425,469,2026-03-30 11:05:00,SMB,Email,EMAIL-Reactivation,3
1426,469,2026-04-08 08:14:00,SMB,Paid Search,PS-NonBrand,4
1427,470,2025-10-20 04:14:00,SMB,Paid Social,META-Prospecting,1
1428,470,2025-11-07 20:21:00,SMB,Paid Search,PS-NonBrand,2
1429,471,2025-11-15 09:26:00,SMB,Paid Search,PS-NonBrand,1
1430,471,2025-11-26 04:56:00,SMB,Referral,REF-Customer,2
1431,472,2025-10-22 10:09:00,Startup,Display,DISPLAY-Prospecting,1
1432,473,2026-01-23 00:15:00,Freelancer,Display,DISPLAY-Prospecting,1
1433,473,2026-02-03 00:32:00,Freelancer,Email,EMAIL-Reactivation,2
1434,474,2026-08-15 15:21:00,SMB,Email,EMAIL-Reactivation,1
1435,474,2026-08-16 01:09:00,SMB,Paid Social,META-Retargeting,2
1436,475,2026-09-20 08:58:00,SMB,Organic Search,SEO-Product,1
1437,475,2026-10-09 14:29:00,SMB,Email,EMAIL-Nurture,2
1438,475,2026-10-15 14:08:00,SMB,Display,DISPLAY-Retargeting,3
1439,476,2026-03-27 17:31:00,Freelancer,Display,DISPLAY-Retargeting,1
1440,477,2025-10-31 20:46:00,SMB,Organic Search,SEO-Content,1
1441,478,2025-10-30 00:17:00,SMB,Paid Social,META-Prospecting,1
1442,478,2025-11-03 22:55:00,SMB,Paid Social,META-Retargeting,2
1443,478,2025-11-11 17:06:00,SMB,Referral,REF-Customer,3
1444,478,2025-11-21 19:08:00,SMB,Email,EMAIL-Reactivation,4
1445,479,2026-08-16 08:40:00,Freelancer,Paid Social,META-Prospecting,1
1446,480,2026-02-17 15:10:00,Freelancer,Referral,REF-Customer,1
1447,480,2026-02-23 02:54:00,Freelancer,Paid Search,PS-Brand,2
1448,481,2026-08-31 20:40:00,Startup,Referral,REF-Customer,1
1449,481,2026-09-03 04:46:00,Startup,Paid Social,META-Retargeting,2
1450,481,2026-09-11 15:51:00,Startup,Paid Search,PS-NonBrand,3
1451,481,2026-09-15 04:43:00,Startup,Organic Search,SEO-Content,4
1452,481,2026-09-15 04:52:00,Startup,Paid Search,PS-NonBrand,5
1453,482,2026-04-05 15:16:00,SMB,Paid Search,PS-NonBrand,1
1454,482,2026-04-12 01:45:00,SMB,Email,EMAIL-Reactivation,2
1455,482,2026-04-16 08:21:00,SMB,Paid Search,PS-NonBrand,3
1456,483,2026-08-22 11:56:00,Startup,Display,DISPLAY-Prospecting,1
1457,484,2025-11-26 00:06:00,Freelancer,Email,EMAIL-Nurture,1
1458,484,2025-12-08 21:39:00,Freelancer,Email,EMAIL-Nurture,2
1459,485,2026-08-13 13:22:00,Freelancer,Email,EMAIL-Nurture,1
1460,485,2026-08-17 22:35:00,Freelancer,Display,DISPLAY-Prospecting,2
1461,485,2026-08-25 18:38:00,Freelancer,Paid Search,PS-Brand,3
1462,485,2026-08-30 10:21:00,Freelancer,Paid Search,PS-Brand,4
1463,485,2026-08-30 22:11:00,Freelancer,Paid Search,PS-NonBrand,5
1464,486,2026-04-23 15:11:00,SMB,Paid Social,META-Retargeting,1
1465,486,2026-05-03 23:30:00,SMB,Referral,REF-Customer,2
1466,486,2026-05-09 10:15:00,SMB,Paid Search,PS-NonBrand,3
1467,486,2026-05-12 04:48:00,SMB,Email,EMAIL-Reactivation,4
1468,486,2026-05-13 13:29:00,SMB,Paid Search,PS-NonBrand,5
1469,487,2026-03-16 07:10:00,Freelancer,Paid Search,PS-Brand,1
1470,487,2026-04-01 20:21:00,Freelancer,Referral,REF-Customer,2
1471,488,2026-04-15 06:59:00,Startup,Organic Search,SEO-Product,1
1472,489,2026-01-28 04:27:00,SMB,Referral,REF-Partner,1
1473,490,2026-05-09 07:13:00,SMB,Referral,REF-Customer,1
1474,490,2026-05-24 07:58:00,SMB,Organic Search,SEO-Content,2
1475,491,2026-07-11 06:55:00,SMB,Paid Search,PS-NonBrand,1
1476,491,2026-07-24 23:20:00,SMB,Paid Search,PS-NonBrand,2
1477,491,2026-08-04 00:35:00,SMB,Organic Search,SEO-Product,3
1478,492,2026-07-29 06:36:00,Freelancer,Paid Search,PS-Brand,1
1479,492,2026-08-14 23:48:00,Freelancer,Paid Social,META-Retargeting,2
1480,493,2026-09-28 21:02:00,SMB,Display,DISPLAY-Retargeting,1
1481,493,2026-09-29 07:57:00,SMB,Display,DISPLAY-Retargeting,2
1482,493,2026-10-04 04:13:00,SMB,Email,EMAIL-Reactivation,3
1483,493,2026-10-19 13:54:00,SMB,Referral,REF-Customer,4
1484,493,2026-10-21 21:30:00,SMB,Email,EMAIL-Nurture,5
1485,494,2026-03-05 02:28:00,Startup,Paid Social,META-Prospecting,1
1486,494,2026-03-17 23:34:00,Startup,Organic Search,SEO-Content,2
1487,495,2026-07-08 00:41:00,SMB,Paid Search,PS-NonBrand,1
1488,495,2026-07-30 16:18:00,SMB,Paid Search,PS-Brand,2
1489,495,2026-08-01 02:16:00,SMB,Paid Search,PS-NonBrand,3
1490,496,2026-09-09 04:43:00,Startup,Paid Social,META-Prospecting,1
1491,496,2026-09-10 17:25:00,Startup,Email,EMAIL-Reactivation,2
1492,496,2026-09-13 22:30:00,Startup,Organic Search,SEO-Content,3
1493,496,2026-09-16 19:42:00,Startup,Referral,REF-Customer,4
1494,497,2025-11-01 15:06:00,Startup,Referral,REF-Partner,1
1495,498,2026-03-23 11:47:00,Freelancer,Display,DISPLAY-Retargeting,1
1496,498,2026-03-29 14:37:00,Freelancer,Referral,REF-Customer,2
1497,498,2026-03-29 15:47:00,Freelancer,Organic Search,SEO-Product,3
1498,498,2026-04-20 20:02:00,Freelancer,Referral,REF-Partner,4
1499,499,2026-07-03 08:02:00,Startup,Organic Search,SEO-Content,1
1500,500,2026-03-22 19:28:00,Startup,Paid Search,PS-Brand,1
1501,500,2026-03-28 20:03:00,Startup,Paid Search,PS-NonBrand,2
1502,500,2026-04-02 15:07:00,Startup,Paid Search,PS-Brand,3
1503,500,2026-04-13 19:50:00,Startup,Paid Search,PS-Brand,4
1504,501,2025-11-11 05:59:00,Startup,Organic Search,SEO-Product,1
1505,501,2025-11-12 17:03:00,Startup,Paid Search,PS-Brand,2
1506,501,2025-11-18 15:00:00,Startup,Paid Search,PS-NonBrand,3
1507,501,2025-11-27 00:36:00,Startup,Display,DISPLAY-Prospecting,4
1508,502,2026-05-29 18:14:00,Startup,Organic Search,SEO-Content,1
1509,503,2026-03-02 02:18:00,Freelancer,Paid Search,PS-NonBrand,1
1510,503,2026-03-10 18:12:00,Freelancer,Paid Social,META-Prospecting,2
1511,503,2026-03-23 09:50:00,Freelancer,Email,EMAIL-Nurture,3
1512,504,2026-05-19 14:18:00,Startup,Display,DISPLAY-Retargeting,1
1513,505,2025-10-01 01:00:00,Freelancer,Email,EMAIL-Reactivation,1
1514,505,2025-10-12 02:05:00,Freelancer,Email,EMAIL-Nurture,2
1515,506,2025-10-10 14:31:00,SMB,Referral,REF-Partner,1
1516,506,2025-10-11 00:15:00,SMB,Paid Search,PS-NonBrand,2
1517,506,2025-10-17 20:30:00,SMB,Organic Search,SEO-Product,3
1518,506,2025-10-21 23:42:00,SMB,Referral,REF-Customer,4
1519,507,2026-05-13 21:55:00,Startup,Referral,REF-Customer,1
1520,507,2026-05-18 13:41:00,Startup,Paid Social,META-Retargeting,2
1521,507,2026-05-23 13:04:00,Startup,Email,EMAIL-Nurture,3
1522,507,2026-05-27 13:38:00,Startup,Paid Search,PS-Brand,4
1523,507,2026-06-05 15:14:00,Startup,Paid Search,PS-Brand,5
1524,508,2026-10-01 04:10:00,Freelancer,Organic Search,SEO-Product,1
1525,508,2026-10-03 15:28:00,Freelancer,Display,DISPLAY-Retargeting,2
1526,508,2026-10-08 19:48:00,Freelancer,Paid Search,PS-NonBrand,3
1527,508,2026-10-08 21:57:00,Freelancer,Paid Social,META-Prospecting,4
1528,509,2026-05-25 15:40:00,Freelancer,Paid Search,PS-Brand,1
1529,509,2026-06-07 09:36:00,Freelancer,Referral,REF-Customer,2
1530,510,2026-09-10 11:38:00,Startup,Paid Social,META-Retargeting,1
1531,510,2026-09-17 20:43:00,Startup,Paid Search,PS-NonBrand,2
1532,510,2026-09-17 23:14:00,Startup,Display,DISPLAY-Retargeting,3
1533,510,2026-10-08 03:28:00,Startup,Organic Search,SEO-Product,4
1534,511,2026-08-19 19:16:00,SMB,Paid Social,META-Prospecting,1
1535,511,2026-08-28 15:32:00,SMB,Referral,REF-Customer,2
1536,512,2026-01-11 16:52:00,Startup,Referral,REF-Partner,1
1537,512,2026-01-23 08:49:00,Startup,Referral,REF-Customer,2
1538,512,2026-01-24 19:18:00,Startup,Paid Social,META-Retargeting,3
1539,513,2025-11-22 13:21:00,SMB,Paid Search,PS-Brand,1
1540,514,2026-04-28 14:18:00,Freelancer,Paid Social,META-Prospecting,1
1541,514,2026-05-02 13:23:00,Freelancer,Paid Search,PS-NonBrand,2
1542,515,2026-05-27 06:34:00,SMB,Email,EMAIL-Reactivation,1
1543,515,2026-06-04 20:01:00,SMB,Paid Social,META-Retargeting,2
1544,515,2026-06-10 12:32:00,SMB,Referral,REF-Customer,3
1545,516,2026-07-28 14:34:00,SMB,Paid Search,PS-NonBrand,1
1546,516,2026-07-28 14:57:00,SMB,Email,EMAIL-Reactivation,2
1547,516,2026-08-03 23:14:00,SMB,Paid Search,PS-NonBrand,3
1548,516,2026-08-07 08:56:00,SMB,Display,DISPLAY-Retargeting,4
1549,517,2026-04-11 06:44:00,Startup,Referral,REF-Partner,1
1550,517,2026-04-14 12:23:00,Startup,Referral,REF-Customer,2
1551,517,2026-04-16 15:55:00,Startup,Referral,REF-Customer,3
1552,517,2026-04-23 03:43:00,Startup,Email,EMAIL-Nurture,4
1553,517,2026-05-05 03:23:00,Startup,Display,DISPLAY-Retargeting,5
1554,518,2026-09-05 14:27:00,SMB,Paid Social,META-Prospecting,1
1555,518,2026-09-11 15:09:00,SMB,Organic Search,SEO-Product,2
1556,518,2026-09-13 10:48:00,SMB,Email,EMAIL-Nurture,3
1557,518,2026-09-14 20:56:00,SMB,Organic Search,SEO-Product,4
1558,518,2026-09-17 12:14:00,SMB,Display,DISPLAY-Retargeting,5
1559,519,2026-08-06 18:33:00,SMB,Paid Search,PS-NonBrand,1
1560,519,2026-08-20 13:00:00,SMB,Paid Social,META-Retargeting,2
1561,519,2026-08-23 19:42:00,SMB,Paid Search,PS-Brand,3
1562,519,2026-08-26 08:56:00,SMB,Paid Search,PS-NonBrand,4
1563,519,2026-09-02 05:50:00,SMB,Paid Search,PS-NonBrand,5
1564,520,2026-05-11 19:52:00,SMB,Organic Search,SEO-Product,1
1565,520,2026-05-12 06:00:00,SMB,Paid Social,META-Prospecting,2
1566,520,2026-05-12 07:28:00,SMB,Referral,REF-Partner,3
1567,520,2026-05-17 06:25:00,SMB,Display,DISPLAY-Retargeting,4
1568,520,2026-05-22 06:51:00,SMB,Paid Search,PS-Brand,5
1569,521,2026-04-25 07:12:00,Freelancer,Email,EMAIL-Nurture,1
1570,521,2026-05-05 20:26:00,Freelancer,Paid Social,META-Retargeting,2
1571,521,2026-05-13 12:51:00,Freelancer,Email,EMAIL-Reactivation,3
1572,521,2026-05-15 23:06:00,Freelancer,Referral,REF-Customer,4
1573,522,2025-10-25 12:46:00,Startup,Paid Social,META-Prospecting,1
1574,522,2025-11-04 14:59:00,Startup,Paid Search,PS-Brand,2
1575,523,2026-07-19 19:57:00,Freelancer,Referral,REF-Partner,1
1576,524,2026-06-11 07:37:00,SMB,Paid Search,PS-Brand,1
1577,524,2026-06-22 01:09:00,SMB,Referral,REF-Partner,2
1578,524,2026-06-30 22:00:00,SMB,Organic Search,SEO-Content,3
1579,525,2026-08-27 22:31:00,SMB,Organic Search,SEO-Product,1
1580,525,2026-09-06 06:16:00,SMB,Referral,REF-Customer,2
1581,525,2026-09-06 08:52:00,SMB,Paid Social,META-Prospecting,3
1582,525,2026-09-09 13:12:00,SMB,Paid Search,PS-NonBrand,4
1583,526,2025-11-24 08:32:00,SMB,Paid Search,PS-Brand,1
1584,527,2025-11-30 16:46:00,SMB,Email,EMAIL-Reactivation,1
1585,527,2025-12-04 16:02:00,SMB,Paid Search,PS-NonBrand,2
1586,527,2025-12-20 05:33:00,SMB,Organic Search,SEO-Product,3
1587,528,2026-06-02 21:38:00,SMB,Email,EMAIL-Reactivation,1
1588,528,2026-06-09 10:04:00,SMB,Paid Social,META-Prospecting,2
1589,528,2026-06-15 19:12:00,SMB,Paid Social,META-Retargeting,3
1590,528,2026-06-19 07:14:00,SMB,Paid Social,META-Retargeting,4
1591,528,2026-06-22 15:04:00,SMB,Paid Social,META-Prospecting,5
1592,529,2026-04-01 17:47:00,SMB,Referral,REF-Customer,1
1593,529,2026-04-14 04:04:00,SMB,Organic Search,SEO-Content,2
1594,529,2026-04-24 09:41:00,SMB,Display,DISPLAY-Retargeting,3
1595,529,2026-04-25 03:50:00,SMB,Paid Social,META-Retargeting,4
1596,530,2026-05-16 08:42:00,SMB,Display,DISPLAY-Retargeting,1
1597,530,2026-05-19 18:40:00,SMB,Paid Search,PS-Brand,2
1598,531,2026-03-11 23:01:00,Startup,Paid Social,META-Prospecting,1
1599,531,2026-03-14 05:19:00,Startup,Organic Search,SEO-Content,2
1600,532,2026-06-01 14:24:00,SMB,Paid Search,PS-NonBrand,1
1601,532,2026-06-03 05:10:00,SMB,Organic Search,SEO-Product,2
1602,532,2026-06-13 12:07:00,SMB,Paid Search,PS-NonBrand,3
1603,533,2026-06-05 11:08:00,Startup,Paid Social,META-Retargeting,1
1604,533,2026-06-08 06:43:00,Startup,Paid Search,PS-Brand,2
1605,533,2026-06-10 01:58:00,Startup,Paid Social,META-Retargeting,3
1606,533,2026-06-16 23:27:00,Startup,Referral,REF-Customer,4
1607,533,2026-06-18 10:20:00,Startup,Email,EMAIL-Reactivation,5
1608,534,2025-12-27 00:10:00,SMB,Paid Search,PS-NonBrand,1
1609,534,2026-01-06 07:46:00,SMB,Paid Search,PS-NonBrand,2
1610,534,2026-01-07 07:15:00,SMB,Paid Search,PS-NonBrand,3
1611,535,2026-07-20 23:56:00,Startup,Email,EMAIL-Nurture,1
1612,536,2026-04-26 13:43:00,Startup,Paid Social,META-Prospecting,1
1613,537,2026-05-01 02:32:00,Startup,Paid Social,META-Retargeting,1
1614,537,2026-05-01 05:57:00,Startup,Paid Search,PS-NonBrand,2
1615,537,2026-05-04 01:28:00,Startup,Paid Social,META-Retargeting,3
1616,537,2026-05-15 18:17:00,Startup,Organic Search,SEO-Content,4
1617,537,2026-05-19 17:25:00,Startup,Paid Social,META-Retargeting,5
1618,538,2026-05-16 01:06:00,Freelancer,Paid Social,META-Retargeting,1
1619,538,2026-05-26 02:00:00,Freelancer,Organic Search,SEO-Content,2
1620,538,2026-05-28 10:39:00,Freelancer,Organic Search,SEO-Product,3
1621,539,2026-07-06 03:51:00,SMB,Paid Social,META-Prospecting,1
1622,539,2026-07-12 15:48:00,SMB,Email,EMAIL-Nurture,2
1623,540,2026-01-20 18:18:00,SMB,Organic Search,SEO-Product,1
1624,540,2026-01-23 21:30:00,SMB,Paid Search,PS-Brand,2
1625,540,2026-01-30 16:25:00,SMB,Paid Social,META-Retargeting,3
1626,540,2026-01-31 15:11:00,SMB,Paid Search,PS-Brand,4
1627,541,2025-10-09 00:49:00,Freelancer,Referral,REF-Customer,1
1628,541,2025-10-16 18:02:00,Freelancer,Paid Social,META-Retargeting,2
1629,542,2025-12-13 12:10:00,Freelancer,Paid Search,PS-NonBrand,1
1630,542,2025-12-16 13:16:00,Freelancer,Paid Search,PS-Brand,2
1631,542,2025-12-30 21:19:00,Freelancer,Paid Search,PS-Brand,3
1632,543,2026-09-21 03:37:00,Startup,Paid Search,PS-NonBrand,1
1633,543,2026-10-04 14:07:00,Startup,Paid Search,PS-Brand,2
1634,543,2026-10-09 13:20:00,Startup,Organic Search,SEO-Content,3
1635,543,2026-10-11 03:15:00,Startup,Paid Search,PS-NonBrand,4
1636,543,2026-10-16 00:03:00,Startup,Referral,REF-Partner,5
1637,544,2026-01-12 12:50:00,Startup,Paid Social,META-Prospecting,1
1638,544,2026-01-15 23:30:00,Startup,Email,EMAIL-Reactivation,2
1639,545,2025-12-31 15:13:00,Startup,Paid Search,PS-NonBrand,1
1640,545,2026-01-02 02:41:00,Startup,Paid Social,META-Retargeting,2
1641,545,2026-01-11 14:36:00,Startup,Email,EMAIL-Reactivation,3
1642,545,2026-01-17 01:14:00,Startup,Display,DISPLAY-Retargeting,4
1643,546,2026-08-13 14:29:00,Freelancer,Paid Social,META-Retargeting,1
1644,546,2026-08-26 23:47:00,Freelancer,Organic Search,SEO-Product,2
1645,546,2026-08-29 12:37:00,Freelancer,Paid Search,PS-NonBrand,3
1646,546,2026-09-08 00:37:00,Freelancer,Paid Social,META-Retargeting,4
1647,547,2026-01-12 13:59:00,SMB,Display,DISPLAY-Prospecting,1
1648,547,2026-01-14 12:07:00,SMB,Paid Search,PS-NonBrand,2
1649,547,2026-01-18 23:26:00,SMB,Paid Social,META-Retargeting,3
1650,547,2026-01-19 14:17:00,SMB,Email,EMAIL-Reactivation,4
1651,547,2026-01-22 09:52:00,SMB,Display,DISPLAY-Retargeting,5
1652,548,2026-04-02 06:43:00,SMB,Referral,REF-Partner,1
1653,549,2026-02-13 20:10:00,Freelancer,Paid Social,META-Retargeting,1
1654,549,2026-03-07 00:47:00,Freelancer,Email,EMAIL-Reactivation,2
1655,549,2026-03-11 07:52:00,Freelancer,Display,DISPLAY-Retargeting,3
1656,549,2026-03-14 22:14:00,Freelancer,Referral,REF-Customer,4
1657,550,2026-06-24 12:53:00,Startup,Paid Search,PS-NonBrand,1
1658,551,2026-05-09 20:07:00,SMB,Email,EMAIL-Nurture,1
1659,551,2026-05-22 14:25:00,SMB,Organic Search,SEO-Content,2
1660,551,2026-05-24 17:07:00,SMB,Display,DISPLAY-Retargeting,3
1661,551,2026-05-27 21:13:00,SMB,Organic Search,SEO-Product,4
1662,552,2026-04-07 01:00:00,SMB,Organic Search,SEO-Product,1
1663,552,2026-04-15 03:13:00,SMB,Paid Search,PS-Brand,2
1664,553,2026-04-06 19:12:00,Startup,Organic Search,SEO-Content,1
1665,553,2026-04-24 14:16:00,Startup,Organic Search,SEO-Product,2
1666,554,2026-08-06 03:36:00,Startup,Paid Search,PS-Brand,1
1667,554,2026-08-18 19:15:00,Startup,Organic Search,SEO-Content,2
1668,554,2026-08-20 16:53:00,Startup,Email,EMAIL-Nurture,3
1669,555,2026-05-04 01:43:00,Startup,Paid Social,META-Retargeting,1
1670,556,2026-04-07 04:10:00,SMB,Paid Social,META-Prospecting,1
1671,556,2026-04-11 00:16:00,SMB,Email,EMAIL-Nurture,2
1672,556,2026-04-13 22:45:00,SMB,Paid Search,PS-NonBrand,3
1673,556,2026-04-19 04:13:00,SMB,Organic Search,SEO-Product,4
1674,557,2026-09-02 02:33:00,SMB,Organic Search,SEO-Product,1
1675,557,2026-09-02 14:53:00,SMB,Email,EMAIL-Reactivation,2
1676,557,2026-09-05 10:01:00,SMB,Paid Social,META-Retargeting,3
1677,557,2026-09-08 16:27:00,SMB,Paid Search,PS-Brand,4
1678,558,2025-11-04 20:54:00,Startup,Referral,REF-Customer,1
1679,558,2025-11-25 15:28:00,Startup,Organic Search,SEO-Content,2
1680,559,2026-08-05 20:19:00,SMB,Paid Search,PS-Brand,1
1681,559,2026-08-20 10:53:00,SMB,Display,DISPLAY-Retargeting,2
1682,560,2025-12-18 09:45:00,Startup,Paid Social,META-Retargeting,1
1683,560,2026-01-03 10:05:00,Startup,Paid Social,META-Retargeting,2
1684,561,2026-02-09 20:46:00,Startup,Paid Search,PS-Brand,1
1685,561,2026-02-14 10:22:00,Startup,Paid Search,PS-NonBrand,2
1686,561,2026-02-21 22:46:00,Startup,Paid Social,META-Prospecting,3
1687,561,2026-02-27 03:13:00,Startup,Paid Social,META-Retargeting,4
1688,562,2025-10-23 06:41:00,SMB,Paid Social,META-Retargeting,1
1689,562,2025-10-30 07:00:00,SMB,Paid Social,META-Retargeting,2
1690,563,2026-04-28 18:55:00,Startup,Referral,REF-Partner,1
1691,563,2026-04-29 02:05:00,Startup,Organic Search,SEO-Content,2
1692,563,2026-05-11 02:34:00,Startup,Organic Search,SEO-Content,3
1693,563,2026-05-13 17:23:00,Startup,Paid Social,META-Retargeting,4
1694,563,2026-05-25 19:27:00,Startup,Display,DISPLAY-Retargeting,5
1695,564,2026-08-08 14:57:00,SMB,Referral,REF-Customer,1
1696,564,2026-08-09 22:39:00,SMB,Email,EMAIL-Nurture,2
1697,564,2026-08-28 09:18:00,SMB,Paid Social,META-Retargeting,3
1698,565,2026-02-25 13:35:00,Startup,Paid Social,META-Retargeting,1
1699,565,2026-02-28 05:08:00,Startup,Paid Search,PS-NonBrand,2
1700,565,2026-03-16 23:42:00,Startup,Email,EMAIL-Reactivation,3
1701,566,2026-06-05 22:30:00,Startup,Referral,REF-Partner,1
1702,566,2026-06-16 03:05:00,Startup,Referral,REF-Partner,2
1703,566,2026-06-21 05:42:00,Startup,Paid Search,PS-NonBrand,3
1704,566,2026-06-29 18:54:00,Startup,Paid Social,META-Prospecting,4
1705,567,2026-02-23 02:27:00,Startup,Email,EMAIL-Nurture,1
1706,567,2026-02-25 21:41:00,Startup,Display,DISPLAY-Retargeting,2
1707,567,2026-03-12 03:14:00,Startup,Organic Search,SEO-Product,3
1708,567,2026-03-14 06:52:00,Startup,Paid Search,PS-NonBrand,4
1709,568,2026-07-31 03:59:00,Freelancer,Email,EMAIL-Reactivation,1
1710,569,2026-10-11 12:28:00,SMB,Paid Search,PS-Brand,1
1711,569,2026-10-12 09:47:00,SMB,Paid Search,PS-NonBrand,2
1712,569,2026-10-29 03:44:00,SMB,Email,EMAIL-Nurture,3
1713,570,2026-07-02 10:11:00,Startup,Organic Search,SEO-Product,1
1714,570,2026-07-02 23:16:00,Startup,Paid Search,PS-Brand,2
1715,570,2026-07-08 11:15:00,Startup,Paid Social,META-Retargeting,3
1716,570,2026-07-10 10:07:00,Startup,Email,EMAIL-Nurture,4
1717,571,2026-02-06 12:55:00,SMB,Paid Social,META-Retargeting,1
1718,571,2026-02-13 00:04:00,SMB,Paid Search,PS-NonBrand,2
1719,571,2026-02-22 01:04:00,SMB,Paid Social,META-Retargeting,3
1720,571,2026-02-27 14:16:00,SMB,Email,EMAIL-Reactivation,4
1721,571,2026-03-03 23:56:00,SMB,Display,DISPLAY-Retargeting,5
1722,572,2026-08-02 11:07:00,Freelancer,Referral,REF-Partner,1
1723,572,2026-08-04 17:30:00,Freelancer,Email,EMAIL-Nurture,2
1724,572,2026-08-13 17:57:00,Freelancer,Referral,REF-Customer,3
1725,572,2026-08-19 13:19:00,Freelancer,Paid Social,META-Prospecting,4
1726,572,2026-08-21 18:31:00,Freelancer,Paid Search,PS-NonBrand,5
1727,573,2025-10-24 08:31:00,SMB,Organic Search,SEO-Product,1
1728,573,2025-11-06 17:01:00,SMB,Organic Search,SEO-Content,2
1729,573,2025-11-12 22:05:00,SMB,Paid Search,PS-Brand,3
1730,574,2026-09-26 01:37:00,Startup,Display,DISPLAY-Prospecting,1
1731,574,2026-10-11 20:40:00,Startup,Display,DISPLAY-Prospecting,2
1732,574,2026-10-17 09:22:00,Startup,Referral,REF-Partner,3
1733,574,2026-10-18 13:49:00,Startup,Referral,REF-Customer,4
1734,575,2026-08-09 07:03:00,SMB,Display,DISPLAY-Prospecting,1
1735,576,2026-05-27 11:51:00,SMB,Paid Search,PS-NonBrand,1
1736,576,2026-06-22 01:20:00,SMB,Paid Search,PS-Brand,2
1737,576,2026-06-23 18:13:00,SMB,Paid Social,META-Retargeting,3
1738,577,2026-05-21 16:33:00,SMB,Paid Search,PS-Brand,1
1739,577,2026-05-23 14:38:00,SMB,Organic Search,SEO-Content,2
1740,577,2026-06-04 04:28:00,SMB,Email,EMAIL-Reactivation,3
1741,577,2026-06-08 12:46:00,SMB,Paid Search,PS-NonBrand,4
1742,577,2026-06-09 05:08:00,SMB,Referral,REF-Partner,5
1743,578,2026-01-09 00:44:00,SMB,Paid Social,META-Retargeting,1
1744,579,2026-03-15 03:06:00,SMB,Paid Social,META-Prospecting,1
1745,580,2025-11-13 09:06:00,SMB,Paid Search,PS-NonBrand,1
1746,580,2025-11-18 22:52:00,SMB,Paid Social,META-Retargeting,2
1747,580,2025-11-22 14:20:00,SMB,Paid Social,META-Retargeting,3
1748,580,2025-11-29 01:56:00,SMB,Paid Social,META-Retargeting,4
1749,581,2026-02-12 20:08:00,Startup,Paid Search,PS-NonBrand,1
1750,581,2026-02-18 06:13:00,Startup,Paid Social,META-Retargeting,2
1751,582,2026-05-17 23:56:00,SMB,Paid Social,META-Prospecting,1
1752,582,2026-05-20 03:54:00,SMB,Email,EMAIL-Reactivation,2
1753,582,2026-05-26 19:41:00,SMB,Organic Search,SEO-Content,3
1754,582,2026-05-29 13:03:00,SMB,Organic Search,SEO-Product,4
1755,583,2026-02-18 20:08:00,SMB,Organic Search,SEO-Content,1
1756,583,2026-03-05 08:59:00,SMB,Referral,REF-Customer,2
1757,584,2026-07-16 10:42:00,Freelancer,Paid Social,META-Prospecting,1
1758,585,2026-08-13 01:41:00,Startup,Display,DISPLAY-Prospecting,1
1759,586,2026-04-26 00:25:00,SMB,Referral,REF-Partner,1
1760,586,2026-05-05 03:48:00,SMB,Paid Social,META-Prospecting,2
1761,586,2026-05-10 17:18:00,SMB,Email,EMAIL-Reactivation,3
1762,586,2026-05-12 21:54:00,SMB,Paid Search,PS-Brand,4
1763,586,2026-05-21 22:48:00,SMB,Paid Social,META-Retargeting,5
1764,587,2026-02-03 16:25:00,SMB,Referral,REF-Partner,1
1765,587,2026-02-09 04:13:00,SMB,Paid Search,PS-Brand,2
1766,587,2026-02-13 00:09:00,SMB,Email,EMAIL-Nurture,3
1767,587,2026-02-18 14:35:00,SMB,Paid Search,PS-NonBrand,4
1768,588,2026-01-19 12:02:00,Startup,Referral,REF-Customer,1
1769,588,2026-01-21 21:59:00,Startup,Paid Search,PS-NonBrand,2
1770,588,2026-01-30 22:03:00,Startup,Email,EMAIL-Nurture,3
1771,588,2026-02-16 09:09:00,Startup,Paid Search,PS-Brand,4
1772,589,2026-04-18 13:33:00,Startup,Paid Social,META-Prospecting,1
1773,589,2026-04-29 23:00:00,Startup,Paid Social,META-Retargeting,2
1774,589,2026-05-03 05:47:00,Startup,Paid Search,PS-Brand,3
1775,589,2026-05-12 02:56:00,Startup,Paid Search,PS-Brand,4
1776,589,2026-05-17 10:30:00,Startup,Paid Search,PS-NonBrand,5
1777,590,2026-07-09 07:40:00,Freelancer,Email,EMAIL-Nurture,1
1778,591,2025-11-17 08:39:00,Startup,Paid Search,PS-NonBrand,1
1779,591,2025-11-21 09:24:00,Startup,Display,DISPLAY-Prospecting,2
1780,591,2025-12-09 02:31:00,Startup,Paid Social,META-Prospecting,3
1781,591,2025-12-12 05:37:00,Startup,Paid Search,PS-Brand,4
1782,592,2026-03-29 21:01:00,Freelancer,Organic Search,SEO-Product,1
1783,592,2026-03-30 07:45:00,Freelancer,Paid Social,META-Prospecting,2
1784,593,2026-03-11 14:57:00,Startup,Email,EMAIL-Reactivation,1
1785,593,2026-03-11 15:54:00,Startup,Organic Search,SEO-Product,2
1786,593,2026-03-15 23:50:00,Startup,Display,DISPLAY-Retargeting,3
1787,593,2026-03-18 08:32:00,Startup,Referral,REF-Customer,4
1788,593,2026-03-30 16:45:00,Startup,Organic Search,SEO-Product,5
1789,594,2026-01-25 10:18:00,Freelancer,Referral,REF-Customer,1
1790,594,2026-01-27 14:58:00,Freelancer,Paid Social,META-Retargeting,2
1791,594,2026-01-29 02:48:00,Freelancer,Display,DISPLAY-Retargeting,3
1792,594,2026-01-31 15:46:00,Freelancer,Email,EMAIL-Nurture,4
1793,594,2026-02-07 17:05:00,Freelancer,Email,EMAIL-Nurture,5
1794,595,2026-01-17 08:19:00,Startup,Paid Search,PS-NonBrand,1
1795,596,2026-08-30 04:24:00,Startup,Organic Search,SEO-Product,1
1796,597,2026-03-25 14:01:00,Startup,Referral,REF-Customer,1
1797,597,2026-03-29 17:04:00,Startup,Paid Social,META-Retargeting,2
1798,598,2026-05-03 21:10:00,Startup,Display,DISPLAY-Prospecting,1
1799,598,2026-05-12 07:42:00,Startup,Paid Social,META-Retargeting,2
1800,599,2025-10-21 17:40:00,SMB,Paid Search,PS-NonBrand,1
1801,599,2025-10-25 18:31:00,SMB,Paid Search,PS-NonBrand,2
1802,599,2025-10-29 14:14:00,SMB,Display,DISPLAY-Retargeting,3
1803,599,2025-11-09 04:35:00,SMB,Referral,REF-Customer,4
1804,600,2026-01-12 00:57:00,SMB,Paid Search,PS-NonBrand,1
1805,600,2026-01-18 11:24:00,SMB,Organic Search,SEO-Content,2
1806,600,2026-02-10 05:45:00,SMB,Paid Social,META-Prospecting,3
1807,601,2025-12-27 06:21:00,SMB,Paid Social,META-Retargeting,1
1808,601,2026-01-05 19:25:00,SMB,Organic Search,SEO-Content,2
1809,601,2026-01-06 18:10:00,SMB,Paid Social,META-Retargeting,3
1810,602,2026-02-06 22:02:00,SMB,Paid Search,PS-Brand,1
1811,602,2026-02-11 15:01:00,SMB,Organic Search,SEO-Content,2
1812,602,2026-02-11 16:12:00,SMB,Organic Search,SEO-Content,3
1813,602,2026-02-21 11:55:00,SMB,Paid Social,META-Retargeting,4
1814,603,2026-08-14 09:13:00,Freelancer,Organic Search,SEO-Product,1
1815,603,2026-08-17 07:33:00,Freelancer,Paid Social,META-Retargeting,2
1816,603,2026-08-17 11:38:00,Freelancer,Referral,REF-Customer,3
1817,603,2026-08-18 15:35:00,Freelancer,Paid Social,META-Retargeting,4
1818,604,2026-04-30 15:13:00,Startup,Email,EMAIL-Reactivation,1
1819,604,2026-05-04 09:13:00,Startup,Display,DISPLAY-Retargeting,2
1820,604,2026-05-14 13:45:00,Startup,Display,DISPLAY-Prospecting,3
1821,604,2026-05-14 20:53:00,Startup,Paid Search,PS-NonBrand,4
1822,604,2026-05-18 12:51:00,Startup,Organic Search,SEO-Product,5
1823,605,2026-09-06 12:53:00,SMB,Organic Search,SEO-Product,1
1824,605,2026-09-09 17:11:00,SMB,Referral,REF-Customer,2
1825,606,2026-03-05 08:07:00,SMB,Organic Search,SEO-Content,1
1826,606,2026-03-08 04:01:00,SMB,Paid Search,PS-Brand,2
1827,607,2026-07-11 12:39:00,SMB,Paid Search,PS-Brand,1
1828,607,2026-07-14 06:03:00,SMB,Paid Search,PS-Brand,2
1829,608,2025-11-30 21:03:00,Freelancer,Organic Search,SEO-Content,1
1830,608,2025-12-16 22:29:00,Freelancer,Organic Search,SEO-Product,2
1831,608,2025-12-17 00:42:00,Freelancer,Paid Search,PS-NonBrand,3
1832,608,2025-12-19 10:38:00,Freelancer,Paid Search,PS-NonBrand,4
1833,608,2025-12-22 06:56:00,Freelancer,Referral,REF-Customer,5
1834,609,2026-07-28 23:45:00,Freelancer,Paid Social,META-Prospecting,1
1835,609,2026-08-03 06:17:00,Freelancer,Email,EMAIL-Nurture,2
1836,610,2026-05-17 12:48:00,SMB,Referral,REF-Customer,1
1837,610,2026-05-28 11:23:00,SMB,Paid Search,PS-Brand,2
1838,610,2026-06-02 05:16:00,SMB,Referral,REF-Customer,3
1839,610,2026-06-07 19:37:00,SMB,Organic Search,SEO-Content,4
1840,611,2025-10-16 18:08:00,SMB,Email,EMAIL-Reactivation,1
1841,611,2025-10-23 08:14:00,SMB,Organic Search,SEO-Product,2
1842,611,2025-11-03 14:40:00,SMB,Paid Social,META-Prospecting,3
1843,611,2025-11-04 01:50:00,SMB,Paid Search,PS-Brand,4
1844,611,2025-11-06 19:08:00,SMB,Paid Search,PS-Brand,5
1845,612,2026-07-02 01:37:00,Freelancer,Paid Search,PS-NonBrand,1
1846,613,2026-03-31 20:03:00,Startup,Paid Search,PS-NonBrand,1
1847,613,2026-04-14 18:34:00,Startup,Display,DISPLAY-Retargeting,2
1848,613,2026-04-20 05:29:00,Startup,Email,EMAIL-Nurture,3
1849,613,2026-04-22 09:24:00,Startup,Paid Social,META-Prospecting,4
1850,614,2025-10-05 11:22:00,Freelancer,Paid Search,PS-NonBrand,1
1851,615,2026-08-30 01:26:00,SMB,Organic Search,SEO-Product,1
1852,616,2026-04-15 20:35:00,SMB,Paid Search,PS-NonBrand,1
1853,616,2026-04-22 23:15:00,SMB,Paid Social,META-Prospecting,2
1854,616,2026-04-25 04:55:00,SMB,Paid Search,PS-NonBrand,3
1855,617,2026-05-13 20:36:00,Startup,Display,DISPLAY-Prospecting,1
1856,617,2026-05-16 19:39:00,Startup,Referral,REF-Partner,2
1857,617,2026-05-19 18:59:00,Startup,Organic Search,SEO-Product,3
1858,617,2026-06-04 23:31:00,Startup,Email,EMAIL-Reactivation,4
1859,617,2026-06-05 21:52:00,Startup,Organic Search,SEO-Content,5
1860,618,2026-04-29 23:19:00,SMB,Organic Search,SEO-Product,1
1861,618,2026-05-13 23:16:00,SMB,Paid Social,META-Prospecting,2
1862,618,2026-05-17 03:50:00,SMB,Email,EMAIL-Reactivation,3
1863,618,2026-05-20 14:37:00,SMB,Email,EMAIL-Nurture,4
1864,619,2025-11-08 00:23:00,Freelancer,Organic Search,SEO-Content,1
1865,619,2025-11-11 05:08:00,Freelancer,Paid Social,META-Retargeting,2
1866,619,2025-11-16 17:03:00,Freelancer,Display,DISPLAY-Prospecting,3
1867,619,2025-11-16 19:34:00,Freelancer,Paid Search,PS-Brand,4
1868,620,2026-02-22 22:21:00,Startup,Paid Social,META-Prospecting,1
1869,621,2026-07-13 16:01:00,SMB,Paid Social,META-Prospecting,1
1870,622,2026-02-01 02:29:00,Startup,Referral,REF-Partner,1
1871,622,2026-02-12 18:44:00,Startup,Paid Social,META-Prospecting,2
1872,622,2026-02-16 07:36:00,Startup,Email,EMAIL-Reactivation,3
1873,622,2026-02-23 17:53:00,Startup,Paid Social,META-Retargeting,4
1874,622,2026-02-26 09:13:00,Startup,Paid Social,META-Retargeting,5
1875,623,2026-08-22 02:42:00,Startup,Organic Search,SEO-Product,1
1876,623,2026-09-01 02:20:00,Startup,Paid Social,META-Retargeting,2
1877,623,2026-09-02 19:04:00,Startup,Email,EMAIL-Reactivation,3
1878,623,2026-09-08 00:41:00,Startup,Referral,REF-Customer,4
1879,624,2026-01-27 00:55:00,Freelancer,Email,EMAIL-Reactivation,1
1880,624,2026-02-10 00:55:00,Freelancer,Referral,REF-Customer,2
1881,625,2026-04-02 08:45:00,SMB,Organic Search,SEO-Content,1
1882,626,2026-04-01 12:45:00,Startup,Email,EMAIL-Reactivation,1
1883,627,2025-10-09 20:31:00,SMB,Referral,REF-Customer,1
1884,627,2025-10-18 15:29:00,SMB,Organic Search,SEO-Content,2
1885,627,2025-10-27 03:55:00,SMB,Referral,REF-Partner,3
1886,627,2025-11-01 18:58:00,SMB,Referral,REF-Customer,4
1887,628,2026-07-30 09:14:00,Freelancer,Email,EMAIL-Nurture,1
1888,629,2025-11-25 23:16:00,Startup,Referral,REF-Customer,1
1889,629,2025-12-13 03:04:00,Startup,Organic Search,SEO-Product,2
1890,630,2026-04-03 01:07:00,SMB,Paid Search,PS-Brand,1
1891,631,2026-09-17 14:26:00,Startup,Referral,REF-Partner,1
1892,631,2026-09-19 03:11:00,Startup,Organic Search,SEO-Product,2
1893,631,2026-09-19 15:07:00,Startup,Organic Search,SEO-Product,3
1894,631,2026-09-26 06:16:00,Startup,Paid Social,META-Retargeting,4
1895,632,2026-10-08 07:03:00,Startup,Organic Search,SEO-Product,1
1896,632,2026-10-18 14:17:00,Startup,Referral,REF-Customer,2
1897,633,2026-01-02 21:36:00,Startup,Email,EMAIL-Reactivation,1
1898,633,2026-01-05 02:31:00,Startup,Email,EMAIL-Reactivation,2
1899,633,2026-01-08 17:09:00,Startup,Paid Search,PS-NonBrand,3
1900,633,2026-01-14 04:56:00,Startup,Display,DISPLAY-Prospecting,4
1901,633,2026-01-19 10:34:00,Startup,Paid Social,META-Retargeting,5
1902,634,2026-02-27 01:31:00,SMB,Email,EMAIL-Nurture,1
1903,635,2026-05-03 17:40:00,Startup,Paid Social,META-Prospecting,1
1904,635,2026-05-05 20:07:00,Startup,Paid Social,META-Retargeting,2
1905,635,2026-05-09 22:19:00,Startup,Email,EMAIL-Nurture,3
1906,636,2026-06-28 18:39:00,Freelancer,Email,EMAIL-Nurture,1
1907,637,2026-01-06 09:30:00,SMB,Referral,REF-Partner,1
1908,637,2026-01-24 23:07:00,SMB,Email,EMAIL-Reactivation,2
1909,638,2026-04-19 11:53:00,SMB,Paid Search,PS-Brand,1
1910,638,2026-05-06 04:03:00,SMB,Referral,REF-Customer,2
1911,639,2026-08-08 20:11:00,Freelancer,Referral,REF-Partner,1
1912,639,2026-08-19 03:56:00,Freelancer,Paid Social,META-Retargeting,2
1913,640,2026-07-09 15:08:00,Startup,Referral,REF-Customer,1
1914,640,2026-07-18 19:30:00,Startup,Paid Search,PS-NonBrand,2
1915,640,2026-07-26 09:33:00,Startup,Paid Search,PS-Brand,3
1916,640,2026-08-01 05:23:00,Startup,Paid Search,PS-Brand,4
1917,641,2026-08-06 11:33:00,SMB,Referral,REF-Customer,1
1918,641,2026-08-24 11:56:00,SMB,Email,EMAIL-Nurture,2
1919,642,2026-09-06 20:27:00,Freelancer,Paid Search,PS-NonBrand,1
1920,643,2026-08-12 18:26:00,SMB,Email,EMAIL-Reactivation,1
1921,643,2026-08-15 16:16:00,SMB,Paid Social,META-Prospecting,2
1922,643,2026-08-20 21:51:00,SMB,Organic Search,SEO-Product,3
1923,643,2026-08-27 00:13:00,SMB,Referral,REF-Customer,4
1924,643,2026-08-27 02:12:00,SMB,Paid Search,PS-NonBrand,5
1925,644,2026-04-06 18:42:00,Startup,Display,DISPLAY-Retargeting,1
1926,644,2026-05-03 10:20:00,Startup,Organic Search,SEO-Content,2
1927,644,2026-05-03 18:57:00,Startup,Paid Search,PS-NonBrand,3
1928,645,2026-09-26 13:19:00,Startup,Paid Search,PS-NonBrand,1
1929,645,2026-09-29 21:38:00,Startup,Email,EMAIL-Nurture,2
1930,645,2026-10-11 14:12:00,Startup,Paid Social,META-Retargeting,3
1931,646,2026-04-24 02:37:00,SMB,Paid Search,PS-NonBrand,1
1932,647,2026-07-11 17:42:00,Freelancer,Email,EMAIL-Reactivation,1
1933,648,2026-09-11 16:56:00,Startup,Referral,REF-Customer,1
1934,649,2025-10-22 08:45:00,SMB,Paid Social,META-Prospecting,1
1935,649,2025-10-28 15:46:00,SMB,Email,EMAIL-Nurture,2
1936,649,2025-10-30 16:07:00,SMB,Paid Search,PS-NonBrand,3
1937,649,2025-11-10 21:13:00,SMB,Paid Search,PS-NonBrand,4
1938,650,2026-09-07 21:42:00,Freelancer,Paid Social,META-Prospecting,1
1939,650,2026-09-15 04:42:00,Freelancer,Paid Social,META-Prospecting,2
1940,650,2026-09-23 09:41:00,Freelancer,Paid Search,PS-Brand,3
1941,651,2026-07-30 12:12:00,Freelancer,Paid Social,META-Prospecting,1
1942,652,2026-10-01 01:02:00,Startup,Referral,REF-Partner,1
1943,652,2026-10-01 12:00:00,Startup,Paid Social,META-Retargeting,2
1944,652,2026-10-12 15:09:00,Startup,Paid Search,PS-Brand,3
1945,652,2026-10-18 15:00:00,Startup,Display,DISPLAY-Prospecting,4
1946,652,2026-10-19 18:22:00,Startup,Organic Search,SEO-Product,5
1947,653,2026-07-10 16:33:00,SMB,Email,EMAIL-Nurture,1
1948,653,2026-07-10 23:08:00,SMB,Organic Search,SEO-Content,2
1949,653,2026-07-21 00:45:00,SMB,Paid Search,PS-NonBrand,3
1950,653,2026-07-22 19:55:00,SMB,Organic Search,SEO-Content,4
1951,653,2026-07-26 04:47:00,SMB,Referral,REF-Customer,5
1952,654,2025-11-28 16:08:00,SMB,Paid Search,PS-NonBrand,1
1953,654,2025-12-05 16:21:00,SMB,Display,DISPLAY-Prospecting,2
1954,654,2025-12-09 08:39:00,SMB,Organic Search,SEO-Product,3
1955,654,2025-12-22 21:09:00,SMB,Paid Search,PS-Brand,4
1956,655,2026-01-29 05:59:00,Startup,Paid Search,PS-Brand,1
1957,655,2026-02-01 17:12:00,Startup,Paid Social,META-Retargeting,2
1958,655,2026-02-14 09:48:00,Startup,Paid Search,PS-NonBrand,3
1959,656,2025-10-20 11:10:00,Freelancer,Organic Search,SEO-Content,1
1960,656,2025-10-28 13:12:00,Freelancer,Paid Social,META-Retargeting,2
1961,657,2026-05-22 16:25:00,SMB,Paid Search,PS-NonBrand,1
1962,657,2026-05-22 21:23:00,SMB,Organic Search,SEO-Content,2
1963,657,2026-05-29 07:15:00,SMB,Paid Social,META-Retargeting,3
1964,657,2026-06-08 08:36:00,SMB,Paid Social,META-Retargeting,4
1965,658,2026-03-13 21:00:00,SMB,Organic Search,SEO-Product,1
1966,658,2026-03-18 02:46:00,SMB,Organic Search,SEO-Content,2
1967,658,2026-03-29 10:52:00,SMB,Paid Social,META-Retargeting,3
1968,658,2026-04-04 02:18:00,SMB,Referral,REF-Partner,4
1969,658,2026-04-06 12:13:00,SMB,Email,EMAIL-Nurture,5
1970,659,2026-03-31 00:39:00,SMB,Email,EMAIL-Nurture,1
1971,659,2026-04-03 14:59:00,SMB,Paid Social,META-Retargeting,2
1972,659,2026-04-14 13:35:00,SMB,Paid Search,PS-NonBrand,3
1973,660,2026-06-27 08:13:00,SMB,Paid Search,PS-Brand,1
1974,661,2026-07-27 00:44:00,Startup,Display,DISPLAY-Retargeting,1
1975,661,2026-07-27 20:30:00,Startup,Paid Search,PS-Brand,2
1976,661,2026-08-08 13:10:00,Startup,Paid Search,PS-NonBrand,3
1977,662,2025-11-02 22:35:00,SMB,Paid Search,PS-NonBrand,1
1978,662,2025-11-11 21:16:00,SMB,Paid Social,META-Retargeting,2
1979,662,2025-11-16 16:54:00,SMB,Referral,REF-Partner,3
1980,662,2025-11-18 11:54:00,SMB,Paid Search,PS-NonBrand,4
1981,663,2026-08-31 06:51:00,Startup,Email,EMAIL-Nurture,1
1982,663,2026-09-28 19:33:00,Startup,Referral,REF-Customer,2
1983,664,2026-03-09 16:22:00,Startup,Paid Social,META-Prospecting,1
1984,665,2026-07-10 06:24:00,SMB,Paid Search,PS-NonBrand,1
1985,665,2026-07-13 23:11:00,SMB,Referral,REF-Customer,2
1986,665,2026-07-20 09:56:00,SMB,Paid Search,PS-NonBrand,3
1987,665,2026-07-22 11:13:00,SMB,Organic Search,SEO-Product,4
1988,665,2026-07-27 11:48:00,SMB,Organic Search,SEO-Product,5
1989,666,2026-05-08 13:23:00,Freelancer,Paid Social,META-Prospecting,1
1990,666,2026-05-28 18:20:00,Freelancer,Organic Search,SEO-Content,2
1991,667,2026-03-13 03:55:00,SMB,Paid Social,META-Prospecting,1
1992,667,2026-04-06 13:16:00,SMB,Organic Search,SEO-Content,2
1993,668,2025-12-27 03:24:00,SMB,Organic Search,SEO-Content,1
1994,668,2026-01-01 23:04:00,SMB,Referral,REF-Customer,2
1995,668,2026-01-03 21:13:00,SMB,Organic Search,SEO-Content,3
1996,669,2025-12-10 15:43:00,Startup,Paid Search,PS-NonBrand,1
1997,669,2025-12-22 20:00:00,Startup,Email,EMAIL-Reactivation,2
1998,670,2026-06-30 04:44:00,Startup,Organic Search,SEO-Content,1
1999,671,2026-02-01 10:35:00,SMB,Display,DISPLAY-Prospecting,1
2000,671,2026-02-07 14:36:00,SMB,Display,DISPLAY-Prospecting,2
2001,671,2026-02-15 03:00:00,SMB,Paid Social,META-Retargeting,3
2002,671,2026-02-16 03:37:00,SMB,Organic Search,SEO-Content,4
2003,671,2026-02-24 10:41:00,SMB,Referral,REF-Partner,5
2004,672,2025-12-27 13:14:00,Freelancer,Paid Social,META-Prospecting,1
2005,672,2026-01-19 05:47:00,Freelancer,Organic Search,SEO-Content,2
2006,673,2025-10-03 14:57:00,SMB,Paid Social,META-Prospecting,1
2007,673,2025-10-06 09:12:00,SMB,Organic Search,SEO-Product,2
2008,673,2025-10-17 13:41:00,SMB,Referral,REF-Customer,3
2009,673,2025-10-23 20:56:00,SMB,Paid Search,PS-NonBrand,4
2010,674,2026-08-05 17:45:00,SMB,Paid Search,PS-Brand,1
2011,674,2026-08-08 17:13:00,SMB,Organic Search,SEO-Product,2
2012,674,2026-08-12 06:24:00,SMB,Organic Search,SEO-Content,3
2013,674,2026-08-14 01:16:00,SMB,Display,DISPLAY-Retargeting,4
2014,674,2026-08-21 18:02:00,SMB,Organic Search,SEO-Content,5
2015,675,2026-03-16 11:23:00,Startup,Paid Social,META-Prospecting,1
2016,676,2026-02-16 06:11:00,Freelancer,Paid Search,PS-NonBrand,1
2017,676,2026-02-21 12:37:00,Freelancer,Paid Search,PS-NonBrand,2
2018,676,2026-02-21 20:48:00,Freelancer,Referral,REF-Partner,3
2019,676,2026-02-28 20:46:00,Freelancer,Email,EMAIL-Nurture,4
2020,676,2026-03-04 11:06:00,Freelancer,Organic Search,SEO-Product,5
2021,677,2026-02-22 02:42:00,Startup,Paid Social,META-Prospecting,1
2022,677,2026-02-27 02:14:00,Startup,Paid Search,PS-Brand,2
2023,677,2026-03-02 19:02:00,Startup,Display,DISPLAY-Retargeting,3
2024,677,2026-03-06 00:05:00,Startup,Paid Search,PS-NonBrand,4
2025,677,2026-03-07 10:03:00,Startup,Email,EMAIL-Reactivation,5
2026,678,2026-05-07 06:17:00,SMB,Paid Search,PS-Brand,1
2027,678,2026-05-10 06:51:00,SMB,Organic Search,SEO-Content,2
2028,678,2026-05-31 04:25:00,SMB,Organic Search,SEO-Content,3
2029,679,2026-04-03 06:53:00,SMB,Paid Search,PS-Brand,1
2030,679,2026-04-05 22:47:00,SMB,Email,EMAIL-Nurture,2
2031,679,2026-04-22 07:05:00,SMB,Paid Social,META-Retargeting,3
2032,680,2026-04-21 10:30:00,SMB,Email,EMAIL-Nurture,1
2033,680,2026-04-23 06:39:00,SMB,Paid Social,META-Retargeting,2
2034,680,2026-04-28 04:58:00,SMB,Paid Search,PS-Brand,3
2035,680,2026-05-06 02:08:00,SMB,Paid Search,PS-NonBrand,4
2036,681,2026-01-28 07:26:00,Startup,Organic Search,SEO-Product,1
2037,682,2026-01-24 01:54:00,Startup,Paid Search,PS-Brand,1
2038,682,2026-01-26 06:52:00,Startup,Referral,REF-Customer,2
2039,682,2026-02-01 09:49:00,Startup,Organic Search,SEO-Content,3
2040,682,2026-02-09 16:14:00,Startup,Paid Search,PS-NonBrand,4
2041,683,2026-08-11 21:32:00,SMB,Paid Social,META-Prospecting,1
2042,683,2026-08-23 13:28:00,SMB,Paid Search,PS-Brand,2
2043,684,2026-03-12 07:12:00,Startup,Email,EMAIL-Reactivation,1
2044,684,2026-03-24 10:17:00,Startup,Paid Social,META-Prospecting,2
2045,684,2026-04-02 09:31:00,Startup,Paid Social,META-Retargeting,3
2046,684,2026-04-06 05:05:00,Startup,Display,DISPLAY-Prospecting,4
2047,685,2026-09-29 14:19:00,Startup,Paid Search,PS-NonBrand,1
2048,685,2026-09-30 10:33:00,Startup,Paid Social,META-Retargeting,2
2049,685,2026-10-01 10:15:00,Startup,Organic Search,SEO-Content,3
2050,685,2026-10-07 16:16:00,Startup,Organic Search,SEO-Content,4
2051,685,2026-10-17 08:44:00,Startup,Display,DISPLAY-Prospecting,5
2052,686,2026-08-11 11:13:00,SMB,Referral,REF-Customer,1
2053,686,2026-08-13 05:55:00,SMB,Paid Social,META-Prospecting,2
2054,686,2026-08-21 05:36:00,SMB,Organic Search,SEO-Product,3
2055,686,2026-08-22 06:28:00,SMB,Paid Search,PS-NonBrand,4
2056,687,2026-07-01 02:21:00,SMB,Paid Search,PS-NonBrand,1
2057,687,2026-07-03 19:15:00,SMB,Organic Search,SEO-Content,2
2058,687,2026-07-05 11:45:00,SMB,Paid Social,META-Retargeting,3
2059,688,2026-05-02 04:22:00,Startup,Paid Social,META-Prospecting,1
2060,688,2026-05-02 18:55:00,Startup,Organic Search,SEO-Content,2
2061,688,2026-05-04 04:08:00,Startup,Paid Search,PS-NonBrand,3
2062,688,2026-05-15 00:46:00,Startup,Paid Search,PS-NonBrand,4
2063,688,2026-05-17 12:30:00,Startup,Paid Social,META-Retargeting,5
2064,689,2026-08-26 05:55:00,SMB,Paid Search,PS-Brand,1
2065,690,2025-10-22 04:28:00,SMB,Paid Search,PS-Brand,1
2066,690,2025-10-23 07:20:00,SMB,Paid Social,META-Retargeting,2
2067,691,2026-04-07 20:52:00,SMB,Paid Social,META-Retargeting,1
2068,691,2026-04-22 02:49:00,SMB,Organic Search,SEO-Product,2
2069,691,2026-04-24 19:07:00,SMB,Referral,REF-Customer,3
2070,692,2026-06-20 12:35:00,Startup,Organic Search,SEO-Product,1
2071,692,2026-06-23 22:00:00,Startup,Display,DISPLAY-Retargeting,2
2072,692,2026-07-08 06:01:00,Startup,Organic Search,SEO-Product,3
2073,693,2025-12-08 12:13:00,Startup,Paid Social,META-Retargeting,1
2074,694,2025-12-09 18:47:00,Startup,Organic Search,SEO-Product,1
2075,694,2025-12-11 03:08:00,Startup,Email,EMAIL-Nurture,2
2076,694,2025-12-12 11:19:00,Startup,Organic Search,SEO-Product,3
2077,694,2025-12-30 13:19:00,Startup,Paid Social,META-Retargeting,4
2078,695,2025-10-31 11:49:00,SMB,Organic Search,SEO-Content,1
2079,695,2025-11-14 18:04:00,SMB,Email,EMAIL-Reactivation,2
2080,696,2026-04-10 00:04:00,Startup,Paid Social,META-Prospecting,1
2081,696,2026-04-14 23:31:00,Startup,Email,EMAIL-Reactivation,2
2082,696,2026-04-17 21:54:00,Startup,Paid Search,PS-NonBrand,3
2083,696,2026-04-23 21:13:00,Startup,Paid Social,META-Prospecting,4
2084,696,2026-04-24 07:48:00,Startup,Paid Social,META-Retargeting,5
2085,697,2026-04-29 21:56:00,SMB,Paid Social,META-Prospecting,1
2086,697,2026-05-02 17:26:00,SMB,Paid Search,PS-Brand,2
2087,697,2026-05-06 17:59:00,SMB,Paid Search,PS-NonBrand,3
2088,697,2026-05-10 02:24:00,SMB,Paid Search,PS-NonBrand,4
2089,698,2026-03-22 19:25:00,Freelancer,Display,DISPLAY-Prospecting,1
2090,698,2026-03-27 06:01:00,Freelancer,Display,DISPLAY-Retargeting,2
2091,698,2026-03-28 10:40:00,Freelancer,Referral,REF-Partner,3
2092,698,2026-03-31 05:54:00,Freelancer,Display,DISPLAY-Retargeting,4
2093,698,2026-04-18 20:10:00,Freelancer,Email,EMAIL-Nurture,5
2094,699,2025-10-23 10:49:00,Freelancer,Email,EMAIL-Nurture,1
2095,699,2025-10-25 16:43:00,Freelancer,Paid Social,META-Retargeting,2
2096,699,2025-10-28 18:21:00,Freelancer,Email,EMAIL-Reactivation,3
2097,699,2025-11-15 14:59:00,Freelancer,Paid Social,META-Retargeting,4
2098,699,2025-11-18 02:36:00,Freelancer,Organic Search,SEO-Product,5
2099,700,2026-03-29 02:34:00,Startup,Paid Search,PS-Brand,1
2100,700,2026-04-23 14:10:00,Startup,Paid Search,PS-NonBrand,2
2101,701,2026-09-13 07:48:00,SMB,Email,EMAIL-Nurture,1
2102,702,2025-10-24 00:02:00,Startup,Paid Search,PS-Brand,1
2103,703,2026-07-28 12:13:00,SMB,Paid Search,PS-Brand,1
2104,704,2026-01-13 09:10:00,SMB,Paid Social,META-Prospecting,1
2105,704,2026-01-31 22:27:00,SMB,Paid Search,PS-Brand,2
2106,705,2025-10-29 16:36:00,Freelancer,Paid Social,META-Retargeting,1
2107,705,2025-11-04 17:46:00,Freelancer,Display,DISPLAY-Retargeting,2
2108,705,2025-11-15 01:15:00,Freelancer,Referral,REF-Customer,3
2109,705,2025-11-19 11:46:00,Freelancer,Paid Search,PS-NonBrand,4
2110,705,2025-11-20 23:14:00,Freelancer,Email,EMAIL-Nurture,5
2111,706,2025-10-21 20:14:00,SMB,Display,DISPLAY-Retargeting,1
2112,706,2025-10-22 20:49:00,SMB,Paid Social,META-Retargeting,2
2113,706,2025-10-29 02:26:00,SMB,Paid Search,PS-NonBrand,3
2114,706,2025-11-15 23:53:00,SMB,Email,EMAIL-Nurture,4
2115,706,2025-11-16 02:33:00,SMB,Organic Search,SEO-Content,5
2116,707,2025-10-09 00:04:00,SMB,Paid Search,PS-NonBrand,1
2117,707,2025-10-11 16:28:00,SMB,Paid Search,PS-Brand,2
2118,707,2025-10-13 05:07:00,SMB,Organic Search,SEO-Product,3
2119,707,2025-10-29 05:45:00,SMB,Paid Search,PS-Brand,4
2120,708,2026-03-08 17:49:00,Startup,Paid Search,PS-Brand,1
2121,708,2026-03-26 02:23:00,Startup,Email,EMAIL-Nurture,2
2122,708,2026-03-30 04:04:00,Startup,Email,EMAIL-Nurture,3
2123,709,2026-04-06 22:38:00,Startup,Referral,REF-Customer,1
2124,709,2026-04-24 20:19:00,Startup,Paid Social,META-Retargeting,2
2125,709,2026-04-27 14:28:00,Startup,Referral,REF-Customer,3
2126,710,2026-05-19 21:46:00,Startup,Referral,REF-Customer,1
2127,711,2025-11-18 06:07:00,SMB,Email,EMAIL-Nurture,1
2128,711,2025-11-22 01:37:00,SMB,Email,EMAIL-Nurture,2
2129,712,2026-05-29 17:04:00,Startup,Paid Search,PS-NonBrand,1
2130,712,2026-06-23 04:34:00,Startup,Paid Social,META-Retargeting,2
2131,713,2026-07-05 01:16:00,SMB,Paid Social,META-Prospecting,1
2132,713,2026-07-20 11:13:00,SMB,Paid Social,META-Retargeting,2
2133,714,2025-10-24 20:35:00,Freelancer,Display,DISPLAY-Retargeting,1
2134,714,2025-10-30 01:50:00,Freelancer,Paid Social,META-Retargeting,2
2135,714,2025-11-19 05:37:00,Freelancer,Email,EMAIL-Nurture,3
2136,715,2026-06-24 23:30:00,SMB,Organic Search,SEO-Content,1
2137,716,2025-11-18 08:14:00,SMB,Referral,REF-Partner,1
2138,716,2025-11-21 21:53:00,SMB,Paid Search,PS-NonBrand,2
2139,716,2025-11-28 23:21:00,SMB,Paid Social,META-Retargeting,3
2140,716,2025-12-01 18:37:00,SMB,Email,EMAIL-Nurture,4
2141,717,2026-03-18 23:08:00,Startup,Email,EMAIL-Nurture,1
2142,717,2026-03-26 04:06:00,Startup,Paid Social,META-Retargeting,2
2143,717,2026-04-07 05:52:00,Startup,Paid Social,META-Prospecting,3
2144,718,2026-06-04 21:09:00,SMB,Referral,REF-Customer,1
2145,718,2026-06-18 21:20:00,SMB,Paid Social,META-Retargeting,2
2146,718,2026-06-20 22:10:00,SMB,Paid Social,META-Retargeting,3
2147,719,2026-08-25 10:47:00,Startup,Organic Search,SEO-Product,1
2148,719,2026-09-09 17:55:00,Startup,Paid Search,PS-Brand,2
2149,719,2026-09-12 12:38:00,Startup,Paid Social,META-Retargeting,3
2150,720,2026-05-06 15:02:00,SMB,Paid Search,PS-NonBrand,1
2151,721,2026-03-12 03:42:00,SMB,Paid Social,META-Retargeting,1
2152,721,2026-03-20 19:00:00,SMB,Organic Search,SEO-Content,2
2153,721,2026-04-01 20:25:00,SMB,Referral,REF-Partner,3
2154,721,2026-04-06 14:38:00,SMB,Paid Search,PS-Brand,4
2155,722,2026-08-06 21:43:00,SMB,Paid Social,META-Prospecting,1
2156,723,2025-12-23 16:21:00,SMB,Email,EMAIL-Nurture,1
2157,723,2026-01-01 19:38:00,SMB,Paid Search,PS-NonBrand,2
2158,723,2026-01-07 01:09:00,SMB,Organic Search,SEO-Product,3
2159,723,2026-01-12 08:23:00,SMB,Paid Social,META-Retargeting,4
2160,723,2026-01-15 06:44:00,SMB,Display,DISPLAY-Retargeting,5
2161,724,2025-12-16 15:34:00,SMB,Paid Search,PS-NonBrand,1
2162,724,2025-12-18 19:29:00,SMB,Organic Search,SEO-Content,2
2163,725,2026-03-25 00:08:00,SMB,Paid Social,META-Retargeting,1
2164,725,2026-03-29 22:05:00,SMB,Paid Search,PS-NonBrand,2
2165,725,2026-04-07 03:52:00,SMB,Email,EMAIL-Nurture,3
2166,726,2025-11-14 01:18:00,SMB,Paid Search,PS-Brand,1
2167,727,2025-10-16 11:50:00,Startup,Paid Search,PS-Brand,1
2168,727,2025-10-31 21:34:00,Startup,Organic Search,SEO-Product,2
2169,727,2025-11-04 13:36:00,Startup,Referral,REF-Partner,3
2170,728,2026-02-16 16:22:00,Startup,Email,EMAIL-Reactivation,1
2171,728,2026-02-17 19:44:00,Startup,Paid Search,PS-NonBrand,2
2172,728,2026-02-21 18:34:00,Startup,Email,EMAIL-Reactivation,3
2173,728,2026-03-11 06:25:00,Startup,Organic Search,SEO-Product,4
2174,729,2025-11-25 22:26:00,SMB,Display,DISPLAY-Prospecting,1
2175,729,2025-11-28 12:00:00,SMB,Organic Search,SEO-Product,2
2176,729,2025-11-30 18:04:00,SMB,Organic Search,SEO-Content,3
2177,730,2026-05-22 08:26:00,SMB,Paid Search,PS-NonBrand,1
2178,730,2026-06-11 17:47:00,SMB,Referral,REF-Customer,2
2179,731,2026-04-24 00:18:00,SMB,Email,EMAIL-Reactivation,1
2180,731,2026-05-10 00:41:00,SMB,Paid Social,META-Retargeting,2
2181,732,2026-04-02 00:50:00,SMB,Display,DISPLAY-Retargeting,1
2182,732,2026-04-02 20:58:00,SMB,Paid Social,META-Prospecting,2
2183,732,2026-04-09 14:27:00,SMB,Paid Social,META-Prospecting,3
2184,732,2026-04-10 18:55:00,SMB,Paid Social,META-Retargeting,4
2185,732,2026-04-17 21:36:00,SMB,Paid Search,PS-NonBrand,5
2186,733,2026-04-06 16:19:00,Startup,Paid Search,PS-Brand,1
2187,733,2026-04-07 18:48:00,Startup,Paid Search,PS-Brand,2
2188,733,2026-04-15 11:42:00,Startup,Email,EMAIL-Nurture,3
2189,734,2025-11-05 19:37:00,SMB,Paid Search,PS-Brand,1
2190,735,2026-03-11 10:33:00,Freelancer,Organic Search,SEO-Product,1
2191,735,2026-03-22 03:22:00,Freelancer,Display,DISPLAY-Retargeting,2
2192,735,2026-03-22 21:43:00,Freelancer,Paid Social,META-Prospecting,3
2193,736,2025-10-30 19:40:00,Startup,Paid Social,META-Prospecting,1
2194,736,2025-11-12 05:09:00,Startup,Organic Search,SEO-Content,2
2195,736,2025-11-12 18:44:00,Startup,Paid Search,PS-Brand,3
2196,737,2026-02-11 10:23:00,SMB,Paid Search,PS-Brand,1
2197,737,2026-02-23 17:27:00,SMB,Email,EMAIL-Nurture,2
2198,738,2026-06-08 09:01:00,SMB,Paid Search,PS-NonBrand,1
2199,738,2026-06-17 22:03:00,SMB,Organic Search,SEO-Content,2
2200,738,2026-06-20 02:39:00,SMB,Paid Search,PS-NonBrand,3
2201,738,2026-06-25 21:05:00,SMB,Paid Search,PS-Brand,4
2202,738,2026-06-27 02:58:00,SMB,Email,EMAIL-Reactivation,5
2203,739,2026-09-26 22:50:00,SMB,Paid Search,PS-Brand,1
2204,739,2026-10-02 15:31:00,SMB,Email,EMAIL-Nurture,2
2205,739,2026-10-04 00:31:00,SMB,Paid Search,PS-Brand,3
2206,740,2026-02-03 02:42:00,SMB,Display,DISPLAY-Retargeting,1
2207,740,2026-02-10 10:55:00,SMB,Paid Social,META-Retargeting,2
2208,741,2026-01-10 21:07:00,Startup,Paid Search,PS-Brand,1
2209,741,2026-01-12 13:13:00,Startup,Referral,REF-Customer,2
2210,741,2026-01-21 16:06:00,Startup,Paid Search,PS-Brand,3
2211,741,2026-01-30 09:48:00,Startup,Paid Social,META-Retargeting,4
2212,742,2026-06-02 08:45:00,SMB,Paid Social,META-Retargeting,1
2213,742,2026-06-03 04:56:00,SMB,Paid Search,PS-Brand,2
2214,742,2026-06-16 17:44:00,SMB,Display,DISPLAY-Retargeting,3
2215,743,2026-09-04 11:40:00,SMB,Paid Search,PS-Brand,1
2216,743,2026-09-05 20:35:00,SMB,Paid Search,PS-NonBrand,2
2217,743,2026-09-06 02:36:00,SMB,Display,DISPLAY-Retargeting,3
2218,743,2026-09-08 07:16:00,SMB,Paid Social,META-Prospecting,4
2219,744,2026-01-28 04:06:00,SMB,Referral,REF-Customer,1
2220,744,2026-01-29 05:43:00,SMB,Paid Search,PS-Brand,2
2221,745,2026-08-04 11:23:00,Startup,Paid Social,META-Retargeting,1
2222,745,2026-08-09 09:46:00,Startup,Email,EMAIL-Nurture,2
2223,745,2026-08-18 09:10:00,Startup,Display,DISPLAY-Retargeting,3
2224,745,2026-08-18 17:31:00,Startup,Paid Social,META-Retargeting,4
2225,745,2026-08-23 12:35:00,Startup,Referral,REF-Customer,5
2226,746,2026-01-25 01:39:00,SMB,Referral,REF-Partner,1
2227,746,2026-01-29 14:45:00,SMB,Display,DISPLAY-Retargeting,2
2228,746,2026-02-03 18:04:00,SMB,Organic Search,SEO-Product,3
2229,746,2026-02-11 20:58:00,SMB,Paid Social,META-Retargeting,4
2230,746,2026-02-20 12:28:00,SMB,Paid Social,META-Prospecting,5
2231,747,2026-06-03 21:37:00,Freelancer,Referral,REF-Partner,1
2232,747,2026-06-04 02:16:00,Freelancer,Referral,REF-Partner,2
2233,747,2026-06-13 15:28:00,Freelancer,Paid Social,META-Prospecting,3
2234,747,2026-06-14 09:32:00,Freelancer,Paid Social,META-Retargeting,4
2235,748,2026-01-05 14:06:00,SMB,Organic Search,SEO-Content,1
2236,749,2026-01-05 15:05:00,SMB,Organic Search,SEO-Product,1
2237,749,2026-01-15 04:22:00,SMB,Referral,REF-Partner,2
2238,749,2026-01-17 02:23:00,SMB,Paid Search,PS-Brand,3
2239,749,2026-01-25 23:18:00,SMB,Referral,REF-Partner,4
2240,749,2026-01-31 02:15:00,SMB,Paid Search,PS-Brand,5
2241,750,2026-10-14 10:02:00,SMB,Paid Search,PS-Brand,1
2242,751,2026-02-22 07:13:00,Startup,Paid Social,META-Retargeting,1
2243,751,2026-02-26 01:19:00,Startup,Organic Search,SEO-Product,2
2244,751,2026-03-11 03:59:00,Startup,Paid Search,PS-Brand,3
2245,752,2025-10-18 02:13:00,SMB,Organic Search,SEO-Product,1
2246,752,2025-10-30 01:18:00,SMB,Email,EMAIL-Nurture,2
2247,752,2025-11-03 01:05:00,SMB,Email,EMAIL-Reactivation,3
2248,753,2026-07-25 08:18:00,Startup,Organic Search,SEO-Content,1
2249,754,2025-11-19 11:13:00,SMB,Paid Social,META-Retargeting,1
2250,754,2025-12-09 10:49:00,SMB,Referral,REF-Customer,2
2251,754,2025-12-10 13:50:00,SMB,Organic Search,SEO-Content,3
2252,755,2025-11-13 13:16:00,SMB,Paid Social,META-Retargeting,1
2253,756,2026-08-08 09:48:00,SMB,Email,EMAIL-Nurture,1
2254,756,2026-08-20 10:27:00,SMB,Organic Search,SEO-Content,2
2255,756,2026-08-31 01:59:00,SMB,Organic Search,SEO-Product,3
2256,757,2026-02-08 10:27:00,Startup,Paid Search,PS-NonBrand,1
2257,757,2026-02-18 13:37:00,Startup,Display,DISPLAY-Retargeting,2
2258,757,2026-02-19 21:37:00,Startup,Paid Search,PS-NonBrand,3
2259,757,2026-02-28 00:52:00,Startup,Paid Social,META-Retargeting,4
2260,757,2026-03-05 14:06:00,Startup,Email,EMAIL-Reactivation,5
2261,758,2025-11-27 10:26:00,Startup,Email,EMAIL-Reactivation,1
2262,758,2025-12-03 12:46:00,Startup,Display,DISPLAY-Retargeting,2
2263,758,2025-12-08 10:58:00,Startup,Referral,REF-Partner,3
2264,758,2025-12-12 11:05:00,Startup,Email,EMAIL-Nurture,4
2265,758,2025-12-13 21:06:00,Startup,Paid Search,PS-Brand,5
2266,759,2026-10-03 14:05:00,Startup,Referral,REF-Partner,1
2267,759,2026-10-07 09:20:00,Startup,Email,EMAIL-Nurture,2
2268,759,2026-10-15 03:18:00,Startup,Referral,REF-Partner,3
2269,759,2026-10-18 01:08:00,Startup,Display,DISPLAY-Prospecting,4
2270,759,2026-10-18 09:52:00,Startup,Display,DISPLAY-Prospecting,5
2271,760,2026-01-28 16:03:00,Freelancer,Paid Search,PS-NonBrand,1
2272,760,2026-01-31 04:38:00,Freelancer,Paid Social,META-Retargeting,2
2273,760,2026-01-31 06:47:00,Freelancer,Paid Social,META-Retargeting,3
2274,760,2026-02-05 01:07:00,Freelancer,Paid Search,PS-Brand,4
2275,761,2026-05-20 09:13:00,SMB,Paid Search,PS-NonBrand,1
2276,761,2026-05-24 18:21:00,SMB,Paid Search,PS-NonBrand,2
2277,761,2026-06-02 14:54:00,SMB,Organic Search,SEO-Product,3
2278,761,2026-06-13 23:28:00,SMB,Organic Search,SEO-Product,4
2279,762,2026-01-19 21:07:00,Freelancer,Paid Search,PS-NonBrand,1
2280,763,2026-05-02 05:17:00,SMB,Paid Search,PS-NonBrand,1
2281,763,2026-05-12 07:43:00,SMB,Referral,REF-Customer,2
2282,764,2026-06-24 08:06:00,SMB,Paid Search,PS-NonBrand,1
2283,764,2026-07-08 03:55:00,SMB,Paid Search,PS-NonBrand,2
2284,765,2026-07-05 09:56:00,Startup,Organic Search,SEO-Content,1
2285,765,2026-07-31 21:27:00,Startup,Organic Search,SEO-Product,2
2286,766,2026-03-27 05:15:00,SMB,Paid Social,META-Prospecting,1
2287,766,2026-03-28 13:44:00,SMB,Referral,REF-Partner,2
2288,767,2026-05-18 00:11:00,SMB,Paid Search,PS-Brand,1
2289,767,2026-05-28 05:03:00,SMB,Paid Search,PS-Brand,2
2290,767,2026-06-06 17:42:00,SMB,Organic Search,SEO-Product,3
2291,767,2026-06-10 13:11:00,SMB,Organic Search,SEO-Content,4
2292,768,2026-08-15 05:49:00,Startup,Paid Social,META-Retargeting,1
2293,768,2026-08-20 21:10:00,Startup,Paid Search,PS-NonBrand,2
2294,768,2026-08-27 21:11:00,Startup,Paid Search,PS-Brand,3
2295,769,2026-08-09 11:27:00,SMB,Referral,REF-Partner,1
2296,769,2026-08-09 21:22:00,SMB,Display,DISPLAY-Retargeting,2
2297,769,2026-08-22 12:10:00,SMB,Paid Social,META-Retargeting,3
2298,769,2026-09-01 01:30:00,SMB,Email,EMAIL-Reactivation,4
2299,770,2026-07-19 14:09:00,SMB,Paid Search,PS-NonBrand,1
2300,770,2026-07-28 06:08:00,SMB,Paid Social,META-Retargeting,2
2301,771,2026-02-26 00:47:00,Startup,Organic Search,SEO-Content,1
2302,771,2026-03-02 18:45:00,Startup,Paid Search,PS-Brand,2
2303,772,2026-04-16 06:32:00,SMB,Paid Social,META-Retargeting,1
2304,772,2026-04-23 11:40:00,SMB,Organic Search,SEO-Content,2
2305,772,2026-04-24 21:01:00,SMB,Email,EMAIL-Nurture,3
2306,773,2026-10-13 07:47:00,SMB,Paid Search,PS-Brand,1
2307,773,2026-10-14 23:27:00,SMB,Referral,REF-Customer,2
2308,773,2026-10-17 13:32:00,SMB,Organic Search,SEO-Product,3
2309,774,2026-01-06 19:38:00,SMB,Organic Search,SEO-Product,1
2310,774,2026-01-07 00:14:00,SMB,Paid Search,PS-NonBrand,2
2311,774,2026-01-20 15:57:00,SMB,Paid Social,META-Prospecting,3
2312,774,2026-01-25 18:22:00,SMB,Referral,REF-Partner,4
2313,774,2026-01-27 00:17:00,SMB,Email,EMAIL-Reactivation,5
2314,775,2026-06-11 10:40:00,Freelancer,Referral,REF-Partner,1
2315,775,2026-06-21 16:50:00,Freelancer,Paid Social,META-Prospecting,2
2316,775,2026-06-24 21:09:00,Freelancer,Paid Social,META-Retargeting,3
2317,775,2026-07-06 11:36:00,Freelancer,Organic Search,SEO-Content,4
2318,776,2026-08-01 10:32:00,Freelancer,Organic Search,SEO-Product,1
2319,777,2026-04-11 17:26:00,Startup,Paid Search,PS-NonBrand,1
2320,777,2026-04-15 14:27:00,Startup,Referral,REF-Customer,2
2321,777,2026-04-18 04:58:00,Startup,Paid Social,META-Retargeting,3
2322,777,2026-04-20 00:07:00,Startup,Referral,REF-Customer,4
2323,778,2026-09-08 10:45:00,SMB,Paid Search,PS-NonBrand,1
2324,779,2026-03-13 04:06:00,SMB,Email,EMAIL-Nurture,1
2325,779,2026-03-14 00:45:00,SMB,Paid Search,PS-Brand,2
2326,779,2026-03-15 04:28:00,SMB,Paid Search,PS-NonBrand,3
2327,779,2026-04-02 23:54:00,SMB,Paid Search,PS-NonBrand,4
2328,779,2026-04-03 08:30:00,SMB,Email,EMAIL-Nurture,5
2329,780,2026-08-15 12:05:00,SMB,Organic Search,SEO-Product,1
2330,780,2026-08-18 00:06:00,SMB,Organic Search,SEO-Product,2
2331,780,2026-08-25 07:11:00,SMB,Paid Search,PS-Brand,3
2332,780,2026-08-25 19:19:00,SMB,Display,DISPLAY-Retargeting,4
2333,780,2026-08-27 08:40:00,SMB,Paid Search,PS-NonBrand,5
2334,781,2026-06-01 23:06:00,Startup,Paid Social,META-Retargeting,1
2335,781,2026-06-12 01:55:00,Startup,Paid Social,META-Retargeting,2
2336,782,2025-10-21 22:17:00,Startup,Paid Search,PS-NonBrand,1
2337,782,2025-10-23 07:26:00,Startup,Paid Social,META-Retargeting,2
2338,782,2025-10-28 05:12:00,Startup,Referral,REF-Customer,3
2339,782,2025-11-09 07:31:00,Startup,Paid Search,PS-Brand,4
2340,783,2026-08-02 13:08:00,Startup,Referral,REF-Partner,1
2341,783,2026-08-17 04:20:00,Startup,Referral,REF-Customer,2
2342,783,2026-08-25 19:48:00,Startup,Paid Social,META-Retargeting,3
2343,784,2026-06-12 04:36:00,SMB,Paid Social,META-Retargeting,1
2344,784,2026-06-19 12:47:00,SMB,Paid Search,PS-Brand,2
2345,784,2026-06-24 21:01:00,SMB,Paid Search,PS-Brand,3
2346,784,2026-07-09 17:26:00,SMB,Paid Social,META-Prospecting,4
2347,785,2026-01-03 20:51:00,Freelancer,Organic Search,SEO-Content,1
2348,785,2026-01-04 01:16:00,Freelancer,Organic Search,SEO-Content,2
2349,785,2026-01-17 13:57:00,Freelancer,Paid Social,META-Retargeting,3
2350,786,2026-06-20 16:26:00,SMB,Referral,REF-Partner,1
2351,786,2026-06-25 09:47:00,SMB,Organic Search,SEO-Content,2
2352,787,2026-04-22 13:14:00,SMB,Display,DISPLAY-Prospecting,1
2353,787,2026-04-27 14:19:00,SMB,Display,DISPLAY-Prospecting,2
2354,787,2026-04-30 11:17:00,SMB,Paid Social,META-Retargeting,3
2355,788,2026-09-28 14:26:00,Startup,Paid Social,META-Retargeting,1
2356,788,2026-10-02 15:52:00,Startup,Organic Search,SEO-Product,2
2357,789,2026-01-21 04:44:00,Startup,Paid Social,META-Prospecting,1
2358,789,2026-01-30 00:31:00,Startup,Paid Search,PS-Brand,2
2359,790,2026-01-29 07:51:00,Freelancer,Referral,REF-Partner,1
2360,791,2025-10-30 13:49:00,SMB,Paid Search,PS-NonBrand,1
2361,791,2025-11-05 21:45:00,SMB,Organic Search,SEO-Product,2
2362,791,2025-11-08 15:52:00,SMB,Email,EMAIL-Reactivation,3
2363,792,2026-07-16 20:56:00,Freelancer,Referral,REF-Customer,1
2364,792,2026-08-05 19:34:00,Freelancer,Organic Search,SEO-Content,2
2365,792,2026-08-07 06:41:00,Freelancer,Paid Search,PS-NonBrand,3
2366,793,2026-10-05 03:38:00,SMB,Email,EMAIL-Reactivation,1
2367,793,2026-10-05 16:21:00,SMB,Display,DISPLAY-Retargeting,2
2368,793,2026-10-06 04:59:00,SMB,Referral,REF-Customer,3
2369,793,2026-10-06 17:27:00,SMB,Paid Search,PS-Brand,4
2370,793,2026-10-14 21:56:00,SMB,Paid Search,PS-Brand,5
2371,794,2026-06-22 08:00:00,SMB,Email,EMAIL-Reactivation,1
2372,794,2026-06-27 21:22:00,SMB,Display,DISPLAY-Retargeting,2
2373,794,2026-06-28 02:17:00,SMB,Paid Social,META-Prospecting,3
2374,794,2026-07-05 23:34:00,SMB,Paid Social,META-Retargeting,4
2375,795,2026-02-17 18:51:00,SMB,Paid Search,PS-Brand,1
2376,795,2026-02-21 01:31:00,SMB,Paid Social,META-Prospecting,2
2377,795,2026-02-28 15:39:00,SMB,Paid Search,PS-Brand,3
2378,795,2026-03-01 03:21:00,SMB,Paid Search,PS-NonBrand,4
2379,795,2026-03-12 04:26:00,SMB,Paid Social,META-Prospecting,5
2380,796,2026-09-02 00:19:00,SMB,Paid Social,META-Retargeting,1
2381,796,2026-09-11 08:22:00,SMB,Paid Search,PS-NonBrand,2
2382,797,2026-01-13 07:31:00,Freelancer,Paid Social,META-Prospecting,1
2383,797,2026-01-14 00:27:00,Freelancer,Paid Social,META-Prospecting,2
2384,797,2026-01-20 23:00:00,Freelancer,Email,EMAIL-Nurture,3
2385,797,2026-01-22 03:28:00,Freelancer,Referral,REF-Customer,4
2386,798,2026-06-15 16:00:00,SMB,Organic Search,SEO-Product,1
2387,798,2026-06-23 18:07:00,SMB,Organic Search,SEO-Content,2
2388,798,2026-07-02 21:55:00,SMB,Organic Search,SEO-Product,3
2389,798,2026-07-07 02:42:00,SMB,Organic Search,SEO-Content,4
2390,798,2026-07-07 18:35:00,SMB,Paid Social,META-Retargeting,5
2391,799,2026-05-06 15:49:00,SMB,Paid Search,PS-NonBrand,1
2392,799,2026-05-11 03:09:00,SMB,Paid Social,META-Retargeting,2
2393,799,2026-05-24 08:32:00,SMB,Referral,REF-Partner,3
2394,799,2026-05-27 21:13:00,SMB,Organic Search,SEO-Content,4
2395,799,2026-06-02 08:42:00,SMB,Referral,REF-Customer,5
2396,800,2026-08-11 16:04:00,SMB,Email,EMAIL-Reactivation,1
2397,800,2026-08-29 17:59:00,SMB,Paid Search,PS-Brand,2
2398,800,2026-08-31 23:06:00,SMB,Paid Social,META-Retargeting,3
2399,801,2026-09-23 12:16:00,Startup,Paid Search,PS-NonBrand,1
2400,801,2026-10-11 05:12:00,Startup,Paid Social,META-Retargeting,2
2401,801,2026-10-13 04:23:00,Startup,Display,DISPLAY-Retargeting,3
2402,801,2026-10-17 01:40:00,Startup,Organic Search,SEO-Content,4
2403,802,2026-02-21 19:13:00,Freelancer,Email,EMAIL-Nurture,1
2404,802,2026-02-23 04:17:00,Freelancer,Paid Search,PS-NonBrand,2
2405,802,2026-03-02 23:27:00,Freelancer,Paid Social,META-Retargeting,3
2406,803,2025-11-16 21:02:00,Startup,Paid Search,PS-NonBrand,1
2407,804,2025-12-02 21:21:00,SMB,Paid Search,PS-NonBrand,1
2408,804,2025-12-15 09:31:00,SMB,Paid Social,META-Prospecting,2
2409,805,2026-07-01 21:49:00,SMB,Organic Search,SEO-Product,1
2410,805,2026-07-03 21:02:00,SMB,Paid Social,META-Retargeting,2
2411,805,2026-07-04 18:07:00,SMB,Paid Search,PS-NonBrand,3
2412,805,2026-07-17 18:43:00,SMB,Email,EMAIL-Reactivation,4
2413,806,2026-02-25 00:25:00,SMB,Display,DISPLAY-Retargeting,1
2414,806,2026-02-27 19:36:00,SMB,Referral,REF-Customer,2
2415,806,2026-03-09 04:29:00,SMB,Display,DISPLAY-Retargeting,3
2416,807,2025-11-21 07:51:00,Freelancer,Display,DISPLAY-Retargeting,1
2417,807,2025-12-07 21:32:00,Freelancer,Organic Search,SEO-Content,2
2418,808,2026-07-25 06:08:00,SMB,Paid Search,PS-NonBrand,1
2419,808,2026-08-14 23:44:00,SMB,Paid Search,PS-NonBrand,2
2420,808,2026-08-15 23:18:00,SMB,Email,EMAIL-Reactivation,3
2421,808,2026-08-19 06:45:00,SMB,Paid Search,PS-NonBrand,4
2422,809,2026-05-26 04:58:00,Freelancer,Paid Search,PS-Brand,1
2423,809,2026-05-30 11:53:00,Freelancer,Email,EMAIL-Nurture,2
2424,809,2026-06-01 02:00:00,Freelancer,Organic Search,SEO-Content,3
2425,809,2026-06-03 10:17:00,Freelancer,Organic Search,SEO-Product,4
2426,809,2026-06-20 17:42:00,Freelancer,Referral,REF-Customer,5
2427,810,2025-11-22 14:18:00,Startup,Referral,REF-Customer,1
2428,810,2025-11-27 14:54:00,Startup,Paid Search,PS-NonBrand,2
2429,810,2025-12-12 16:10:00,Startup,Paid Social,META-Retargeting,3
2430,810,2025-12-12 20:45:00,Startup,Organic Search,SEO-Content,4
2431,811,2026-07-08 06:55:00,Startup,Paid Search,PS-NonBrand,1
2432,811,2026-07-13 22:10:00,Startup,Paid Search,PS-Brand,2
2433,811,2026-07-14 03:30:00,Startup,Paid Social,META-Retargeting,3
2434,812,2026-06-04 07:12:00,Startup,Display,DISPLAY-Prospecting,1
2435,812,2026-06-14 03:18:00,Startup,Email,EMAIL-Nurture,2
2436,813,2026-10-01 04:40:00,SMB,Organic Search,SEO-Content,1
2437,813,2026-10-02 19:30:00,SMB,Paid Search,PS-Brand,2
2438,813,2026-10-07 03:04:00,SMB,Paid Search,PS-NonBrand,3
2439,813,2026-10-08 09:11:00,SMB,Paid Search,PS-Brand,4
2440,813,2026-10-12 21:26:00,SMB,Paid Search,PS-NonBrand,5
2441,814,2026-09-26 21:54:00,SMB,Email,EMAIL-Nurture,1
2442,814,2026-09-28 17:10:00,SMB,Display,DISPLAY-Retargeting,2
2443,814,2026-10-17 07:58:00,SMB,Email,EMAIL-Nurture,3
2444,814,2026-10-18 17:49:00,SMB,Paid Search,PS-NonBrand,4
2445,814,2026-10-21 22:09:00,SMB,Paid Search,PS-Brand,5
2446,815,2026-10-10 15:45:00,SMB,Paid Search,PS-NonBrand,1
2447,815,2026-10-21 18:09:00,SMB,Paid Social,META-Retargeting,2
2448,816,2026-08-23 23:34:00,SMB,Referral,REF-Partner,1
2449,816,2026-09-14 06:36:00,SMB,Paid Search,PS-NonBrand,2
2450,817,2026-07-23 01:59:00,Startup,Paid Social,META-Prospecting,1
2451,817,2026-07-31 13:04:00,Startup,Paid Social,META-Retargeting,2
2452,817,2026-08-06 06:33:00,Startup,Paid Social,META-Prospecting,3
2453,817,2026-08-08 11:22:00,Startup,Paid Search,PS-Brand,4
2454,817,2026-08-13 10:57:00,Startup,Display,DISPLAY-Retargeting,5
2455,818,2026-06-12 09:41:00,SMB,Display,DISPLAY-Prospecting,1
2456,818,2026-06-26 13:52:00,SMB,Paid Social,META-Retargeting,2
2457,819,2026-04-22 19:57:00,Freelancer,Paid Search,PS-Brand,1
2458,819,2026-04-25 08:46:00,Freelancer,Paid Social,META-Retargeting,2
2459,819,2026-05-05 04:44:00,Freelancer,Organic Search,SEO-Product,3
2460,819,2026-05-12 23:04:00,Freelancer,Display,DISPLAY-Retargeting,4
2461,819,2026-05-13 22:53:00,Freelancer,Paid Search,PS-Brand,5
2462,820,2026-07-18 19:46:00,Freelancer,Organic Search,SEO-Product,1
2463,820,2026-07-28 12:34:00,Freelancer,Paid Search,PS-NonBrand,2
2464,821,2026-10-07 16:13:00,SMB,Paid Search,PS-Brand,1
2465,822,2025-11-14 10:06:00,SMB,Paid Search,PS-NonBrand,1
2466,822,2025-11-15 22:26:00,SMB,Organic Search,SEO-Product,2
2467,823,2025-11-19 01:12:00,SMB,Referral,REF-Customer,1
2468,824,2026-04-18 01:00:00,SMB,Display,DISPLAY-Retargeting,1
2469,825,2026-01-19 06:16:00,Startup,Paid Search,PS-Brand,1
2470,825,2026-01-19 06:30:00,Startup,Paid Search,PS-NonBrand,2
2471,825,2026-02-06 11:48:00,Startup,Paid Search,PS-NonBrand,3
2472,825,2026-02-07 08:53:00,Startup,Email,EMAIL-Nurture,4
2473,825,2026-02-14 02:29:00,Startup,Referral,REF-Customer,5
2474,826,2026-04-20 23:52:00,Startup,Paid Search,PS-Brand,1
2475,826,2026-04-23 23:52:00,Startup,Display,DISPLAY-Retargeting,2
2476,826,2026-05-11 18:37:00,Startup,Paid Social,META-Retargeting,3
2477,827,2026-01-27 17:32:00,Startup,Paid Search,PS-NonBrand,1
2478,827,2026-01-30 22:12:00,Startup,Paid Social,META-Retargeting,2
2479,827,2026-02-01 14:45:00,Startup,Referral,REF-Partner,3
2480,827,2026-02-11 06:03:00,Startup,Paid Search,PS-Brand,4
2481,827,2026-02-19 15:39:00,Startup,Paid Social,META-Retargeting,5
2482,828,2026-08-04 15:06:00,SMB,Paid Search,PS-NonBrand,1
2483,829,2026-08-27 13:13:00,Freelancer,Paid Search,PS-Brand,1
2484,829,2026-09-04 03:42:00,Freelancer,Referral,REF-Customer,2
2485,829,2026-09-12 10:04:00,Freelancer,Display,DISPLAY-Prospecting,3
2486,830,2026-01-31 03:22:00,Startup,Paid Search,PS-Brand,1
2487,831,2026-07-16 16:31:00,Freelancer,Email,EMAIL-Reactivation,1
2488,831,2026-07-18 14:35:00,Freelancer,Paid Search,PS-Brand,2
2489,832,2025-11-17 15:42:00,Startup,Paid Social,META-Retargeting,1
2490,832,2025-11-28 21:26:00,Startup,Paid Search,PS-Brand,2
2491,832,2025-12-07 23:50:00,Startup,Email,EMAIL-Reactivation,3
2492,833,2026-07-29 21:54:00,Startup,Paid Search,PS-NonBrand,1
2493,833,2026-08-03 09:57:00,Startup,Paid Social,META-Retargeting,2
2494,833,2026-08-06 21:46:00,Startup,Paid Social,META-Retargeting,3
2495,833,2026-08-08 02:27:00,Startup,Email,EMAIL-Reactivation,4
2496,834,2026-06-26 22:22:00,SMB,Paid Social,META-Retargeting,1
2497,835,2026-06-17 08:41:00,Freelancer,Paid Social,META-Prospecting,1
2498,836,2026-04-04 12:32:00,SMB,Organic Search,SEO-Product,1
2499,836,2026-04-12 02:16:00,SMB,Paid Search,PS-NonBrand,2
2500,836,2026-04-13 21:23:00,SMB,Paid Search,PS-Brand,3
2501,836,2026-04-27 23:54:00,SMB,Paid Social,META-Retargeting,4
2502,837,2025-11-20 07:29:00,SMB,Paid Social,META-Retargeting,1
2503,837,2025-11-25 06:26:00,SMB,Paid Search,PS-Brand,2
2504,837,2025-12-05 01:03:00,SMB,Paid Search,PS-NonBrand,3
2505,838,2026-08-04 03:30:00,SMB,Paid Search,PS-NonBrand,1
2506,838,2026-08-04 05:06:00,SMB,Referral,REF-Partner,2
2507,838,2026-08-10 00:38:00,SMB,Paid Social,META-Prospecting,3
2508,838,2026-08-13 15:05:00,SMB,Paid Social,META-Retargeting,4
2509,838,2026-08-20 07:13:00,SMB,Organic Search,SEO-Content,5
2510,839,2025-11-17 14:45:00,SMB,Paid Search,PS-NonBrand,1
2511,839,2025-11-20 10:59:00,SMB,Paid Search,PS-NonBrand,2
2512,839,2025-11-22 04:43:00,SMB,Referral,REF-Partner,3
2513,839,2025-12-03 15:22:00,SMB,Paid Search,PS-Brand,4
2514,840,2026-03-26 01:02:00,SMB,Email,EMAIL-Nurture,1
2515,840,2026-04-06 09:17:00,SMB,Email,EMAIL-Nurture,2
2516,840,2026-04-08 04:01:00,SMB,Referral,REF-Partner,3
2517,840,2026-04-08 07:51:00,SMB,Email,EMAIL-Nurture,4
2518,840,2026-04-23 10:11:00,SMB,Paid Search,PS-NonBrand,5
2519,841,2025-12-05 03:14:00,SMB,Referral,REF-Partner,1
2520,841,2025-12-21 05:41:00,SMB,Email,EMAIL-Nurture,2
2521,841,2025-12-21 07:46:00,SMB,Paid Search,PS-Brand,3
2522,842,2026-08-20 15:22:00,Startup,Paid Search,PS-NonBrand,1
2523,842,2026-08-26 00:25:00,Startup,Email,EMAIL-Nurture,2
2524,842,2026-08-29 03:20:00,Startup,Email,EMAIL-Reactivation,3
2525,843,2026-04-29 17:23:00,Startup,Organic Search,SEO-Product,1
2526,843,2026-05-02 10:29:00,Startup,Paid Social,META-Prospecting,2
2527,843,2026-05-03 07:26:00,Startup,Referral,REF-Partner,3
2528,843,2026-05-06 17:29:00,Startup,Display,DISPLAY-Retargeting,4
2529,843,2026-05-18 09:11:00,Startup,Display,DISPLAY-Prospecting,5
2530,844,2026-04-17 14:49:00,Freelancer,Referral,REF-Customer,1
2531,844,2026-04-21 20:37:00,Freelancer,Paid Social,META-Retargeting,2
2532,845,2026-02-05 08:59:00,Freelancer,Email,EMAIL-Reactivation,1
2533,846,2026-07-15 04:20:00,SMB,Referral,REF-Partner,1
2534,846,2026-07-29 12:28:00,SMB,Paid Search,PS-Brand,2
2535,846,2026-08-01 04:09:00,SMB,Referral,REF-Customer,3
2536,847,2025-12-25 20:04:00,Startup,Paid Social,META-Retargeting,1
2537,847,2026-01-10 23:07:00,Startup,Display,DISPLAY-Prospecting,2
2538,848,2026-06-21 11:33:00,Startup,Paid Social,META-Prospecting,1
2539,848,2026-06-24 23:18:00,Startup,Paid Search,PS-Brand,2
2540,848,2026-07-08 19:23:00,Startup,Paid Search,PS-NonBrand,3
2541,848,2026-07-13 16:18:00,Startup,Display,DISPLAY-Retargeting,4
2542,848,2026-07-20 21:13:00,Startup,Paid Social,META-Retargeting,5
2543,849,2026-09-19 13:37:00,SMB,Referral,REF-Partner,1
2544,849,2026-10-08 13:09:00,SMB,Organic Search,SEO-Product,2
2545,849,2026-10-18 09:53:00,SMB,Email,EMAIL-Reactivation,3
2546,850,2026-01-17 23:10:00,Freelancer,Paid Social,META-Retargeting,1
2547,850,2026-01-29 08:57:00,Freelancer,Paid Social,META-Retargeting,2
2548,851,2026-07-05 02:31:00,Freelancer,Organic Search,SEO-Content,1
2549,852,2026-01-27 17:23:00,SMB,Organic Search,SEO-Product,1
2550,852,2026-02-04 10:38:00,SMB,Paid Search,PS-Brand,2
2551,852,2026-02-06 00:06:00,SMB,Paid Search,PS-NonBrand,3
2552,852,2026-02-10 16:33:00,SMB,Organic Search,SEO-Content,4
2553,853,2026-09-17 08:28:00,Freelancer,Paid Social,META-Retargeting,1
2554,853,2026-09-24 03:52:00,Freelancer,Email,EMAIL-Nurture,2
2555,853,2026-09-27 08:06:00,Freelancer,Paid Search,PS-Brand,3
2556,853,2026-10-03 15:11:00,Freelancer,Organic Search,SEO-Product,4
2557,853,2026-10-04 04:27:00,Freelancer,Referral,REF-Partner,5
2558,854,2026-08-27 03:12:00,SMB,Referral,REF-Partner,1
2559,854,2026-09-16 03:30:00,SMB,Email,EMAIL-Nurture,2
2560,854,2026-09-22 19:43:00,SMB,Paid Social,META-Prospecting,3
2561,854,2026-09-23 08:47:00,SMB,Referral,REF-Partner,4
2562,855,2026-01-27 18:53:00,Freelancer,Display,DISPLAY-Retargeting,1
2563,855,2026-02-07 03:36:00,Freelancer,Display,DISPLAY-Prospecting,2
2564,855,2026-02-15 17:32:00,Freelancer,Email,EMAIL-Reactivation,3
2565,855,2026-02-21 11:50:00,Freelancer,Organic Search,SEO-Content,4
2566,856,2025-12-27 01:20:00,Startup,Paid Social,META-Prospecting,1
2567,856,2026-01-07 15:40:00,Startup,Referral,REF-Customer,2
2568,856,2026-01-09 07:37:00,Startup,Referral,REF-Customer,3
2569,856,2026-01-14 05:14:00,Startup,Paid Search,PS-NonBrand,4
2570,856,2026-01-16 12:14:00,Startup,Paid Search,PS-Brand,5
2571,857,2025-11-06 13:36:00,SMB,Display,DISPLAY-Retargeting,1
2572,857,2025-11-11 22:31:00,SMB,Paid Search,PS-Brand,2
2573,857,2025-11-24 16:39:00,SMB,Organic Search,SEO-Product,3
2574,857,2025-11-28 16:40:00,SMB,Organic Search,SEO-Product,4
2575,858,2026-07-06 11:14:00,Startup,Paid Social,META-Prospecting,1
2576,859,2026-09-14 02:53:00,Startup,Paid Social,META-Retargeting,1
2577,860,2025-12-03 17:38:00,SMB,Paid Search,PS-Brand,1
2578,860,2025-12-03 23:04:00,SMB,Email,EMAIL-Nurture,2
2579,861,2026-08-03 15:41:00,Startup,Organic Search,SEO-Product,1
2580,862,2026-07-09 14:26:00,Startup,Paid Search,PS-NonBrand,1
2581,862,2026-07-21 13:21:00,Startup,Paid Social,META-Retargeting,2
2582,862,2026-07-25 15:30:00,Startup,Paid Search,PS-NonBrand,3
2583,863,2026-04-03 21:28:00,Startup,Email,EMAIL-Reactivation,1
2584,863,2026-04-07 13:17:00,Startup,Referral,REF-Partner,2
2585,863,2026-04-19 20:53:00,Startup,Paid Social,META-Prospecting,3
2586,864,2025-12-21 13:03:00,Startup,Display,DISPLAY-Prospecting,1
2587,864,2025-12-30 02:33:00,Startup,Display,DISPLAY-Prospecting,2
2588,864,2025-12-30 20:08:00,Startup,Paid Search,PS-NonBrand,3
2589,865,2026-06-17 11:51:00,SMB,Paid Search,PS-NonBrand,1
2590,865,2026-06-22 00:31:00,SMB,Organic Search,SEO-Content,2
2591,865,2026-06-23 12:51:00,SMB,Referral,REF-Customer,3
2592,865,2026-06-25 23:59:00,SMB,Paid Search,PS-NonBrand,4
2593,866,2026-05-28 21:23:00,SMB,Referral,REF-Partner,1
2594,866,2026-05-28 23:04:00,SMB,Email,EMAIL-Reactivation,2
2595,867,2026-08-03 05:45:00,Startup,Referral,REF-Customer,1
2596,867,2026-08-05 03:10:00,Startup,Paid Social,META-Retargeting,2
2597,868,2026-05-06 02:34:00,SMB,Paid Search,PS-Brand,1
2598,868,2026-05-12 11:01:00,SMB,Display,DISPLAY-Retargeting,2
2599,869,2025-10-21 15:44:00,SMB,Paid Search,PS-Brand,1
2600,869,2025-10-25 14:54:00,SMB,Email,EMAIL-Reactivation,2
2601,869,2025-10-28 19:16:00,SMB,Referral,REF-Customer,3
2602,870,2025-12-17 14:30:00,Freelancer,Email,EMAIL-Nurture,1
2603,870,2025-12-21 09:25:00,Freelancer,Organic Search,SEO-Content,2
2604,870,2025-12-22 01:42:00,Freelancer,Display,DISPLAY-Retargeting,3
2605,870,2026-01-01 10:16:00,Freelancer,Paid Search,PS-Brand,4
2606,870,2026-01-10 17:37:00,Freelancer,Email,EMAIL-Nurture,5
2607,871,2026-02-21 06:32:00,Freelancer,Email,EMAIL-Reactivation,1
2608,871,2026-03-06 15:05:00,Freelancer,Paid Search,PS-Brand,2
2609,871,2026-03-15 18:24:00,Freelancer,Paid Social,META-Prospecting,3
2610,871,2026-03-17 20:36:00,Freelancer,Paid Search,PS-Brand,4
2611,872,2026-03-29 20:26:00,Startup,Organic Search,SEO-Content,1
2612,872,2026-04-11 16:51:00,Startup,Email,EMAIL-Nurture,2
2613,872,2026-04-18 11:41:00,Startup,Email,EMAIL-Reactivation,3
2614,872,2026-04-22 06:42:00,Startup,Display,DISPLAY-Prospecting,4
2615,873,2026-02-14 00:03:00,Startup,Paid Social,META-Retargeting,1
2616,873,2026-02-14 01:30:00,Startup,Paid Search,PS-Brand,2
2617,873,2026-02-28 17:22:00,Startup,Paid Social,META-Retargeting,3
2618,873,2026-03-02 14:10:00,Startup,Organic Search,SEO-Content,4
2619,873,2026-03-06 11:29:00,Startup,Paid Social,META-Prospecting,5
2620,874,2026-08-22 14:48:00,Freelancer,Paid Search,PS-NonBrand,1
2621,875,2026-01-13 13:17:00,Freelancer,Paid Social,META-Prospecting,1
2622,876,2026-06-09 04:50:00,SMB,Paid Search,PS-Brand,1
2623,876,2026-06-13 08:09:00,SMB,Paid Search,PS-NonBrand,2
2624,876,2026-06-27 02:57:00,SMB,Organic Search,SEO-Content,3
2625,877,2026-02-23 13:26:00,SMB,Organic Search,SEO-Content,1
2626,878,2026-10-08 19:22:00,SMB,Organic Search,SEO-Content,1
2627,878,2026-10-20 04:19:00,SMB,Email,EMAIL-Nurture,2
2628,879,2026-09-04 19:10:00,SMB,Paid Social,META-Retargeting,1
2629,879,2026-09-05 06:22:00,SMB,Paid Search,PS-NonBrand,2
2630,879,2026-09-17 02:07:00,SMB,Paid Social,META-Prospecting,3
2631,879,2026-09-20 00:27:00,SMB,Paid Social,META-Prospecting,4
2632,880,2026-07-16 07:21:00,SMB,Display,DISPLAY-Prospecting,1
2633,880,2026-07-20 10:56:00,SMB,Paid Search,PS-NonBrand,2
2634,881,2026-07-23 04:57:00,Startup,Referral,REF-Partner,1
2635,881,2026-07-23 05:00:00,Startup,Referral,REF-Customer,2
2636,881,2026-07-26 10:52:00,Startup,Paid Search,PS-Brand,3
2637,882,2026-06-05 02:59:00,Startup,Paid Social,META-Retargeting,1
2638,882,2026-06-20 07:03:00,Startup,Paid Social,META-Prospecting,2
2639,883,2026-05-11 03:27:00,Freelancer,Email,EMAIL-Nurture,1
2640,883,2026-05-13 17:11:00,Freelancer,Referral,REF-Partner,2
2641,883,2026-05-22 22:25:00,Freelancer,Email,EMAIL-Reactivation,3
2642,883,2026-05-25 06:06:00,Freelancer,Email,EMAIL-Reactivation,4
2643,883,2026-05-31 11:50:00,Freelancer,Paid Social,META-Retargeting,5
2644,884,2026-04-24 02:40:00,SMB,Organic Search,SEO-Content,1
2645,884,2026-04-29 14:59:00,SMB,Paid Social,META-Retargeting,2
2646,884,2026-05-15 06:39:00,SMB,Organic Search,SEO-Product,3
2647,884,2026-05-18 19:43:00,SMB,Organic Search,SEO-Product,4
2648,885,2025-11-01 15:51:00,SMB,Paid Search,PS-Brand,1
2649,886,2026-10-03 20:01:00,SMB,Organic Search,SEO-Product,1
2650,886,2026-10-04 03:22:00,SMB,Display,DISPLAY-Retargeting,2
2651,887,2026-09-26 10:01:00,SMB,Paid Social,META-Prospecting,1
2652,888,2026-05-10 06:44:00,SMB,Email,EMAIL-Nurture,1
2653,889,2026-08-18 02:20:00,Freelancer,Paid Social,META-Prospecting,1
2654,890,2026-02-25 10:25:00,SMB,Email,EMAIL-Reactivation,1
2655,890,2026-02-28 16:03:00,SMB,Display,DISPLAY-Retargeting,2
2656,890,2026-03-07 20:17:00,SMB,Email,EMAIL-Nurture,3
2657,890,2026-03-07 20:25:00,SMB,Paid Search,PS-NonBrand,4
2658,890,2026-03-15 23:36:00,SMB,Organic Search,SEO-Product,5
2659,891,2025-11-10 10:15:00,Startup,Organic Search,SEO-Product,1
2660,891,2025-11-24 02:33:00,Startup,Referral,REF-Customer,2
2661,892,2026-08-01 12:37:00,SMB,Referral,REF-Customer,1
2662,892,2026-08-08 03:42:00,SMB,Email,EMAIL-Reactivation,2
2663,892,2026-08-16 19:14:00,SMB,Referral,REF-Customer,3
2664,893,2026-04-08 17:47:00,Startup,Organic Search,SEO-Content,1
2665,893,2026-04-22 00:25:00,Startup,Organic Search,SEO-Product,2
2666,894,2026-09-21 22:02:00,Freelancer,Paid Search,PS-NonBrand,1
2667,895,2025-12-30 00:50:00,Freelancer,Paid Search,PS-NonBrand,1
2668,895,2025-12-31 01:57:00,Freelancer,Paid Search,PS-NonBrand,2
2669,895,2026-01-09 02:37:00,Freelancer,Paid Social,META-Retargeting,3
2670,895,2026-01-12 19:22:00,Freelancer,Organic Search,SEO-Content,4
2671,896,2026-04-20 06:53:00,SMB,Organic Search,SEO-Content,1
2672,897,2026-06-02 02:56:00,Freelancer,Paid Social,META-Retargeting,1
2673,897,2026-06-03 00:22:00,Freelancer,Email,EMAIL-Reactivation,2
2674,897,2026-06-09 12:08:00,Freelancer,Display,DISPLAY-Retargeting,3
2675,897,2026-06-14 05:35:00,Freelancer,Paid Search,PS-NonBrand,4
2676,898,2025-11-24 17:39:00,SMB,Email,EMAIL-Nurture,1
2677,898,2025-12-02 19:42:00,SMB,Referral,REF-Customer,2
2678,898,2025-12-10 11:24:00,SMB,Paid Search,PS-Brand,3
2679,898,2025-12-14 00:23:00,SMB,Paid Search,PS-NonBrand,4
2680,899,2026-10-05 09:40:00,Startup,Display,DISPLAY-Prospecting,1
2681,899,2026-10-09 08:55:00,Startup,Paid Social,META-Prospecting,2
2682,899,2026-10-16 17:16:00,Startup,Email,EMAIL-Reactivation,3
2683,900,2026-05-12 23:29:00,SMB,Organic Search,SEO-Product,1
2684,900,2026-05-16 17:41:00,SMB,Email,EMAIL-Reactivation,2
2685,900,2026-05-20 04:07:00,SMB,Referral,REF-Customer,3
2686,900,2026-05-25 20:37:00,SMB,Paid Search,PS-Brand,4
2687,900,2026-05-31 17:17:00,SMB,Referral,REF-Customer,5
2688,901,2025-12-03 10:58:00,Startup,Email,EMAIL-Reactivation,1
2689,901,2025-12-09 20:45:00,Startup,Paid Search,PS-NonBrand,2
2690,901,2025-12-10 04:09:00,Startup,Paid Search,PS-NonBrand,3
2691,901,2025-12-24 11:46:00,Startup,Organic Search,SEO-Content,4
2692,902,2026-07-01 20:12:00,Startup,Paid Social,META-Prospecting,1
2693,902,2026-07-04 00:00:00,Startup,Display,DISPLAY-Retargeting,2
2694,902,2026-07-14 00:02:00,Startup,Organic Search,SEO-Content,3
2695,903,2026-09-11 03:00:00,Freelancer,Organic Search,SEO-Content,1
2696,903,2026-09-15 17:57:00,Freelancer,Organic Search,SEO-Product,2
2697,904,2026-03-05 22:20:00,Freelancer,Paid Search,PS-NonBrand,1
2698,905,2026-05-14 11:51:00,SMB,Paid Search,PS-NonBrand,1
2699,905,2026-05-19 01:29:00,SMB,Paid Social,META-Prospecting,2
2700,906,2026-07-27 03:14:00,Freelancer,Email,EMAIL-Nurture,1
2701,906,2026-07-28 01:08:00,Freelancer,Display,DISPLAY-Retargeting,2
2702,907,2025-11-23 09:50:00,SMB,Email,EMAIL-Nurture,1
2703,907,2025-11-25 21:26:00,SMB,Paid Social,META-Retargeting,2
2704,907,2025-11-30 09:46:00,SMB,Referral,REF-Partner,3
2705,907,2025-12-11 02:56:00,SMB,Paid Search,PS-NonBrand,4
2706,907,2025-12-18 12:16:00,SMB,Email,EMAIL-Nurture,5
2707,908,2026-04-18 19:36:00,SMB,Paid Social,META-Prospecting,1
2708,908,2026-04-22 07:09:00,SMB,Paid Search,PS-Brand,2
2709,908,2026-05-04 05:14:00,SMB,Organic Search,SEO-Content,3
2710,908,2026-05-05 08:30:00,SMB,Paid Social,META-Prospecting,4
2711,909,2026-05-07 14:48:00,SMB,Referral,REF-Partner,1
2712,910,2026-02-15 01:58:00,SMB,Paid Social,META-Retargeting,1
2713,911,2026-01-18 00:34:00,SMB,Organic Search,SEO-Product,1
2714,911,2026-02-06 03:00:00,SMB,Paid Search,PS-Brand,2
2715,911,2026-02-09 13:49:00,SMB,Organic Search,SEO-Product,3
2716,911,2026-02-09 16:06:00,SMB,Referral,REF-Partner,4
2717,911,2026-02-16 10:30:00,SMB,Organic Search,SEO-Product,5
2718,912,2026-05-22 15:29:00,Startup,Paid Social,META-Prospecting,1
2719,912,2026-05-24 10:29:00,Startup,Organic Search,SEO-Product,2
2720,912,2026-05-30 05:37:00,Startup,Display,DISPLAY-Retargeting,3
2721,912,2026-06-05 07:51:00,Startup,Display,DISPLAY-Retargeting,4
2722,912,2026-06-09 22:41:00,Startup,Paid Search,PS-NonBrand,5
2723,913,2026-07-05 03:14:00,SMB,Paid Search,PS-NonBrand,1
2724,913,2026-07-06 10:24:00,SMB,Paid Search,PS-Brand,2
2725,913,2026-07-09 10:48:00,SMB,Organic Search,SEO-Content,3
2726,913,2026-07-12 16:30:00,SMB,Display,DISPLAY-Retargeting,4
2727,913,2026-07-25 03:57:00,SMB,Organic Search,SEO-Product,5
2728,914,2026-02-20 15:21:00,Startup,Paid Social,META-Retargeting,1
2729,914,2026-03-08 02:44:00,Startup,Organic Search,SEO-Content,2
2730,914,2026-03-19 22:13:00,Startup,Paid Social,META-Retargeting,3
2731,915,2025-12-22 08:09:00,SMB,Paid Search,PS-NonBrand,1
2732,916,2026-07-20 09:07:00,Startup,Paid Search,PS-Brand,1
2733,916,2026-07-23 18:23:00,Startup,Paid Social,META-Retargeting,2
2734,916,2026-07-24 00:28:00,Startup,Paid Social,META-Prospecting,3
2735,917,2025-12-05 15:58:00,SMB,Paid Social,META-Retargeting,1
2736,918,2025-10-15 21:18:00,SMB,Paid Search,PS-NonBrand,1
2737,918,2025-10-17 23:44:00,SMB,Referral,REF-Customer,2
2738,918,2025-10-23 14:32:00,SMB,Organic Search,SEO-Content,3
2739,918,2025-10-25 13:18:00,SMB,Referral,REF-Customer,4
2740,918,2025-10-29 15:29:00,SMB,Email,EMAIL-Nurture,5
2741,919,2026-01-26 23:52:00,Startup,Organic Search,SEO-Product,1
2742,919,2026-01-27 20:53:00,Startup,Organic Search,SEO-Product,2
2743,919,2026-02-06 09:03:00,Startup,Organic Search,SEO-Content,3
2744,920,2026-07-26 03:47:00,Freelancer,Paid Search,PS-Brand,1
2745,920,2026-08-01 07:57:00,Freelancer,Email,EMAIL-Reactivation,2
2746,920,2026-08-13 11:50:00,Freelancer,Paid Search,PS-NonBrand,3
2747,920,2026-08-22 03:31:00,Freelancer,Paid Search,PS-Brand,4
2748,921,2026-07-20 22:11:00,Freelancer,Email,EMAIL-Nurture,1
2749,921,2026-07-23 17:12:00,Freelancer,Email,EMAIL-Reactivation,2
2750,921,2026-08-01 11:50:00,Freelancer,Paid Social,META-Retargeting,3
2751,922,2026-02-04 19:55:00,SMB,Paid Search,PS-Brand,1
2752,922,2026-02-10 17:22:00,SMB,Paid Search,PS-NonBrand,2
2753,923,2026-04-12 06:30:00,Freelancer,Email,EMAIL-Reactivation,1
2754,923,2026-04-21 16:43:00,Freelancer,Paid Search,PS-NonBrand,2
2755,924,2026-09-20 10:52:00,Startup,Paid Search,PS-Brand,1
2756,924,2026-09-26 18:12:00,Startup,Organic Search,SEO-Content,2
2757,924,2026-09-30 04:26:00,Startup,Organic Search,SEO-Product,3
2758,924,2026-10-02 01:52:00,Startup,Paid Social,META-Retargeting,4
2759,925,2026-06-23 14:41:00,Freelancer,Paid Social,META-Prospecting,1
2760,925,2026-06-25 18:29:00,Freelancer,Paid Search,PS-NonBrand,2
2761,926,2026-07-25 05:54:00,SMB,Email,EMAIL-Nurture,1
2762,926,2026-07-29 14:55:00,SMB,Email,EMAIL-Nurture,2
2763,926,2026-07-30 20:50:00,SMB,Paid Social,META-Prospecting,3
2764,926,2026-08-01 12:13:00,SMB,Referral,REF-Customer,4
2765,927,2025-11-23 15:25:00,SMB,Referral,REF-Customer,1
2766,928,2025-12-28 00:02:00,SMB,Paid Search,PS-NonBrand,1
2767,928,2025-12-31 06:01:00,SMB,Referral,REF-Partner,2
2768,928,2026-01-09 09:39:00,SMB,Paid Search,PS-Brand,3
2769,928,2026-01-13 15:40:00,SMB,Referral,REF-Customer,4
2770,929,2025-11-29 03:32:00,Startup,Paid Social,META-Retargeting,1
2771,930,2026-09-29 08:39:00,SMB,Paid Search,PS-Brand,1
2772,930,2026-10-11 13:26:00,SMB,Paid Social,META-Retargeting,2
2773,930,2026-10-19 13:41:00,SMB,Organic Search,SEO-Product,3
2774,931,2026-02-09 04:26:00,SMB,Display,DISPLAY-Retargeting,1
2775,931,2026-02-20 00:27:00,SMB,Email,EMAIL-Nurture,2
2776,931,2026-02-20 00:42:00,SMB,Paid Search,PS-Brand,3
2777,931,2026-03-03 22:52:00,SMB,Referral,REF-Customer,4
2778,932,2026-04-06 23:04:00,Startup,Paid Search,PS-Brand,1
2779,932,2026-04-12 12:18:00,Startup,Organic Search,SEO-Content,2
2780,933,2026-05-17 09:59:00,Freelancer,Email,EMAIL-Nurture,1
2781,934,2026-04-09 13:31:00,Startup,Paid Social,META-Prospecting,1
2782,934,2026-04-24 18:02:00,Startup,Referral,REF-Partner,2
2783,934,2026-04-26 10:17:00,Startup,Paid Social,META-Prospecting,3
2784,934,2026-04-28 18:08:00,Startup,Paid Social,META-Retargeting,4
2785,934,2026-05-04 15:22:00,Startup,Organic Search,SEO-Product,5
2786,935,2025-10-21 10:32:00,Startup,Paid Social,META-Prospecting,1
2787,935,2025-10-25 01:16:00,Startup,Referral,REF-Partner,2
2788,935,2025-10-31 11:05:00,Startup,Display,DISPLAY-Prospecting,3
2789,935,2025-11-16 00:55:00,Startup,Paid Search,PS-NonBrand,4
2790,935,2025-11-17 08:56:00,Startup,Organic Search,SEO-Content,5
2791,936,2026-08-29 00:43:00,SMB,Organic Search,SEO-Content,1
2792,936,2026-08-31 02:04:00,SMB,Email,EMAIL-Reactivation,2
2793,936,2026-09-23 00:13:00,SMB,Referral,REF-Customer,3
2794,937,2026-02-18 15:41:00,Freelancer,Paid Search,PS-NonBrand,1
2795,937,2026-02-27 23:10:00,Freelancer,Organic Search,SEO-Content,2
2796,938,2026-09-02 21:01:00,SMB,Organic Search,SEO-Product,1
2797,938,2026-09-11 17:39:00,SMB,Display,DISPLAY-Retargeting,2
2798,938,2026-09-17 09:44:00,SMB,Display,DISPLAY-Retargeting,3
2799,938,2026-09-27 00:59:00,SMB,Paid Search,PS-NonBrand,4
2800,939,2026-07-12 09:45:00,SMB,Paid Search,PS-Brand,1
2801,939,2026-07-13 22:43:00,SMB,Email,EMAIL-Reactivation,2
2802,939,2026-07-23 12:00:00,SMB,Email,EMAIL-Reactivation,3
2803,939,2026-07-24 07:38:00,SMB,Paid Social,META-Prospecting,4
2804,939,2026-07-28 06:33:00,SMB,Email,EMAIL-Reactivation,5
2805,940,2026-06-12 23:06:00,SMB,Display,DISPLAY-Prospecting,1
2806,940,2026-07-01 21:09:00,SMB,Paid Search,PS-Brand,2
2807,940,2026-07-09 23:19:00,SMB,Organic Search,SEO-Product,3
2808,940,2026-07-10 03:05:00,SMB,Paid Social,META-Prospecting,4
2809,941,2026-06-23 00:39:00,SMB,Paid Social,META-Prospecting,1
2810,941,2026-07-03 14:45:00,SMB,Email,EMAIL-Nurture,2
2811,941,2026-07-08 02:39:00,SMB,Paid Search,PS-NonBrand,3
2812,942,2026-09-25 17:44:00,Startup,Paid Social,META-Prospecting,1
2813,942,2026-09-25 19:26:00,Startup,Paid Social,META-Retargeting,2
2814,942,2026-09-30 19:21:00,Startup,Display,DISPLAY-Retargeting,3
2815,942,2026-10-11 14:37:00,Startup,Organic Search,SEO-Content,4
2816,943,2026-01-20 03:22:00,Startup,Paid Social,META-Retargeting,1
2817,943,2026-01-21 18:00:00,Startup,Paid Search,PS-Brand,2
2818,943,2026-01-29 22:56:00,Startup,Paid Social,META-Retargeting,3
2819,943,2026-01-31 02:37:00,Startup,Paid Search,PS-Brand,4
2820,944,2026-02-15 03:11:00,SMB,Paid Search,PS-Brand,1
2821,945,2026-06-02 15:34:00,SMB,Email,EMAIL-Reactivation,1
2822,945,2026-06-18 17:23:00,SMB,Organic Search,SEO-Content,2
2823,945,2026-06-27 11:51:00,SMB,Paid Search,PS-Brand,3
2824,946,2026-01-03 19:37:00,SMB,Display,DISPLAY-Retargeting,1
2825,946,2026-01-20 20:49:00,SMB,Paid Search,PS-NonBrand,2
2826,947,2026-08-05 13:05:00,SMB,Organic Search,SEO-Content,1
2827,947,2026-08-17 17:17:00,SMB,Paid Search,PS-NonBrand,2
2828,948,2025-10-16 03:50:00,Freelancer,Paid Search,PS-NonBrand,1
2829,949,2026-09-05 13:52:00,Startup,Email,EMAIL-Nurture,1
2830,949,2026-09-08 07:16:00,Startup,Display,DISPLAY-Retargeting,2
2831,949,2026-09-18 23:52:00,Startup,Email,EMAIL-Nurture,3
2832,950,2026-02-07 04:00:00,SMB,Paid Social,META-Prospecting,1
2833,950,2026-02-08 01:11:00,SMB,Paid Search,PS-Brand,2
2834,950,2026-02-14 16:34:00,SMB,Email,EMAIL-Nurture,3
2835,951,2025-10-04 01:22:00,SMB,Paid Social,META-Retargeting,1
2836,951,2025-10-15 11:52:00,SMB,Organic Search,SEO-Content,2
2837,951,2025-10-22 15:27:00,SMB,Referral,REF-Customer,3
2838,951,2025-10-23 18:28:00,SMB,Paid Social,META-Prospecting,4
2839,951,2025-10-26 09:51:00,SMB,Paid Search,PS-Brand,5
2840,952,2026-05-17 01:09:00,Startup,Referral,REF-Partner,1
2841,952,2026-06-04 02:31:00,Startup,Paid Search,PS-Brand,2
2842,953,2026-01-25 07:51:00,Startup,Paid Search,PS-NonBrand,1
2843,953,2026-02-05 17:31:00,Startup,Paid Social,META-Retargeting,2
2844,954,2026-01-24 13:09:00,Freelancer,Email,EMAIL-Nurture,1
2845,955,2026-03-26 03:43:00,SMB,Paid Search,PS-Brand,1
2846,955,2026-04-05 21:34:00,SMB,Paid Search,PS-NonBrand,2
2847,955,2026-04-18 07:20:00,SMB,Paid Search,PS-Brand,3
2848,955,2026-04-21 11:10:00,SMB,Paid Search,PS-NonBrand,4
2849,956,2026-05-10 23:22:00,Startup,Organic Search,SEO-Content,1
2850,957,2025-12-05 12:13:00,SMB,Paid Social,META-Prospecting,1
2851,958,2025-11-10 06:14:00,Startup,Organic Search,SEO-Content,1
2852,959,2026-03-23 12:06:00,SMB,Email,EMAIL-Nurture,1
2853,959,2026-03-23 16:16:00,SMB,Organic Search,SEO-Product,2
2854,959,2026-03-25 00:35:00,SMB,Paid Search,PS-NonBrand,3
2855,959,2026-04-02 16:51:00,SMB,Email,EMAIL-Reactivation,4
2856,959,2026-04-09 07:18:00,SMB,Paid Search,PS-NonBrand,5
2857,960,2026-02-24 02:10:00,Startup,Referral,REF-Customer,1
2858,960,2026-03-01 08:10:00,Startup,Paid Search,PS-NonBrand,2
2859,961,2026-05-26 01:27:00,SMB,Referral,REF-Customer,1
2860,961,2026-05-28 10:28:00,SMB,Paid Search,PS-NonBrand,2
2861,962,2026-07-06 01:00:00,Startup,Email,EMAIL-Reactivation,1
2862,962,2026-07-18 13:54:00,Startup,Paid Social,META-Retargeting,2
2863,962,2026-07-26 12:28:00,Startup,Paid Social,META-Retargeting,3
2864,963,2026-05-20 16:18:00,SMB,Display,DISPLAY-Prospecting,1
2865,963,2026-05-30 19:16:00,SMB,Paid Search,PS-NonBrand,2
2866,963,2026-06-08 10:13:00,SMB,Paid Search,PS-Brand,3
2867,964,2025-11-10 02:48:00,Freelancer,Display,DISPLAY-Prospecting,1
2868,964,2025-11-10 22:05:00,Freelancer,Email,EMAIL-Reactivation,2
2869,964,2025-11-14 18:04:00,Freelancer,Email,EMAIL-Nurture,3
2870,965,2026-10-05 04:21:00,SMB,Referral,REF-Customer,1
2871,965,2026-10-06 12:30:00,SMB,Referral,REF-Customer,2
2872,965,2026-10-19 10:38:00,SMB,Email,EMAIL-Nurture,3
2873,965,2026-10-20 22:52:00,SMB,Organic Search,SEO-Content,4
2874,965,2026-10-24 06:16:00,SMB,Paid Social,META-Prospecting,5
2875,966,2026-06-23 00:54:00,Startup,Referral,REF-Partner,1
2876,966,2026-06-30 18:41:00,Startup,Paid Search,PS-NonBrand,2
2877,966,2026-07-04 03:28:00,Startup,Paid Search,PS-Brand,3
2878,966,2026-07-07 13:31:00,Startup,Email,EMAIL-Nurture,4
2879,966,2026-07-09 20:54:00,Startup,Paid Search,PS-Brand,5
2880,967,2025-10-29 14:29:00,SMB,Email,EMAIL-Nurture,1
2881,967,2025-11-08 15:51:00,SMB,Paid Social,META-Retargeting,2
2882,968,2026-07-09 23:34:00,Startup,Paid Social,META-Prospecting,1
2883,969,2026-08-23 00:39:00,Startup,Paid Search,PS-Brand,1
2884,969,2026-09-13 17:48:00,Startup,Referral,REF-Customer,2
2885,969,2026-09-16 03:25:00,Startup,Paid Search,PS-NonBrand,3
2886,970,2026-04-26 12:34:00,SMB,Paid Social,META-Prospecting,1
2887,970,2026-05-12 18:18:00,SMB,Organic Search,SEO-Product,2
2888,970,2026-05-18 05:56:00,SMB,Paid Search,PS-NonBrand,3
2889,970,2026-05-24 04:12:00,SMB,Email,EMAIL-Reactivation,4
2890,971,2026-08-06 13:01:00,SMB,Paid Social,META-Prospecting,1
2891,971,2026-08-20 21:39:00,SMB,Organic Search,SEO-Product,2
2892,972,2026-09-10 23:30:00,SMB,Referral,REF-Customer,1
2893,973,2026-10-11 08:17:00,SMB,Display,DISPLAY-Prospecting,1
2894,974,2026-09-27 18:10:00,Startup,Paid Social,META-Retargeting,1
2895,974,2026-10-02 05:39:00,Startup,Paid Social,META-Prospecting,2
2896,975,2025-12-22 18:33:00,SMB,Paid Search,PS-NonBrand,1
2897,976,2025-10-15 00:38:00,SMB,Display,DISPLAY-Retargeting,1
2898,976,2025-10-17 18:52:00,SMB,Email,EMAIL-Reactivation,2
2899,976,2025-10-20 20:17:00,SMB,Referral,REF-Partner,3
2900,976,2025-11-03 03:07:00,SMB,Referral,REF-Customer,4
2901,976,2025-11-05 21:06:00,SMB,Email,EMAIL-Nurture,5
2902,977,2026-06-04 08:25:00,SMB,Display,DISPLAY-Prospecting,1
2903,977,2026-06-10 14:23:00,SMB,Referral,REF-Customer,2
2904,977,2026-06-15 05:26:00,SMB,Referral,REF-Customer,3
2905,978,2026-06-13 11:35:00,SMB,Referral,REF-Customer,1
2906,978,2026-06-22 16:30:00,SMB,Paid Social,META-Retargeting,2
2907,978,2026-06-24 14:25:00,SMB,Paid Search,PS-Brand,3
2908,978,2026-07-01 11:14:00,SMB,Organic Search,SEO-Product,4
2909,979,2026-05-01 01:06:00,SMB,Paid Social,META-Retargeting,1
2910,979,2026-05-07 05:28:00,SMB,Paid Search,PS-Brand,2
2911,979,2026-05-08 20:16:00,SMB,Organic Search,SEO-Product,3
2912,979,2026-05-14 13:54:00,SMB,Paid Search,PS-Brand,4
2913,979,2026-05-21 20:54:00,SMB,Referral,REF-Partner,5
2914,980,2026-01-23 02:55:00,Startup,Referral,REF-Customer,1
2915,980,2026-01-24 13:56:00,Startup,Paid Social,META-Prospecting,2
2916,981,2026-09-19 01:17:00,SMB,Referral,REF-Customer,1
2917,981,2026-09-30 05:18:00,SMB,Paid Search,PS-NonBrand,2
2918,982,2026-02-28 03:37:00,Freelancer,Paid Search,PS-Brand,1
2919,982,2026-03-06 01:01:00,Freelancer,Paid Social,META-Retargeting,2
2920,982,2026-03-27 16:55:00,Freelancer,Paid Search,PS-Brand,3
2921,983,2026-07-15 12:19:00,Startup,Display,DISPLAY-Prospecting,1
2922,983,2026-07-16 18:19:00,Startup,Paid Social,META-Retargeting,2
2923,984,2026-05-21 01:12:00,SMB,Paid Search,PS-Brand,1
2924,984,2026-05-22 14:40:00,SMB,Organic Search,SEO-Product,2
2925,984,2026-05-29 11:57:00,SMB,Display,DISPLAY-Prospecting,3
2926,984,2026-06-07 02:37:00,SMB,Referral,REF-Customer,4
2927,984,2026-06-07 13:10:00,SMB,Referral,REF-Partner,5
2928,985,2026-09-01 08:23:00,Freelancer,Paid Social,META-Retargeting,1
2929,985,2026-09-03 18:22:00,Freelancer,Paid Social,META-Retargeting,2
2930,985,2026-09-09 10:37:00,Freelancer,Paid Social,META-Retargeting,3
2931,985,2026-09-10 09:55:00,Freelancer,Organic Search,SEO-Content,4
2932,985,2026-09-17 06:42:00,Freelancer,Paid Search,PS-Brand,5
2933,986,2026-06-28 17:28:00,Startup,Referral,REF-Customer,1
2934,986,2026-07-13 11:01:00,Startup,Paid Social,META-Retargeting,2
2935,986,2026-07-15 14:02:00,Startup,Paid Search,PS-Brand,3
2936,987,2026-06-03 11:27:00,Startup,Display,DISPLAY-Prospecting,1
2937,987,2026-06-04 09:37:00,Startup,Email,EMAIL-Nurture,2
2938,988,2026-08-16 02:29:00,SMB,Organic Search,SEO-Product,1
2939,988,2026-08-17 17:04:00,SMB,Display,DISPLAY-Prospecting,2
2940,988,2026-08-20 04:07:00,SMB,Email,EMAIL-Nurture,3
2941,988,2026-08-25 21:11:00,SMB,Paid Search,PS-NonBrand,4
2942,988,2026-09-01 05:23:00,SMB,Paid Search,PS-Brand,5
2943,989,2025-10-21 23:02:00,Startup,Referral,REF-Partner,1
2944,989,2025-10-30 14:50:00,Startup,Paid Search,PS-Brand,2
2945,989,2025-11-12 22:42:00,Startup,Paid Search,PS-NonBrand,3
2946,989,2025-11-15 21:16:00,Startup,Email,EMAIL-Reactivation,4
2947,990,2026-06-15 05:25:00,SMB,Paid Search,PS-Brand,1
2948,990,2026-07-02 20:03:00,SMB,Referral,REF-Partner,2
2949,990,2026-07-10 00:44:00,SMB,Email,EMAIL-Reactivation,3
2950,991,2026-05-03 19:39:00,Startup,Email,EMAIL-Reactivation,1
2951,991,2026-05-13 21:18:00,Startup,Paid Search,PS-NonBrand,2
2952,991,2026-05-25 20:36:00,Startup,Paid Social,META-Retargeting,3
2953,991,2026-05-29 17:53:00,Startup,Paid Search,PS-NonBrand,4
2954,992,2026-07-16 16:31:00,SMB,Paid Search,PS-Brand,1
2955,992,2026-07-27 21:50:00,SMB,Paid Search,PS-Brand,2
2956,992,2026-07-28 23:46:00,SMB,Email,EMAIL-Reactivation,3
2957,992,2026-08-02 20:50:00,SMB,Display,DISPLAY-Retargeting,4
2958,992,2026-08-09 06:54:00,SMB,Display,DISPLAY-Prospecting,5
2959,993,2025-12-26 14:04:00,SMB,Email,EMAIL-Nurture,1
2960,993,2026-01-09 01:13:00,SMB,Display,DISPLAY-Retargeting,2
2961,993,2026-01-12 14:05:00,SMB,Paid Search,PS-Brand,3
2962,994,2026-05-16 09:11:00,Startup,Organic Search,SEO-Product,1
2963,994,2026-05-19 10:21:00,Startup,Organic Search,SEO-Product,2
2964,995,2026-01-16 09:31:00,SMB,Paid Search,PS-NonBrand,1
2965,995,2026-01-27 15:12:00,SMB,Paid Social,META-Retargeting,2
2966,995,2026-02-05 08:51:00,SMB,Paid Social,META-Retargeting,3
2967,995,2026-02-07 13:09:00,SMB,Paid Search,PS-NonBrand,4
2968,995,2026-02-08 15:38:00,SMB,Organic Search,SEO-Product,5
2969,996,2025-11-18 20:00:00,SMB,Email,EMAIL-Reactivation,1
2970,996,2025-11-20 12:37:00,SMB,Paid Search,PS-Brand,2
2971,997,2026-04-29 21:10:00,Startup,Paid Search,PS-Brand,1
2972,997,2026-05-05 10:38:00,Startup,Paid Search,PS-NonBrand,2
2973,997,2026-05-17 12:57:00,Startup,Paid Social,META-Retargeting,3
2974,997,2026-05-18 01:28:00,Startup,Paid Search,PS-Brand,4
2975,997,2026-05-18 12:19:00,Startup,Paid Search,PS-NonBrand,5
2976,998,2025-10-08 03:52:00,SMB,Paid Search,PS-NonBrand,1
2977,998,2025-10-12 10:58:00,SMB,Referral,REF-Customer,2
2978,998,2025-10-15 23:56:00,SMB,Referral,REF-Customer,3
2979,998,2025-11-02 23:42:00,SMB,Email,EMAIL-Reactivation,4
2980,998,2025-11-06 12:25:00,SMB,Email,EMAIL-Reactivation,5
2981,999,2025-11-03 02:27:00,SMB,Paid Search,PS-Brand,1
2982,1000,2026-04-23 15:15:00,SMB,Referral,REF-Partner,1
2983,1000,2026-04-29 10:22:00,SMB,Paid Search,PS-Brand,2
2984,1000,2026-05-06 13:20:00,SMB,Paid Search,PS-NonBrand,3
2985,1001,2026-08-29 17:45:00,Freelancer,Paid Social,META-Prospecting,1
2986,1001,2026-09-13 16:13:00,Freelancer,Paid Social,META-Retargeting,2
2987,1002,2026-06-22 23:58:00,Startup,Paid Search,PS-Brand,1
2988,1002,2026-07-12 11:06:00,Startup,Paid Search,PS-NonBrand,2
2989,1002,2026-07-16 14:05:00,Startup,Paid Search,PS-NonBrand,3
2990,1002,2026-07-17 05:25:00,Startup,Paid Search,PS-NonBrand,4
2991,1002,2026-07-18 15:30:00,Startup,Organic Search,SEO-Content,5
2992,1003,2025-10-20 04:43:00,Startup,Paid Search,PS-NonBrand,1
2993,1004,2025-11-14 04:23:00,Freelancer,Organic Search,SEO-Content,1
2994,1004,2025-11-14 10:40:00,Freelancer,Paid Social,META-Retargeting,2
2995,1004,2025-11-28 23:28:00,Freelancer,Referral,REF-Partner,3
2996,1004,2025-12-05 04:20:00,Freelancer,Paid Social,META-Retargeting,4
2997,1004,2025-12-07 23:01:00,Freelancer,Paid Search,PS-Brand,5
2998,1005,2026-03-07 01:47:00,Startup,Referral,REF-Partner,1
2999,1005,2026-03-18 08:31:00,Startup,Referral,REF-Partner,2
3000,1005,2026-03-19 05:23:00,Startup,Display,DISPLAY-Retargeting,3
3001,1006,2026-03-09 02:28:00,Startup,Referral,REF-Partner,1
3002,1006,2026-03-26 15:10:00,Startup,Paid Search,PS-NonBrand,2
3003,1007,2025-10-16 09:54:00,Startup,Paid Search,PS-Brand,1
3004,1007,2025-10-21 02:17:00,Startup,Paid Social,META-Retargeting,2
3005,1007,2025-10-23 08:46:00,Startup,Referral,REF-Customer,3
3006,1008,2026-01-02 11:09:00,Freelancer,Display,DISPLAY-Retargeting,1
3007,1008,2026-01-02 21:07:00,Freelancer,Email,EMAIL-Reactivation,2
3008,1008,2026-01-14 14:41:00,Freelancer,Referral,REF-Partner,3
3009,1008,2026-01-20 01:08:00,Freelancer,Email,EMAIL-Nurture,4
3010,1009,2025-12-02 00:51:00,Startup,Referral,REF-Customer,1
3011,1010,2026-05-05 22:37:00,SMB,Paid Search,PS-NonBrand,1
3012,1010,2026-05-16 09:16:00,SMB,Paid Social,META-Retargeting,2
3013,1011,2026-05-31 05:54:00,SMB,Paid Search,PS-Brand,1
3014,1011,2026-06-05 04:13:00,SMB,Email,EMAIL-Nurture,2
3015,1011,2026-06-05 18:46:00,SMB,Paid Social,META-Retargeting,3
3016,1011,2026-06-14 14:41:00,SMB,Paid Search,PS-Brand,4
3017,1011,2026-06-17 00:39:00,SMB,Paid Social,META-Prospecting,5
3018,1012,2026-03-09 07:07:00,SMB,Paid Social,META-Prospecting,1
3019,1012,2026-03-12 23:17:00,SMB,Display,DISPLAY-Prospecting,2
3020,1012,2026-03-19 12:08:00,SMB,Paid Social,META-Retargeting,3
3021,1012,2026-03-20 04:42:00,SMB,Organic Search,SEO-Content,4
3022,1013,2026-04-27 14:18:00,Startup,Email,EMAIL-Nurture,1
3023,1013,2026-04-30 15:37:00,Startup,Organic Search,SEO-Product,2
3024,1013,2026-04-30 22:32:00,Startup,Paid Social,META-Prospecting,3
3025,1013,2026-05-01 18:45:00,Startup,Paid Social,META-Prospecting,4
3026,1013,2026-05-12 21:57:00,Startup,Organic Search,SEO-Product,5
3027,1014,2025-12-14 05:39:00,Freelancer,Paid Social,META-Retargeting,1
3028,1014,2025-12-17 02:21:00,Freelancer,Paid Social,META-Retargeting,2
3029,1014,2025-12-17 03:07:00,Freelancer,Paid Search,PS-NonBrand,3
3030,1014,2025-12-20 23:58:00,Freelancer,Paid Search,PS-Brand,4
3031,1015,2026-08-07 05:16:00,Startup,Referral,REF-Customer,1
3032,1015,2026-08-16 03:43:00,Startup,Paid Search,PS-Brand,2
3033,1015,2026-08-23 08:00:00,Startup,Paid Social,META-Retargeting,3
3034,1015,2026-09-03 00:36:00,Startup,Paid Social,META-Retargeting,4
3035,1016,2025-10-21 22:49:00,Startup,Paid Social,META-Prospecting,1
3036,1016,2025-10-23 10:03:00,Startup,Display,DISPLAY-Retargeting,2
3037,1017,2026-04-25 04:55:00,Startup,Paid Search,PS-Brand,1
3038,1017,2026-04-27 23:37:00,Startup,Referral,REF-Partner,2
3039,1018,2026-01-28 06:35:00,Freelancer,Paid Search,PS-NonBrand,1
3040,1018,2026-02-08 02:04:00,Freelancer,Referral,REF-Customer,2
3041,1018,2026-02-08 12:38:00,Freelancer,Organic Search,SEO-Content,3
3042,1018,2026-02-10 23:23:00,Freelancer,Email,EMAIL-Reactivation,4
3043,1018,2026-02-17 04:34:00,Freelancer,Display,DISPLAY-Retargeting,5
3044,1019,2026-03-17 18:00:00,Startup,Referral,REF-Partner,1
3045,1019,2026-04-06 20:13:00,Startup,Paid Social,META-Prospecting,2
3046,1020,2026-04-10 18:27:00,SMB,Paid Social,META-Prospecting,1
3047,1020,2026-04-25 10:28:00,SMB,Referral,REF-Customer,2
3048,1020,2026-04-29 15:39:00,SMB,Paid Search,PS-NonBrand,3
3049,1021,2026-06-01 03:19:00,Startup,Paid Social,META-Retargeting,1
3050,1021,2026-06-05 19:43:00,Startup,Paid Social,META-Retargeting,2
3051,1021,2026-06-06 18:48:00,Startup,Paid Search,PS-Brand,3
3052,1021,2026-06-10 11:51:00,Startup,Paid Social,META-Retargeting,4
3053,1021,2026-06-11 04:59:00,Startup,Paid Search,PS-Brand,5
3054,1022,2026-09-09 08:31:00,SMB,Paid Social,META-Retargeting,1
3055,1022,2026-09-15 01:01:00,SMB,Paid Search,PS-Brand,2
3056,1022,2026-10-03 17:21:00,SMB,Email,EMAIL-Nurture,3
3057,1023,2026-05-19 05:37:00,SMB,Paid Search,PS-NonBrand,1
3058,1024,2026-01-14 10:45:00,SMB,Paid Search,PS-NonBrand,1
3059,1024,2026-01-15 05:04:00,SMB,Organic Search,SEO-Content,2
3060,1025,2026-04-12 02:57:00,SMB,Paid Social,META-Prospecting,1
3061,1025,2026-04-20 20:45:00,SMB,Email,EMAIL-Reactivation,2
3062,1025,2026-04-28 08:48:00,SMB,Organic Search,SEO-Product,3
3063,1025,2026-05-05 21:48:00,SMB,Organic Search,SEO-Content,4
3064,1026,2026-04-14 09:34:00,SMB,Organic Search,SEO-Content,1
3065,1026,2026-04-15 15:23:00,SMB,Paid Social,META-Retargeting,2
3066,1026,2026-04-27 18:44:00,SMB,Paid Search,PS-NonBrand,3
3067,1027,2026-09-09 09:20:00,SMB,Paid Social,META-Prospecting,1
3068,1028,2026-05-03 14:36:00,Freelancer,Email,EMAIL-Reactivation,1
3069,1029,2026-09-01 16:02:00,SMB,Paid Search,PS-Brand,1
3070,1030,2026-05-27 04:38:00,Freelancer,Paid Social,META-Prospecting,1
3071,1030,2026-06-01 03:31:00,Freelancer,Paid Social,META-Prospecting,2
3072,1030,2026-06-05 18:36:00,Freelancer,Display,DISPLAY-Retargeting,3
3073,1030,2026-06-14 23:25:00,Freelancer,Paid Search,PS-NonBrand,4
3074,1031,2026-05-16 10:11:00,SMB,Referral,REF-Customer,1
3075,1031,2026-05-17 14:38:00,SMB,Email,EMAIL-Reactivation,2
3076,1031,2026-05-24 23:45:00,SMB,Organic Search,SEO-Content,3
3077,1032,2026-02-13 00:55:00,Freelancer,Email,EMAIL-Nurture,1
3078,1032,2026-02-15 07:21:00,Freelancer,Email,EMAIL-Reactivation,2
3079,1032,2026-02-26 13:19:00,Freelancer,Display,DISPLAY-Retargeting,3
3080,1033,2026-01-10 08:25:00,Startup,Display,DISPLAY-Prospecting,1
3081,1033,2026-01-13 19:15:00,Startup,Paid Search,PS-Brand,2
3082,1033,2026-01-21 15:21:00,Startup,Paid Social,META-Retargeting,3
3083,1033,2026-01-30 01:05:00,Startup,Referral,REF-Customer,4
3084,1034,2025-11-09 08:42:00,Freelancer,Organic Search,SEO-Content,1
3085,1035,2026-04-28 21:48:00,Startup,Organic Search,SEO-Content,1
3086,1036,2026-09-11 20:31:00,Startup,Display,DISPLAY-Retargeting,1
3087,1036,2026-09-11 22:05:00,Startup,Organic Search,SEO-Content,2
3088,1036,2026-09-24 11:50:00,Startup,Paid Social,META-Retargeting,3
3089,1036,2026-09-25 20:09:00,Startup,Email,EMAIL-Nurture,4
3090,1036,2026-09-29 05:55:00,Startup,Paid Social,META-Retargeting,5
3091,1037,2025-10-05 09:50:00,SMB,Referral,REF-Customer,1
3092,1037,2025-10-06 08:44:00,SMB,Referral,REF-Customer,2
3093,1037,2025-10-24 03:40:00,SMB,Referral,REF-Customer,3
3094,1037,2025-10-26 09:45:00,SMB,Paid Social,META-Retargeting,4
3095,1038,2026-10-08 22:18:00,SMB,Referral,REF-Customer,1
3096,1039,2026-08-13 02:20:00,Startup,Email,EMAIL-Nurture,1
3097,1039,2026-08-19 04:02:00,Startup,Organic Search,SEO-Content,2
3098,1039,2026-08-23 22:58:00,Startup,Paid Search,PS-NonBrand,3
3099,1039,2026-09-04 19:17:00,Startup,Email,EMAIL-Reactivation,4
3100,1040,2026-03-19 08:55:00,SMB,Display,DISPLAY-Prospecting,1
3101,1040,2026-04-05 22:55:00,SMB,Email,EMAIL-Reactivation,2
3102,1041,2026-02-08 06:40:00,SMB,Paid Social,META-Retargeting,1
3103,1042,2026-05-02 13:31:00,Freelancer,Paid Search,PS-NonBrand,1
3104,1042,2026-05-08 02:37:00,Freelancer,Email,EMAIL-Reactivation,2
3105,1043,2026-08-11 18:15:00,SMB,Paid Search,PS-Brand,1
3106,1043,2026-08-11 21:10:00,SMB,Organic Search,SEO-Content,2
3107,1043,2026-08-13 09:56:00,SMB,Paid Social,META-Prospecting,3
3108,1043,2026-09-05 07:16:00,SMB,Email,EMAIL-Nurture,4
3109,1044,2025-10-25 13:59:00,Startup,Email,EMAIL-Nurture,1
3110,1044,2025-11-06 08:54:00,Startup,Email,EMAIL-Reactivation,2
3111,1044,2025-11-06 23:16:00,Startup,Paid Social,META-Retargeting,3
3112,1044,2025-11-09 01:09:00,Startup,Paid Search,PS-Brand,4
3113,1045,2026-03-16 23:30:00,SMB,Organic Search,SEO-Content,1
3114,1045,2026-03-17 02:00:00,SMB,Referral,REF-Partner,2
3115,1045,2026-03-31 04:15:00,SMB,Email,EMAIL-Reactivation,3
3116,1045,2026-04-01 22:59:00,SMB,Paid Search,PS-NonBrand,4
3117,1046,2025-10-19 08:46:00,SMB,Paid Search,PS-Brand,1
3118,1046,2025-10-21 18:27:00,SMB,Paid Search,PS-Brand,2
3119,1046,2025-10-29 02:25:00,SMB,Paid Social,META-Prospecting,3
3120,1046,2025-11-14 00:27:00,SMB,Paid Search,PS-NonBrand,4
3121,1046,2025-11-16 06:45:00,SMB,Paid Search,PS-NonBrand,5
3122,1047,2026-06-13 08:33:00,SMB,Paid Social,META-Prospecting,1
3123,1047,2026-06-13 23:59:00,SMB,Paid Search,PS-Brand,2
3124,1047,2026-06-17 21:36:00,SMB,Referral,REF-Customer,3
3125,1048,2025-11-04 11:38:00,Startup,Paid Social,META-Prospecting,1
3126,1048,2025-11-17 13:10:00,Startup,Organic Search,SEO-Product,2
3127,1048,2025-11-26 15:50:00,Startup,Paid Social,META-Retargeting,3
3128,1049,2026-01-26 00:25:00,Freelancer,Organic Search,SEO-Product,1
3129,1049,2026-01-29 12:45:00,Freelancer,Display,DISPLAY-Retargeting,2
3130,1049,2026-02-05 10:18:00,Freelancer,Paid Search,PS-NonBrand,3
3131,1049,2026-02-21 05:44:00,Freelancer,Referral,REF-Customer,4
3132,1050,2026-06-28 13:25:00,Freelancer,Email,EMAIL-Nurture,1
3133,1050,2026-06-29 22:19:00,Freelancer,Email,EMAIL-Reactivation,2
3134,1050,2026-07-11 07:47:00,Freelancer,Paid Social,META-Retargeting,3
3135,1050,2026-07-17 09:08:00,Freelancer,Paid Social,META-Retargeting,4
3136,1050,2026-07-18 17:52:00,Freelancer,Email,EMAIL-Nurture,5
3137,1051,2026-07-22 07:47:00,SMB,Paid Search,PS-Brand,1
3138,1052,2025-12-28 16:10:00,SMB,Display,DISPLAY-Prospecting,1
3139,1052,2026-01-04 04:43:00,SMB,Paid Search,PS-Brand,2
3140,1053,2026-04-08 01:39:00,Freelancer,Paid Search,PS-Brand,1
3141,1054,2025-12-20 00:00:00,SMB,Paid Social,META-Retargeting,1
3142,1054,2025-12-27 04:12:00,SMB,Organic Search,SEO-Product,2
3143,1054,2026-01-01 18:59:00,SMB,Paid Search,PS-Brand,3
3144,1055,2026-05-08 12:02:00,SMB,Display,DISPLAY-Retargeting,1
3145,1055,2026-05-13 01:50:00,SMB,Paid Search,PS-NonBrand,2
3146,1055,2026-05-15 22:21:00,SMB,Organic Search,SEO-Product,3
3147,1056,2025-10-20 10:57:00,SMB,Paid Social,META-Prospecting,1
3148,1056,2025-10-20 12:45:00,SMB,Email,EMAIL-Reactivation,2
3149,1057,2026-07-25 16:56:00,Startup,Referral,REF-Partner,1
3150,1057,2026-07-31 23:56:00,Startup,Organic Search,SEO-Content,2
3151,1057,2026-08-05 17:53:00,Startup,Email,EMAIL-Reactivation,3
3152,1058,2025-10-14 09:47:00,SMB,Paid Social,META-Prospecting,1
3153,1058,2025-10-18 08:40:00,SMB,Paid Search,PS-NonBrand,2
3154,1058,2025-10-26 22:52:00,SMB,Paid Search,PS-Brand,3
3155,1058,2025-10-28 20:38:00,SMB,Paid Social,META-Retargeting,4
3156,1059,2026-05-16 12:06:00,SMB,Organic Search,SEO-Product,1
3157,1059,2026-05-29 05:54:00,SMB,Email,EMAIL-Reactivation,2
3158,1059,2026-06-09 07:36:00,SMB,Referral,REF-Customer,3
3159,1060,2026-03-08 13:45:00,Freelancer,Email,EMAIL-Reactivation,1
3160,1061,2026-01-12 21:42:00,Freelancer,Email,EMAIL-Nurture,1
3161,1062,2026-04-26 12:46:00,Startup,Display,DISPLAY-Prospecting,1
3162,1063,2025-12-08 14:36:00,Startup,Referral,REF-Partner,1
3163,1063,2025-12-11 15:23:00,Startup,Organic Search,SEO-Content,2
3164,1064,2026-05-06 00:40:00,Freelancer,Email,EMAIL-Nurture,1
3165,1064,2026-05-13 17:48:00,Freelancer,Paid Search,PS-NonBrand,2
3166,1064,2026-05-25 05:43:00,Freelancer,Paid Social,META-Prospecting,3
3167,1064,2026-05-25 17:07:00,Freelancer,Email,EMAIL-Nurture,4
3168,1064,2026-05-27 05:53:00,Freelancer,Organic Search,SEO-Content,5
3169,1065,2026-05-26 03:38:00,Startup,Paid Social,META-Retargeting,1
3170,1065,2026-05-26 13:23:00,Startup,Display,DISPLAY-Retargeting,2
3171,1065,2026-05-26 22:49:00,Startup,Referral,REF-Customer,3
3172,1065,2026-05-28 03:00:00,Startup,Paid Search,PS-Brand,4
3173,1065,2026-06-15 23:56:00,Startup,Organic Search,SEO-Product,5
3174,1066,2026-03-26 17:36:00,Startup,Email,EMAIL-Nurture,1
3175,1066,2026-03-27 16:13:00,Startup,Display,DISPLAY-Prospecting,2
3176,1066,2026-04-06 19:06:00,Startup,Display,DISPLAY-Retargeting,3
3177,1066,2026-04-08 03:55:00,Startup,Referral,REF-Customer,4
3178,1067,2026-02-13 07:57:00,SMB,Referral,REF-Customer,1
3179,1067,2026-03-03 01:36:00,SMB,Paid Search,PS-NonBrand,2
3180,1067,2026-03-04 21:26:00,SMB,Paid Search,PS-NonBrand,3
3181,1068,2026-03-18 14:19:00,SMB,Paid Search,PS-Brand,1
3182,1068,2026-03-24 18:45:00,SMB,Paid Social,META-Retargeting,2
3183,1068,2026-04-13 03:44:00,SMB,Display,DISPLAY-Retargeting,3
3184,1069,2026-09-25 10:28:00,Freelancer,Paid Search,PS-NonBrand,1
3185,1069,2026-09-28 09:46:00,Freelancer,Email,EMAIL-Nurture,2
3186,1069,2026-10-11 23:59:00,Freelancer,Referral,REF-Partner,3
3187,1070,2026-07-04 06:29:00,Startup,Paid Search,PS-NonBrand,1
3188,1070,2026-07-10 22:43:00,Startup,Paid Social,META-Retargeting,2
3189,1070,2026-07-15 14:19:00,Startup,Paid Search,PS-NonBrand,3
3190,1070,2026-07-16 09:10:00,Startup,Paid Social,META-Retargeting,4
3191,1070,2026-07-29 10:04:00,Startup,Organic Search,SEO-Content,5
3192,1071,2025-10-22 13:40:00,SMB,Organic Search,SEO-Content,1
3193,1071,2025-10-28 23:27:00,SMB,Paid Social,META-Retargeting,2
3194,1072,2026-01-21 10:10:00,Startup,Email,EMAIL-Reactivation,1
3195,1072,2026-02-01 20:39:00,Startup,Paid Social,META-Retargeting,2
3196,1072,2026-02-11 21:55:00,Startup,Organic Search,SEO-Content,3
3197,1072,2026-02-12 23:57:00,Startup,Organic Search,SEO-Product,4
3198,1073,2025-10-22 00:01:00,Startup,Paid Social,META-Retargeting,1
3199,1073,2025-11-01 05:47:00,Startup,Paid Search,PS-NonBrand,2
3200,1074,2025-12-27 12:21:00,SMB,Display,DISPLAY-Retargeting,1
3201,1074,2026-01-15 08:50:00,SMB,Paid Search,PS-Brand,2
3202,1075,2026-07-14 23:47:00,Startup,Email,EMAIL-Nurture,1
3203,1075,2026-07-19 04:05:00,Startup,Paid Search,PS-Brand,2
3204,1075,2026-07-19 21:12:00,Startup,Email,EMAIL-Reactivation,3
3205,1075,2026-07-31 15:15:00,Startup,Organic Search,SEO-Content,4
3206,1076,2026-08-16 14:35:00,SMB,Paid Search,PS-Brand,1
3207,1076,2026-08-22 11:16:00,SMB,Paid Search,PS-NonBrand,2
3208,1076,2026-08-25 06:36:00,SMB,Organic Search,SEO-Content,3
3209,1076,2026-08-26 20:55:00,SMB,Email,EMAIL-Reactivation,4
3210,1076,2026-09-06 06:42:00,SMB,Display,DISPLAY-Prospecting,5
3211,1077,2026-03-19 12:04:00,Startup,Display,DISPLAY-Prospecting,1
3212,1078,2026-06-11 14:48:00,Freelancer,Display,DISPLAY-Prospecting,1
3213,1078,2026-06-23 14:14:00,Freelancer,Paid Social,META-Retargeting,2
3214,1078,2026-06-26 20:51:00,Freelancer,Paid Social,META-Retargeting,3
3215,1078,2026-07-06 19:47:00,Freelancer,Email,EMAIL-Reactivation,4
3216,1079,2026-02-16 17:39:00,Freelancer,Email,EMAIL-Reactivation,1
3217,1079,2026-02-18 16:40:00,Freelancer,Email,EMAIL-Nurture,2
3218,1079,2026-02-24 15:47:00,Freelancer,Paid Social,META-Retargeting,3
3219,1079,2026-03-02 00:07:00,Freelancer,Email,EMAIL-Reactivation,4
3220,1080,2026-04-05 16:03:00,Freelancer,Paid Social,META-Retargeting,1
3221,1081,2026-08-05 01:08:00,Startup,Organic Search,SEO-Content,1
3222,1082,2026-01-09 02:51:00,SMB,Paid Search,PS-NonBrand,1
3223,1082,2026-01-22 03:17:00,SMB,Referral,REF-Customer,2
3224,1083,2026-02-08 16:05:00,Startup,Paid Search,PS-NonBrand,1
3225,1083,2026-02-08 21:04:00,Startup,Organic Search,SEO-Product,2
3226,1084,2025-11-19 02:00:00,SMB,Organic Search,SEO-Content,1
3227,1084,2025-11-29 00:13:00,SMB,Paid Search,PS-Brand,2
3228,1084,2025-12-04 00:57:00,SMB,Organic Search,SEO-Content,3
3229,1084,2025-12-08 01:44:00,SMB,Paid Social,META-Retargeting,4
3230,1084,2025-12-09 21:07:00,SMB,Display,DISPLAY-Retargeting,5
3231,1085,2026-01-11 21:57:00,Startup,Email,EMAIL-Reactivation,1
3232,1085,2026-01-12 01:09:00,Startup,Paid Search,PS-Brand,2
3233,1086,2025-10-17 05:01:00,Startup,Organic Search,SEO-Content,1
3234,1086,2025-10-21 11:46:00,Startup,Paid Search,PS-Brand,2
3235,1086,2025-11-01 02:37:00,Startup,Referral,REF-Customer,3
3236,1086,2025-11-10 16:14:00,Startup,Display,DISPLAY-Retargeting,4
3237,1087,2026-07-30 18:23:00,Startup,Paid Social,META-Prospecting,1
3238,1087,2026-08-09 13:16:00,Startup,Paid Social,META-Retargeting,2
3239,1088,2026-08-27 05:59:00,SMB,Referral,REF-Customer,1
3240,1089,2026-03-23 12:07:00,SMB,Referral,REF-Partner,1
3241,1089,2026-03-24 22:48:00,SMB,Organic Search,SEO-Content,2
3242,1090,2026-05-20 17:00:00,SMB,Paid Search,PS-Brand,1
3243,1090,2026-05-25 15:04:00,SMB,Organic Search,SEO-Content,2
3244,1090,2026-05-26 10:27:00,SMB,Organic Search,SEO-Content,3
3245,1091,2025-12-31 09:29:00,SMB,Paid Search,PS-Brand,1
3246,1091,2026-01-07 15:47:00,SMB,Paid Search,PS-Brand,2
3247,1091,2026-01-08 06:12:00,SMB,Organic Search,SEO-Content,3
3248,1091,2026-01-18 08:52:00,SMB,Organic Search,SEO-Content,4
3249,1091,2026-01-28 03:36:00,SMB,Referral,REF-Customer,5
3250,1092,2025-10-17 15:10:00,SMB,Paid Social,META-Retargeting,1
3251,1092,2025-10-17 15:27:00,SMB,Referral,REF-Customer,2
3252,1092,2025-11-03 06:15:00,SMB,Paid Search,PS-Brand,3
3253,1093,2026-04-07 02:16:00,SMB,Referral,REF-Customer,1
3254,1093,2026-04-11 15:02:00,SMB,Organic Search,SEO-Content,2
3255,1093,2026-04-22 00:38:00,SMB,Referral,REF-Customer,3
3256,1093,2026-05-01 22:22:00,SMB,Paid Social,META-Prospecting,4
3257,1093,2026-05-05 01:24:00,SMB,Paid Social,META-Retargeting,5
3258,1094,2025-11-29 01:00:00,Freelancer,Email,EMAIL-Nurture,1
3259,1095,2026-08-24 02:05:00,SMB,Paid Search,PS-Brand,1
3260,1095,2026-09-03 06:57:00,SMB,Email,EMAIL-Nurture,2
3261,1096,2026-01-16 03:19:00,Freelancer,Paid Social,META-Retargeting,1
3262,1096,2026-01-29 08:14:00,Freelancer,Referral,REF-Customer,2
3263,1097,2026-06-27 22:12:00,SMB,Paid Search,PS-Brand,1
3264,1097,2026-07-13 17:36:00,SMB,Email,EMAIL-Reactivation,2
3265,1097,2026-07-22 07:56:00,SMB,Organic Search,SEO-Content,3
3266,1097,2026-07-23 19:37:00,SMB,Paid Search,PS-NonBrand,4
3267,1098,2026-01-14 19:19:00,Freelancer,Paid Search,PS-Brand,1
3268,1098,2026-02-01 17:05:00,Freelancer,Paid Social,META-Prospecting,2
3269,1099,2025-11-16 11:44:00,Startup,Email,EMAIL-Nurture,1
3270,1099,2025-11-17 21:36:00,Startup,Organic Search,SEO-Product,2
3271,1099,2025-11-21 11:56:00,Startup,Paid Social,META-Retargeting,3
3272,1100,2026-05-02 03:14:00,Freelancer,Organic Search,SEO-Product,1
3273,1101,2025-12-10 03:28:00,Freelancer,Referral,REF-Customer,1
3274,1101,2025-12-17 02:38:00,Freelancer,Paid Search,PS-Brand,2
3275,1101,2025-12-17 20:32:00,Freelancer,Display,DISPLAY-Prospecting,3
3276,1101,2026-01-03 02:42:00,Freelancer,Paid Social,META-Retargeting,4
3277,1102,2026-02-24 06:44:00,Startup,Paid Search,PS-Brand,1
3278,1102,2026-03-02 08:26:00,Startup,Organic Search,SEO-Product,2
3279,1102,2026-03-15 18:16:00,Startup,Paid Search,PS-NonBrand,3
3280,1102,2026-03-18 15:19:00,Startup,Paid Social,META-Retargeting,4
3281,1103,2026-01-17 05:32:00,SMB,Email,EMAIL-Reactivation,1
3282,1103,2026-02-05 16:39:00,SMB,Paid Search,PS-NonBrand,2
3283,1104,2026-08-19 11:31:00,Startup,Paid Social,META-Prospecting,1
3284,1104,2026-08-22 16:59:00,Startup,Referral,REF-Partner,2
3285,1104,2026-08-26 09:30:00,Startup,Referral,REF-Partner,3
3286,1104,2026-09-10 11:22:00,Startup,Paid Social,META-Retargeting,4
3287,1105,2026-04-05 12:04:00,SMB,Referral,REF-Customer,1
3288,1105,2026-04-07 06:44:00,SMB,Paid Search,PS-NonBrand,2
3289,1105,2026-04-18 03:19:00,SMB,Referral,REF-Partner,3
3290,1106,2026-06-26 09:57:00,Freelancer,Paid Search,PS-Brand,1
3291,1106,2026-06-26 19:45:00,Freelancer,Organic Search,SEO-Content,2
3292,1106,2026-07-15 18:50:00,Freelancer,Paid Search,PS-NonBrand,3
3293,1106,2026-07-19 02:42:00,Freelancer,Organic Search,SEO-Content,4
3294,1107,2026-05-07 06:44:00,Freelancer,Paid Search,PS-Brand,1
3295,1107,2026-05-18 04:15:00,Freelancer,Paid Social,META-Prospecting,2
3296,1107,2026-05-18 06:52:00,Freelancer,Email,EMAIL-Reactivation,3
3297,1107,2026-05-31 14:02:00,Freelancer,Paid Social,META-Prospecting,4
3298,1108,2026-08-31 06:03:00,SMB,Paid Search,PS-NonBrand,1
3299,1108,2026-09-11 20:25:00,SMB,Email,EMAIL-Reactivation,2
3300,1109,2026-03-21 10:48:00,Startup,Paid Search,PS-NonBrand,1
3301,1109,2026-03-27 05:06:00,Startup,Paid Social,META-Retargeting,2
3302,1109,2026-03-28 21:36:00,Startup,Organic Search,SEO-Product,3
3303,1110,2026-08-14 11:38:00,SMB,Email,EMAIL-Nurture,1
3304,1110,2026-08-23 04:47:00,SMB,Paid Search,PS-Brand,2
3305,1110,2026-08-28 14:20:00,SMB,Email,EMAIL-Reactivation,3
3306,1110,2026-08-30 18:50:00,SMB,Referral,REF-Customer,4
3307,1111,2026-09-16 17:17:00,Startup,Paid Social,META-Prospecting,1
3308,1112,2026-09-05 20:55:00,Startup,Email,EMAIL-Nurture,1
3309,1112,2026-09-17 04:29:00,Startup,Paid Search,PS-NonBrand,2
3310,1112,2026-09-27 11:35:00,Startup,Paid Search,PS-NonBrand,3
3311,1113,2026-06-13 04:24:00,Startup,Referral,REF-Partner,1
3312,1113,2026-06-28 14:25:00,Startup,Paid Social,META-Retargeting,2
3313,1114,2026-09-25 05:23:00,Freelancer,Display,DISPLAY-Retargeting,1
3314,1114,2026-10-09 07:59:00,Freelancer,Paid Social,META-Retargeting,2
3315,1114,2026-10-10 21:09:00,Freelancer,Referral,REF-Customer,3
3316,1115,2026-06-29 00:01:00,SMB,Paid Search,PS-Brand,1
3317,1115,2026-07-15 20:53:00,SMB,Organic Search,SEO-Content,2
3318,1115,2026-07-19 18:07:00,SMB,Organic Search,SEO-Content,3
3319,1116,2026-02-11 13:05:00,Startup,Referral,REF-Customer,1
3320,1116,2026-02-18 18:50:00,Startup,Referral,REF-Partner,2
3321,1117,2025-11-30 09:26:00,Startup,Paid Social,META-Retargeting,1
3322,1117,2025-12-12 13:56:00,Startup,Display,DISPLAY-Retargeting,2
3323,1118,2026-01-11 18:03:00,SMB,Paid Social,META-Prospecting,1
3324,1119,2026-04-28 18:35:00,SMB,Email,EMAIL-Nurture,1
3325,1119,2026-05-07 20:41:00,SMB,Organic Search,SEO-Product,2
3326,1120,2025-12-26 11:33:00,SMB,Paid Search,PS-NonBrand,1
3327,1121,2026-01-04 17:42:00,Startup,Paid Social,META-Retargeting,1
3328,1121,2026-01-06 09:00:00,Startup,Paid Search,PS-NonBrand,2
3329,1121,2026-01-15 08:21:00,Startup,Paid Social,META-Retargeting,3
3330,1121,2026-01-17 07:07:00,Startup,Display,DISPLAY-Retargeting,4
3331,1122,2026-05-26 18:23:00,Freelancer,Display,DISPLAY-Prospecting,1
3332,1123,2026-02-12 02:25:00,SMB,Paid Social,META-Prospecting,1
3333,1123,2026-02-17 10:42:00,SMB,Display,DISPLAY-Retargeting,2
3334,1124,2026-06-07 03:52:00,SMB,Organic Search,SEO-Product,1
3335,1124,2026-06-12 06:14:00,SMB,Paid Social,META-Retargeting,2
3336,1124,2026-06-15 07:35:00,SMB,Paid Search,PS-Brand,3
3337,1124,2026-06-23 01:48:00,SMB,Paid Social,META-Retargeting,4
3338,1125,2026-10-08 20:50:00,SMB,Organic Search,SEO-Product,1
3339,1126,2025-11-05 19:55:00,SMB,Paid Social,META-Prospecting,1
3340,1126,2025-11-10 10:35:00,SMB,Organic Search,SEO-Product,2
3341,1126,2025-11-17 20:45:00,SMB,Organic Search,SEO-Product,3
3342,1126,2025-12-01 10:03:00,SMB,Paid Search,PS-Brand,4
3343,1126,2025-12-01 19:36:00,SMB,Paid Social,META-Retargeting,5
3344,1127,2026-05-31 17:19:00,SMB,Paid Search,PS-NonBrand,1
3345,1127,2026-06-01 09:10:00,SMB,Paid Search,PS-Brand,2
3346,1127,2026-06-07 02:33:00,SMB,Paid Search,PS-NonBrand,3
3347,1127,2026-06-15 18:17:00,SMB,Organic Search,SEO-Product,4
3348,1127,2026-06-19 12:34:00,SMB,Email,EMAIL-Nurture,5
3349,1128,2026-07-31 09:06:00,Startup,Paid Social,META-Prospecting,1
3350,1128,2026-08-10 08:27:00,Startup,Paid Social,META-Prospecting,2
3351,1128,2026-08-13 10:41:00,Startup,Referral,REF-Customer,3
3352,1129,2025-12-04 20:24:00,SMB,Display,DISPLAY-Prospecting,1
3353,1130,2026-07-14 04:55:00,Freelancer,Referral,REF-Partner,1
3354,1130,2026-07-16 12:16:00,Freelancer,Paid Search,PS-NonBrand,2
3355,1130,2026-07-20 04:26:00,Freelancer,Paid Social,META-Prospecting,3
3356,1130,2026-07-27 21:26:00,Freelancer,Organic Search,SEO-Product,4
3357,1130,2026-08-05 05:12:00,Freelancer,Referral,REF-Customer,5
3358,1131,2026-04-05 13:47:00,SMB,Referral,REF-Partner,1
3359,1131,2026-04-06 20:07:00,SMB,Email,EMAIL-Reactivation,2
3360,1131,2026-04-24 22:49:00,SMB,Referral,REF-Customer,3
3361,1131,2026-04-28 10:12:00,SMB,Email,EMAIL-Reactivation,4
3362,1131,2026-05-03 11:55:00,SMB,Email,EMAIL-Reactivation,5
3363,1132,2026-06-02 03:30:00,Startup,Email,EMAIL-Nurture,1
3364,1132,2026-06-02 12:19:00,Startup,Paid Social,META-Retargeting,2
3365,1132,2026-06-02 14:56:00,Startup,Display,DISPLAY-Retargeting,3
3366,1132,2026-06-06 02:10:00,Startup,Display,DISPLAY-Prospecting,4
3367,1133,2025-11-13 10:19:00,SMB,Paid Search,PS-NonBrand,1
3368,1133,2025-11-16 05:35:00,SMB,Referral,REF-Customer,2
3369,1134,2026-03-10 21:51:00,SMB,Paid Social,META-Retargeting,1
3370,1134,2026-03-24 11:28:00,SMB,Display,DISPLAY-Retargeting,2
3371,1134,2026-03-26 15:53:00,SMB,Paid Search,PS-NonBrand,3
3372,1134,2026-03-29 06:23:00,SMB,Paid Search,PS-NonBrand,4
3373,1134,2026-04-05 11:04:00,SMB,Paid Search,PS-NonBrand,5
3374,1135,2026-03-10 10:40:00,SMB,Paid Search,PS-NonBrand,1
3375,1136,2025-12-14 06:25:00,Startup,Paid Search,PS-Brand,1
3376,1137,2026-07-07 01:07:00,Freelancer,Referral,REF-Customer,1
3377,1137,2026-07-12 15:43:00,Freelancer,Email,EMAIL-Reactivation,2
3378,1137,2026-07-18 17:44:00,Freelancer,Organic Search,SEO-Product,3
3379,1137,2026-07-25 17:37:00,Freelancer,Paid Social,META-Retargeting,4
3380,1137,2026-07-26 22:07:00,Freelancer,Referral,REF-Partner,5
3381,1138,2026-04-25 12:36:00,SMB,Paid Social,META-Retargeting,1
3382,1138,2026-04-26 08:42:00,SMB,Paid Search,PS-NonBrand,2
3383,1139,2026-08-20 02:20:00,Startup,Paid Social,META-Retargeting,1
3384,1139,2026-08-30 18:51:00,Startup,Paid Search,PS-NonBrand,2
3385,1139,2026-09-03 01:17:00,Startup,Organic Search,SEO-Content,3
3386,1139,2026-09-10 07:24:00,Startup,Paid Social,META-Prospecting,4
3387,1140,2025-12-05 01:42:00,Startup,Paid Search,PS-Brand,1
3388,1140,2025-12-05 03:30:00,Startup,Email,EMAIL-Nurture,2
3389,1140,2025-12-09 07:37:00,Startup,Paid Social,META-Retargeting,3
3390,1140,2025-12-19 01:02:00,Startup,Display,DISPLAY-Retargeting,4
3391,1140,2025-12-21 18:27:00,Startup,Referral,REF-Customer,5
3392,1141,2026-06-25 04:15:00,SMB,Organic Search,SEO-Product,1
3393,1141,2026-06-28 01:55:00,SMB,Email,EMAIL-Reactivation,2
3394,1141,2026-07-17 19:26:00,SMB,Paid Search,PS-NonBrand,3
3395,1142,2026-05-12 05:37:00,Freelancer,Referral,REF-Partner,1
3396,1142,2026-05-21 00:36:00,Freelancer,Referral,REF-Customer,2
3397,1142,2026-05-21 01:11:00,Freelancer,Organic Search,SEO-Product,3
3398,1142,2026-05-31 07:33:00,Freelancer,Paid Search,PS-NonBrand,4
3399,1143,2026-05-26 03:50:00,SMB,Organic Search,SEO-Content,1
3400,1143,2026-05-28 07:20:00,SMB,Email,EMAIL-Reactivation,2
3401,1143,2026-06-18 17:26:00,SMB,Email,EMAIL-Reactivation,3
3402,1143,2026-06-20 09:44:00,SMB,Paid Social,META-Retargeting,4
3403,1143,2026-06-20 14:21:00,SMB,Referral,REF-Partner,5
3404,1144,2026-01-24 16:49:00,Freelancer,Referral,REF-Customer,1
3405,1144,2026-01-30 04:05:00,Freelancer,Email,EMAIL-Reactivation,2
3406,1144,2026-02-10 17:25:00,Freelancer,Email,EMAIL-Nurture,3
3407,1144,2026-02-13 11:51:00,Freelancer,Referral,REF-Customer,4
3408,1145,2026-06-27 06:29:00,Startup,Paid Search,PS-Brand,1
3409,1146,2026-01-09 00:42:00,SMB,Email,EMAIL-Nurture,1
3410,1146,2026-01-09 09:01:00,SMB,Paid Search,PS-Brand,2
3411,1146,2026-01-20 05:38:00,SMB,Referral,REF-Customer,3
3412,1147,2026-07-18 16:52:00,Startup,Paid Search,PS-Brand,1
3413,1147,2026-07-18 17:49:00,Startup,Paid Search,PS-NonBrand,2
3414,1147,2026-07-22 01:44:00,Startup,Paid Search,PS-NonBrand,3
3415,1147,2026-07-24 02:37:00,Startup,Paid Search,PS-Brand,4
3416,1148,2026-03-12 06:52:00,SMB,Email,EMAIL-Reactivation,1
3417,1148,2026-03-31 18:07:00,SMB,Email,EMAIL-Reactivation,2
3418,1148,2026-04-03 16:13:00,SMB,Paid Social,META-Retargeting,3
3419,1148,2026-04-06 06:55:00,SMB,Email,EMAIL-Reactivation,4
3420,1148,2026-04-07 12:32:00,SMB,Paid Social,META-Retargeting,5
3421,1149,2026-03-25 14:53:00,Startup,Paid Search,PS-NonBrand,1
3422,1149,2026-03-29 04:30:00,Startup,Referral,REF-Partner,2
3423,1149,2026-04-20 07:38:00,Startup,Paid Search,PS-NonBrand,3
3424,1149,2026-04-20 21:47:00,Startup,Display,DISPLAY-Prospecting,4
3425,1150,2026-05-08 08:54:00,Startup,Paid Search,PS-Brand,1
3426,1150,2026-05-09 08:01:00,Startup,Paid Search,PS-Brand,2
3427,1150,2026-05-09 19:45:00,Startup,Referral,REF-Customer,3
3428,1150,2026-05-10 07:38:00,Startup,Organic Search,SEO-Product,4
3429,1151,2025-11-01 01:32:00,Startup,Paid Social,META-Prospecting,1
3430,1151,2025-11-10 20:25:00,Startup,Organic Search,SEO-Product,2
3431,1151,2025-11-13 14:49:00,Startup,Paid Social,META-Retargeting,3
3432,1151,2025-11-25 16:11:00,Startup,Display,DISPLAY-Prospecting,4
3433,1151,2025-11-28 01:59:00,Startup,Organic Search,SEO-Product,5
3434,1152,2026-02-25 06:22:00,SMB,Organic Search,SEO-Content,1
3435,1152,2026-02-27 02:57:00,SMB,Email,EMAIL-Nurture,2
3436,1153,2025-12-22 11:07:00,SMB,Paid Social,META-Retargeting,1
3437,1153,2025-12-31 14:17:00,SMB,Email,EMAIL-Reactivation,2
3438,1153,2026-01-01 03:58:00,SMB,Organic Search,SEO-Product,3
3439,1153,2026-01-11 21:13:00,SMB,Organic Search,SEO-Content,4
3440,1154,2026-09-22 09:30:00,Startup,Referral,REF-Partner,1
3441,1154,2026-10-01 13:30:00,Startup,Referral,REF-Partner,2
3442,1154,2026-10-04 10:24:00,Startup,Paid Search,PS-NonBrand,3
3443,1154,2026-10-11 00:53:00,Startup,Paid Social,META-Retargeting,4
3444,1154,2026-10-12 10:54:00,Startup,Email,EMAIL-Nurture,5
3445,1155,2026-04-01 09:04:00,Startup,Paid Search,PS-Brand,1
3446,1156,2025-10-15 04:24:00,Startup,Paid Search,PS-NonBrand,1
3447,1156,2025-10-21 05:30:00,Startup,Referral,REF-Partner,2
3448,1156,2025-10-22 06:38:00,Startup,Paid Search,PS-Brand,3
3449,1156,2025-10-29 15:49:00,Startup,Organic Search,SEO-Product,4
3450,1157,2025-10-24 09:04:00,SMB,Display,DISPLAY-Retargeting,1
3451,1157,2025-10-28 09:03:00,SMB,Paid Social,META-Retargeting,2
3452,1157,2025-11-06 21:18:00,SMB,Referral,REF-Partner,3
3453,1158,2026-09-02 09:21:00,Startup,Organic Search,SEO-Product,1
3454,1158,2026-09-04 10:09:00,Startup,Organic Search,SEO-Content,2
3455,1158,2026-09-14 23:52:00,Startup,Paid Social,META-Prospecting,3
3456,1158,2026-09-17 18:24:00,Startup,Paid Social,META-Retargeting,4
3457,1158,2026-09-21 14:22:00,Startup,Email,EMAIL-Reactivation,5
3458,1159,2025-11-27 04:49:00,Startup,Paid Search,PS-Brand,1
3459,1159,2025-12-09 12:53:00,Startup,Paid Search,PS-NonBrand,2
3460,1159,2025-12-10 18:28:00,Startup,Referral,REF-Customer,3
3461,1159,2025-12-16 23:51:00,Startup,Paid Search,PS-NonBrand,4
3462,1159,2025-12-25 13:45:00,Startup,Paid Social,META-Retargeting,5
3463,1160,2025-10-10 17:50:00,Startup,Paid Social,META-Retargeting,1
3464,1161,2025-12-27 04:16:00,SMB,Email,EMAIL-Reactivation,1
3465,1161,2025-12-27 08:26:00,SMB,Email,EMAIL-Reactivation,2
3466,1161,2025-12-29 12:48:00,SMB,Display,DISPLAY-Retargeting,3
3467,1161,2026-01-10 08:04:00,SMB,Email,EMAIL-Nurture,4
3468,1162,2025-12-23 05:34:00,SMB,Referral,REF-Partner,1
3469,1162,2025-12-25 13:53:00,SMB,Paid Social,META-Prospecting,2
3470,1162,2025-12-30 04:35:00,SMB,Organic Search,SEO-Content,3
3471,1162,2026-01-01 10:30:00,SMB,Display,DISPLAY-Retargeting,4
3472,1162,2026-01-10 23:02:00,SMB,Referral,REF-Customer,5
3473,1163,2025-11-02 09:49:00,SMB,Paid Search,PS-NonBrand,1
3474,1163,2025-11-09 12:04:00,SMB,Paid Search,PS-NonBrand,2
3475,1163,2025-11-28 19:16:00,SMB,Display,DISPLAY-Retargeting,3
3476,1164,2026-10-05 23:10:00,Startup,Display,DISPLAY-Prospecting,1
3477,1164,2026-10-25 22:30:00,Startup,Paid Social,META-Retargeting,2
3478,1165,2025-10-23 09:53:00,Startup,Referral,REF-Customer,1
3479,1166,2026-06-27 17:36:00,Freelancer,Email,EMAIL-Reactivation,1
3480,1166,2026-07-04 01:27:00,Freelancer,Referral,REF-Customer,2
3481,1166,2026-07-18 23:11:00,Freelancer,Paid Search,PS-NonBrand,3
3482,1167,2026-08-06 21:46:00,SMB,Referral,REF-Partner,1
3483,1167,2026-08-31 07:15:00,SMB,Organic Search,SEO-Product,2
3484,1168,2026-06-07 00:16:00,Startup,Paid Search,PS-Brand,1
3485,1169,2025-11-21 22:50:00,Freelancer,Organic Search,SEO-Content,1
3486,1169,2025-11-26 06:55:00,Freelancer,Email,EMAIL-Nurture,2
3487,1169,2025-12-07 18:31:00,Freelancer,Paid Search,PS-Brand,3
3488,1169,2025-12-11 11:36:00,Freelancer,Paid Social,META-Retargeting,4
3489,1169,2025-12-13 05:46:00,Freelancer,Referral,REF-Customer,5
3490,1170,2026-07-01 12:01:00,SMB,Paid Search,PS-NonBrand,1
3491,1170,2026-07-18 16:40:00,SMB,Paid Search,PS-Brand,2
3492,1170,2026-07-18 18:10:00,SMB,Referral,REF-Customer,3
3493,1171,2026-02-02 07:14:00,SMB,Organic Search,SEO-Product,1
3494,1171,2026-02-20 07:56:00,SMB,Organic Search,SEO-Product,2
3495,1172,2026-03-02 11:42:00,SMB,Referral,REF-Partner,1
3496,1172,2026-03-04 11:27:00,SMB,Organic Search,SEO-Product,2
3497,1172,2026-03-04 13:08:00,SMB,Paid Social,META-Prospecting,3
3498,1172,2026-03-14 19:35:00,SMB,Referral,REF-Customer,4
3499,1172,2026-03-28 17:37:00,SMB,Paid Social,META-Retargeting,5
3500,1173,2026-01-01 03:06:00,Startup,Paid Search,PS-Brand,1
3501,1173,2026-01-04 09:04:00,Startup,Email,EMAIL-Reactivation,2
3502,1173,2026-01-10 09:52:00,Startup,Referral,REF-Customer,3
3503,1173,2026-01-10 11:48:00,Startup,Paid Search,PS-Brand,4
3504,1174,2026-07-16 21:36:00,SMB,Referral,REF-Customer,1
3505,1174,2026-08-01 01:23:00,SMB,Paid Search,PS-Brand,2
3506,1175,2026-05-16 21:43:00,SMB,Organic Search,SEO-Product,1
3507,1175,2026-05-19 04:03:00,SMB,Paid Search,PS-NonBrand,2
3508,1175,2026-05-23 03:27:00,SMB,Display,DISPLAY-Prospecting,3
3509,1175,2026-05-26 06:47:00,SMB,Organic Search,SEO-Product,4
3510,1176,2025-11-26 18:36:00,Startup,Paid Social,META-Prospecting,1
3511,1177,2026-03-01 14:02:00,Startup,Organic Search,SEO-Content,1
3512,1177,2026-03-06 09:48:00,Startup,Referral,REF-Partner,2
3513,1177,2026-03-16 16:43:00,Startup,Organic Search,SEO-Product,3
3514,1177,2026-03-21 03:15:00,Startup,Paid Social,META-Prospecting,4
3515,1177,2026-03-22 07:50:00,Startup,Referral,REF-Partner,5
3516,1178,2026-07-31 07:03:00,Freelancer,Paid Search,PS-Brand,1
3517,1178,2026-08-06 16:28:00,Freelancer,Email,EMAIL-Nurture,2
3518,1178,2026-08-07 03:46:00,Freelancer,Organic Search,SEO-Product,3
3519,1178,2026-08-12 01:04:00,Freelancer,Paid Social,META-Prospecting,4
3520,1178,2026-08-13 01:01:00,Freelancer,Paid Social,META-Retargeting,5
3521,1179,2026-09-23 02:47:00,Startup,Paid Search,PS-NonBrand,1
3522,1179,2026-09-25 18:13:00,Startup,Paid Search,PS-NonBrand,2
3523,1179,2026-10-05 17:33:00,Startup,Display,DISPLAY-Retargeting,3
3524,1180,2026-09-13 08:17:00,Freelancer,Paid Social,META-Prospecting,1
3525,1180,2026-09-13 09:23:00,Freelancer,Email,EMAIL-Nurture,2
3526,1180,2026-09-20 00:06:00,Freelancer,Paid Search,PS-Brand,3
3527,1180,2026-10-05 14:35:00,Freelancer,Paid Social,META-Prospecting,4
3528,1181,2025-11-21 13:54:00,Startup,Paid Social,META-Prospecting,1
3529,1181,2025-12-16 21:47:00,Startup,Paid Search,PS-Brand,2
3530,1182,2026-08-10 08:03:00,Freelancer,Paid Search,PS-NonBrand,1
3531,1182,2026-08-18 16:45:00,Freelancer,Email,EMAIL-Reactivation,2
3532,1182,2026-08-25 13:41:00,Freelancer,Paid Search,PS-NonBrand,3
3533,1182,2026-09-03 01:40:00,Freelancer,Paid Social,META-Retargeting,4
3534,1182,2026-09-05 18:46:00,Freelancer,Display,DISPLAY-Retargeting,5
3535,1183,2026-05-09 19:06:00,SMB,Paid Social,META-Prospecting,1
3536,1184,2026-07-04 17:00:00,Freelancer,Email,EMAIL-Nurture,1
3537,1185,2026-02-27 17:16:00,Freelancer,Organic Search,SEO-Content,1
3538,1185,2026-03-01 05:36:00,Freelancer,Email,EMAIL-Reactivation,2
3539,1185,2026-03-10 08:37:00,Freelancer,Paid Search,PS-NonBrand,3
3540,1186,2026-05-28 01:54:00,Startup,Paid Social,META-Prospecting,1
3541,1186,2026-06-11 17:46:00,Startup,Paid Social,META-Retargeting,2
3542,1187,2026-01-15 10:20:00,SMB,Paid Search,PS-NonBrand,1
3543,1187,2026-01-20 04:45:00,SMB,Referral,REF-Customer,2
3544,1187,2026-01-27 20:57:00,SMB,Email,EMAIL-Nurture,3
3545,1188,2026-04-10 04:59:00,SMB,Referral,REF-Customer,1
3546,1188,2026-05-03 23:50:00,SMB,Email,EMAIL-Nurture,2
3547,1189,2025-12-24 01:45:00,SMB,Paid Social,META-Prospecting,1
3548,1189,2025-12-26 08:13:00,SMB,Email,EMAIL-Nurture,2
3549,1189,2025-12-29 11:39:00,SMB,Organic Search,SEO-Content,3
3550,1189,2026-01-02 12:26:00,SMB,Paid Search,PS-NonBrand,4
3551,1190,2026-02-22 23:36:00,SMB,Referral,REF-Partner,1
3552,1190,2026-02-23 06:35:00,SMB,Email,EMAIL-Reactivation,2
3553,1190,2026-03-04 16:12:00,SMB,Paid Search,PS-NonBrand,3
3554,1190,2026-03-22 04:11:00,SMB,Email,EMAIL-Reactivation,4
3555,1190,2026-03-23 16:08:00,SMB,Email,EMAIL-Nurture,5
3556,1191,2026-03-03 20:50:00,SMB,Organic Search,SEO-Product,1
3557,1191,2026-03-04 01:52:00,SMB,Referral,REF-Customer,2
3558,1191,2026-03-15 18:26:00,SMB,Organic Search,SEO-Content,3
3559,1191,2026-03-23 00:14:00,SMB,Paid Search,PS-Brand,4
3560,1191,2026-03-23 03:45:00,SMB,Email,EMAIL-Nurture,5
3561,1192,2026-08-20 05:40:00,SMB,Paid Search,PS-NonBrand,1
3562,1192,2026-08-21 23:58:00,SMB,Paid Social,META-Prospecting,2
3563,1192,2026-08-27 07:30:00,SMB,Paid Social,META-Prospecting,3
3564,1192,2026-08-28 13:32:00,SMB,Paid Search,PS-Brand,4
3565,1193,2026-05-29 23:01:00,SMB,Paid Social,META-Prospecting,1
3566,1193,2026-06-03 05:16:00,SMB,Referral,REF-Partner,2
3567,1193,2026-06-12 02:59:00,SMB,Organic Search,SEO-Content,3
3568,1194,2026-05-29 17:27:00,Freelancer,Paid Social,META-Prospecting,1
3569,1194,2026-06-05 18:51:00,Freelancer,Email,EMAIL-Reactivation,2
3570,1194,2026-06-19 09:42:00,Freelancer,Email,EMAIL-Reactivation,3
3571,1195,2026-01-23 16:59:00,Startup,Display,DISPLAY-Prospecting,1
3572,1195,2026-01-30 08:24:00,Startup,Organic Search,SEO-Content,2
3573,1195,2026-02-02 11:50:00,Startup,Paid Search,PS-Brand,3
3574,1196,2026-03-09 03:27:00,Freelancer,Display,DISPLAY-Prospecting,1
3575,1196,2026-03-15 21:59:00,Freelancer,Paid Social,META-Retargeting,2
3576,1196,2026-03-28 19:58:00,Freelancer,Display,DISPLAY-Retargeting,3
3577,1196,2026-04-01 14:36:00,Freelancer,Paid Social,META-Retargeting,4
3578,1196,2026-04-02 09:15:00,Freelancer,Paid Search,PS-NonBrand,5
3579,1197,2026-03-27 19:14:00,SMB,Paid Social,META-Prospecting,1
3580,1197,2026-03-28 15:06:00,SMB,Email,EMAIL-Nurture,2
3581,1198,2026-07-19 03:06:00,SMB,Referral,REF-Customer,1
3582,1199,2025-12-14 04:29:00,SMB,Paid Social,META-Prospecting,1
3583,1199,2025-12-26 06:59:00,SMB,Organic Search,SEO-Content,2
3584,1199,2026-01-04 02:56:00,SMB,Referral,REF-Customer,3
3585,1200,2025-10-23 03:43:00,Freelancer,Paid Search,PS-NonBrand,1
3586,1200,2025-11-05 14:54:00,Freelancer,Email,EMAIL-Nurture,2
3587,1200,2025-11-10 06:02:00,Freelancer,Paid Search,PS-NonBrand,3
3588,1201,2026-04-12 10:42:00,SMB,Referral,REF-Partner,1
3589,1201,2026-04-13 18:17:00,SMB,Referral,REF-Partner,2
3590,1201,2026-04-27 03:15:00,SMB,Organic Search,SEO-Content,3
3591,1201,2026-04-29 07:56:00,SMB,Referral,REF-Customer,4
3592,1201,2026-04-29 10:30:00,SMB,Paid Search,PS-NonBrand,5
3593,1202,2026-08-18 08:40:00,Startup,Organic Search,SEO-Product,1
3594,1203,2026-07-02 21:03:00,SMB,Email,EMAIL-Reactivation,1
3595,1203,2026-07-02 22:47:00,SMB,Referral,REF-Customer,2
3596,1203,2026-07-05 17:13:00,SMB,Paid Search,PS-NonBrand,3
3597,1203,2026-07-17 04:56:00,SMB,Paid Social,META-Prospecting,4
3598,1203,2026-07-22 11:04:00,SMB,Email,EMAIL-Reactivation,5
3599,1204,2026-07-28 06:56:00,SMB,Organic Search,SEO-Content,1
3600,1204,2026-08-01 09:56:00,SMB,Paid Social,META-Retargeting,2
3601,1205,2026-03-06 13:15:00,SMB,Organic Search,SEO-Product,1
3602,1205,2026-03-11 04:26:00,SMB,Referral,REF-Partner,2
3603,1205,2026-03-19 09:07:00,SMB,Paid Search,PS-NonBrand,3
3604,1206,2025-12-24 11:44:00,SMB,Paid Search,PS-Brand,1
3605,1206,2026-01-15 15:56:00,SMB,Paid Social,META-Retargeting,2
3606,1206,2026-01-17 21:57:00,SMB,Display,DISPLAY-Prospecting,3
3607,1206,2026-01-19 20:16:00,SMB,Paid Search,PS-Brand,4
3608,1207,2026-06-03 12:22:00,SMB,Email,EMAIL-Reactivation,1
3609,1207,2026-06-06 23:06:00,SMB,Email,EMAIL-Nurture,2
3610,1207,2026-06-17 10:24:00,SMB,Organic Search,SEO-Content,3
3611,1207,2026-06-26 02:15:00,SMB,Paid Social,META-Prospecting,4
3612,1208,2025-10-31 10:06:00,Freelancer,Email,EMAIL-Nurture,1
3613,1208,2025-11-05 12:52:00,Freelancer,Paid Search,PS-NonBrand,2
3614,1208,2025-11-11 00:19:00,Freelancer,Referral,REF-Customer,3
3615,1209,2026-08-27 20:33:00,SMB,Paid Social,META-Prospecting,1
3616,1209,2026-08-31 07:43:00,SMB,Organic Search,SEO-Content,2
3617,1210,2026-06-28 21:03:00,SMB,Organic Search,SEO-Product,1
3618,1210,2026-06-29 07:30:00,SMB,Paid Search,PS-Brand,2
3619,1210,2026-07-01 16:22:00,SMB,Referral,REF-Customer,3
3620,1211,2026-04-24 23:29:00,SMB,Display,DISPLAY-Retargeting,1
3621,1212,2025-12-15 19:19:00,Freelancer,Paid Search,PS-Brand,1
3622,1212,2025-12-18 22:28:00,Freelancer,Display,DISPLAY-Retargeting,2
3623,1212,2025-12-25 06:18:00,Freelancer,Paid Search,PS-Brand,3
3624,1212,2025-12-29 12:33:00,Freelancer,Paid Social,META-Prospecting,4
3625,1212,2026-01-08 15:14:00,Freelancer,Referral,REF-Customer,5
3626,1213,2026-01-03 06:12:00,Startup,Display,DISPLAY-Prospecting,1
3627,1213,2026-01-04 19:22:00,Startup,Paid Social,META-Retargeting,2
3628,1214,2026-10-11 16:43:00,Startup,Referral,REF-Partner,1
3629,1214,2026-10-15 14:49:00,Startup,Paid Search,PS-Brand,2
3630,1214,2026-10-26 20:55:00,Startup,Email,EMAIL-Reactivation,3
3631,1215,2025-10-10 03:56:00,Startup,Paid Search,PS-Brand,1
3632,1215,2025-10-12 21:24:00,Startup,Organic Search,SEO-Content,2
3633,1216,2025-10-13 11:18:00,Freelancer,Organic Search,SEO-Product,1
3634,1216,2025-10-16 17:00:00,Freelancer,Email,EMAIL-Nurture,2
3635,1216,2025-10-18 02:08:00,Freelancer,Organic Search,SEO-Content,3
3636,1216,2025-10-30 21:41:00,Freelancer,Paid Search,PS-NonBrand,4
3637,1217,2026-02-16 08:08:00,SMB,Paid Social,META-Retargeting,1
3638,1217,2026-02-22 07:08:00,SMB,Paid Search,PS-Brand,2
3639,1217,2026-02-27 01:37:00,SMB,Organic Search,SEO-Content,3
3640,1217,2026-03-01 15:25:00,SMB,Paid Search,PS-Brand,4
3641,1218,2026-01-03 17:33:00,Startup,Display,DISPLAY-Prospecting,1
3642,1219,2026-06-25 23:03:00,Startup,Display,DISPLAY-Retargeting,1
3643,1219,2026-06-26 15:21:00,Startup,Referral,REF-Customer,2
3644,1220,2025-10-30 19:47:00,SMB,Paid Search,PS-NonBrand,1
3645,1220,2025-11-14 01:18:00,SMB,Paid Social,META-Prospecting,2
3646,1221,2026-07-20 05:29:00,SMB,Email,EMAIL-Reactivation,1
3647,1221,2026-07-23 19:47:00,SMB,Paid Search,PS-Brand,2
3648,1221,2026-08-05 10:58:00,SMB,Organic Search,SEO-Content,3
3649,1221,2026-08-12 06:10:00,SMB,Paid Social,META-Prospecting,4
3650,1222,2026-07-19 14:51:00,Startup,Paid Search,PS-NonBrand,1
3651,1222,2026-07-26 10:03:00,Startup,Referral,REF-Partner,2
3652,1222,2026-08-01 11:05:00,Startup,Paid Search,PS-Brand,3
3653,1222,2026-08-03 08:58:00,Startup,Email,EMAIL-Reactivation,4
3654,1222,2026-08-03 11:42:00,Startup,Paid Social,META-Retargeting,5
3655,1223,2026-01-13 23:12:00,SMB,Display,DISPLAY-Retargeting,1
3656,1224,2026-05-17 12:24:00,SMB,Organic Search,SEO-Content,1
3657,1224,2026-05-18 15:02:00,SMB,Paid Search,PS-NonBrand,2
3658,1225,2026-06-08 21:15:00,SMB,Organic Search,SEO-Content,1
3659,1225,2026-06-25 04:08:00,SMB,Paid Social,META-Retargeting,2
3660,1226,2026-08-07 07:56:00,SMB,Referral,REF-Customer,1
3661,1226,2026-08-08 02:16:00,SMB,Paid Social,META-Prospecting,2
3662,1226,2026-08-18 21:25:00,SMB,Organic Search,SEO-Product,3
3663,1226,2026-08-21 06:02:00,SMB,Organic Search,SEO-Product,4
3664,1226,2026-08-23 05:55:00,SMB,Referral,REF-Customer,5
3665,1227,2026-07-13 22:46:00,Startup,Referral,REF-Customer,1
3666,1228,2026-09-21 09:24:00,Startup,Paid Social,META-Prospecting,1
3667,1228,2026-09-22 22:50:00,Startup,Paid Search,PS-Brand,2
3668,1228,2026-09-30 06:23:00,Startup,Paid Social,META-Prospecting,3
3669,1228,2026-10-05 22:55:00,Startup,Email,EMAIL-Reactivation,4
3670,1228,2026-10-07 09:27:00,Startup,Display,DISPLAY-Retargeting,5
3671,1229,2025-11-27 06:52:00,Startup,Paid Social,META-Prospecting,1
3672,1230,2026-05-15 07:56:00,SMB,Paid Search,PS-Brand,1
3673,1230,2026-06-02 20:25:00,SMB,Paid Social,META-Retargeting,2
3674,1230,2026-06-05 13:02:00,SMB,Paid Search,PS-NonBrand,3
3675,1230,2026-06-09 02:23:00,SMB,Paid Social,META-Retargeting,4
3676,1231,2026-07-11 19:15:00,SMB,Paid Search,PS-NonBrand,1
3677,1232,2026-01-01 15:13:00,Startup,Referral,REF-Partner,1
3678,1232,2026-01-17 15:41:00,Startup,Paid Social,META-Retargeting,2
3679,1233,2025-12-22 08:17:00,Freelancer,Organic Search,SEO-Content,1
3680,1233,2026-01-02 17:48:00,Freelancer,Referral,REF-Partner,2
3681,1233,2026-01-09 16:59:00,Freelancer,Referral,REF-Partner,3
3682,1233,2026-01-15 09:01:00,Freelancer,Paid Search,PS-NonBrand,4
3683,1234,2025-11-09 20:05:00,SMB,Paid Search,PS-NonBrand,1
3684,1234,2025-11-16 04:17:00,SMB,Display,DISPLAY-Retargeting,2
3685,1234,2025-11-20 21:02:00,SMB,Paid Search,PS-NonBrand,3
3686,1235,2026-09-27 04:07:00,Startup,Paid Search,PS-NonBrand,1
3687,1235,2026-09-28 03:44:00,Startup,Paid Social,META-Retargeting,2
3688,1235,2026-10-01 04:15:00,Startup,Paid Search,PS-Brand,3
3689,1235,2026-10-03 03:55:00,Startup,Paid Search,PS-NonBrand,4
3690,1235,2026-10-13 19:21:00,Startup,Paid Search,PS-NonBrand,5
3691,1236,2026-09-07 15:57:00,Freelancer,Organic Search,SEO-Content,1
3692,1237,2025-11-29 18:52:00,Startup,Organic Search,SEO-Product,1
3693,1237,2025-11-30 20:55:00,Startup,Paid Social,META-Prospecting,2
3694,1237,2025-12-03 01:56:00,Startup,Paid Social,META-Retargeting,3
3695,1237,2025-12-04 23:16:00,Startup,Paid Social,META-Retargeting,4
3696,1238,2025-12-29 21:20:00,SMB,Paid Search,PS-Brand,1
3697,1238,2026-01-05 07:44:00,SMB,Email,EMAIL-Reactivation,2
3698,1239,2026-04-04 09:56:00,SMB,Paid Search,PS-Brand,1
3699,1239,2026-04-07 19:24:00,SMB,Referral,REF-Partner,2
3700,1240,2026-08-23 11:08:00,Startup,Referral,REF-Customer,1
3701,1240,2026-08-25 06:44:00,Startup,Paid Search,PS-NonBrand,2
3702,1240,2026-09-16 21:19:00,Startup,Organic Search,SEO-Content,3
3703,1240,2026-09-19 21:15:00,Startup,Paid Search,PS-Brand,4
3704,1240,2026-09-20 05:33:00,Startup,Paid Search,PS-Brand,5
3705,1241,2026-08-05 03:17:00,Startup,Referral,REF-Partner,1
3706,1241,2026-08-05 12:52:00,Startup,Paid Search,PS-NonBrand,2
3707,1241,2026-08-12 12:18:00,Startup,Organic Search,SEO-Content,3
3708,1241,2026-08-14 21:21:00,Startup,Organic Search,SEO-Content,4
3709,1241,2026-08-19 05:12:00,Startup,Referral,REF-Customer,5
3710,1242,2026-08-31 05:25:00,Startup,Display,DISPLAY-Prospecting,1
3711,1243,2026-08-09 09:33:00,Startup,Email,EMAIL-Nurture,1
3712,1243,2026-08-12 10:28:00,Startup,Paid Search,PS-Brand,2
3713,1243,2026-08-13 17:55:00,Startup,Paid Social,META-Retargeting,3
3714,1244,2026-06-01 21:06:00,SMB,Display,DISPLAY-Retargeting,1
3715,1245,2026-01-31 10:47:00,Startup,Email,EMAIL-Nurture,1
3716,1245,2026-02-10 23:44:00,Startup,Paid Social,META-Retargeting,2
3717,1246,2026-05-13 04:12:00,Startup,Paid Search,PS-NonBrand,1
3718,1246,2026-05-23 17:59:00,Startup,Organic Search,SEO-Content,2
3719,1246,2026-06-05 23:26:00,Startup,Referral,REF-Customer,3
3720,1247,2026-04-14 23:59:00,Freelancer,Referral,REF-Partner,1
3721,1247,2026-04-15 05:39:00,Freelancer,Paid Social,META-Retargeting,2
3722,1247,2026-04-17 13:36:00,Freelancer,Paid Search,PS-Brand,3
3723,1247,2026-04-22 20:53:00,Freelancer,Paid Search,PS-Brand,4
3724,1248,2026-09-17 16:09:00,Startup,Organic Search,SEO-Content,1
3725,1249,2026-03-13 07:41:00,SMB,Paid Social,META-Prospecting,1
3726,1249,2026-03-20 20:48:00,SMB,Organic Search,SEO-Product,2
3727,1249,2026-03-21 19:27:00,SMB,Referral,REF-Customer,3
3728,1249,2026-03-24 00:24:00,SMB,Email,EMAIL-Nurture,4
3729,1249,2026-03-31 17:37:00,SMB,Paid Social,META-Retargeting,5
3730,1250,2026-07-03 08:06:00,Startup,Organic Search,SEO-Content,1
3731,1250,2026-07-05 18:44:00,Startup,Paid Social,META-Retargeting,2
3732,1250,2026-07-12 07:57:00,Startup,Paid Search,PS-Brand,3
3733,1251,2025-12-03 05:04:00,Startup,Paid Social,META-Prospecting,1
3734,1251,2025-12-12 07:52:00,Startup,Organic Search,SEO-Product,2
3735,1251,2025-12-14 07:24:00,Startup,Paid Search,PS-NonBrand,3
3736,1252,2026-06-14 00:49:00,SMB,Paid Social,META-Retargeting,1
3737,1252,2026-06-17 23:09:00,SMB,Organic Search,SEO-Content,2
3738,1252,2026-06-25 03:34:00,SMB,Display,DISPLAY-Retargeting,3
3739,1253,2026-03-17 17:51:00,Startup,Paid Search,PS-Brand,1
3740,1253,2026-03-26 13:16:00,Startup,Paid Social,META-Retargeting,2
3741,1253,2026-04-08 11:20:00,Startup,Paid Social,META-Retargeting,3
3742,1254,2026-03-10 05:48:00,SMB,Paid Search,PS-NonBrand,1
3743,1254,2026-03-25 19:18:00,SMB,Paid Search,PS-NonBrand,2
3744,1255,2026-07-06 23:01:00,SMB,Email,EMAIL-Reactivation,1
3745,1255,2026-07-10 08:44:00,SMB,Paid Social,META-Retargeting,2
3746,1255,2026-07-19 10:21:00,SMB,Display,DISPLAY-Prospecting,3
3747,1255,2026-07-22 00:52:00,SMB,Organic Search,SEO-Content,4
3748,1256,2026-03-29 03:23:00,Startup,Email,EMAIL-Nurture,1
3749,1256,2026-04-22 10:42:00,Startup,Paid Search,PS-Brand,2
3750,1256,2026-04-22 16:59:00,Startup,Organic Search,SEO-Product,3
3751,1257,2025-11-20 04:38:00,SMB,Email,EMAIL-Reactivation,1
3752,1258,2026-03-14 17:22:00,Startup,Paid Social,META-Prospecting,1
3753,1258,2026-03-16 10:34:00,Startup,Referral,REF-Customer,2
3754,1259,2026-10-01 08:44:00,Startup,Referral,REF-Partner,1
3755,1259,2026-10-04 23:51:00,Startup,Referral,REF-Customer,2
3756,1260,2026-09-18 03:08:00,Startup,Paid Search,PS-NonBrand,1
3757,1260,2026-09-28 08:36:00,Startup,Paid Search,PS-Brand,2
3758,1260,2026-09-29 04:16:00,Startup,Email,EMAIL-Nurture,3
3759,1260,2026-10-08 16:09:00,Startup,Display,DISPLAY-Retargeting,4
3760,1260,2026-10-09 07:59:00,Startup,Referral,REF-Customer,5
3761,1261,2026-05-14 06:57:00,Startup,Referral,REF-Partner,1
3762,1261,2026-05-26 01:38:00,Startup,Email,EMAIL-Reactivation,2
3763,1261,2026-05-29 23:16:00,Startup,Organic Search,SEO-Product,3
3764,1261,2026-06-04 14:11:00,Startup,Paid Social,META-Retargeting,4
3765,1261,2026-06-07 04:40:00,Startup,Organic Search,SEO-Product,5
3766,1262,2026-05-31 23:50:00,Startup,Paid Social,META-Prospecting,1
3767,1262,2026-06-03 09:17:00,Startup,Display,DISPLAY-Retargeting,2
3768,1262,2026-06-18 00:21:00,Startup,Paid Social,META-Prospecting,3
3769,1263,2026-01-18 01:36:00,SMB,Referral,REF-Partner,1
3770,1263,2026-01-22 12:50:00,SMB,Email,EMAIL-Nurture,2
3771,1263,2026-02-01 03:50:00,SMB,Referral,REF-Customer,3
3772,1264,2026-07-28 10:41:00,Freelancer,Organic Search,SEO-Content,1
3773,1265,2026-05-26 20:00:00,SMB,Referral,REF-Customer,1
3774,1265,2026-05-29 13:25:00,SMB,Paid Social,META-Retargeting,2
3775,1266,2025-10-16 20:30:00,Startup,Paid Social,META-Prospecting,1
3776,1266,2025-11-02 22:37:00,Startup,Referral,REF-Customer,2
3777,1267,2026-09-24 17:42:00,Startup,Referral,REF-Customer,1
3778,1267,2026-09-27 10:29:00,Startup,Paid Social,META-Retargeting,2
3779,1268,2026-09-03 11:18:00,SMB,Referral,REF-Partner,1
3780,1269,2025-11-05 22:44:00,Startup,Email,EMAIL-Reactivation,1
3781,1269,2025-11-08 21:15:00,Startup,Paid Social,META-Prospecting,2
3782,1269,2025-11-10 09:43:00,Startup,Paid Social,META-Retargeting,3
3783,1269,2025-11-11 03:20:00,Startup,Referral,REF-Partner,4
3784,1269,2025-11-27 08:55:00,Startup,Organic Search,SEO-Product,5
3785,1270,2026-03-06 03:23:00,SMB,Referral,REF-Partner,1
3786,1270,2026-03-09 01:31:00,SMB,Referral,REF-Customer,2
3787,1270,2026-03-19 08:58:00,SMB,Paid Search,PS-NonBrand,3
3788,1271,2026-07-01 08:28:00,SMB,Email,EMAIL-Reactivation,1
3789,1271,2026-07-09 10:27:00,SMB,Referral,REF-Partner,2
3790,1271,2026-07-15 23:06:00,SMB,Paid Search,PS-NonBrand,3
3791,1271,2026-07-20 07:12:00,SMB,Paid Search,PS-Brand,4
3792,1271,2026-07-28 01:35:00,SMB,Email,EMAIL-Reactivation,5
3793,1272,2026-07-03 16:42:00,SMB,Paid Search,PS-NonBrand,1
3794,1272,2026-07-04 14:40:00,SMB,Organic Search,SEO-Product,2
3795,1272,2026-07-08 04:51:00,SMB,Paid Search,PS-NonBrand,3
3796,1272,2026-07-22 00:21:00,SMB,Display,DISPLAY-Prospecting,4
3797,1273,2025-12-27 13:22:00,SMB,Referral,REF-Customer,1
3798,1274,2025-10-15 07:01:00,Freelancer,Organic Search,SEO-Content,1
3799,1274,2025-10-21 20:11:00,Freelancer,Organic Search,SEO-Content,2
3800,1274,2025-11-06 01:37:00,Freelancer,Paid Social,META-Retargeting,3
3801,1275,2026-10-05 02:50:00,Startup,Paid Social,META-Retargeting,1
3802,1275,2026-10-14 19:58:00,Startup,Email,EMAIL-Reactivation,2
3803,1276,2026-08-25 03:10:00,SMB,Paid Search,PS-Brand,1
3804,1276,2026-08-27 02:12:00,SMB,Email,EMAIL-Reactivation,2
3805,1276,2026-08-27 15:41:00,SMB,Paid Social,META-Retargeting,3
3806,1276,2026-09-04 21:38:00,SMB,Paid Social,META-Retargeting,4
3807,1277,2026-06-30 21:07:00,Startup,Display,DISPLAY-Prospecting,1
3808,1277,2026-07-05 20:50:00,Startup,Paid Social,META-Prospecting,2
3809,1277,2026-07-10 05:40:00,Startup,Email,EMAIL-Reactivation,3
3810,1277,2026-07-11 01:11:00,Startup,Paid Social,META-Retargeting,4
3811,1278,2026-06-20 08:51:00,Startup,Paid Social,META-Prospecting,1
3812,1279,2026-06-13 16:23:00,Startup,Paid Social,META-Prospecting,1
3813,1279,2026-06-26 12:09:00,Startup,Display,DISPLAY-Retargeting,2
3814,1280,2026-04-08 15:16:00,Startup,Organic Search,SEO-Product,1
3815,1280,2026-04-10 02:50:00,Startup,Paid Social,META-Retargeting,2
3816,1281,2026-07-02 20:39:00,SMB,Referral,REF-Customer,1
3817,1282,2026-01-30 16:29:00,SMB,Paid Search,PS-Brand,1
3818,1282,2026-01-31 08:20:00,SMB,Referral,REF-Customer,2
3819,1282,2026-01-31 20:31:00,SMB,Referral,REF-Customer,3
3820,1282,2026-02-03 02:08:00,SMB,Paid Search,PS-NonBrand,4
3821,1282,2026-02-12 11:14:00,SMB,Email,EMAIL-Reactivation,5
3822,1283,2025-11-15 21:06:00,Startup,Paid Social,META-Retargeting,1
3823,1283,2025-11-19 21:33:00,Startup,Display,DISPLAY-Retargeting,2
3824,1283,2025-11-26 09:50:00,Startup,Paid Search,PS-NonBrand,3
3825,1283,2025-11-27 07:08:00,Startup,Paid Social,META-Retargeting,4
3826,1283,2025-11-28 00:15:00,Startup,Paid Social,META-Prospecting,5
3827,1284,2026-01-26 02:38:00,Startup,Paid Search,PS-NonBrand,1
3828,1284,2026-01-26 08:27:00,Startup,Referral,REF-Customer,2
3829,1284,2026-02-12 12:31:00,Startup,Organic Search,SEO-Content,3
3830,1285,2026-02-13 12:04:00,Startup,Referral,REF-Partner,1
3831,1286,2026-01-22 10:16:00,SMB,Paid Search,PS-NonBrand,1
3832,1286,2026-02-01 00:46:00,SMB,Paid Search,PS-NonBrand,2
3833,1286,2026-02-02 03:06:00,SMB,Display,DISPLAY-Retargeting,3
3834,1286,2026-02-09 19:31:00,SMB,Paid Search,PS-NonBrand,4
3835,1287,2026-04-17 04:59:00,Startup,Paid Search,PS-NonBrand,1
3836,1288,2025-12-07 16:35:00,SMB,Organic Search,SEO-Product,1
3837,1289,2026-03-18 19:55:00,Startup,Paid Search,PS-NonBrand,1
3838,1289,2026-03-20 09:57:00,Startup,Email,EMAIL-Reactivation,2
3839,1290,2026-04-13 15:14:00,SMB,Paid Search,PS-NonBrand,1
3840,1291,2025-12-11 19:28:00,Startup,Referral,REF-Partner,1
3841,1291,2025-12-12 21:03:00,Startup,Email,EMAIL-Reactivation,2
3842,1292,2026-03-19 13:12:00,Freelancer,Paid Social,META-Prospecting,1
3843,1292,2026-03-27 17:36:00,Freelancer,Organic Search,SEO-Content,2
3844,1292,2026-03-30 03:49:00,Freelancer,Paid Social,META-Prospecting,3
3845,1292,2026-04-09 04:09:00,Freelancer,Paid Social,META-Prospecting,4
3846,1293,2026-06-21 18:21:00,SMB,Paid Search,PS-Brand,1
3847,1293,2026-06-28 08:24:00,SMB,Paid Search,PS-NonBrand,2
3848,1293,2026-06-29 08:03:00,SMB,Referral,REF-Customer,3
3849,1293,2026-07-03 06:08:00,SMB,Referral,REF-Partner,4
3850,1294,2026-03-15 06:21:00,Startup,Paid Social,META-Retargeting,1
3851,1294,2026-03-18 19:02:00,Startup,Paid Social,META-Retargeting,2
3852,1294,2026-03-20 13:37:00,Startup,Organic Search,SEO-Product,3
3853,1294,2026-03-23 06:48:00,Startup,Paid Social,META-Prospecting,4
3854,1295,2025-10-03 09:38:00,Startup,Paid Search,PS-NonBrand,1
3855,1295,2025-10-09 23:32:00,Startup,Paid Search,PS-NonBrand,2
3856,1295,2025-10-11 22:58:00,Startup,Paid Social,META-Retargeting,3
3857,1295,2025-10-21 02:27:00,Startup,Organic Search,SEO-Content,4
3858,1295,2025-10-27 16:01:00,Startup,Paid Search,PS-Brand,5
3859,1296,2026-06-14 16:42:00,SMB,Paid Social,META-Retargeting,1
3860,1296,2026-06-15 05:23:00,SMB,Paid Social,META-Retargeting,2
3861,1296,2026-07-02 10:36:00,SMB,Email,EMAIL-Nurture,3
3862,1296,2026-07-09 10:20:00,SMB,Organic Search,SEO-Product,4
3863,1296,2026-07-09 12:49:00,SMB,Display,DISPLAY-Prospecting,5
3864,1297,2026-05-14 02:06:00,SMB,Email,EMAIL-Reactivation,1
3865,1297,2026-05-24 00:32:00,SMB,Referral,REF-Customer,2
3866,1298,2026-03-18 21:52:00,Startup,Referral,REF-Partner,1
3867,1298,2026-03-20 13:06:00,Startup,Paid Social,META-Prospecting,2
3868,1298,2026-03-24 10:03:00,Startup,Paid Search,PS-Brand,3
3869,1298,2026-03-28 15:09:00,Startup,Referral,REF-Customer,4
3870,1299,2025-10-11 11:08:00,SMB,Email,EMAIL-Nurture,1
3871,1299,2025-10-25 06:51:00,SMB,Email,EMAIL-Nurture,2
3872,1300,2025-11-12 00:23:00,SMB,Paid Social,META-Retargeting,1
3873,1300,2025-11-20 20:35:00,SMB,Paid Social,META-Prospecting,2
3874,1300,2025-11-28 18:00:00,SMB,Email,EMAIL-Nurture,3
3875,1301,2025-11-15 01:47:00,Freelancer,Organic Search,SEO-Product,1
3876,1301,2025-11-22 11:27:00,Freelancer,Display,DISPLAY-Retargeting,2
3877,1302,2026-08-22 08:44:00,Startup,Email,EMAIL-Nurture,1
3878,1302,2026-08-23 13:52:00,Startup,Paid Social,META-Retargeting,2
3879,1303,2026-02-08 20:09:00,Startup,Organic Search,SEO-Product,1
3880,1303,2026-02-16 00:48:00,Startup,Paid Social,META-Prospecting,2
3881,1304,2026-03-05 21:46:00,Startup,Organic Search,SEO-Product,1
3882,1304,2026-03-26 03:37:00,Startup,Paid Social,META-Retargeting,2
3883,1305,2026-06-23 16:03:00,Startup,Referral,REF-Customer,1
3884,1305,2026-07-02 15:31:00,Startup,Display,DISPLAY-Prospecting,2
3885,1305,2026-07-06 04:44:00,Startup,Referral,REF-Customer,3
3886,1305,2026-07-07 20:06:00,Startup,Organic Search,SEO-Content,4
3887,1306,2026-06-06 21:10:00,Startup,Paid Search,PS-NonBrand,1
3888,1306,2026-06-13 11:08:00,Startup,Paid Search,PS-Brand,2
3889,1306,2026-06-15 00:42:00,Startup,Paid Social,META-Retargeting,3
3890,1306,2026-06-23 21:05:00,Startup,Display,DISPLAY-Retargeting,4
3891,1307,2025-11-09 23:55:00,SMB,Paid Search,PS-Brand,1
3892,1307,2025-11-10 19:13:00,SMB,Paid Search,PS-NonBrand,2
3893,1307,2025-11-14 05:32:00,SMB,Paid Social,META-Prospecting,3
3894,1308,2026-09-11 12:25:00,SMB,Paid Search,PS-Brand,1
3895,1308,2026-09-22 03:59:00,SMB,Paid Social,META-Retargeting,2
3896,1308,2026-09-29 15:33:00,SMB,Paid Search,PS-NonBrand,3
3897,1308,2026-10-03 03:48:00,SMB,Paid Social,META-Retargeting,4
3898,1308,2026-10-03 07:10:00,SMB,Paid Search,PS-Brand,5
3899,1309,2026-01-05 06:08:00,Startup,Paid Search,PS-Brand,1
3900,1309,2026-01-10 10:49:00,Startup,Referral,REF-Customer,2
3901,1309,2026-01-11 09:32:00,Startup,Paid Social,META-Prospecting,3
3902,1309,2026-01-24 19:20:00,Startup,Paid Social,META-Prospecting,4
3903,1309,2026-02-03 02:31:00,Startup,Email,EMAIL-Reactivation,5
3904,1310,2026-07-18 19:54:00,Freelancer,Paid Social,META-Retargeting,1
3905,1310,2026-07-22 04:26:00,Freelancer,Paid Social,META-Prospecting,2
3906,1311,2026-07-31 02:29:00,SMB,Email,EMAIL-Reactivation,1
3907,1311,2026-08-23 15:54:00,SMB,Paid Search,PS-Brand,2
3908,1311,2026-08-26 10:18:00,SMB,Email,EMAIL-Nurture,3
3909,1312,2026-04-28 08:58:00,Freelancer,Email,EMAIL-Reactivation,1
3910,1312,2026-05-14 10:34:00,Freelancer,Display,DISPLAY-Retargeting,2
3911,1313,2025-12-07 19:43:00,Startup,Email,EMAIL-Reactivation,1
3912,1313,2025-12-18 05:34:00,Startup,Referral,REF-Customer,2
3913,1313,2025-12-26 04:47:00,Startup,Email,EMAIL-Nurture,3
3914,1313,2025-12-26 07:29:00,Startup,Organic Search,SEO-Product,4
3915,1314,2026-04-18 17:22:00,Startup,Email,EMAIL-Reactivation,1
3916,1314,2026-05-14 11:37:00,Startup,Referral,REF-Partner,2
3917,1315,2025-12-31 08:18:00,SMB,Email,EMAIL-Nurture,1
3918,1315,2026-01-07 04:02:00,SMB,Referral,REF-Partner,2
3919,1315,2026-01-09 16:43:00,SMB,Referral,REF-Customer,3
3920,1315,2026-01-14 22:34:00,SMB,Email,EMAIL-Nurture,4
3921,1315,2026-01-19 17:01:00,SMB,Organic Search,SEO-Product,5
3922,1316,2026-08-11 19:04:00,SMB,Paid Search,PS-Brand,1
3923,1316,2026-08-16 23:45:00,SMB,Paid Search,PS-NonBrand,2
3924,1316,2026-08-20 16:43:00,SMB,Organic Search,SEO-Product,3
3925,1316,2026-08-29 14:12:00,SMB,Email,EMAIL-Nurture,4
3926,1316,2026-09-01 06:59:00,SMB,Paid Social,META-Prospecting,5
3927,1317,2026-07-04 04:56:00,Startup,Paid Social,META-Retargeting,1
3928,1317,2026-07-05 01:42:00,Startup,Organic Search,SEO-Content,2
3929,1317,2026-07-14 11:52:00,Startup,Paid Social,META-Retargeting,3
3930,1317,2026-07-30 18:03:00,Startup,Referral,REF-Customer,4
3931,1318,2026-08-05 10:16:00,SMB,Display,DISPLAY-Retargeting,1
3932,1318,2026-08-15 15:18:00,SMB,Display,DISPLAY-Retargeting,2
3933,1318,2026-08-22 07:46:00,SMB,Email,EMAIL-Nurture,3
3934,1319,2026-08-06 01:16:00,SMB,Referral,REF-Customer,1
3935,1319,2026-08-09 11:36:00,SMB,Paid Social,META-Retargeting,2
3936,1319,2026-08-23 05:23:00,SMB,Organic Search,SEO-Content,3
3937,1319,2026-08-26 07:03:00,SMB,Paid Search,PS-NonBrand,4
3938,1320,2025-12-17 11:47:00,SMB,Paid Search,PS-NonBrand,1
3939,1320,2025-12-20 14:40:00,SMB,Paid Search,PS-Brand,2
3940,1320,2025-12-23 02:30:00,SMB,Paid Search,PS-NonBrand,3
3941,1320,2025-12-25 18:19:00,SMB,Referral,REF-Customer,4
3942,1320,2026-01-02 01:15:00,SMB,Paid Social,META-Retargeting,5
3943,1321,2025-10-26 20:30:00,Freelancer,Display,DISPLAY-Prospecting,1
3944,1322,2026-05-25 07:19:00,SMB,Organic Search,SEO-Content,1
3945,1322,2026-05-30 15:01:00,SMB,Email,EMAIL-Reactivation,2
3946,1322,2026-06-09 06:36:00,SMB,Email,EMAIL-Nurture,3
3947,1322,2026-06-13 04:20:00,SMB,Paid Search,PS-NonBrand,4
3948,1323,2026-05-22 23:37:00,Startup,Email,EMAIL-Nurture,1
3949,1323,2026-06-04 09:34:00,Startup,Display,DISPLAY-Retargeting,2
3950,1324,2026-08-18 13:49:00,SMB,Referral,REF-Customer,1
3951,1325,2026-05-23 08:37:00,SMB,Paid Social,META-Prospecting,1
3952,1325,2026-05-26 13:50:00,SMB,Paid Search,PS-Brand,2
3953,1325,2026-06-02 00:24:00,SMB,Email,EMAIL-Reactivation,3
3954,1325,2026-06-03 21:09:00,SMB,Paid Search,PS-Brand,4
3955,1325,2026-06-18 21:57:00,SMB,Paid Search,PS-Brand,5
3956,1326,2026-08-07 00:45:00,SMB,Organic Search,SEO-Product,1
3957,1326,2026-08-11 10:14:00,SMB,Organic Search,SEO-Product,2
3958,1327,2026-02-09 09:44:00,Startup,Paid Social,META-Prospecting,1
3959,1327,2026-02-20 23:44:00,Startup,Display,DISPLAY-Retargeting,2
3960,1328,2025-11-19 04:31:00,Startup,Paid Search,PS-NonBrand,1
3961,1328,2025-11-21 05:07:00,Startup,Paid Social,META-Prospecting,2
3962,1328,2025-11-24 12:45:00,Startup,Paid Social,META-Retargeting,3
3963,1328,2025-12-11 02:45:00,Startup,Paid Social,META-Retargeting,4
3964,1328,2025-12-11 03:16:00,Startup,Paid Search,PS-Brand,5
3965,1329,2025-10-16 01:05:00,SMB,Paid Social,META-Prospecting,1
3966,1329,2025-10-26 20:19:00,SMB,Paid Search,PS-Brand,2
3967,1329,2025-11-04 01:39:00,SMB,Email,EMAIL-Nurture,3
3968,1329,2025-11-12 00:13:00,SMB,Display,DISPLAY-Retargeting,4
3969,1330,2026-03-25 05:38:00,Freelancer,Referral,REF-Partner,1
3970,1330,2026-03-25 09:59:00,Freelancer,Paid Social,META-Retargeting,2
3971,1330,2026-03-27 17:09:00,Freelancer,Paid Social,META-Retargeting,3
3972,1331,2025-10-01 16:10:00,SMB,Paid Search,PS-NonBrand,1
3973,1331,2025-10-02 02:17:00,SMB,Organic Search,SEO-Content,2
3974,1331,2025-10-10 08:54:00,SMB,Referral,REF-Customer,3
3975,1331,2025-10-20 23:51:00,SMB,Paid Social,META-Retargeting,4
3976,1331,2025-10-21 10:23:00,SMB,Paid Search,PS-NonBrand,5
3977,1332,2026-04-15 19:49:00,Freelancer,Paid Search,PS-Brand,1
3978,1332,2026-04-23 22:46:00,Freelancer,Paid Search,PS-Brand,2
3979,1333,2026-02-27 10:42:00,SMB,Paid Search,PS-Brand,1
3980,1333,2026-03-15 16:52:00,SMB,Organic Search,SEO-Product,2
3981,1333,2026-03-16 07:07:00,SMB,Display,DISPLAY-Prospecting,3
3982,1333,2026-03-20 05:11:00,SMB,Paid Search,PS-Brand,4
3983,1334,2026-01-05 06:58:00,Freelancer,Paid Search,PS-NonBrand,1
3984,1334,2026-01-11 12:33:00,Freelancer,Paid Search,PS-Brand,2
3985,1334,2026-01-16 04:11:00,Freelancer,Paid Social,META-Retargeting,3
3986,1334,2026-01-25 09:44:00,Freelancer,Organic Search,SEO-Content,4
3987,1334,2026-01-28 18:01:00,Freelancer,Paid Search,PS-Brand,5
3988,1335,2026-05-06 23:57:00,Freelancer,Paid Social,META-Retargeting,1
3989,1335,2026-05-11 00:54:00,Freelancer,Paid Search,PS-Brand,2
3990,1335,2026-05-14 02:52:00,Freelancer,Display,DISPLAY-Retargeting,3
3991,1335,2026-05-19 19:25:00,Freelancer,Display,DISPLAY-Retargeting,4
3992,1335,2026-05-28 02:50:00,Freelancer,Organic Search,SEO-Content,5
3993,1336,2026-06-11 22:38:00,Startup,Paid Search,PS-NonBrand,1
3994,1336,2026-06-17 12:22:00,Startup,Referral,REF-Customer,2
3995,1336,2026-06-23 07:15:00,Startup,Display,DISPLAY-Retargeting,3
3996,1336,2026-06-25 17:10:00,Startup,Display,DISPLAY-Retargeting,4
3997,1336,2026-06-29 15:59:00,Startup,Referral,REF-Customer,5
3998,1337,2025-10-15 07:08:00,SMB,Organic Search,SEO-Content,1
3999,1338,2026-03-31 03:56:00,Startup,Paid Search,PS-Brand,1
4000,1338,2026-04-01 10:18:00,Startup,Email,EMAIL-Reactivation,2
4001,1338,2026-04-08 15:26:00,Startup,Paid Search,PS-Brand,3
4002,1338,2026-04-10 16:56:00,Startup,Organic Search,SEO-Product,4
4003,1338,2026-04-12 23:14:00,Startup,Organic Search,SEO-Content,5
4004,1339,2026-09-29 17:10:00,Freelancer,Email,EMAIL-Reactivation,1
4005,1340,2026-02-03 17:46:00,Startup,Referral,REF-Partner,1
4006,1341,2026-07-18 07:15:00,SMB,Email,EMAIL-Reactivation,1
4007,1342,2026-02-07 23:09:00,SMB,Paid Search,PS-Brand,1
4008,1342,2026-02-18 12:25:00,SMB,Email,EMAIL-Reactivation,2
4009,1343,2026-01-11 00:09:00,SMB,Paid Search,PS-Brand,1
4010,1343,2026-01-11 12:02:00,SMB,Paid Search,PS-Brand,2
4011,1343,2026-01-17 12:38:00,SMB,Paid Search,PS-Brand,3
4012,1344,2026-08-11 18:38:00,Startup,Paid Social,META-Prospecting,1
4013,1344,2026-08-17 13:15:00,Startup,Email,EMAIL-Reactivation,2
4014,1344,2026-09-07 18:10:00,Startup,Referral,REF-Customer,3
4015,1345,2026-03-01 07:05:00,SMB,Email,EMAIL-Reactivation,1
4016,1345,2026-03-01 07:08:00,SMB,Paid Search,PS-Brand,2
4017,1345,2026-03-03 08:21:00,SMB,Paid Social,META-Retargeting,3
4018,1345,2026-03-09 09:00:00,SMB,Referral,REF-Partner,4
4019,1345,2026-03-09 23:39:00,SMB,Email,EMAIL-Reactivation,5
4020,1346,2026-08-13 23:20:00,Startup,Referral,REF-Customer,1
4021,1346,2026-08-16 01:58:00,Startup,Organic Search,SEO-Product,2
4022,1346,2026-08-22 04:46:00,Startup,Paid Search,PS-Brand,3
4023,1346,2026-08-23 01:24:00,Startup,Display,DISPLAY-Retargeting,4
4024,1346,2026-09-03 20:28:00,Startup,Organic Search,SEO-Content,5
4025,1347,2026-05-31 01:11:00,SMB,Referral,REF-Customer,1
4026,1347,2026-06-02 11:40:00,SMB,Referral,REF-Customer,2
4027,1347,2026-06-03 07:41:00,SMB,Paid Social,META-Retargeting,3
4028,1347,2026-06-08 04:26:00,SMB,Paid Social,META-Retargeting,4
4029,1348,2026-08-16 07:17:00,SMB,Paid Social,META-Prospecting,1
4030,1349,2026-07-27 16:26:00,SMB,Paid Social,META-Prospecting,1
4031,1349,2026-08-04 16:56:00,SMB,Paid Search,PS-Brand,2
4032,1349,2026-08-04 19:25:00,SMB,Organic Search,SEO-Content,3
4033,1349,2026-08-14 08:36:00,SMB,Organic Search,SEO-Content,4
4034,1349,2026-08-23 07:48:00,SMB,Organic Search,SEO-Product,5
4035,1350,2026-09-08 16:28:00,Freelancer,Paid Search,PS-NonBrand,1
4036,1350,2026-09-16 11:34:00,Freelancer,Paid Search,PS-NonBrand,2
4037,1350,2026-09-23 07:33:00,Freelancer,Organic Search,SEO-Content,3
4038,1351,2026-05-06 01:41:00,Startup,Paid Search,PS-NonBrand,1
4039,1351,2026-05-15 18:44:00,Startup,Organic Search,SEO-Content,2
4040,1351,2026-05-16 23:38:00,Startup,Paid Search,PS-NonBrand,3
4041,1352,2026-10-02 19:52:00,Startup,Referral,REF-Customer,1
4042,1353,2025-10-30 14:37:00,Startup,Email,EMAIL-Reactivation,1
4043,1353,2025-11-13 08:52:00,Startup,Organic Search,SEO-Product,2
4044,1354,2026-04-02 04:06:00,Startup,Referral,REF-Customer,1
4045,1354,2026-04-06 14:35:00,Startup,Paid Social,META-Retargeting,2
4046,1354,2026-04-07 08:07:00,Startup,Paid Search,PS-NonBrand,3
4047,1354,2026-04-25 19:45:00,Startup,Paid Search,PS-Brand,4
4048,1355,2026-03-01 00:09:00,SMB,Paid Search,PS-NonBrand,1
4049,1356,2025-11-11 23:29:00,Startup,Paid Search,PS-NonBrand,1
4050,1356,2025-11-14 11:04:00,Startup,Paid Search,PS-NonBrand,2
4051,1356,2025-11-20 10:03:00,Startup,Paid Social,META-Prospecting,3
4052,1357,2026-09-08 02:03:00,SMB,Organic Search,SEO-Product,1
4053,1358,2026-07-27 10:10:00,Startup,Referral,REF-Partner,1
4054,1358,2026-08-04 15:47:00,Startup,Organic Search,SEO-Product,2
4055,1358,2026-08-06 06:21:00,Startup,Paid Social,META-Prospecting,3
4056,1358,2026-08-09 18:08:00,Startup,Display,DISPLAY-Retargeting,4
4057,1358,2026-08-13 06:02:00,Startup,Email,EMAIL-Nurture,5
4058,1359,2026-07-22 03:53:00,SMB,Paid Search,PS-NonBrand,1
4059,1360,2026-05-27 04:09:00,Freelancer,Paid Search,PS-Brand,1
4060,1360,2026-05-28 21:17:00,Freelancer,Paid Search,PS-NonBrand,2
4061,1360,2026-05-30 10:13:00,Freelancer,Email,EMAIL-Nurture,3
4062,1360,2026-06-11 17:14:00,Freelancer,Paid Social,META-Prospecting,4
4063,1360,2026-06-13 17:45:00,Freelancer,Paid Search,PS-Brand,5
4064,1361,2026-05-17 10:40:00,Startup,Display,DISPLAY-Prospecting,1
4065,1361,2026-05-23 19:48:00,Startup,Paid Social,META-Retargeting,2
4066,1361,2026-06-05 12:23:00,Startup,Organic Search,SEO-Product,3
4067,1362,2026-03-07 10:11:00,SMB,Organic Search,SEO-Product,1
4068,1362,2026-03-14 19:45:00,SMB,Referral,REF-Customer,2
4069,1363,2026-06-08 21:11:00,Startup,Paid Social,META-Retargeting,1
4070,1363,2026-06-10 18:42:00,Startup,Organic Search,SEO-Product,2
4071,1363,2026-06-13 13:33:00,Startup,Paid Search,PS-NonBrand,3
4072,1363,2026-06-15 12:16:00,Startup,Referral,REF-Customer,4
4073,1364,2026-10-09 17:58:00,SMB,Paid Social,META-Retargeting,1
4074,1364,2026-10-09 21:57:00,SMB,Organic Search,SEO-Content,2
4075,1365,2025-12-31 09:28:00,SMB,Paid Search,PS-Brand,1
4076,1365,2026-01-09 05:09:00,SMB,Paid Social,META-Retargeting,2
4077,1365,2026-01-10 11:51:00,SMB,Display,DISPLAY-Retargeting,3
4078,1365,2026-01-11 21:45:00,SMB,Paid Search,PS-NonBrand,4
4079,1365,2026-01-24 03:42:00,SMB,Referral,REF-Partner,5
4080,1366,2026-02-10 05:57:00,Freelancer,Organic Search,SEO-Content,1
4081,1366,2026-02-12 19:56:00,Freelancer,Paid Search,PS-NonBrand,2
4082,1366,2026-02-15 08:13:00,Freelancer,Display,DISPLAY-Prospecting,3
4083,1367,2025-11-19 13:57:00,Startup,Referral,REF-Partner,1
4084,1367,2025-11-27 17:43:00,Startup,Paid Search,PS-NonBrand,2
4085,1368,2026-09-24 19:00:00,Startup,Paid Social,META-Prospecting,1
4086,1369,2026-04-14 15:33:00,SMB,Referral,REF-Customer,1
4087,1369,2026-04-27 08:48:00,SMB,Paid Search,PS-NonBrand,2
4088,1369,2026-04-28 17:09:00,SMB,Display,DISPLAY-Retargeting,3
4089,1369,2026-05-08 00:37:00,SMB,Email,EMAIL-Nurture,4
4090,1370,2026-05-20 01:21:00,SMB,Paid Search,PS-Brand,1
4091,1370,2026-05-23 04:17:00,SMB,Organic Search,SEO-Content,2
4092,1370,2026-05-25 10:35:00,SMB,Referral,REF-Partner,3
4093,1371,2026-01-06 12:40:00,SMB,Paid Search,PS-NonBrand,1
4094,1371,2026-01-20 21:39:00,SMB,Paid Search,PS-NonBrand,2
4095,1371,2026-02-01 15:46:00,SMB,Referral,REF-Customer,3
4096,1371,2026-02-03 05:02:00,SMB,Paid Social,META-Prospecting,4
4097,1372,2025-10-20 12:00:00,Startup,Paid Search,PS-NonBrand,1
4098,1372,2025-10-24 21:14:00,Startup,Paid Social,META-Retargeting,2
4099,1372,2025-11-02 18:37:00,Startup,Paid Search,PS-NonBrand,3
4100,1372,2025-11-07 00:18:00,Startup,Organic Search,SEO-Product,4
4101,1373,2026-07-22 04:30:00,Startup,Paid Search,PS-NonBrand,1
4102,1373,2026-07-29 22:27:00,Startup,Paid Social,META-Retargeting,2
4103,1373,2026-08-02 14:30:00,Startup,Referral,REF-Customer,3
4104,1373,2026-08-15 06:53:00,Startup,Paid Search,PS-NonBrand,4
4105,1374,2026-08-15 02:31:00,SMB,Organic Search,SEO-Content,1
4106,1375,2026-02-09 12:43:00,SMB,Paid Search,PS-NonBrand,1
4107,1375,2026-02-13 20:24:00,SMB,Referral,REF-Partner,2
4108,1375,2026-02-14 23:28:00,SMB,Referral,REF-Customer,3
4109,1375,2026-02-19 08:34:00,SMB,Organic Search,SEO-Content,4
4110,1375,2026-02-28 22:25:00,SMB,Paid Social,META-Prospecting,5
4111,1376,2026-07-09 08:56:00,SMB,Organic Search,SEO-Content,1
4112,1376,2026-07-15 01:03:00,SMB,Paid Search,PS-Brand,2
4113,1376,2026-07-19 01:33:00,SMB,Paid Social,META-Prospecting,3
4114,1376,2026-07-21 08:52:00,SMB,Paid Search,PS-NonBrand,4
4115,1377,2026-05-24 05:42:00,SMB,Organic Search,SEO-Content,1
4116,1377,2026-05-24 22:23:00,SMB,Paid Social,META-Retargeting,2
4117,1378,2026-05-26 08:47:00,SMB,Paid Search,PS-Brand,1
4118,1378,2026-05-29 02:34:00,SMB,Paid Social,META-Retargeting,2
4119,1378,2026-06-19 04:27:00,SMB,Email,EMAIL-Reactivation,3
4120,1378,2026-06-20 13:09:00,SMB,Referral,REF-Customer,4
4121,1379,2025-12-09 17:43:00,SMB,Paid Social,META-Retargeting,1
4122,1379,2025-12-25 05:29:00,SMB,Referral,REF-Partner,2
4123,1379,2025-12-27 07:04:00,SMB,Paid Search,PS-NonBrand,3
4124,1379,2025-12-29 13:14:00,SMB,Organic Search,SEO-Content,4
4125,1380,2026-05-15 07:42:00,SMB,Email,EMAIL-Reactivation,1
4126,1380,2026-05-16 06:29:00,SMB,Organic Search,SEO-Content,2
4127,1380,2026-05-26 22:33:00,SMB,Referral,REF-Customer,3
4128,1380,2026-05-31 00:29:00,SMB,Email,EMAIL-Nurture,4
4129,1380,2026-06-08 10:06:00,SMB,Email,EMAIL-Nurture,5
4130,1381,2025-12-26 18:48:00,SMB,Organic Search,SEO-Product,1
4131,1382,2025-12-28 19:42:00,SMB,Organic Search,SEO-Product,1
4132,1382,2026-01-01 05:05:00,SMB,Paid Search,PS-Brand,2
4133,1382,2026-01-10 10:34:00,SMB,Paid Search,PS-NonBrand,3
4134,1382,2026-01-10 13:23:00,SMB,Paid Search,PS-NonBrand,4
4135,1383,2026-02-22 11:09:00,Startup,Display,DISPLAY-Prospecting,1
4136,1384,2025-12-23 15:06:00,Startup,Email,EMAIL-Nurture,1
4137,1384,2026-01-04 08:34:00,Startup,Email,EMAIL-Reactivation,2
4138,1384,2026-01-12 07:51:00,Startup,Paid Social,META-Prospecting,3
4139,1384,2026-01-14 00:08:00,Startup,Paid Search,PS-NonBrand,4
4140,1385,2026-09-06 00:53:00,SMB,Organic Search,SEO-Content,1
4141,1385,2026-09-07 10:19:00,SMB,Paid Search,PS-Brand,2
4142,1385,2026-09-11 23:14:00,SMB,Referral,REF-Customer,3
4143,1385,2026-09-22 21:50:00,SMB,Paid Search,PS-NonBrand,4
4144,1385,2026-09-23 03:17:00,SMB,Organic Search,SEO-Product,5
4145,1386,2025-10-29 05:41:00,SMB,Paid Search,PS-Brand,1
4146,1387,2026-09-14 10:25:00,Startup,Paid Social,META-Prospecting,1
4147,1387,2026-09-24 00:37:00,Startup,Display,DISPLAY-Prospecting,2
4148,1388,2025-12-22 00:44:00,SMB,Referral,REF-Partner,1
4149,1389,2026-08-15 21:10:00,SMB,Paid Search,PS-NonBrand,1
4150,1389,2026-08-19 00:10:00,SMB,Paid Search,PS-Brand,2
4151,1389,2026-09-02 09:39:00,SMB,Organic Search,SEO-Product,3
4152,1389,2026-09-05 23:49:00,SMB,Organic Search,SEO-Product,4
4153,1389,2026-09-11 09:39:00,SMB,Display,DISPLAY-Retargeting,5
4154,1390,2026-02-03 02:47:00,SMB,Display,DISPLAY-Retargeting,1
4155,1391,2026-09-17 07:25:00,SMB,Referral,REF-Partner,1
4156,1391,2026-09-21 08:12:00,SMB,Organic Search,SEO-Product,2
4157,1391,2026-09-25 18:14:00,SMB,Email,EMAIL-Reactivation,3
4158,1391,2026-09-27 02:19:00,SMB,Paid Social,META-Retargeting,4
4159,1392,2026-05-09 00:12:00,Startup,Paid Search,PS-Brand,1
4160,1393,2026-03-28 10:47:00,Freelancer,Email,EMAIL-Reactivation,1
4161,1393,2026-04-07 13:24:00,Freelancer,Email,EMAIL-Reactivation,2
4162,1393,2026-04-22 15:47:00,Freelancer,Referral,REF-Customer,3
4163,1394,2025-11-20 07:54:00,SMB,Referral,REF-Customer,1
4164,1394,2025-11-22 14:28:00,SMB,Paid Search,PS-Brand,2
4165,1394,2025-11-24 16:42:00,SMB,Organic Search,SEO-Content,3
4166,1395,2026-03-15 04:16:00,SMB,Referral,REF-Partner,1
4167,1395,2026-03-16 23:01:00,SMB,Paid Search,PS-NonBrand,2
4168,1395,2026-03-26 07:44:00,SMB,Paid Search,PS-NonBrand,3
4169,1395,2026-03-29 22:10:00,SMB,Referral,REF-Customer,4
4170,1396,2026-05-12 06:53:00,Freelancer,Referral,REF-Partner,1
4171,1397,2026-09-26 20:55:00,Startup,Referral,REF-Customer,1
4172,1397,2026-10-02 07:03:00,Startup,Paid Search,PS-NonBrand,2
4173,1397,2026-10-15 07:07:00,Startup,Paid Social,META-Retargeting,3
4174,1397,2026-10-22 15:43:00,Startup,Paid Search,PS-Brand,4
4175,1398,2026-01-06 21:06:00,Freelancer,Organic Search,SEO-Product,1
4176,1398,2026-01-15 08:14:00,Freelancer,Email,EMAIL-Nurture,2
4177,1398,2026-01-25 10:55:00,Freelancer,Organic Search,SEO-Content,3
4178,1399,2025-11-02 10:17:00,Startup,Paid Social,META-Prospecting,1
4179,1399,2025-11-09 17:41:00,Startup,Email,EMAIL-Reactivation,2
4180,1399,2025-11-27 15:38:00,Startup,Email,EMAIL-Reactivation,3
4181,1399,2025-11-28 20:44:00,Startup,Referral,REF-Partner,4
4182,1400,2026-01-19 12:20:00,SMB,Paid Social,META-Retargeting,1
4183,1400,2026-01-28 02:58:00,SMB,Paid Social,META-Prospecting,2
4184,1401,2026-01-20 08:00:00,SMB,Paid Search,PS-NonBrand,1
4185,1402,2026-09-23 00:59:00,SMB,Organic Search,SEO-Content,1
4186,1402,2026-09-26 06:32:00,SMB,Organic Search,SEO-Product,2
4187,1402,2026-10-02 02:38:00,SMB,Referral,REF-Customer,3
4188,1403,2025-11-24 21:33:00,Startup,Paid Social,META-Retargeting,1
4189,1403,2025-12-04 03:51:00,Startup,Paid Social,META-Retargeting,2
4190,1403,2025-12-15 09:59:00,Startup,Display,DISPLAY-Prospecting,3
4191,1403,2025-12-21 09:28:00,Startup,Display,DISPLAY-Retargeting,4
4192,1404,2026-10-02 23:11:00,SMB,Email,EMAIL-Nurture,1
4193,1404,2026-10-23 13:02:00,SMB,Paid Search,PS-NonBrand,2
4194,1405,2025-11-18 14:18:00,Startup,Email,EMAIL-Reactivation,1
4195,1405,2025-11-26 15:42:00,Startup,Display,DISPLAY-Retargeting,2
4196,1406,2026-08-02 06:24:00,Startup,Paid Search,PS-Brand,1
4197,1407,2026-03-27 17:49:00,Freelancer,Email,EMAIL-Nurture,1
4198,1408,2025-10-27 13:58:00,Startup,Display,DISPLAY-Prospecting,1
4199,1408,2025-10-28 20:27:00,Startup,Email,EMAIL-Reactivation,2
4200,1408,2025-11-08 17:44:00,Startup,Paid Social,META-Prospecting,3
4201,1409,2026-05-20 05:41:00,SMB,Paid Search,PS-NonBrand,1
4202,1409,2026-05-28 14:42:00,SMB,Organic Search,SEO-Content,2
4203,1409,2026-06-09 12:05:00,SMB,Display,DISPLAY-Retargeting,3
4204,1410,2026-06-29 07:58:00,SMB,Paid Search,PS-NonBrand,1
4205,1410,2026-07-03 04:04:00,SMB,Paid Search,PS-Brand,2
4206,1410,2026-07-13 23:45:00,SMB,Referral,REF-Partner,3
4207,1411,2026-08-14 00:09:00,Startup,Paid Search,PS-Brand,1
4208,1411,2026-08-18 21:19:00,Startup,Paid Social,META-Retargeting,2
4209,1411,2026-08-22 11:57:00,Startup,Organic Search,SEO-Content,3
4210,1411,2026-08-23 12:26:00,Startup,Paid Search,PS-Brand,4
4211,1411,2026-08-30 23:14:00,Startup,Paid Social,META-Prospecting,5
4212,1412,2025-12-06 16:43:00,Startup,Organic Search,SEO-Product,1
4213,1412,2025-12-17 03:59:00,Startup,Paid Search,PS-Brand,2
4214,1412,2025-12-26 00:06:00,Startup,Paid Social,META-Prospecting,3
4215,1412,2025-12-30 00:35:00,Startup,Paid Search,PS-NonBrand,4
4216,1412,2026-01-03 05:15:00,Startup,Email,EMAIL-Nurture,5
4217,1413,2026-05-22 20:57:00,Startup,Display,DISPLAY-Prospecting,1
4218,1414,2026-05-02 19:29:00,Startup,Paid Social,META-Prospecting,1
4219,1415,2026-03-12 16:32:00,Startup,Paid Search,PS-Brand,1
4220,1415,2026-03-25 13:02:00,Startup,Paid Search,PS-NonBrand,2
4221,1415,2026-03-30 23:54:00,Startup,Referral,REF-Customer,3
4222,1416,2026-09-15 17:05:00,SMB,Referral,REF-Partner,1
4223,1416,2026-09-20 22:17:00,SMB,Paid Search,PS-Brand,2
4224,1417,2026-03-12 14:18:00,SMB,Organic Search,SEO-Content,1
4225,1417,2026-03-19 06:56:00,SMB,Paid Search,PS-Brand,2
4226,1417,2026-03-22 19:24:00,SMB,Paid Search,PS-Brand,3
4227,1418,2026-02-22 02:26:00,Freelancer,Referral,REF-Customer,1
4228,1419,2026-04-13 02:38:00,Startup,Paid Search,PS-NonBrand,1
4229,1419,2026-04-20 22:36:00,Startup,Email,EMAIL-Nurture,2
4230,1419,2026-04-29 01:18:00,Startup,Email,EMAIL-Nurture,3
4231,1420,2026-09-06 05:07:00,Startup,Paid Search,PS-Brand,1
4232,1420,2026-09-10 13:02:00,Startup,Referral,REF-Customer,2
4233,1420,2026-09-15 13:05:00,Startup,Email,EMAIL-Nurture,3
4234,1420,2026-09-25 14:08:00,Startup,Paid Search,PS-NonBrand,4
4235,1420,2026-10-02 17:47:00,Startup,Paid Social,META-Retargeting,5
4236,1421,2026-08-27 00:37:00,SMB,Display,DISPLAY-Prospecting,1
4237,1421,2026-09-07 20:51:00,SMB,Referral,REF-Partner,2
4238,1422,2026-06-24 15:58:00,Startup,Paid Search,PS-NonBrand,1
4239,1423,2025-11-03 03:34:00,SMB,Paid Search,PS-Brand,1
4240,1423,2025-11-15 01:38:00,SMB,Referral,REF-Customer,2
4241,1423,2025-11-17 21:47:00,SMB,Paid Search,PS-Brand,3
4242,1424,2026-01-21 17:17:00,SMB,Paid Search,PS-Brand,1
4243,1425,2025-10-15 02:37:00,SMB,Paid Social,META-Prospecting,1
4244,1425,2025-10-22 11:04:00,SMB,Paid Social,META-Retargeting,2
4245,1426,2025-11-21 12:47:00,Startup,Paid Search,PS-Brand,1
4246,1426,2025-11-25 20:46:00,Startup,Paid Search,PS-NonBrand,2
4247,1426,2025-11-26 06:14:00,Startup,Email,EMAIL-Reactivation,3
4248,1427,2026-07-31 17:47:00,SMB,Paid Social,META-Prospecting,1
4249,1427,2026-08-11 02:25:00,SMB,Referral,REF-Customer,2
4250,1427,2026-08-16 14:43:00,SMB,Organic Search,SEO-Content,3
4251,1427,2026-08-27 11:58:00,SMB,Organic Search,SEO-Product,4
4252,1428,2026-07-31 10:08:00,SMB,Referral,REF-Partner,1
4253,1428,2026-08-06 23:50:00,SMB,Paid Search,PS-NonBrand,2
4254,1428,2026-08-11 16:33:00,SMB,Referral,REF-Customer,3
4255,1429,2025-11-08 06:45:00,SMB,Paid Social,META-Prospecting,1
4256,1429,2025-11-08 07:53:00,SMB,Referral,REF-Customer,2
4257,1429,2025-11-24 02:06:00,SMB,Paid Search,PS-NonBrand,3
4258,1430,2026-03-24 18:21:00,SMB,Organic Search,SEO-Product,1
4259,1430,2026-04-01 07:54:00,SMB,Email,EMAIL-Nurture,2
4260,1431,2026-01-26 11:53:00,Startup,Paid Search,PS-Brand,1
4261,1432,2025-11-03 01:55:00,Startup,Referral,REF-Customer,1
4262,1433,2026-02-20 22:44:00,Startup,Referral,REF-Partner,1
4263,1433,2026-03-02 04:50:00,Startup,Display,DISPLAY-Retargeting,2
4264,1433,2026-03-03 04:18:00,Startup,Email,EMAIL-Reactivation,3
4265,1433,2026-03-10 03:11:00,Startup,Paid Social,META-Prospecting,4
4266,1433,2026-03-15 17:33:00,Startup,Display,DISPLAY-Prospecting,5
4267,1434,2025-11-24 12:18:00,SMB,Referral,REF-Partner,1
4268,1434,2025-11-29 02:18:00,SMB,Paid Search,PS-NonBrand,2
4269,1435,2026-06-29 06:01:00,Startup,Paid Search,PS-Brand,1
4270,1435,2026-07-10 03:25:00,Startup,Email,EMAIL-Reactivation,2
4271,1436,2026-10-12 08:52:00,SMB,Paid Social,META-Prospecting,1
4272,1437,2026-03-15 18:57:00,Startup,Organic Search,SEO-Content,1
4273,1438,2026-01-16 13:27:00,Freelancer,Paid Search,PS-Brand,1
4274,1439,2026-04-13 04:08:00,SMB,Referral,REF-Customer,1
4275,1439,2026-04-18 06:07:00,SMB,Paid Social,META-Retargeting,2
4276,1439,2026-04-25 10:21:00,SMB,Organic Search,SEO-Content,3
4277,1439,2026-04-28 03:23:00,SMB,Paid Search,PS-NonBrand,4
4278,1440,2026-09-22 12:33:00,Freelancer,Paid Search,PS-NonBrand,1
4279,1440,2026-09-24 06:07:00,Freelancer,Email,EMAIL-Reactivation,2
4280,1440,2026-10-02 20:04:00,Freelancer,Paid Social,META-Retargeting,3
4281,1440,2026-10-11 11:38:00,Freelancer,Display,DISPLAY-Retargeting,4
4282,1441,2025-12-05 05:01:00,SMB,Paid Social,META-Prospecting,1
4283,1441,2025-12-09 20:56:00,SMB,Paid Social,META-Prospecting,2
4284,1441,2025-12-11 17:34:00,SMB,Referral,REF-Customer,3
4285,1441,2025-12-15 10:48:00,SMB,Organic Search,SEO-Content,4
4286,1441,2025-12-19 18:32:00,SMB,Paid Search,PS-NonBrand,5
4287,1442,2026-06-09 23:14:00,Startup,Paid Social,META-Retargeting,1
4288,1443,2025-11-12 23:14:00,Startup,Paid Social,META-Prospecting,1
4289,1443,2025-12-01 13:56:00,Startup,Email,EMAIL-Reactivation,2
4290,1444,2026-02-11 23:18:00,Startup,Organic Search,SEO-Content,1
4291,1445,2026-03-20 07:04:00,Startup,Paid Social,META-Prospecting,1
4292,1445,2026-03-27 22:22:00,Startup,Referral,REF-Customer,2
4293,1446,2026-02-26 12:39:00,SMB,Organic Search,SEO-Product,1
4294,1446,2026-02-28 17:23:00,SMB,Display,DISPLAY-Prospecting,2
4295,1446,2026-03-11 15:50:00,SMB,Paid Search,PS-NonBrand,3
4296,1446,2026-03-16 00:47:00,SMB,Organic Search,SEO-Product,4
4297,1446,2026-03-18 09:06:00,SMB,Organic Search,SEO-Product,5
4298,1447,2025-12-09 04:41:00,Startup,Paid Search,PS-Brand,1
4299,1447,2025-12-14 03:41:00,Startup,Organic Search,SEO-Product,2
4300,1447,2025-12-22 21:18:00,Startup,Organic Search,SEO-Product,3
4301,1448,2026-07-23 03:46:00,Startup,Paid Search,PS-NonBrand,1
4302,1448,2026-07-25 02:20:00,Startup,Paid Social,META-Retargeting,2
4303,1449,2026-06-03 05:42:00,Startup,Display,DISPLAY-Prospecting,1
4304,1449,2026-06-20 02:31:00,Startup,Display,DISPLAY-Retargeting,2
4305,1449,2026-06-21 23:18:00,Startup,Display,DISPLAY-Retargeting,3
4306,1449,2026-06-24 16:13:00,Startup,Paid Social,META-Retargeting,4
4307,1450,2026-03-14 22:22:00,SMB,Organic Search,SEO-Content,1
4308,1450,2026-03-19 00:23:00,SMB,Paid Search,PS-NonBrand,2
4309,1450,2026-04-01 04:40:00,SMB,Organic Search,SEO-Product,3
4310,1451,2026-03-18 23:32:00,SMB,Referral,REF-Customer,1
4311,1451,2026-03-25 23:31:00,SMB,Organic Search,SEO-Content,2
4312,1452,2025-11-02 01:50:00,Freelancer,Paid Search,PS-NonBrand,1
4313,1452,2025-11-03 02:21:00,Freelancer,Organic Search,SEO-Content,2
4314,1452,2025-11-10 19:52:00,Freelancer,Paid Social,META-Retargeting,3
4315,1452,2025-11-17 03:11:00,Freelancer,Email,EMAIL-Nurture,4
4316,1452,2025-11-19 13:52:00,Freelancer,Referral,REF-Partner,5
4317,1453,2026-06-09 19:59:00,SMB,Paid Social,META-Retargeting,1
4318,1453,2026-06-18 01:49:00,SMB,Paid Search,PS-Brand,2
4319,1453,2026-06-27 00:37:00,SMB,Paid Search,PS-NonBrand,3
4320,1454,2026-01-17 20:52:00,SMB,Referral,REF-Partner,1
4321,1455,2026-01-23 22:35:00,SMB,Email,EMAIL-Reactivation,1
4322,1456,2026-08-26 15:58:00,Startup,Organic Search,SEO-Content,1
4323,1457,2026-05-27 19:24:00,Startup,Display,DISPLAY-Prospecting,1
4324,1457,2026-05-29 00:53:00,Startup,Paid Search,PS-NonBrand,2
4325,1457,2026-06-03 14:35:00,Startup,Paid Social,META-Prospecting,3
4326,1457,2026-06-20 11:29:00,Startup,Email,EMAIL-Reactivation,4
4327,1458,2026-06-18 02:05:00,Freelancer,Email,EMAIL-Reactivation,1
4328,1458,2026-06-23 08:21:00,Freelancer,Paid Social,META-Retargeting,2
4329,1458,2026-06-30 23:47:00,Freelancer,Paid Search,PS-NonBrand,3
4330,1458,2026-07-03 08:48:00,Freelancer,Email,EMAIL-Nurture,4
4331,1458,2026-07-10 07:19:00,Freelancer,Paid Social,META-Retargeting,5
4332,1459,2026-01-16 17:20:00,Startup,Email,EMAIL-Nurture,1
4333,1459,2026-01-24 00:50:00,Startup,Paid Social,META-Retargeting,2
4334,1459,2026-01-29 05:01:00,Startup,Display,DISPLAY-Retargeting,3
4335,1460,2026-04-07 12:11:00,SMB,Organic Search,SEO-Content,1
4336,1460,2026-04-08 13:32:00,SMB,Referral,REF-Customer,2
4337,1461,2025-10-11 15:47:00,SMB,Paid Social,META-Retargeting,1
4338,1461,2025-10-13 19:24:00,SMB,Organic Search,SEO-Content,2
4339,1461,2025-10-14 01:14:00,SMB,Paid Search,PS-Brand,3
4340,1461,2025-10-29 17:40:00,SMB,Paid Search,PS-NonBrand,4
4341,1461,2025-10-31 11:39:00,SMB,Paid Search,PS-Brand,5
4342,1462,2026-01-25 05:17:00,SMB,Email,EMAIL-Nurture,1
4343,1462,2026-01-26 21:58:00,SMB,Paid Search,PS-Brand,2
4344,1463,2026-08-07 21:32:00,Startup,Paid Social,META-Prospecting,1
4345,1463,2026-08-08 00:20:00,Startup,Paid Social,META-Retargeting,2
4346,1464,2026-03-24 02:06:00,Freelancer,Organic Search,SEO-Content,1
4347,1464,2026-03-24 05:43:00,Freelancer,Paid Search,PS-NonBrand,2
4348,1464,2026-03-27 09:25:00,Freelancer,Organic Search,SEO-Content,3
4349,1464,2026-04-08 20:19:00,Freelancer,Paid Search,PS-NonBrand,4
4350,1464,2026-04-11 10:06:00,Freelancer,Email,EMAIL-Reactivation,5
4351,1465,2026-05-29 02:29:00,SMB,Paid Social,META-Prospecting,1
4352,1465,2026-06-03 09:43:00,SMB,Paid Search,PS-Brand,2
4353,1465,2026-06-12 00:44:00,SMB,Organic Search,SEO-Content,3
4354,1465,2026-06-18 06:45:00,SMB,Paid Search,PS-NonBrand,4
4355,1466,2026-07-23 16:46:00,SMB,Organic Search,SEO-Content,1
4356,1466,2026-07-27 15:03:00,SMB,Paid Search,PS-Brand,2
4357,1466,2026-07-30 23:16:00,SMB,Email,EMAIL-Reactivation,3
4358,1466,2026-07-31 01:43:00,SMB,Email,EMAIL-Reactivation,4
4359,1466,2026-07-31 12:20:00,SMB,Referral,REF-Customer,5
4360,1467,2026-10-06 11:03:00,Startup,Display,DISPLAY-Prospecting,1
4361,1468,2025-11-02 17:32:00,Startup,Paid Search,PS-NonBrand,1
4362,1468,2025-11-07 08:10:00,Startup,Paid Search,PS-Brand,2
4363,1468,2025-11-13 18:01:00,Startup,Display,DISPLAY-Retargeting,3
4364,1468,2025-11-14 14:51:00,Startup,Email,EMAIL-Reactivation,4
4365,1468,2025-11-15 23:08:00,Startup,Email,EMAIL-Nurture,5
4366,1469,2026-05-02 05:14:00,Startup,Email,EMAIL-Reactivation,1
4367,1469,2026-05-05 16:20:00,Startup,Paid Search,PS-Brand,2
4368,1469,2026-05-22 01:22:00,Startup,Paid Search,PS-Brand,3
4369,1469,2026-05-25 07:33:00,Startup,Paid Search,PS-Brand,4
4370,1470,2026-10-09 01:06:00,SMB,Paid Social,META-Prospecting,1
4371,1470,2026-10-16 10:24:00,SMB,Paid Social,META-Retargeting,2
4372,1471,2025-12-19 22:27:00,SMB,Organic Search,SEO-Content,1
4373,1472,2026-08-21 17:14:00,Startup,Referral,REF-Partner,1
4374,1472,2026-08-29 12:02:00,Startup,Organic Search,SEO-Content,2
4375,1472,2026-09-03 03:55:00,Startup,Display,DISPLAY-Retargeting,3
4376,1472,2026-09-04 02:00:00,Startup,Organic Search,SEO-Product,4
4377,1473,2026-05-08 13:38:00,SMB,Referral,REF-Partner,1
4378,1473,2026-05-10 01:42:00,SMB,Email,EMAIL-Reactivation,2
4379,1474,2026-01-26 15:58:00,Startup,Email,EMAIL-Reactivation,1
4380,1474,2026-02-14 03:12:00,Startup,Paid Search,PS-Brand,2
4381,1474,2026-02-14 10:27:00,Startup,Display,DISPLAY-Prospecting,3
4382,1474,2026-02-20 03:35:00,Startup,Referral,REF-Customer,4
4383,1475,2026-07-15 00:56:00,SMB,Organic Search,SEO-Content,1
4384,1476,2026-08-14 14:15:00,Startup,Display,DISPLAY-Prospecting,1
4385,1476,2026-08-19 02:35:00,Startup,Paid Search,PS-Brand,2
4386,1476,2026-09-01 19:50:00,Startup,Paid Social,META-Retargeting,3
4387,1476,2026-09-05 13:04:00,Startup,Paid Search,PS-NonBrand,4
4388,1477,2025-12-09 12:32:00,Freelancer,Email,EMAIL-Nurture,1
4389,1477,2025-12-12 20:51:00,Freelancer,Paid Search,PS-Brand,2
4390,1477,2025-12-14 05:53:00,Freelancer,Email,EMAIL-Nurture,3
4391,1477,2025-12-14 14:52:00,Freelancer,Referral,REF-Customer,4
4392,1478,2026-06-11 02:07:00,Startup,Email,EMAIL-Nurture,1
4393,1478,2026-06-12 08:53:00,Startup,Paid Social,META-Retargeting,2
4394,1478,2026-06-18 04:09:00,Startup,Display,DISPLAY-Retargeting,3
4395,1478,2026-07-02 08:17:00,Startup,Paid Social,META-Retargeting,4
4396,1479,2026-10-02 17:52:00,SMB,Paid Search,PS-Brand,1
4397,1480,2026-06-23 00:13:00,Freelancer,Paid Social,META-Prospecting,1
4398,1481,2026-04-28 05:33:00,SMB,Paid Social,META-Prospecting,1
4399,1481,2026-04-30 05:08:00,SMB,Paid Social,META-Retargeting,2
4400,1481,2026-05-13 00:16:00,SMB,Referral,REF-Partner,3
4401,1481,2026-05-15 07:43:00,SMB,Display,DISPLAY-Retargeting,4
4402,1481,2026-05-16 22:40:00,SMB,Organic Search,SEO-Content,5
4403,1482,2025-12-07 01:15:00,Startup,Paid Search,PS-Brand,1
4404,1482,2025-12-19 12:12:00,Startup,Paid Social,META-Retargeting,2
4405,1483,2026-03-16 09:23:00,SMB,Paid Search,PS-NonBrand,1
4406,1483,2026-03-23 10:34:00,SMB,Referral,REF-Customer,2
4407,1483,2026-03-29 22:43:00,SMB,Display,DISPLAY-Retargeting,3
4408,1483,2026-03-31 07:32:00,SMB,Display,DISPLAY-Prospecting,4
4409,1483,2026-04-12 05:54:00,SMB,Paid Social,META-Retargeting,5
4410,1484,2026-08-27 11:29:00,Freelancer,Email,EMAIL-Nurture,1
4411,1484,2026-09-10 12:53:00,Freelancer,Paid Search,PS-NonBrand,2
4412,1485,2026-07-21 23:43:00,SMB,Email,EMAIL-Reactivation,1
4413,1485,2026-08-13 20:14:00,SMB,Paid Social,META-Retargeting,2
4414,1485,2026-08-17 06:11:00,SMB,Paid Social,META-Prospecting,3
4415,1486,2026-03-23 04:23:00,SMB,Paid Search,PS-Brand,1
4416,1486,2026-03-25 06:34:00,SMB,Referral,REF-Customer,2
4417,1486,2026-04-02 16:53:00,SMB,Paid Search,PS-Brand,3
4418,1486,2026-04-06 16:54:00,SMB,Paid Search,PS-NonBrand,4
4419,1486,2026-04-07 17:32:00,SMB,Paid Social,META-Retargeting,5
4420,1487,2026-01-23 20:23:00,Freelancer,Paid Search,PS-Brand,1
4421,1487,2026-01-31 06:31:00,Freelancer,Paid Search,PS-Brand,2
4422,1487,2026-02-08 19:51:00,Freelancer,Display,DISPLAY-Retargeting,3
4423,1487,2026-02-19 09:57:00,Freelancer,Organic Search,SEO-Content,4
4424,1488,2026-08-04 05:46:00,Startup,Paid Search,PS-Brand,1
4425,1488,2026-08-12 13:05:00,Startup,Paid Search,PS-NonBrand,2
4426,1489,2026-09-20 21:30:00,SMB,Organic Search,SEO-Content,1
4427,1489,2026-09-30 20:04:00,SMB,Display,DISPLAY-Retargeting,2
4428,1489,2026-10-11 10:05:00,SMB,Paid Search,PS-NonBrand,3
4429,1489,2026-10-13 01:27:00,SMB,Paid Search,PS-Brand,4
4430,1489,2026-10-16 08:15:00,SMB,Paid Search,PS-Brand,5
4431,1490,2026-01-26 22:55:00,SMB,Display,DISPLAY-Retargeting,1
4432,1490,2026-02-09 07:31:00,SMB,Email,EMAIL-Reactivation,2
4433,1490,2026-02-10 10:52:00,SMB,Paid Search,PS-Brand,3
4434,1490,2026-02-11 20:11:00,SMB,Paid Social,META-Retargeting,4
4435,1490,2026-02-15 01:45:00,SMB,Email,EMAIL-Nurture,5
4436,1491,2026-08-18 05:57:00,SMB,Organic Search,SEO-Product,1
4437,1492,2026-01-24 00:57:00,SMB,Referral,REF-Partner,1
4438,1493,2026-07-29 12:05:00,Startup,Paid Social,META-Prospecting,1
4439,1493,2026-08-02 13:42:00,Startup,Paid Search,PS-NonBrand,2
4440,1493,2026-08-06 08:14:00,Startup,Paid Social,META-Retargeting,3
4441,1493,2026-08-16 07:53:00,Startup,Organic Search,SEO-Content,4
4442,1494,2026-09-27 22:05:00,Startup,Email,EMAIL-Nurture,1
4443,1494,2026-09-28 20:55:00,Startup,Paid Social,META-Prospecting,2
4444,1494,2026-10-03 19:09:00,Startup,Referral,REF-Customer,3
4445,1494,2026-10-07 04:14:00,Startup,Referral,REF-Partner,4
4446,1494,2026-10-14 01:29:00,Startup,Paid Search,PS-Brand,5
4447,1495,2026-06-03 01:38:00,Freelancer,Email,EMAIL-Reactivation,1
4448,1495,2026-06-24 05:31:00,Freelancer,Paid Social,META-Retargeting,2
4449,1495,2026-06-25 05:51:00,Freelancer,Display,DISPLAY-Retargeting,3
4450,1495,2026-06-26 07:59:00,Freelancer,Organic Search,SEO-Content,4
4451,1495,2026-06-28 22:23:00,Freelancer,Organic Search,SEO-Product,5
4452,1496,2026-04-28 21:40:00,Startup,Paid Social,META-Prospecting,1
4453,1497,2026-01-30 09:16:00,Freelancer,Paid Social,META-Prospecting,1
4454,1497,2026-02-12 00:19:00,Freelancer,Email,EMAIL-Reactivation,2
4455,1497,2026-02-20 10:34:00,Freelancer,Email,EMAIL-Nurture,3
4456,1498,2025-10-27 15:07:00,Startup,Referral,REF-Partner,1
4457,1498,2025-10-30 09:55:00,Startup,Display,DISPLAY-Prospecting,2
4458,1498,2025-11-08 12:53:00,Startup,Paid Search,PS-NonBrand,3
4459,1499,2025-10-21 02:53:00,SMB,Paid Social,META-Prospecting,1
4460,1499,2025-10-30 13:22:00,SMB,Email,EMAIL-Reactivation,2
4461,1500,2026-08-21 04:47:00,Startup,Referral,REF-Customer,1
4462,1501,2026-06-15 06:48:00,SMB,Paid Search,PS-NonBrand,1
4463,1502,2026-01-04 22:23:00,SMB,Paid Search,PS-Brand,1
4464,1502,2026-01-10 05:25:00,SMB,Paid Search,PS-Brand,2
4465,1502,2026-01-14 19:02:00,SMB,Display,DISPLAY-Retargeting,3
4466,1502,2026-01-20 00:53:00,SMB,Referral,REF-Customer,4
4467,1503,2026-04-22 11:32:00,Freelancer,Paid Social,META-Prospecting,1
4468,1503,2026-04-28 10:50:00,Freelancer,Paid Social,META-Retargeting,2
4469,1503,2026-05-02 17:29:00,Freelancer,Referral,REF-Partner,3
4470,1504,2026-08-27 05:25:00,Startup,Paid Search,PS-Brand,1
4471,1504,2026-09-02 00:24:00,Startup,Paid Search,PS-NonBrand,2
4472,1504,2026-09-07 19:44:00,Startup,Paid Search,PS-Brand,3
4473,1505,2026-05-30 04:11:00,SMB,Paid Search,PS-NonBrand,1
4474,1505,2026-06-04 03:45:00,SMB,Paid Social,META-Retargeting,2
4475,1505,2026-06-08 19:26:00,SMB,Paid Social,META-Prospecting,3
4476,1505,2026-06-17 13:13:00,SMB,Display,DISPLAY-Prospecting,4
4477,1505,2026-06-18 06:14:00,SMB,Organic Search,SEO-Product,5
4478,1506,2026-09-03 03:47:00,SMB,Email,EMAIL-Reactivation,1
4479,1506,2026-09-05 23:12:00,SMB,Display,DISPLAY-Prospecting,2
4480,1506,2026-09-15 10:30:00,SMB,Paid Search,PS-NonBrand,3
4481,1506,2026-09-28 06:53:00,SMB,Email,EMAIL-Reactivation,4
4482,1507,2025-11-12 04:02:00,SMB,Paid Search,PS-NonBrand,1
4483,1507,2025-11-12 09:53:00,SMB,Email,EMAIL-Nurture,2
4484,1507,2025-11-19 19:49:00,SMB,Paid Search,PS-Brand,3
4485,1507,2025-12-03 19:06:00,SMB,Email,EMAIL-Nurture,4
4486,1507,2025-12-08 01:10:00,SMB,Paid Search,PS-Brand,5
4487,1508,2025-11-14 04:40:00,Startup,Display,DISPLAY-Prospecting,1
4488,1508,2025-11-16 00:53:00,Startup,Paid Search,PS-NonBrand,2
4489,1508,2025-11-20 19:07:00,Startup,Paid Social,META-Prospecting,3
4490,1509,2026-06-03 01:45:00,SMB,Display,DISPLAY-Retargeting,1
4491,1509,2026-06-04 10:24:00,SMB,Paid Search,PS-Brand,2
4492,1509,2026-06-10 06:50:00,SMB,Referral,REF-Customer,3
4493,1509,2026-06-19 16:23:00,SMB,Display,DISPLAY-Prospecting,4
4494,1509,2026-06-30 12:12:00,SMB,Paid Search,PS-Brand,5
4495,1510,2026-05-01 05:18:00,Freelancer,Email,EMAIL-Reactivation,1
4496,1510,2026-05-17 00:18:00,Freelancer,Paid Social,META-Retargeting,2
4497,1510,2026-05-18 04:39:00,Freelancer,Display,DISPLAY-Retargeting,3
4498,1510,2026-05-24 05:13:00,Freelancer,Referral,REF-Customer,4
4499,1511,2026-06-09 23:35:00,Startup,Paid Social,META-Prospecting,1
4500,1511,2026-06-25 13:18:00,Startup,Paid Search,PS-NonBrand,2
4501,1511,2026-07-02 08:12:00,Startup,Paid Social,META-Prospecting,3
4502,1511,2026-07-07 12:32:00,Startup,Paid Search,PS-NonBrand,4
4503,1512,2026-09-24 15:38:00,SMB,Paid Social,META-Retargeting,1
4504,1512,2026-09-28 10:05:00,SMB,Paid Search,PS-Brand,2
4505,1512,2026-10-01 19:05:00,SMB,Paid Social,META-Retargeting,3
4506,1512,2026-10-10 16:27:00,SMB,Paid Search,PS-NonBrand,4
4507,1512,2026-10-16 00:04:00,SMB,Paid Social,META-Retargeting,5
4508,1513,2025-12-03 03:36:00,Startup,Paid Search,PS-Brand,1
4509,1514,2026-09-14 04:15:00,Freelancer,Organic Search,SEO-Content,1
4510,1514,2026-09-19 23:56:00,Freelancer,Organic Search,SEO-Product,2
4511,1514,2026-10-02 05:36:00,Freelancer,Referral,REF-Customer,3
4512,1515,2025-11-07 06:26:00,Startup,Email,EMAIL-Reactivation,1
4513,1515,2025-11-16 04:14:00,Startup,Paid Social,META-Retargeting,2
4514,1515,2025-11-16 23:39:00,Startup,Referral,REF-Partner,3
4515,1516,2026-04-15 09:45:00,Startup,Paid Social,META-Retargeting,1
4516,1516,2026-04-19 18:39:00,Startup,Referral,REF-Partner,2
4517,1516,2026-04-22 14:14:00,Startup,Referral,REF-Partner,3
4518,1516,2026-04-26 18:13:00,Startup,Paid Search,PS-Brand,4
4519,1516,2026-05-04 22:04:00,Startup,Paid Search,PS-NonBrand,5
4520,1517,2026-08-23 04:28:00,SMB,Paid Social,META-Prospecting,1
4521,1518,2026-06-29 23:26:00,Startup,Paid Search,PS-Brand,1
4522,1518,2026-07-01 06:31:00,Startup,Referral,REF-Partner,2
4523,1519,2025-12-24 09:17:00,Startup,Paid Search,PS-Brand,1
4524,1519,2025-12-29 04:48:00,Startup,Paid Social,META-Retargeting,2
4525,1519,2026-01-15 08:20:00,Startup,Referral,REF-Partner,3
4526,1520,2026-05-21 07:45:00,Freelancer,Display,DISPLAY-Retargeting,1
4527,1520,2026-05-26 07:27:00,Freelancer,Referral,REF-Customer,2
4528,1520,2026-05-30 09:26:00,Freelancer,Paid Search,PS-Brand,3
4529,1520,2026-06-02 23:55:00,Freelancer,Display,DISPLAY-Retargeting,4
4530,1521,2026-09-04 20:17:00,SMB,Paid Search,PS-Brand,1
4531,1521,2026-09-18 06:09:00,SMB,Organic Search,SEO-Content,2
4532,1522,2025-12-26 06:21:00,Startup,Paid Search,PS-Brand,1
4533,1523,2026-09-11 01:05:00,SMB,Referral,REF-Customer,1
4534,1523,2026-09-14 14:08:00,SMB,Email,EMAIL-Reactivation,2
4535,1523,2026-09-16 01:10:00,SMB,Paid Search,PS-Brand,3
4536,1523,2026-09-24 11:44:00,SMB,Referral,REF-Customer,4
4537,1523,2026-10-01 08:07:00,SMB,Paid Search,PS-Brand,5
4538,1524,2026-05-27 05:00:00,SMB,Display,DISPLAY-Prospecting,1
4539,1524,2026-05-29 22:13:00,SMB,Organic Search,SEO-Content,2
4540,1524,2026-05-30 09:42:00,SMB,Referral,REF-Customer,3
4541,1524,2026-06-06 20:33:00,SMB,Paid Search,PS-Brand,4
4542,1524,2026-06-22 15:34:00,SMB,Display,DISPLAY-Retargeting,5
4543,1525,2025-11-07 07:34:00,SMB,Paid Search,PS-NonBrand,1
4544,1525,2025-11-08 01:13:00,SMB,Email,EMAIL-Reactivation,2
4545,1525,2025-11-09 18:15:00,SMB,Organic Search,SEO-Content,3
4546,1525,2025-11-21 08:02:00,SMB,Referral,REF-Customer,4
4547,1525,2025-11-30 05:51:00,SMB,Referral,REF-Partner,5
4548,1526,2026-01-31 00:13:00,SMB,Paid Search,PS-Brand,1
4549,1526,2026-02-04 23:57:00,SMB,Referral,REF-Customer,2
4550,1526,2026-02-25 08:41:00,SMB,Paid Social,META-Retargeting,3
4551,1526,2026-02-25 19:40:00,SMB,Referral,REF-Customer,4
4552,1527,2026-08-22 08:27:00,Startup,Referral,REF-Customer,1
4553,1527,2026-08-28 03:44:00,Startup,Paid Social,META-Retargeting,2
4554,1527,2026-09-04 19:40:00,Startup,Email,EMAIL-Nurture,3
4555,1527,2026-09-09 03:19:00,Startup,Paid Social,META-Retargeting,4
4556,1528,2026-02-21 10:46:00,SMB,Display,DISPLAY-Retargeting,1
4557,1529,2026-09-29 04:36:00,Startup,Paid Social,META-Prospecting,1
4558,1529,2026-09-30 20:26:00,Startup,Referral,REF-Customer,2
4559,1530,2026-03-12 04:17:00,Startup,Referral,REF-Customer,1
4560,1530,2026-03-17 22:24:00,Startup,Paid Search,PS-NonBrand,2
4561,1530,2026-04-01 22:35:00,Startup,Organic Search,SEO-Product,3
4562,1531,2026-02-04 04:59:00,SMB,Organic Search,SEO-Content,1
4563,1531,2026-02-07 02:45:00,SMB,Organic Search,SEO-Content,2
4564,1531,2026-02-15 00:11:00,SMB,Organic Search,SEO-Product,3
4565,1532,2026-08-20 10:29:00,Startup,Paid Search,PS-Brand,1
4566,1532,2026-08-27 09:59:00,Startup,Display,DISPLAY-Prospecting,2
4567,1532,2026-09-03 19:41:00,Startup,Paid Search,PS-NonBrand,3
4568,1533,2026-07-23 10:17:00,SMB,Email,EMAIL-Nurture,1
4569,1534,2025-12-31 12:45:00,SMB,Email,EMAIL-Nurture,1
4570,1535,2026-07-25 15:40:00,Freelancer,Paid Social,META-Prospecting,1
4571,1536,2025-12-31 09:33:00,SMB,Paid Search,PS-Brand,1
4572,1536,2026-01-02 03:28:00,SMB,Organic Search,SEO-Content,2
4573,1536,2026-01-07 10:06:00,SMB,Referral,REF-Partner,3
4574,1536,2026-01-27 12:24:00,SMB,Paid Social,META-Retargeting,4
4575,1537,2026-08-27 21:29:00,SMB,Paid Social,META-Retargeting,1
4576,1537,2026-09-17 21:22:00,SMB,Paid Search,PS-NonBrand,2
4577,1538,2025-10-14 17:00:00,Startup,Paid Search,PS-Brand,1
4578,1538,2025-10-26 00:54:00,Startup,Referral,REF-Customer,2
4579,1539,2026-06-01 17:02:00,SMB,Referral,REF-Customer,1
4580,1539,2026-06-04 01:33:00,SMB,Paid Search,PS-NonBrand,2
4581,1539,2026-06-09 11:49:00,SMB,Paid Social,META-Retargeting,3
4582,1539,2026-06-16 03:25:00,SMB,Organic Search,SEO-Content,4
4583,1539,2026-06-19 20:42:00,SMB,Paid Social,META-Retargeting,5
4584,1540,2025-12-09 14:10:00,SMB,Paid Search,PS-NonBrand,1
4585,1540,2025-12-14 09:34:00,SMB,Paid Search,PS-Brand,2
4586,1540,2025-12-15 17:19:00,SMB,Display,DISPLAY-Retargeting,3
4587,1540,2025-12-17 12:23:00,SMB,Display,DISPLAY-Retargeting,4
4588,1541,2026-06-08 04:20:00,Startup,Referral,REF-Partner,1
4589,1541,2026-06-08 17:08:00,Startup,Email,EMAIL-Nurture,2
4590,1541,2026-06-08 18:02:00,Startup,Display,DISPLAY-Retargeting,3
4591,1541,2026-06-11 11:31:00,Startup,Organic Search,SEO-Product,4
4592,1541,2026-06-27 17:43:00,Startup,Display,DISPLAY-Prospecting,5
4593,1542,2026-09-26 05:52:00,Startup,Referral,REF-Partner,1
4594,1542,2026-09-30 17:00:00,Startup,Email,EMAIL-Nurture,2
4595,1542,2026-10-07 05:29:00,Startup,Paid Social,META-Retargeting,3
4596,1542,2026-10-15 06:31:00,Startup,Paid Search,PS-NonBrand,4
4597,1542,2026-10-21 06:39:00,Startup,Referral,REF-Partner,5
4598,1543,2026-06-07 18:11:00,Startup,Email,EMAIL-Reactivation,1
4599,1543,2026-06-12 23:39:00,Startup,Paid Social,META-Retargeting,2
4600,1543,2026-06-15 15:08:00,Startup,Email,EMAIL-Nurture,3
4601,1543,2026-06-22 13:45:00,Startup,Paid Social,META-Retargeting,4
4602,1544,2026-03-28 10:51:00,Freelancer,Paid Search,PS-NonBrand,1
4603,1545,2026-07-31 12:14:00,SMB,Email,EMAIL-Reactivation,1
4604,1545,2026-08-07 06:41:00,SMB,Organic Search,SEO-Content,2
4605,1545,2026-08-14 10:14:00,SMB,Paid Social,META-Retargeting,3
4606,1545,2026-08-26 23:01:00,SMB,Organic Search,SEO-Product,4
4607,1546,2025-12-14 13:26:00,SMB,Organic Search,SEO-Content,1
4608,1546,2025-12-21 13:08:00,SMB,Display,DISPLAY-Prospecting,2
4609,1547,2026-04-18 12:57:00,SMB,Paid Social,META-Retargeting,1
4610,1547,2026-04-25 07:40:00,SMB,Paid Search,PS-Brand,2
4611,1547,2026-05-07 07:22:00,SMB,Email,EMAIL-Nurture,3
4612,1547,2026-05-13 00:35:00,SMB,Referral,REF-Partner,4
4613,1548,2026-09-21 02:27:00,SMB,Paid Social,META-Retargeting,1
4614,1548,2026-10-07 00:35:00,SMB,Paid Social,META-Prospecting,2
4615,1548,2026-10-08 20:48:00,SMB,Email,EMAIL-Reactivation,3
4616,1548,2026-10-11 07:50:00,SMB,Email,EMAIL-Reactivation,4
4617,1548,2026-10-14 18:16:00,SMB,Organic Search,SEO-Content,5
4618,1549,2026-02-09 12:38:00,Freelancer,Paid Social,META-Prospecting,1
4619,1549,2026-02-12 11:51:00,Freelancer,Organic Search,SEO-Content,2
4620,1550,2025-10-12 05:37:00,Startup,Paid Social,META-Retargeting,1
4621,1550,2025-10-12 07:43:00,Startup,Paid Social,META-Retargeting,2
4622,1550,2025-10-27 02:56:00,Startup,Display,DISPLAY-Retargeting,3
4623,1550,2025-10-27 04:33:00,Startup,Paid Social,META-Retargeting,4
4624,1550,2025-10-27 19:18:00,Startup,Paid Search,PS-Brand,5
4625,1551,2026-03-13 05:53:00,SMB,Referral,REF-Partner,1
4626,1551,2026-03-17 15:25:00,SMB,Referral,REF-Partner,2
4627,1551,2026-04-07 05:31:00,SMB,Organic Search,SEO-Content,3
4628,1551,2026-04-08 19:09:00,SMB,Organic Search,SEO-Product,4
4629,1551,2026-04-08 23:02:00,SMB,Email,EMAIL-Nurture,5
4630,1552,2026-03-26 21:26:00,SMB,Referral,REF-Partner,1
4631,1553,2026-08-08 12:43:00,SMB,Paid Social,META-Prospecting,1
4632,1553,2026-08-18 01:36:00,SMB,Organic Search,SEO-Product,2
4633,1554,2026-08-10 13:10:00,Startup,Paid Social,META-Retargeting,1
4634,1555,2026-02-11 03:19:00,SMB,Referral,REF-Partner,1
4635,1555,2026-02-15 16:07:00,SMB,Organic Search,SEO-Content,2
4636,1555,2026-02-20 01:23:00,SMB,Organic Search,SEO-Product,3
4637,1556,2026-07-25 03:31:00,Freelancer,Paid Search,PS-NonBrand,1
4638,1556,2026-07-26 09:45:00,Freelancer,Paid Search,PS-NonBrand,2
4639,1556,2026-07-27 17:24:00,Freelancer,Paid Search,PS-Brand,3
4640,1556,2026-07-30 18:26:00,Freelancer,Paid Search,PS-Brand,4
4641,1556,2026-07-31 23:25:00,Freelancer,Organic Search,SEO-Content,5
4642,1557,2025-11-25 02:41:00,SMB,Paid Search,PS-NonBrand,1
4643,1557,2025-11-29 09:40:00,SMB,Paid Search,PS-NonBrand,2
4644,1557,2025-12-12 18:39:00,SMB,Paid Social,META-Retargeting,3
4645,1557,2025-12-17 11:26:00,SMB,Email,EMAIL-Reactivation,4
4646,1558,2025-12-13 23:04:00,SMB,Paid Search,PS-Brand,1
4647,1558,2025-12-22 09:24:00,SMB,Paid Search,PS-NonBrand,2
4648,1558,2025-12-28 18:04:00,SMB,Paid Search,PS-Brand,3
4649,1559,2026-05-13 18:52:00,Freelancer,Paid Social,META-Prospecting,1
4650,1559,2026-05-19 11:02:00,Freelancer,Organic Search,SEO-Product,2
4651,1559,2026-05-27 09:26:00,Freelancer,Email,EMAIL-Reactivation,3
4652,1559,2026-05-27 18:09:00,Freelancer,Organic Search,SEO-Content,4
4653,1559,2026-06-04 05:47:00,Freelancer,Paid Search,PS-NonBrand,5
4654,1560,2026-06-18 11:56:00,Freelancer,Referral,REF-Customer,1
4655,1560,2026-06-20 12:00:00,Freelancer,Referral,REF-Customer,2
4656,1560,2026-06-26 12:02:00,Freelancer,Email,EMAIL-Reactivation,3
4657,1560,2026-07-13 03:48:00,Freelancer,Display,DISPLAY-Retargeting,4
4658,1561,2026-07-26 21:45:00,SMB,Display,DISPLAY-Retargeting,1
4659,1561,2026-07-31 18:11:00,SMB,Organic Search,SEO-Product,2
4660,1561,2026-08-11 10:06:00,SMB,Paid Social,META-Retargeting,3
4661,1562,2026-05-16 03:37:00,Startup,Paid Social,META-Retargeting,1
4662,1562,2026-06-10 14:59:00,Startup,Paid Search,PS-Brand,2
4663,1563,2025-11-17 08:12:00,Freelancer,Organic Search,SEO-Product,1
4664,1563,2025-11-22 05:46:00,Freelancer,Paid Social,META-Retargeting,2
4665,1563,2025-12-12 00:49:00,Freelancer,Paid Social,META-Retargeting,3
4666,1563,2025-12-13 06:45:00,Freelancer,Paid Search,PS-NonBrand,4
4667,1563,2025-12-13 06:47:00,Freelancer,Paid Search,PS-Brand,5
4668,1564,2026-06-25 21:32:00,Startup,Organic Search,SEO-Content,1
4669,1564,2026-06-30 22:30:00,Startup,Display,DISPLAY-Prospecting,2
4670,1564,2026-07-02 20:11:00,Startup,Paid Social,META-Retargeting,3
4671,1564,2026-07-03 10:09:00,Startup,Display,DISPLAY-Prospecting,4
4672,1565,2026-03-13 13:53:00,Startup,Email,EMAIL-Nurture,1
4673,1565,2026-03-13 14:48:00,Startup,Organic Search,SEO-Product,2
4674,1565,2026-04-03 08:04:00,Startup,Paid Social,META-Retargeting,3
4675,1566,2026-01-13 14:42:00,Startup,Organic Search,SEO-Product,1
4676,1566,2026-01-21 14:39:00,Startup,Email,EMAIL-Reactivation,2
4677,1566,2026-01-24 12:30:00,Startup,Display,DISPLAY-Retargeting,3
4678,1566,2026-02-04 07:45:00,Startup,Display,DISPLAY-Retargeting,4
4679,1567,2026-02-01 05:21:00,Freelancer,Paid Social,META-Prospecting,1
4680,1567,2026-02-01 12:26:00,Freelancer,Referral,REF-Customer,2
4681,1567,2026-02-28 03:11:00,Freelancer,Organic Search,SEO-Content,3
4682,1568,2026-07-23 05:41:00,Startup,Email,EMAIL-Reactivation,1
4683,1568,2026-07-26 10:41:00,Startup,Organic Search,SEO-Product,2
4684,1568,2026-07-31 05:35:00,Startup,Email,EMAIL-Nurture,3
4685,1569,2025-12-12 00:00:00,SMB,Organic Search,SEO-Content,1
4686,1569,2025-12-17 12:24:00,SMB,Paid Social,META-Retargeting,2
4687,1569,2025-12-28 19:02:00,SMB,Paid Social,META-Retargeting,3
4688,1570,2026-04-23 05:39:00,SMB,Paid Search,PS-Brand,1
4689,1570,2026-04-27 15:05:00,SMB,Paid Social,META-Retargeting,2
4690,1570,2026-05-06 10:20:00,SMB,Paid Search,PS-NonBrand,3
4691,1570,2026-05-08 15:45:00,SMB,Organic Search,SEO-Content,4
4692,1570,2026-05-22 11:22:00,SMB,Email,EMAIL-Nurture,5
4693,1571,2025-10-31 06:57:00,Startup,Paid Search,PS-NonBrand,1
4694,1571,2025-11-07 03:29:00,Startup,Paid Social,META-Prospecting,2
4695,1572,2026-07-03 02:49:00,Startup,Display,DISPLAY-Prospecting,1
4696,1572,2026-07-05 10:51:00,Startup,Referral,REF-Customer,2
4697,1572,2026-07-18 02:29:00,Startup,Display,DISPLAY-Retargeting,3
4698,1572,2026-07-18 11:10:00,Startup,Paid Social,META-Retargeting,4
4699,1573,2025-12-17 13:04:00,SMB,Paid Social,META-Retargeting,1
4700,1574,2026-09-13 19:59:00,Startup,Paid Social,META-Prospecting,1
4701,1574,2026-09-14 15:35:00,Startup,Paid Social,META-Prospecting,2
4702,1574,2026-09-17 04:05:00,Startup,Referral,REF-Customer,3
4703,1574,2026-09-18 10:54:00,Startup,Referral,REF-Customer,4
4704,1575,2026-08-21 17:42:00,SMB,Referral,REF-Partner,1
4705,1575,2026-08-22 05:10:00,SMB,Organic Search,SEO-Product,2
4706,1576,2026-08-13 03:58:00,Freelancer,Organic Search,SEO-Content,1
4707,1576,2026-08-17 22:38:00,Freelancer,Email,EMAIL-Reactivation,2
4708,1577,2026-02-08 21:12:00,SMB,Organic Search,SEO-Product,1
4709,1577,2026-02-10 11:02:00,SMB,Display,DISPLAY-Retargeting,2
4710,1577,2026-02-12 06:33:00,SMB,Display,DISPLAY-Retargeting,3
4711,1577,2026-02-28 23:12:00,SMB,Referral,REF-Partner,4
4712,1577,2026-03-01 19:08:00,SMB,Paid Search,PS-NonBrand,5
4713,1578,2026-07-20 22:17:00,Startup,Display,DISPLAY-Prospecting,1
4714,1578,2026-07-21 03:07:00,Startup,Email,EMAIL-Nurture,2
4715,1578,2026-07-22 06:36:00,Startup,Organic Search,SEO-Content,3
4716,1578,2026-07-25 09:31:00,Startup,Paid Social,META-Retargeting,4
4717,1578,2026-07-28 19:32:00,Startup,Email,EMAIL-Nurture,5
4718,1579,2025-11-28 19:43:00,Startup,Paid Search,PS-NonBrand,1
4719,1579,2025-12-04 00:12:00,Startup,Display,DISPLAY-Retargeting,2
4720,1579,2025-12-09 15:17:00,Startup,Organic Search,SEO-Product,3
4721,1580,2026-01-16 06:34:00,SMB,Organic Search,SEO-Content,1
4722,1580,2026-01-29 21:20:00,SMB,Referral,REF-Customer,2
4723,1580,2026-02-10 00:07:00,SMB,Referral,REF-Customer,3
4724,1580,2026-02-11 02:49:00,SMB,Referral,REF-Customer,4
4725,1581,2025-11-26 21:40:00,SMB,Referral,REF-Customer,1
4726,1581,2025-12-03 15:55:00,SMB,Paid Search,PS-Brand,2
4727,1581,2025-12-14 12:29:00,SMB,Referral,REF-Customer,3
4728,1582,2025-10-29 19:33:00,SMB,Paid Search,PS-Brand,1
4729,1583,2026-02-18 04:26:00,Startup,Paid Search,PS-NonBrand,1
4730,1583,2026-02-18 16:14:00,Startup,Referral,REF-Customer,2
4731,1583,2026-02-22 21:16:00,Startup,Paid Search,PS-NonBrand,3
4732,1584,2026-05-14 12:04:00,Startup,Paid Social,META-Retargeting,1
4733,1584,2026-05-17 00:36:00,Startup,Paid Social,META-Retargeting,2
4734,1584,2026-05-25 03:52:00,Startup,Paid Social,META-Retargeting,3
4735,1584,2026-05-26 23:38:00,Startup,Paid Search,PS-NonBrand,4
4736,1585,2026-08-13 20:51:00,SMB,Paid Search,PS-Brand,1
4737,1585,2026-08-29 03:05:00,SMB,Display,DISPLAY-Prospecting,2
4738,1585,2026-08-29 06:40:00,SMB,Referral,REF-Customer,3
4739,1585,2026-08-30 09:53:00,SMB,Paid Search,PS-NonBrand,4
4740,1585,2026-09-01 23:36:00,SMB,Paid Search,PS-NonBrand,5
4741,1586,2025-10-18 03:02:00,Startup,Paid Social,META-Prospecting,1
4742,1586,2025-10-23 14:47:00,Startup,Paid Search,PS-Brand,2
4743,1586,2025-10-28 00:55:00,Startup,Organic Search,SEO-Product,3
4744,1586,2025-10-30 08:20:00,Startup,Email,EMAIL-Reactivation,4
4745,1586,2025-11-07 01:00:00,Startup,Display,DISPLAY-Retargeting,5
4746,1587,2026-03-08 09:11:00,Freelancer,Paid Search,PS-Brand,1
4747,1587,2026-03-12 01:34:00,Freelancer,Referral,REF-Partner,2
4748,1587,2026-03-24 18:08:00,Freelancer,Paid Social,META-Retargeting,3
4749,1587,2026-03-24 23:51:00,Freelancer,Paid Search,PS-Brand,4
4750,1587,2026-03-27 12:16:00,Freelancer,Display,DISPLAY-Retargeting,5
4751,1588,2026-06-18 23:55:00,SMB,Paid Search,PS-NonBrand,1
4752,1588,2026-06-30 16:42:00,SMB,Paid Search,PS-Brand,2
4753,1588,2026-07-11 07:06:00,SMB,Email,EMAIL-Reactivation,3
4754,1588,2026-07-14 04:39:00,SMB,Paid Search,PS-NonBrand,4
4755,1588,2026-07-14 21:55:00,SMB,Paid Social,META-Retargeting,5
4756,1589,2025-12-15 05:50:00,Freelancer,Paid Social,META-Retargeting,1
4757,1589,2025-12-17 09:59:00,Freelancer,Paid Social,META-Retargeting,2
4758,1589,2025-12-24 18:41:00,Freelancer,Display,DISPLAY-Retargeting,3
4759,1590,2026-06-29 15:41:00,SMB,Paid Search,PS-NonBrand,1
4760,1590,2026-07-18 01:48:00,SMB,Email,EMAIL-Reactivation,2
4761,1590,2026-07-22 21:42:00,SMB,Paid Social,META-Retargeting,3
4762,1590,2026-07-22 22:55:00,SMB,Referral,REF-Customer,4
4763,1590,2026-07-23 20:22:00,SMB,Organic Search,SEO-Product,5
4764,1591,2026-05-08 13:57:00,SMB,Paid Search,PS-NonBrand,1
4765,1591,2026-05-11 14:29:00,SMB,Paid Search,PS-Brand,2
4766,1592,2026-04-30 20:46:00,Startup,Paid Search,PS-Brand,1
4767,1593,2025-11-22 04:22:00,SMB,Paid Search,PS-NonBrand,1
4768,1593,2025-11-24 10:05:00,SMB,Display,DISPLAY-Prospecting,2
4769,1593,2025-11-29 01:16:00,SMB,Display,DISPLAY-Retargeting,3
4770,1593,2025-12-09 13:19:00,SMB,Display,DISPLAY-Retargeting,4
4771,1593,2025-12-11 16:54:00,SMB,Referral,REF-Customer,5
4772,1594,2025-12-19 06:12:00,Freelancer,Paid Search,PS-Brand,1
4773,1594,2025-12-23 14:48:00,Freelancer,Email,EMAIL-Nurture,2
4774,1595,2026-08-17 00:25:00,Startup,Paid Search,PS-NonBrand,1
4775,1595,2026-08-30 13:22:00,Startup,Paid Social,META-Retargeting,2
4776,1595,2026-09-04 05:31:00,Startup,Paid Social,META-Retargeting,3
4777,1596,2026-08-25 17:02:00,Startup,Paid Search,PS-NonBrand,1
4778,1596,2026-09-13 09:20:00,Startup,Paid Social,META-Retargeting,2
4779,1597,2026-03-17 21:11:00,Startup,Paid Search,PS-NonBrand,1
4780,1597,2026-04-11 01:38:00,Startup,Referral,REF-Customer,2
4781,1598,2026-05-20 01:28:00,Startup,Paid Search,PS-Brand,1
4782,1598,2026-05-24 18:25:00,Startup,Paid Search,PS-Brand,2
4783,1599,2026-05-12 11:36:00,Startup,Paid Search,PS-NonBrand,1
4784,1600,2026-04-18 04:25:00,Startup,Email,EMAIL-Nurture,1
4785,1600,2026-05-05 12:58:00,Startup,Paid Search,PS-Brand,2
4786,1601,2026-06-28 00:15:00,Freelancer,Paid Social,META-Retargeting,1
4787,1601,2026-07-14 14:19:00,Freelancer,Display,DISPLAY-Retargeting,2
4788,1602,2026-05-10 14:43:00,Startup,Referral,REF-Customer,1
4789,1602,2026-05-13 04:34:00,Startup,Paid Social,META-Retargeting,2
4790,1602,2026-05-25 05:20:00,Startup,Paid Social,META-Retargeting,3
4791,1603,2025-11-27 14:28:00,SMB,Paid Social,META-Retargeting,1
4792,1603,2025-12-01 04:00:00,SMB,Organic Search,SEO-Content,2
4793,1604,2025-11-07 21:01:00,SMB,Display,DISPLAY-Prospecting,1
4794,1604,2025-11-17 21:51:00,SMB,Paid Search,PS-NonBrand,2
4795,1604,2025-11-23 06:32:00,SMB,Organic Search,SEO-Content,3
4796,1605,2026-08-07 04:37:00,SMB,Paid Social,META-Prospecting,1
4797,1605,2026-09-02 21:04:00,SMB,Organic Search,SEO-Product,2
4798,1606,2026-07-06 10:37:00,SMB,Display,DISPLAY-Prospecting,1
4799,1607,2025-12-15 21:33:00,SMB,Display,DISPLAY-Retargeting,1
4800,1607,2025-12-22 09:04:00,SMB,Email,EMAIL-Nurture,2
4801,1607,2025-12-22 13:07:00,SMB,Referral,REF-Customer,3
4802,1607,2026-01-07 04:33:00,SMB,Paid Social,META-Retargeting,4
4803,1608,2025-11-11 06:02:00,SMB,Email,EMAIL-Reactivation,1
4804,1608,2025-11-11 18:26:00,SMB,Email,EMAIL-Nurture,2
4805,1608,2025-11-11 22:14:00,SMB,Organic Search,SEO-Product,3
4806,1608,2025-11-14 19:11:00,SMB,Organic Search,SEO-Content,4
4807,1609,2025-12-29 12:19:00,SMB,Organic Search,SEO-Product,1
4808,1610,2026-05-03 13:03:00,Freelancer,Display,DISPLAY-Retargeting,1
4809,1610,2026-05-20 13:18:00,Freelancer,Email,EMAIL-Reactivation,2
4810,1610,2026-05-23 09:56:00,Freelancer,Organic Search,SEO-Content,3
4811,1610,2026-05-23 10:40:00,Freelancer,Paid Social,META-Prospecting,4
4812,1610,2026-05-28 22:51:00,Freelancer,Paid Search,PS-Brand,5
4813,1611,2026-05-04 02:46:00,Startup,Paid Search,PS-NonBrand,1
4814,1612,2025-12-06 00:44:00,SMB,Display,DISPLAY-Prospecting,1
4815,1612,2025-12-06 19:59:00,SMB,Organic Search,SEO-Content,2
4816,1612,2025-12-11 23:36:00,SMB,Display,DISPLAY-Prospecting,3
4817,1612,2025-12-14 04:44:00,SMB,Organic Search,SEO-Content,4
4818,1612,2025-12-14 13:07:00,SMB,Organic Search,SEO-Content,5
4819,1613,2025-12-11 02:38:00,Freelancer,Paid Search,PS-NonBrand,1
4820,1613,2025-12-12 15:53:00,Freelancer,Display,DISPLAY-Retargeting,2
4821,1613,2025-12-20 03:38:00,Freelancer,Display,DISPLAY-Retargeting,3
4822,1613,2025-12-22 23:32:00,Freelancer,Organic Search,SEO-Content,4
4823,1613,2025-12-25 09:35:00,Freelancer,Paid Search,PS-NonBrand,5
4824,1614,2026-01-01 18:01:00,Freelancer,Paid Search,PS-Brand,1
4825,1615,2026-03-19 21:33:00,Freelancer,Referral,REF-Customer,1
4826,1615,2026-03-27 03:15:00,Freelancer,Paid Search,PS-NonBrand,2
4827,1615,2026-03-29 14:17:00,Freelancer,Display,DISPLAY-Retargeting,3
4828,1615,2026-04-02 01:31:00,Freelancer,Paid Social,META-Prospecting,4
4829,1615,2026-04-06 06:39:00,Freelancer,Organic Search,SEO-Product,5
4830,1616,2025-12-29 02:35:00,SMB,Display,DISPLAY-Retargeting,1
4831,1616,2026-01-02 05:12:00,SMB,Email,EMAIL-Reactivation,2
4832,1617,2026-03-25 03:19:00,SMB,Email,EMAIL-Nurture,1
4833,1617,2026-03-25 10:49:00,SMB,Paid Social,META-Retargeting,2
4834,1617,2026-03-25 19:48:00,SMB,Email,EMAIL-Nurture,3
4835,1617,2026-03-31 09:11:00,SMB,Referral,REF-Customer,4
4836,1617,2026-04-11 22:12:00,SMB,Paid Search,PS-Brand,5
4837,1618,2025-10-20 04:15:00,SMB,Organic Search,SEO-Product,1
4838,1618,2025-10-28 10:44:00,SMB,Paid Search,PS-NonBrand,2
4839,1619,2026-09-07 03:47:00,Startup,Paid Search,PS-NonBrand,1
4840,1619,2026-09-17 21:23:00,Startup,Paid Social,META-Retargeting,2
4841,1619,2026-10-03 10:51:00,Startup,Organic Search,SEO-Product,3
4842,1619,2026-10-05 23:57:00,Startup,Referral,REF-Customer,4
4843,1620,2026-08-28 17:04:00,Startup,Organic Search,SEO-Content,1
4844,1620,2026-08-30 15:38:00,Startup,Organic Search,SEO-Product,2
4845,1621,2026-02-15 06:03:00,Startup,Email,EMAIL-Nurture,1
4846,1621,2026-02-24 05:02:00,Startup,Paid Social,META-Retargeting,2
4847,1622,2026-07-24 08:49:00,Startup,Paid Search,PS-NonBrand,1
4848,1622,2026-07-28 19:00:00,Startup,Paid Social,META-Retargeting,2
4849,1622,2026-08-10 23:38:00,Startup,Display,DISPLAY-Retargeting,3
4850,1623,2026-04-21 09:04:00,Freelancer,Organic Search,SEO-Content,1
4851,1623,2026-04-25 04:35:00,Freelancer,Paid Social,META-Prospecting,2
4852,1623,2026-04-28 10:20:00,Freelancer,Display,DISPLAY-Retargeting,3
4853,1623,2026-05-07 23:21:00,Freelancer,Paid Social,META-Retargeting,4
4854,1623,2026-05-12 21:59:00,Freelancer,Email,EMAIL-Nurture,5
4855,1624,2025-10-15 06:16:00,Startup,Paid Search,PS-Brand,1
4856,1624,2025-10-24 21:58:00,Startup,Paid Social,META-Prospecting,2
4857,1624,2025-10-28 12:28:00,Startup,Paid Search,PS-NonBrand,3
4858,1624,2025-11-01 00:38:00,Startup,Email,EMAIL-Reactivation,4
4859,1624,2025-11-06 02:43:00,Startup,Paid Search,PS-NonBrand,5
4860,1625,2026-01-19 16:23:00,Freelancer,Email,EMAIL-Nurture,1
4861,1625,2026-01-20 20:18:00,Freelancer,Referral,REF-Customer,2
4862,1625,2026-01-22 14:18:00,Freelancer,Email,EMAIL-Reactivation,3
4863,1625,2026-01-26 09:22:00,Freelancer,Display,DISPLAY-Retargeting,4
4864,1625,2026-02-04 13:48:00,Freelancer,Referral,REF-Customer,5
4865,1626,2025-10-21 12:25:00,Startup,Display,DISPLAY-Retargeting,1
4866,1626,2025-10-21 20:20:00,Startup,Referral,REF-Customer,2
4867,1626,2025-11-04 23:22:00,Startup,Paid Social,META-Retargeting,3
4868,1626,2025-11-08 01:54:00,Startup,Paid Search,PS-Brand,4
4869,1626,2025-11-09 09:46:00,Startup,Referral,REF-Customer,5
4870,1627,2026-06-20 06:41:00,SMB,Paid Social,META-Prospecting,1
4871,1627,2026-06-23 09:30:00,SMB,Organic Search,SEO-Product,2
4872,1627,2026-07-11 01:04:00,SMB,Paid Search,PS-Brand,3
4873,1627,2026-07-11 18:28:00,SMB,Paid Social,META-Retargeting,4
4874,1628,2026-07-20 05:25:00,Startup,Paid Social,META-Prospecting,1
4875,1628,2026-08-04 10:05:00,Startup,Display,DISPLAY-Prospecting,2
4876,1628,2026-08-10 12:19:00,Startup,Email,EMAIL-Nurture,3
4877,1629,2026-05-31 13:27:00,SMB,Display,DISPLAY-Retargeting,1
4878,1629,2026-06-12 17:10:00,SMB,Paid Search,PS-NonBrand,2
4879,1630,2025-10-08 15:59:00,SMB,Organic Search,SEO-Product,1
4880,1630,2025-10-21 07:30:00,SMB,Email,EMAIL-Reactivation,2
4881,1630,2025-10-25 21:52:00,SMB,Referral,REF-Customer,3
4882,1631,2025-12-30 21:41:00,Freelancer,Email,EMAIL-Nurture,1
4883,1631,2026-01-04 12:00:00,Freelancer,Display,DISPLAY-Prospecting,2
4884,1631,2026-01-10 05:55:00,Freelancer,Paid Social,META-Retargeting,3
4885,1632,2026-04-02 23:51:00,SMB,Paid Social,META-Prospecting,1
4886,1632,2026-04-13 01:15:00,SMB,Paid Search,PS-Brand,2
4887,1632,2026-04-18 13:22:00,SMB,Paid Search,PS-NonBrand,3
4888,1632,2026-04-18 16:31:00,SMB,Organic Search,SEO-Content,4
4889,1632,2026-04-19 20:56:00,SMB,Referral,REF-Customer,5
4890,1633,2025-11-23 02:24:00,SMB,Email,EMAIL-Nurture,1
4891,1633,2025-12-06 14:32:00,SMB,Email,EMAIL-Nurture,2
4892,1634,2025-11-21 14:44:00,Freelancer,Referral,REF-Partner,1
4893,1634,2025-11-23 08:01:00,Freelancer,Paid Social,META-Retargeting,2
4894,1634,2025-11-27 02:27:00,Freelancer,Paid Social,META-Prospecting,3
4895,1634,2025-11-27 20:41:00,Freelancer,Organic Search,SEO-Content,4
4896,1634,2025-11-30 02:24:00,Freelancer,Email,EMAIL-Reactivation,5
4897,1635,2026-01-20 07:14:00,SMB,Referral,REF-Customer,1
4898,1635,2026-02-07 19:51:00,SMB,Referral,REF-Customer,2
4899,1635,2026-02-18 15:09:00,SMB,Paid Search,PS-NonBrand,3
4900,1636,2026-05-07 23:23:00,SMB,Referral,REF-Partner,1
4901,1636,2026-05-19 07:28:00,SMB,Email,EMAIL-Nurture,2
4902,1637,2025-11-15 15:55:00,SMB,Paid Search,PS-Brand,1
4903,1638,2026-10-26 19:52:00,Startup,Paid Social,META-Prospecting,1
4904,1638,2026-10-27 05:02:00,Startup,Referral,REF-Customer,2
4905,1639,2026-04-13 05:04:00,SMB,Paid Search,PS-Brand,1
4906,1640,2025-12-04 20:25:00,SMB,Paid Search,PS-NonBrand,1
4907,1640,2025-12-13 16:34:00,SMB,Email,EMAIL-Reactivation,2
4908,1640,2025-12-30 20:46:00,SMB,Paid Social,META-Prospecting,3
4909,1641,2025-10-08 13:09:00,Startup,Organic Search,SEO-Product,1
4910,1641,2025-10-11 18:24:00,Startup,Referral,REF-Partner,2
4911,1641,2025-10-12 00:55:00,Startup,Paid Search,PS-Brand,3
4912,1641,2025-10-29 09:07:00,Startup,Paid Social,META-Prospecting,4
4913,1641,2025-11-05 17:05:00,Startup,Paid Search,PS-NonBrand,5
4914,1642,2026-09-21 01:35:00,SMB,Referral,REF-Partner,1
4915,1643,2026-05-12 02:43:00,Startup,Paid Social,META-Retargeting,1
4916,1643,2026-05-15 13:40:00,Startup,Paid Search,PS-NonBrand,2
4917,1643,2026-05-16 11:44:00,Startup,Referral,REF-Customer,3
4918,1643,2026-05-27 00:53:00,Startup,Paid Search,PS-NonBrand,4
4919,1644,2026-09-04 23:26:00,SMB,Paid Search,PS-NonBrand,1
4920,1645,2026-07-18 18:21:00,Startup,Paid Social,META-Retargeting,1
4921,1645,2026-07-23 10:16:00,Startup,Referral,REF-Partner,2
4922,1645,2026-07-27 06:23:00,Startup,Referral,REF-Partner,3
4923,1646,2026-10-02 21:45:00,Startup,Paid Search,PS-NonBrand,1
4924,1646,2026-10-05 05:24:00,Startup,Paid Social,META-Retargeting,2
4925,1646,2026-10-15 21:39:00,Startup,Paid Search,PS-Brand,3
4926,1646,2026-10-16 08:30:00,Startup,Display,DISPLAY-Retargeting,4
4927,1647,2026-08-25 05:29:00,SMB,Paid Search,PS-Brand,1
4928,1647,2026-08-25 19:06:00,SMB,Email,EMAIL-Nurture,2
4929,1647,2026-09-03 23:19:00,SMB,Paid Search,PS-NonBrand,3
4930,1647,2026-09-11 08:07:00,SMB,Paid Search,PS-Brand,4
4931,1647,2026-09-16 18:21:00,SMB,Referral,REF-Customer,5
4932,1648,2026-07-16 15:14:00,SMB,Paid Search,PS-NonBrand,1
4933,1649,2026-08-20 12:22:00,SMB,Paid Social,META-Prospecting,1
4934,1649,2026-08-24 18:44:00,SMB,Referral,REF-Customer,2
4935,1649,2026-08-24 21:13:00,SMB,Display,DISPLAY-Retargeting,3
4936,1650,2026-08-13 02:43:00,SMB,Paid Search,PS-NonBrand,1
4937,1650,2026-08-20 17:43:00,SMB,Paid Social,META-Prospecting,2
4938,1650,2026-08-28 03:19:00,SMB,Referral,REF-Customer,3
4939,1651,2026-01-12 07:16:00,SMB,Referral,REF-Customer,1
4940,1651,2026-01-16 13:55:00,SMB,Organic Search,SEO-Product,2
4941,1651,2026-01-22 23:57:00,SMB,Organic Search,SEO-Product,3
4942,1651,2026-01-24 01:08:00,SMB,Referral,REF-Partner,4
4943,1651,2026-01-28 10:03:00,SMB,Paid Search,PS-NonBrand,5
4944,1652,2026-05-14 13:36:00,Startup,Display,DISPLAY-Retargeting,1
4945,1652,2026-05-21 20:02:00,Startup,Paid Social,META-Retargeting,2
4946,1653,2026-10-16 21:04:00,SMB,Paid Social,META-Retargeting,1
4947,1654,2026-08-23 14:30:00,SMB,Referral,REF-Partner,1
4948,1654,2026-09-02 02:44:00,SMB,Display,DISPLAY-Retargeting,2
4949,1655,2025-11-12 18:30:00,SMB,Referral,REF-Customer,1
4950,1655,2025-11-13 09:33:00,SMB,Organic Search,SEO-Product,2
4951,1655,2025-11-22 02:30:00,SMB,Organic Search,SEO-Content,3
4952,1655,2025-11-29 23:48:00,SMB,Display,DISPLAY-Prospecting,4
4953,1655,2025-12-07 05:28:00,SMB,Display,DISPLAY-Prospecting,5
4954,1656,2025-11-13 22:04:00,Startup,Paid Search,PS-Brand,1
4955,1656,2025-11-25 05:34:00,Startup,Organic Search,SEO-Product,2
4956,1656,2025-12-01 06:31:00,Startup,Referral,REF-Partner,3
4957,1656,2025-12-08 03:20:00,Startup,Paid Search,PS-Brand,4
4958,1657,2025-12-17 14:03:00,SMB,Paid Search,PS-NonBrand,1
4959,1657,2025-12-19 05:04:00,SMB,Organic Search,SEO-Product,2
4960,1657,2025-12-26 00:46:00,SMB,Organic Search,SEO-Product,3
4961,1657,2025-12-31 20:17:00,SMB,Paid Social,META-Retargeting,4
4962,1657,2026-01-11 06:02:00,SMB,Paid Social,META-Prospecting,5
4963,1658,2026-07-02 21:17:00,Startup,Organic Search,SEO-Product,1
4964,1658,2026-07-09 00:20:00,Startup,Paid Search,PS-Brand,2
4965,1658,2026-07-13 10:20:00,Startup,Paid Social,META-Prospecting,3
4966,1658,2026-07-14 05:17:00,Startup,Organic Search,SEO-Product,4
4967,1658,2026-07-15 17:55:00,Startup,Email,EMAIL-Nurture,5
4968,1659,2026-03-01 01:24:00,Startup,Referral,REF-Customer,1
4969,1659,2026-03-06 06:02:00,Startup,Paid Social,META-Retargeting,2
4970,1659,2026-03-07 14:47:00,Startup,Paid Social,META-Retargeting,3
4971,1659,2026-03-10 08:36:00,Startup,Referral,REF-Customer,4
4972,1659,2026-03-14 09:52:00,Startup,Paid Search,PS-NonBrand,5
4973,1660,2026-05-20 08:12:00,SMB,Organic Search,SEO-Content,1
4974,1660,2026-05-21 11:49:00,SMB,Referral,REF-Customer,2
4975,1660,2026-05-24 01:07:00,SMB,Paid Search,PS-NonBrand,3
4976,1661,2025-11-25 08:36:00,SMB,Paid Social,META-Retargeting,1
4977,1661,2025-11-27 03:26:00,SMB,Referral,REF-Customer,2
4978,1662,2025-10-22 06:43:00,SMB,Paid Social,META-Retargeting,1
4979,1662,2025-10-25 12:37:00,SMB,Organic Search,SEO-Content,2
4980,1662,2025-11-02 15:52:00,SMB,Paid Social,META-Retargeting,3
4981,1662,2025-11-19 11:57:00,SMB,Paid Search,PS-NonBrand,4
4982,1662,2025-11-20 08:24:00,SMB,Paid Search,PS-Brand,5
4983,1663,2026-07-10 19:04:00,Startup,Paid Social,META-Retargeting,1
4984,1664,2026-01-18 21:18:00,SMB,Referral,REF-Partner,1
4985,1664,2026-01-20 05:16:00,SMB,Email,EMAIL-Nurture,2
4986,1664,2026-01-20 16:03:00,SMB,Email,EMAIL-Nurture,3
4987,1664,2026-01-25 14:36:00,SMB,Paid Search,PS-Brand,4
4988,1664,2026-02-03 09:18:00,SMB,Email,EMAIL-Nurture,5
4989,1665,2025-10-29 02:59:00,SMB,Paid Search,PS-NonBrand,1
4990,1665,2025-11-01 01:18:00,SMB,Email,EMAIL-Reactivation,2
4991,1665,2025-11-11 00:07:00,SMB,Organic Search,SEO-Product,3
4992,1665,2025-11-13 04:15:00,SMB,Paid Search,PS-Brand,4
4993,1666,2025-12-27 01:33:00,Freelancer,Paid Social,META-Retargeting,1
4994,1666,2025-12-27 15:31:00,Freelancer,Paid Social,META-Prospecting,2
4995,1666,2026-01-01 21:36:00,Freelancer,Referral,REF-Customer,3
4996,1666,2026-01-12 11:10:00,Freelancer,Paid Search,PS-Brand,4
4997,1667,2026-01-31 03:20:00,Startup,Email,EMAIL-Nurture,1
4998,1667,2026-02-10 16:34:00,Startup,Paid Social,META-Retargeting,2
4999,1668,2026-02-26 17:02:00,SMB,Email,EMAIL-Reactivation,1
5000,1668,2026-02-28 08:33:00,SMB,Email,EMAIL-Reactivation,2
5001,1668,2026-03-10 13:56:00,SMB,Paid Social,META-Retargeting,3
5002,1668,2026-03-11 11:46:00,SMB,Organic Search,SEO-Content,4
5003,1668,2026-03-24 16:34:00,SMB,Paid Search,PS-Brand,5
5004,1669,2026-09-14 06:27:00,Freelancer,Paid Search,PS-Brand,1
5005,1669,2026-09-14 22:41:00,Freelancer,Paid Search,PS-NonBrand,2
5006,1669,2026-09-16 18:09:00,Freelancer,Paid Search,PS-Brand,3
5007,1670,2025-12-19 07:40:00,SMB,Organic Search,SEO-Product,1
5008,1670,2025-12-23 13:19:00,SMB,Paid Search,PS-Brand,2
5009,1671,2026-05-26 01:43:00,SMB,Paid Search,PS-Brand,1
5010,1672,2026-01-18 23:06:00,SMB,Paid Search,PS-Brand,1
5011,1672,2026-01-29 18:23:00,SMB,Referral,REF-Partner,2
5012,1673,2026-04-14 21:38:00,Freelancer,Paid Search,PS-Brand,1
5013,1673,2026-04-17 12:41:00,Freelancer,Display,DISPLAY-Retargeting,2
5014,1673,2026-04-28 04:25:00,Freelancer,Display,DISPLAY-Retargeting,3
5015,1673,2026-04-28 07:03:00,Freelancer,Organic Search,SEO-Product,4
5016,1674,2026-01-29 17:55:00,SMB,Paid Search,PS-Brand,1
5017,1675,2026-02-09 18:34:00,Startup,Display,DISPLAY-Retargeting,1
5018,1675,2026-02-18 06:03:00,Startup,Organic Search,SEO-Content,2
5019,1675,2026-02-25 10:31:00,Startup,Email,EMAIL-Reactivation,3
5020,1676,2026-05-12 01:36:00,Startup,Referral,REF-Customer,1
5021,1676,2026-05-16 07:19:00,Startup,Paid Search,PS-Brand,2
5022,1677,2026-05-08 02:45:00,Startup,Paid Social,META-Prospecting,1
5023,1677,2026-05-12 13:22:00,Startup,Paid Search,PS-Brand,2
5024,1677,2026-05-14 13:41:00,Startup,Organic Search,SEO-Product,3
5025,1678,2025-12-03 15:52:00,SMB,Paid Search,PS-Brand,1
5026,1678,2025-12-06 01:27:00,SMB,Paid Social,META-Retargeting,2
5027,1678,2025-12-14 00:33:00,SMB,Paid Search,PS-Brand,3
5028,1678,2025-12-14 13:02:00,SMB,Referral,REF-Partner,4
5029,1678,2025-12-17 15:33:00,SMB,Display,DISPLAY-Retargeting,5
5030,1679,2025-11-27 02:51:00,SMB,Paid Social,META-Prospecting,1
5031,1679,2025-12-22 15:30:00,SMB,Organic Search,SEO-Product,2
5032,1679,2025-12-24 14:44:00,SMB,Email,EMAIL-Reactivation,3
5033,1680,2026-01-09 01:27:00,Startup,Paid Search,PS-Brand,1
5034,1680,2026-01-14 06:13:00,Startup,Paid Search,PS-NonBrand,2
5035,1680,2026-01-16 09:54:00,Startup,Organic Search,SEO-Content,3
5036,1680,2026-01-22 03:17:00,Startup,Paid Social,META-Prospecting,4
5037,1681,2026-08-25 21:39:00,SMB,Organic Search,SEO-Product,1
5038,1681,2026-09-07 16:37:00,SMB,Referral,REF-Customer,2
5039,1681,2026-09-09 07:22:00,SMB,Referral,REF-Partner,3
5040,1682,2026-02-02 08:32:00,Startup,Organic Search,SEO-Content,1
5041,1682,2026-02-07 02:16:00,Startup,Referral,REF-Customer,2
5042,1682,2026-02-11 09:41:00,Startup,Paid Search,PS-NonBrand,3
5043,1683,2026-05-05 10:01:00,SMB,Paid Social,META-Retargeting,1
5044,1683,2026-05-26 13:35:00,SMB,Display,DISPLAY-Retargeting,2
5045,1684,2026-03-17 01:58:00,Startup,Paid Social,META-Prospecting,1
5046,1684,2026-04-01 14:07:00,Startup,Referral,REF-Customer,2
5047,1684,2026-04-02 11:54:00,Startup,Paid Social,META-Retargeting,3
5048,1684,2026-04-08 17:56:00,Startup,Paid Search,PS-NonBrand,4
5049,1685,2026-02-11 08:59:00,Startup,Organic Search,SEO-Product,1
5050,1685,2026-02-18 10:59:00,Startup,Paid Search,PS-Brand,2
5051,1685,2026-02-20 15:47:00,Startup,Paid Social,META-Retargeting,3
5052,1685,2026-03-01 05:16:00,Startup,Paid Search,PS-Brand,4
5053,1686,2025-10-15 12:39:00,Startup,Paid Social,META-Retargeting,1
5054,1687,2026-04-01 04:32:00,Startup,Paid Social,META-Retargeting,1
5055,1688,2026-10-06 00:40:00,SMB,Paid Social,META-Retargeting,1
5056,1688,2026-10-14 20:43:00,SMB,Organic Search,SEO-Product,2
5057,1689,2026-09-10 15:11:00,SMB,Referral,REF-Customer,1
5058,1689,2026-09-16 02:23:00,SMB,Paid Search,PS-NonBrand,2
5059,1689,2026-09-21 00:49:00,SMB,Organic Search,SEO-Content,3
5060,1689,2026-10-03 13:45:00,SMB,Paid Search,PS-NonBrand,4
5061,1689,2026-10-04 09:27:00,SMB,Email,EMAIL-Nurture,5
5062,1690,2026-02-16 00:58:00,SMB,Email,EMAIL-Reactivation,1
5063,1691,2026-04-21 21:25:00,Startup,Display,DISPLAY-Retargeting,1
5064,1691,2026-04-29 18:29:00,Startup,Referral,REF-Customer,2
5065,1691,2026-05-04 16:17:00,Startup,Paid Social,META-Retargeting,3
5066,1692,2026-01-15 14:31:00,SMB,Display,DISPLAY-Retargeting,1
5067,1692,2026-01-20 20:06:00,SMB,Organic Search,SEO-Content,2
5068,1692,2026-01-21 18:44:00,SMB,Paid Search,PS-NonBrand,3
5069,1692,2026-01-22 21:31:00,SMB,Paid Search,PS-NonBrand,4
5070,1693,2026-09-14 07:30:00,SMB,Paid Search,PS-Brand,1
5071,1694,2026-05-05 18:38:00,SMB,Referral,REF-Customer,1
5072,1694,2026-05-06 20:36:00,SMB,Paid Search,PS-Brand,2
5073,1694,2026-05-12 11:24:00,SMB,Organic Search,SEO-Content,3
5074,1694,2026-05-14 04:27:00,SMB,Organic Search,SEO-Product,4
5075,1694,2026-05-16 06:22:00,SMB,Referral,REF-Customer,5
5076,1695,2026-09-26 15:45:00,SMB,Paid Search,PS-NonBrand,1
5077,1696,2026-09-04 23:45:00,Startup,Display,DISPLAY-Prospecting,1
5078,1697,2026-02-02 14:27:00,Startup,Display,DISPLAY-Retargeting,1
5079,1697,2026-02-04 18:00:00,Startup,Paid Search,PS-Brand,2
5080,1697,2026-02-09 21:33:00,Startup,Referral,REF-Customer,3
5081,1697,2026-02-17 03:54:00,Startup,Referral,REF-Partner,4
5082,1698,2026-03-16 01:38:00,SMB,Paid Search,PS-Brand,1
5083,1698,2026-03-25 16:15:00,SMB,Organic Search,SEO-Content,2
5084,1698,2026-04-05 23:25:00,SMB,Email,EMAIL-Reactivation,3
5085,1699,2026-04-27 12:06:00,SMB,Organic Search,SEO-Product,1
5086,1699,2026-05-09 11:51:00,SMB,Paid Social,META-Prospecting,2
5087,1699,2026-05-15 14:33:00,SMB,Referral,REF-Customer,3
5088,1700,2026-01-01 21:12:00,Startup,Paid Search,PS-Brand,1
5089,1700,2026-01-12 07:16:00,Startup,Display,DISPLAY-Retargeting,2
5090,1701,2026-08-20 10:31:00,Startup,Organic Search,SEO-Content,1
5091,1702,2026-04-27 12:14:00,Freelancer,Referral,REF-Customer,1
5092,1702,2026-05-02 05:19:00,Freelancer,Organic Search,SEO-Product,2
5093,1702,2026-05-06 10:22:00,Freelancer,Paid Search,PS-Brand,3
5094,1702,2026-05-19 16:12:00,Freelancer,Organic Search,SEO-Product,4
5095,1703,2025-12-25 14:16:00,Startup,Organic Search,SEO-Product,1
5096,1703,2026-01-06 10:32:00,Startup,Paid Search,PS-Brand,2
5097,1703,2026-01-10 08:56:00,Startup,Paid Social,META-Retargeting,3
5098,1704,2026-04-05 09:06:00,Freelancer,Display,DISPLAY-Retargeting,1
5099,1705,2026-07-29 09:45:00,Freelancer,Display,DISPLAY-Retargeting,1
5100,1705,2026-08-20 17:06:00,Freelancer,Referral,REF-Customer,2
5101,1705,2026-08-21 13:58:00,Freelancer,Organic Search,SEO-Content,3
5102,1705,2026-08-23 21:15:00,Freelancer,Organic Search,SEO-Product,4
5103,1706,2026-03-06 22:57:00,Freelancer,Paid Search,PS-Brand,1
5104,1706,2026-03-12 08:49:00,Freelancer,Email,EMAIL-Reactivation,2
5105,1707,2026-06-22 08:47:00,Startup,Paid Social,META-Retargeting,1
5106,1707,2026-06-30 15:37:00,Startup,Email,EMAIL-Nurture,2
5107,1707,2026-07-01 22:25:00,Startup,Paid Search,PS-Brand,3
5108,1707,2026-07-06 00:54:00,Startup,Email,EMAIL-Reactivation,4
5109,1707,2026-07-06 08:10:00,Startup,Paid Social,META-Retargeting,5
5110,1708,2026-09-27 05:19:00,Startup,Paid Search,PS-Brand,1
5111,1708,2026-10-10 02:51:00,Startup,Paid Search,PS-NonBrand,2
5112,1709,2026-02-05 22:50:00,Startup,Display,DISPLAY-Retargeting,1
5113,1709,2026-02-24 15:24:00,Startup,Paid Search,PS-Brand,2
5114,1709,2026-02-24 21:09:00,Startup,Referral,REF-Customer,3
5115,1710,2026-10-16 07:04:00,SMB,Paid Social,META-Prospecting,1
5116,1710,2026-10-17 14:53:00,SMB,Paid Search,PS-NonBrand,2
5117,1710,2026-10-20 07:14:00,SMB,Email,EMAIL-Nurture,3
5118,1711,2026-03-09 14:42:00,SMB,Paid Social,META-Retargeting,1
5119,1712,2026-05-15 06:42:00,Freelancer,Organic Search,SEO-Content,1
5120,1713,2026-07-13 08:41:00,Startup,Paid Social,META-Retargeting,1
5121,1714,2025-11-10 20:57:00,SMB,Email,EMAIL-Reactivation,1
5122,1715,2026-07-05 09:34:00,SMB,Paid Search,PS-Brand,1
5123,1716,2026-04-26 17:51:00,SMB,Email,EMAIL-Nurture,1
5124,1717,2026-06-02 11:52:00,SMB,Display,DISPLAY-Retargeting,1
5125,1717,2026-06-07 07:13:00,SMB,Email,EMAIL-Nurture,2
5126,1717,2026-06-07 07:17:00,SMB,Paid Social,META-Retargeting,3
5127,1717,2026-06-11 19:10:00,SMB,Paid Search,PS-Brand,4
5128,1718,2026-09-17 03:20:00,Startup,Paid Social,META-Retargeting,1
5129,1718,2026-09-25 08:35:00,Startup,Display,DISPLAY-Retargeting,2
5130,1719,2026-04-05 04:47:00,Startup,Paid Search,PS-NonBrand,1
5131,1719,2026-04-12 20:33:00,Startup,Paid Social,META-Retargeting,2
5132,1719,2026-04-19 09:52:00,Startup,Organic Search,SEO-Product,3
5133,1719,2026-04-22 18:20:00,Startup,Referral,REF-Partner,4
5134,1720,2026-09-11 18:21:00,Startup,Paid Social,META-Retargeting,1
5135,1720,2026-09-12 03:24:00,Startup,Referral,REF-Partner,2
5136,1721,2026-04-28 01:39:00,SMB,Referral,REF-Partner,1
5137,1721,2026-04-28 03:13:00,SMB,Paid Social,META-Retargeting,2
5138,1721,2026-05-18 12:49:00,SMB,Email,EMAIL-Nurture,3
5139,1722,2026-01-01 18:06:00,SMB,Paid Search,PS-NonBrand,1
5140,1723,2026-06-02 21:58:00,SMB,Email,EMAIL-Nurture,1
5141,1723,2026-06-03 16:19:00,SMB,Paid Search,PS-Brand,2
5142,1723,2026-06-11 03:13:00,SMB,Paid Social,META-Prospecting,3
5143,1723,2026-06-12 04:22:00,SMB,Paid Search,PS-NonBrand,4
5144,1724,2025-12-25 00:19:00,SMB,Email,EMAIL-Nurture,1
5145,1725,2026-08-26 13:49:00,Startup,Organic Search,SEO-Product,1
5146,1725,2026-08-27 19:41:00,Startup,Paid Search,PS-Brand,2
5147,1725,2026-09-02 17:55:00,Startup,Paid Social,META-Retargeting,3
5148,1726,2025-11-30 15:19:00,SMB,Paid Search,PS-NonBrand,1
5149,1726,2025-12-02 04:38:00,SMB,Paid Search,PS-Brand,2
5150,1726,2025-12-14 05:49:00,SMB,Paid Search,PS-NonBrand,3
5151,1726,2025-12-19 23:18:00,SMB,Organic Search,SEO-Product,4
5152,1727,2026-04-05 06:45:00,Freelancer,Referral,REF-Partner,1
5153,1727,2026-04-11 00:58:00,Freelancer,Email,EMAIL-Reactivation,2
5154,1728,2026-08-09 03:02:00,Startup,Paid Search,PS-NonBrand,1
5155,1728,2026-08-12 16:20:00,Startup,Paid Search,PS-Brand,2
5156,1728,2026-08-17 23:27:00,Startup,Paid Social,META-Prospecting,3
5157,1729,2025-10-23 06:43:00,SMB,Email,EMAIL-Nurture,1
5158,1730,2026-04-07 17:02:00,SMB,Paid Search,PS-NonBrand,1
5159,1730,2026-04-11 21:27:00,SMB,Organic Search,SEO-Content,2
5160,1730,2026-04-20 17:13:00,SMB,Email,EMAIL-Nurture,3
5161,1730,2026-04-23 05:36:00,SMB,Email,EMAIL-Reactivation,4
5162,1731,2026-04-20 20:32:00,SMB,Paid Search,PS-Brand,1
5163,1731,2026-04-23 12:21:00,SMB,Paid Search,PS-NonBrand,2
5164,1731,2026-04-24 20:14:00,SMB,Paid Search,PS-NonBrand,3
5165,1732,2026-02-06 13:54:00,SMB,Display,DISPLAY-Prospecting,1
5166,1732,2026-02-13 01:41:00,SMB,Paid Social,META-Retargeting,2
5167,1732,2026-02-17 12:49:00,SMB,Display,DISPLAY-Retargeting,3
5168,1732,2026-02-22 05:37:00,SMB,Paid Social,META-Retargeting,4
5169,1733,2026-06-09 23:21:00,Freelancer,Paid Search,PS-NonBrand,1
5170,1733,2026-06-29 21:21:00,Freelancer,Email,EMAIL-Reactivation,2
5171,1734,2026-02-10 04:46:00,Startup,Paid Social,META-Prospecting,1
5172,1734,2026-02-11 09:03:00,Startup,Organic Search,SEO-Product,2
5173,1734,2026-02-19 03:33:00,Startup,Email,EMAIL-Nurture,3
5174,1734,2026-02-20 13:59:00,Startup,Paid Social,META-Retargeting,4
5175,1735,2026-02-24 00:34:00,Startup,Email,EMAIL-Reactivation,1
5176,1735,2026-02-28 00:23:00,Startup,Paid Search,PS-Brand,2
5177,1735,2026-02-28 02:38:00,Startup,Organic Search,SEO-Content,3
5178,1735,2026-03-04 21:35:00,Startup,Organic Search,SEO-Content,4
5179,1735,2026-03-05 05:09:00,Startup,Organic Search,SEO-Product,5
5180,1736,2026-01-09 13:46:00,Startup,Display,DISPLAY-Prospecting,1
5181,1736,2026-01-17 06:05:00,Startup,Paid Social,META-Retargeting,2
5182,1736,2026-01-28 04:33:00,Startup,Organic Search,SEO-Content,3
5183,1737,2026-06-05 15:47:00,Freelancer,Referral,REF-Customer,1
5184,1737,2026-06-09 13:29:00,Freelancer,Paid Search,PS-Brand,2
5185,1737,2026-06-10 09:45:00,Freelancer,Paid Social,META-Retargeting,3
5186,1737,2026-06-13 12:37:00,Freelancer,Organic Search,SEO-Content,4
5187,1738,2026-08-26 15:54:00,Freelancer,Paid Search,PS-NonBrand,1
5188,1738,2026-08-29 07:36:00,Freelancer,Organic Search,SEO-Product,2
5189,1738,2026-08-29 22:33:00,Freelancer,Email,EMAIL-Nurture,3
5190,1738,2026-09-08 07:33:00,Freelancer,Display,DISPLAY-Prospecting,4
5191,1738,2026-09-12 14:51:00,Freelancer,Organic Search,SEO-Content,5
5192,1739,2025-12-16 07:52:00,SMB,Display,DISPLAY-Prospecting,1
5193,1739,2025-12-26 19:25:00,SMB,Referral,REF-Partner,2
5194,1740,2026-02-27 13:24:00,SMB,Email,EMAIL-Reactivation,1
5195,1740,2026-02-27 16:09:00,SMB,Email,EMAIL-Nurture,2
5196,1740,2026-03-05 03:15:00,SMB,Referral,REF-Customer,3
5197,1740,2026-03-13 14:02:00,SMB,Paid Search,PS-NonBrand,4
5198,1740,2026-03-20 18:46:00,SMB,Referral,REF-Customer,5
5199,1741,2025-12-25 01:44:00,SMB,Referral,REF-Customer,1
5200,1741,2026-01-02 01:31:00,SMB,Referral,REF-Customer,2
5201,1742,2026-01-22 12:46:00,SMB,Referral,REF-Customer,1
5202,1743,2026-09-21 07:11:00,Startup,Organic Search,SEO-Content,1
5203,1743,2026-09-28 23:49:00,Startup,Paid Social,META-Retargeting,2
5204,1743,2026-10-05 05:56:00,Startup,Paid Search,PS-Brand,3
5205,1743,2026-10-11 16:57:00,Startup,Paid Social,META-Retargeting,4
5206,1744,2026-07-01 20:43:00,SMB,Paid Social,META-Prospecting,1
5207,1745,2026-09-15 03:05:00,Startup,Organic Search,SEO-Content,1
5208,1745,2026-09-16 03:48:00,Startup,Email,EMAIL-Reactivation,2
5209,1745,2026-09-27 20:05:00,Startup,Paid Social,META-Retargeting,3
5210,1745,2026-10-02 20:42:00,Startup,Email,EMAIL-Nurture,4
5211,1745,2026-10-09 10:44:00,Startup,Display,DISPLAY-Retargeting,5
5212,1746,2026-05-24 18:08:00,SMB,Paid Social,META-Retargeting,1
5213,1746,2026-06-03 01:43:00,SMB,Paid Search,PS-NonBrand,2
5214,1746,2026-06-05 01:46:00,SMB,Paid Social,META-Prospecting,3
5215,1747,2026-06-13 07:39:00,Startup,Referral,REF-Partner,1
5216,1748,2026-07-11 22:08:00,SMB,Organic Search,SEO-Content,1
5217,1749,2026-06-04 19:48:00,SMB,Referral,REF-Customer,1
5218,1749,2026-06-06 18:25:00,SMB,Paid Search,PS-NonBrand,2
5219,1750,2026-08-17 22:49:00,Freelancer,Display,DISPLAY-Prospecting,1
5220,1750,2026-08-23 07:35:00,Freelancer,Paid Social,META-Prospecting,2
5221,1751,2026-02-07 07:43:00,SMB,Referral,REF-Partner,1
5222,1751,2026-02-24 22:54:00,SMB,Paid Search,PS-Brand,2
5223,1752,2025-11-14 07:17:00,Startup,Paid Social,META-Prospecting,1
5224,1752,2025-11-18 21:49:00,Startup,Referral,REF-Customer,2
5225,1753,2026-03-28 00:05:00,Freelancer,Paid Social,META-Prospecting,1
5226,1753,2026-03-31 22:16:00,Freelancer,Email,EMAIL-Nurture,2
5227,1753,2026-04-18 04:18:00,Freelancer,Email,EMAIL-Reactivation,3
5228,1753,2026-04-26 14:51:00,Freelancer,Paid Social,META-Retargeting,4
5229,1754,2025-10-08 19:35:00,SMB,Display,DISPLAY-Prospecting,1
5230,1754,2025-10-13 10:04:00,SMB,Organic Search,SEO-Content,2
5231,1754,2025-10-17 02:33:00,SMB,Paid Social,META-Prospecting,3
5232,1754,2025-10-17 19:20:00,SMB,Organic Search,SEO-Product,4
5233,1755,2025-10-23 19:34:00,SMB,Display,DISPLAY-Prospecting,1
5234,1755,2025-11-05 04:32:00,SMB,Email,EMAIL-Nurture,2
5235,1755,2025-11-07 15:05:00,SMB,Email,EMAIL-Nurture,3
5236,1755,2025-11-15 01:51:00,SMB,Paid Search,PS-Brand,4
5237,1756,2025-11-05 18:07:00,SMB,Paid Search,PS-Brand,1
5238,1756,2025-11-10 12:04:00,SMB,Organic Search,SEO-Content,2
5239,1756,2025-11-15 22:52:00,SMB,Organic Search,SEO-Product,3
5240,1757,2025-11-20 23:19:00,SMB,Organic Search,SEO-Content,1
5241,1758,2026-06-19 04:36:00,Freelancer,Organic Search,SEO-Product,1
5242,1758,2026-06-21 23:49:00,Freelancer,Paid Social,META-Retargeting,2
5243,1759,2026-05-15 21:28:00,Startup,Display,DISPLAY-Retargeting,1
5244,1759,2026-05-23 20:13:00,Startup,Email,EMAIL-Nurture,2
5245,1759,2026-05-27 02:09:00,Startup,Organic Search,SEO-Content,3
5246,1759,2026-05-31 17:16:00,Startup,Paid Search,PS-Brand,4
5247,1760,2026-09-08 19:19:00,SMB,Email,EMAIL-Reactivation,1
5248,1760,2026-09-23 10:33:00,SMB,Email,EMAIL-Nurture,2
5249,1760,2026-09-28 21:24:00,SMB,Referral,REF-Customer,3
5250,1760,2026-10-02 12:09:00,SMB,Email,EMAIL-Nurture,4
5251,1761,2026-01-24 11:16:00,Startup,Paid Social,META-Retargeting,1
5252,1761,2026-02-02 12:20:00,Startup,Email,EMAIL-Nurture,2
5253,1762,2026-01-29 01:28:00,Freelancer,Email,EMAIL-Nurture,1
5254,1762,2026-02-13 10:32:00,Freelancer,Display,DISPLAY-Prospecting,2
5255,1762,2026-02-14 13:32:00,Freelancer,Display,DISPLAY-Retargeting,3
5256,1762,2026-02-25 14:08:00,Freelancer,Paid Social,META-Retargeting,4
5257,1763,2026-04-04 05:44:00,SMB,Paid Search,PS-NonBrand,1
5258,1764,2026-08-02 22:50:00,SMB,Display,DISPLAY-Prospecting,1
5259,1765,2026-09-20 00:07:00,Freelancer,Referral,REF-Partner,1
5260,1766,2026-06-28 18:57:00,Startup,Paid Search,PS-NonBrand,1
5261,1766,2026-07-20 14:19:00,Startup,Paid Social,META-Retargeting,2
5262,1767,2026-04-05 10:26:00,SMB,Referral,REF-Customer,1
5263,1767,2026-04-18 11:04:00,SMB,Referral,REF-Customer,2
5264,1767,2026-04-24 17:53:00,SMB,Paid Search,PS-Brand,3
5265,1767,2026-04-30 11:05:00,SMB,Display,DISPLAY-Retargeting,4
5266,1767,2026-05-02 15:17:00,SMB,Organic Search,SEO-Content,5
5267,1768,2026-09-25 09:23:00,Startup,Paid Search,PS-NonBrand,1
5268,1768,2026-10-08 16:45:00,Startup,Paid Social,META-Retargeting,2
5269,1768,2026-10-10 08:20:00,Startup,Email,EMAIL-Nurture,3
5270,1768,2026-10-10 21:35:00,Startup,Display,DISPLAY-Prospecting,4
5271,1769,2025-12-12 09:41:00,SMB,Paid Search,PS-NonBrand,1
5272,1769,2025-12-22 07:55:00,SMB,Organic Search,SEO-Content,2
5273,1770,2026-03-24 23:46:00,Startup,Paid Search,PS-NonBrand,1
5274,1770,2026-03-25 21:47:00,Startup,Paid Social,META-Retargeting,2
5275,1770,2026-04-04 00:01:00,Startup,Display,DISPLAY-Retargeting,3
5276,1771,2026-01-04 07:02:00,Startup,Email,EMAIL-Nurture,1
5277,1771,2026-01-06 21:06:00,Startup,Paid Social,META-Prospecting,2
5278,1772,2025-12-26 01:33:00,SMB,Display,DISPLAY-Prospecting,1
5279,1773,2026-02-27 09:54:00,Startup,Display,DISPLAY-Prospecting,1
5280,1773,2026-03-19 19:21:00,Startup,Paid Search,PS-Brand,2
5281,1773,2026-03-22 08:48:00,Startup,Organic Search,SEO-Content,3
5282,1774,2026-07-08 00:55:00,SMB,Organic Search,SEO-Product,1
5283,1774,2026-07-12 18:41:00,SMB,Email,EMAIL-Reactivation,2
5284,1774,2026-07-29 20:25:00,SMB,Referral,REF-Partner,3
5285,1775,2026-02-05 05:52:00,Startup,Paid Search,PS-NonBrand,1
5286,1775,2026-02-05 14:45:00,Startup,Paid Social,META-Retargeting,2
5287,1775,2026-02-10 02:19:00,Startup,Paid Social,META-Retargeting,3
5288,1775,2026-02-17 06:24:00,Startup,Referral,REF-Customer,4
5289,1775,2026-02-20 06:40:00,Startup,Email,EMAIL-Nurture,5
5290,1776,2026-08-08 01:06:00,Startup,Email,EMAIL-Reactivation,1
5291,1776,2026-08-14 03:04:00,Startup,Display,DISPLAY-Retargeting,2
5292,1776,2026-08-21 13:26:00,Startup,Email,EMAIL-Nurture,3
5293,1777,2026-06-03 01:22:00,SMB,Paid Social,META-Retargeting,1
5294,1778,2026-07-07 18:35:00,SMB,Referral,REF-Customer,1
5295,1779,2025-12-28 07:39:00,SMB,Email,EMAIL-Nurture,1
5296,1779,2026-01-03 02:39:00,SMB,Paid Social,META-Prospecting,2
5297,1779,2026-01-10 05:33:00,SMB,Organic Search,SEO-Content,3
5298,1779,2026-01-24 03:05:00,SMB,Paid Search,PS-NonBrand,4
5299,1779,2026-01-25 00:37:00,SMB,Referral,REF-Partner,5
5300,1780,2026-08-13 05:49:00,Startup,Paid Social,META-Retargeting,1
5301,1780,2026-08-20 23:09:00,Startup,Referral,REF-Partner,2
5302,1780,2026-08-21 14:30:00,Startup,Referral,REF-Customer,3
5303,1780,2026-08-26 04:55:00,Startup,Referral,REF-Partner,4
5304,1780,2026-09-05 18:28:00,Startup,Paid Social,META-Prospecting,5
5305,1781,2025-12-19 03:55:00,Startup,Paid Search,PS-NonBrand,1
5306,1781,2025-12-24 21:17:00,Startup,Paid Social,META-Retargeting,2
5307,1781,2025-12-26 20:38:00,Startup,Paid Social,META-Retargeting,3
5308,1781,2025-12-31 03:39:00,Startup,Paid Social,META-Prospecting,4
5309,1781,2026-01-02 18:59:00,Startup,Organic Search,SEO-Content,5
5310,1782,2026-02-14 15:44:00,SMB,Display,DISPLAY-Prospecting,1
5311,1782,2026-03-09 20:11:00,SMB,Display,DISPLAY-Retargeting,2
5312,1782,2026-03-13 23:43:00,SMB,Referral,REF-Customer,3
5313,1783,2026-07-18 01:33:00,Freelancer,Paid Social,META-Prospecting,1
5314,1783,2026-07-20 07:32:00,Freelancer,Paid Social,META-Retargeting,2
5315,1783,2026-07-24 00:18:00,Freelancer,Referral,REF-Customer,3
5316,1783,2026-07-26 03:18:00,Freelancer,Paid Social,META-Retargeting,4
5317,1783,2026-08-11 00:12:00,Freelancer,Email,EMAIL-Reactivation,5
5318,1784,2026-06-19 16:23:00,Startup,Paid Search,PS-Brand,1
5319,1784,2026-06-24 11:16:00,Startup,Paid Social,META-Retargeting,2
5320,1784,2026-06-26 23:52:00,Startup,Organic Search,SEO-Product,3
5321,1784,2026-06-30 19:14:00,Startup,Organic Search,SEO-Product,4
5322,1785,2026-01-23 06:26:00,SMB,Paid Social,META-Prospecting,1
5323,1785,2026-01-28 23:54:00,SMB,Paid Social,META-Retargeting,2
5324,1785,2026-02-01 08:55:00,SMB,Paid Search,PS-NonBrand,3
5325,1785,2026-02-04 09:29:00,SMB,Referral,REF-Customer,4
5326,1786,2026-01-08 20:43:00,SMB,Display,DISPLAY-Prospecting,1
5327,1786,2026-01-28 22:21:00,SMB,Paid Search,PS-NonBrand,2
5328,1786,2026-01-29 10:46:00,SMB,Referral,REF-Customer,3
5329,1786,2026-02-03 16:09:00,SMB,Referral,REF-Partner,4
5330,1787,2026-03-08 18:43:00,Startup,Display,DISPLAY-Prospecting,1
5331,1787,2026-03-15 19:15:00,Startup,Display,DISPLAY-Prospecting,2
5332,1787,2026-03-29 11:27:00,Startup,Paid Social,META-Prospecting,3
5333,1787,2026-04-03 02:37:00,Startup,Email,EMAIL-Reactivation,4
5334,1788,2026-03-14 07:24:00,SMB,Paid Search,PS-Brand,1
5335,1788,2026-03-16 12:02:00,SMB,Display,DISPLAY-Prospecting,2
5336,1788,2026-03-22 04:18:00,SMB,Display,DISPLAY-Retargeting,3
5337,1788,2026-03-22 05:26:00,SMB,Display,DISPLAY-Retargeting,4
5338,1789,2025-11-13 08:37:00,Freelancer,Display,DISPLAY-Prospecting,1
5339,1790,2025-12-30 13:18:00,Startup,Paid Social,META-Retargeting,1
5340,1790,2025-12-31 12:55:00,Startup,Paid Social,META-Retargeting,2
5341,1790,2026-01-04 20:10:00,Startup,Organic Search,SEO-Product,3
5342,1790,2026-01-08 12:01:00,Startup,Paid Search,PS-NonBrand,4
5343,1790,2026-01-21 23:50:00,Startup,Email,EMAIL-Nurture,5
5344,1791,2025-11-27 04:33:00,SMB,Paid Social,META-Prospecting,1
5345,1791,2025-12-06 13:28:00,SMB,Organic Search,SEO-Product,2
5346,1791,2025-12-16 12:10:00,SMB,Paid Search,PS-NonBrand,3
5347,1791,2025-12-21 20:19:00,SMB,Paid Search,PS-Brand,4
5348,1791,2025-12-23 13:26:00,SMB,Referral,REF-Customer,5
5349,1792,2025-11-26 06:07:00,SMB,Paid Search,PS-Brand,1
5350,1793,2026-02-24 19:30:00,SMB,Paid Search,PS-Brand,1
5351,1793,2026-02-26 04:48:00,SMB,Paid Search,PS-NonBrand,2
5352,1793,2026-02-28 01:08:00,SMB,Paid Social,META-Retargeting,3
5353,1793,2026-03-01 01:51:00,SMB,Organic Search,SEO-Product,4
5354,1794,2025-10-30 13:52:00,Startup,Paid Social,META-Retargeting,1
5355,1795,2026-06-15 11:05:00,SMB,Email,EMAIL-Reactivation,1
5356,1795,2026-06-17 12:39:00,SMB,Email,EMAIL-Reactivation,2
5357,1795,2026-06-26 12:19:00,SMB,Email,EMAIL-Nurture,3
5358,1796,2026-06-11 22:57:00,Freelancer,Paid Social,META-Retargeting,1
5359,1796,2026-06-14 03:56:00,Freelancer,Email,EMAIL-Nurture,2
5360,1796,2026-06-24 08:16:00,Freelancer,Paid Social,META-Retargeting,3
5361,1796,2026-07-02 17:47:00,Freelancer,Email,EMAIL-Nurture,4
5362,1797,2026-01-07 15:55:00,Startup,Email,EMAIL-Nurture,1
5363,1797,2026-01-17 12:59:00,Startup,Referral,REF-Customer,2
5364,1798,2026-08-27 04:46:00,Freelancer,Referral,REF-Customer,1
5365,1798,2026-09-02 21:07:00,Freelancer,Organic Search,SEO-Content,2
5366,1798,2026-09-03 17:35:00,Freelancer,Email,EMAIL-Nurture,3
5367,1798,2026-09-04 16:54:00,Freelancer,Organic Search,SEO-Product,4
5368,1799,2026-05-26 05:57:00,SMB,Paid Social,META-Prospecting,1
5369,1799,2026-05-26 21:06:00,SMB,Paid Search,PS-Brand,2
5370,1799,2026-05-30 09:21:00,SMB,Organic Search,SEO-Content,3
5371,1799,2026-06-01 19:05:00,SMB,Paid Search,PS-Brand,4
5372,1800,2026-01-25 03:08:00,SMB,Paid Search,PS-Brand,1
5373,1800,2026-01-25 20:01:00,SMB,Email,EMAIL-Nurture,2
5374,1800,2026-02-06 03:01:00,SMB,Paid Search,PS-Brand,3
5375,1800,2026-02-11 02:00:00,SMB,Email,EMAIL-Reactivation,4
5376,1800,2026-02-11 15:35:00,SMB,Paid Search,PS-NonBrand,5
5377,1801,2025-12-14 11:18:00,Startup,Email,EMAIL-Reactivation,1
5378,1801,2025-12-17 06:05:00,Startup,Paid Search,PS-Brand,2
5379,1801,2025-12-24 16:55:00,Startup,Paid Search,PS-NonBrand,3
5380,1802,2026-03-18 13:37:00,SMB,Paid Social,META-Retargeting,1
5381,1802,2026-03-31 14:04:00,SMB,Display,DISPLAY-Retargeting,2
5382,1803,2026-09-16 08:10:00,SMB,Referral,REF-Customer,1
5383,1803,2026-09-28 20:18:00,SMB,Referral,REF-Customer,2
5384,1803,2026-09-29 22:54:00,SMB,Paid Search,PS-Brand,3
5385,1803,2026-10-06 04:49:00,SMB,Email,EMAIL-Reactivation,4
5386,1803,2026-10-11 07:04:00,SMB,Organic Search,SEO-Content,5
5387,1804,2025-10-08 01:27:00,Freelancer,Organic Search,SEO-Content,1
5388,1804,2025-10-10 19:50:00,Freelancer,Display,DISPLAY-Prospecting,2
5389,1804,2025-10-23 02:32:00,Freelancer,Paid Search,PS-Brand,3
5390,1804,2025-10-27 02:59:00,Freelancer,Display,DISPLAY-Retargeting,4
5391,1805,2025-10-24 10:56:00,Startup,Paid Social,META-Prospecting,1
5392,1806,2026-03-11 18:41:00,Freelancer,Paid Social,META-Retargeting,1
5393,1807,2026-09-17 15:21:00,SMB,Organic Search,SEO-Content,1
5394,1807,2026-09-19 14:19:00,SMB,Organic Search,SEO-Content,2
5395,1807,2026-09-24 15:23:00,SMB,Paid Search,PS-Brand,3
5396,1807,2026-09-26 13:26:00,SMB,Organic Search,SEO-Product,4
5397,1808,2026-01-12 13:42:00,Startup,Paid Search,PS-NonBrand,1
5398,1808,2026-02-05 08:49:00,Startup,Paid Search,PS-NonBrand,2
5399,1809,2026-06-30 04:01:00,SMB,Paid Search,PS-NonBrand,1
5400,1809,2026-06-30 22:02:00,SMB,Paid Social,META-Prospecting,2
5401,1809,2026-07-09 06:12:00,SMB,Display,DISPLAY-Prospecting,3
5402,1809,2026-07-12 15:48:00,SMB,Referral,REF-Customer,4
5403,1809,2026-07-25 11:29:00,SMB,Paid Search,PS-NonBrand,5
5404,1810,2026-04-29 03:54:00,SMB,Organic Search,SEO-Product,1
5405,1810,2026-05-01 23:57:00,SMB,Paid Social,META-Prospecting,2
5406,1810,2026-05-03 12:30:00,SMB,Paid Social,META-Retargeting,3
5407,1810,2026-05-06 17:25:00,SMB,Paid Search,PS-Brand,4
5408,1810,2026-05-18 03:48:00,SMB,Paid Search,PS-Brand,5
5409,1811,2025-12-13 10:29:00,SMB,Display,DISPLAY-Retargeting,1
5410,1811,2025-12-30 10:09:00,SMB,Paid Search,PS-NonBrand,2
5411,1812,2026-09-06 04:13:00,Freelancer,Paid Search,PS-Brand,1
5412,1812,2026-09-10 05:09:00,Freelancer,Paid Search,PS-NonBrand,2
5413,1812,2026-09-11 06:21:00,Freelancer,Organic Search,SEO-Product,3
5414,1812,2026-09-14 18:26:00,Freelancer,Email,EMAIL-Reactivation,4
5415,1813,2025-12-10 14:58:00,SMB,Paid Search,PS-NonBrand,1
5416,1814,2026-04-05 13:25:00,Startup,Paid Social,META-Retargeting,1
5417,1814,2026-04-13 09:14:00,Startup,Organic Search,SEO-Product,2
5418,1814,2026-04-21 11:09:00,Startup,Paid Search,PS-NonBrand,3
5419,1814,2026-04-25 04:39:00,Startup,Paid Social,META-Prospecting,4
5420,1814,2026-04-26 16:42:00,Startup,Paid Search,PS-Brand,5
5421,1815,2026-05-30 02:25:00,Freelancer,Organic Search,SEO-Content,1
5422,1815,2026-06-02 18:04:00,Freelancer,Organic Search,SEO-Content,2
5423,1815,2026-06-14 08:04:00,Freelancer,Display,DISPLAY-Retargeting,3
5424,1815,2026-06-24 05:50:00,Freelancer,Email,EMAIL-Reactivation,4
5425,1815,2026-06-25 23:50:00,Freelancer,Organic Search,SEO-Product,5
5426,1816,2026-06-13 05:54:00,Startup,Paid Social,META-Retargeting,1
5427,1816,2026-06-13 17:25:00,Startup,Paid Search,PS-NonBrand,2
5428,1816,2026-06-25 11:21:00,Startup,Paid Social,META-Prospecting,3
5429,1816,2026-06-30 10:58:00,Startup,Paid Social,META-Retargeting,4
5430,1816,2026-07-02 18:30:00,Startup,Paid Search,PS-NonBrand,5
5431,1817,2026-08-08 21:28:00,SMB,Email,EMAIL-Nurture,1
5432,1817,2026-08-19 21:38:00,SMB,Paid Search,PS-Brand,2
5433,1817,2026-08-24 12:30:00,SMB,Display,DISPLAY-Prospecting,3
5434,1817,2026-08-30 12:24:00,SMB,Paid Social,META-Retargeting,4
5435,1818,2026-07-13 17:23:00,Startup,Paid Search,PS-NonBrand,1
5436,1819,2026-05-30 12:05:00,Startup,Paid Search,PS-Brand,1
5437,1819,2026-06-06 00:47:00,Startup,Organic Search,SEO-Content,2
5438,1819,2026-06-17 17:41:00,Startup,Paid Search,PS-Brand,3
5439,1819,2026-06-21 12:04:00,Startup,Display,DISPLAY-Prospecting,4
5440,1819,2026-06-25 17:22:00,Startup,Paid Search,PS-Brand,5
5441,1820,2025-12-12 05:20:00,SMB,Referral,REF-Partner,1
5442,1820,2025-12-15 14:04:00,SMB,Organic Search,SEO-Product,2
5443,1820,2025-12-16 21:28:00,SMB,Referral,REF-Partner,3
5444,1820,2025-12-21 03:34:00,SMB,Paid Search,PS-NonBrand,4
5445,1820,2025-12-21 18:47:00,SMB,Email,EMAIL-Reactivation,5
5446,1821,2026-01-27 11:46:00,SMB,Email,EMAIL-Reactivation,1
5447,1822,2026-02-12 14:12:00,Startup,Referral,REF-Partner,1
5448,1822,2026-02-14 22:12:00,Startup,Email,EMAIL-Reactivation,2
5449,1822,2026-02-26 07:13:00,Startup,Referral,REF-Partner,3
5450,1822,2026-03-01 03:47:00,Startup,Paid Social,META-Retargeting,4
5451,1823,2026-02-17 11:09:00,Startup,Paid Social,META-Retargeting,1
5452,1823,2026-02-20 09:03:00,Startup,Paid Social,META-Retargeting,2
5453,1823,2026-02-21 11:22:00,Startup,Organic Search,SEO-Content,3
5454,1823,2026-03-04 10:47:00,Startup,Paid Search,PS-NonBrand,4
5455,1823,2026-03-07 20:23:00,Startup,Display,DISPLAY-Prospecting,5
5456,1824,2025-11-12 11:35:00,Freelancer,Email,EMAIL-Nurture,1
5457,1824,2025-11-28 21:17:00,Freelancer,Referral,REF-Partner,2
5458,1824,2025-12-07 20:05:00,Freelancer,Paid Search,PS-NonBrand,3
5459,1825,2025-11-27 07:10:00,SMB,Paid Social,META-Prospecting,1
5460,1826,2026-03-15 08:13:00,SMB,Referral,REF-Customer,1
5461,1826,2026-03-18 06:29:00,SMB,Referral,REF-Customer,2
5462,1826,2026-04-02 20:01:00,SMB,Organic Search,SEO-Content,3
5463,1826,2026-04-02 22:49:00,SMB,Organic Search,SEO-Content,4
5464,1826,2026-04-07 23:59:00,SMB,Email,EMAIL-Reactivation,5
5465,1827,2026-06-27 00:23:00,SMB,Paid Social,META-Retargeting,1
5466,1827,2026-07-01 05:56:00,SMB,Paid Social,META-Retargeting,2
5467,1827,2026-07-06 01:51:00,SMB,Organic Search,SEO-Product,3
5468,1828,2026-08-21 11:42:00,Freelancer,Paid Social,META-Prospecting,1
5469,1828,2026-08-23 01:47:00,Freelancer,Referral,REF-Customer,2
5470,1828,2026-09-13 15:29:00,Freelancer,Email,EMAIL-Reactivation,3
5471,1828,2026-09-16 10:03:00,Freelancer,Paid Search,PS-NonBrand,4
5472,1829,2026-10-02 16:37:00,Freelancer,Referral,REF-Customer,1
5473,1829,2026-10-04 20:00:00,Freelancer,Display,DISPLAY-Prospecting,2
5474,1830,2026-04-01 22:34:00,Freelancer,Email,EMAIL-Reactivation,1
5475,1830,2026-04-07 22:22:00,Freelancer,Paid Social,META-Retargeting,2
5476,1830,2026-04-16 19:58:00,Freelancer,Paid Social,META-Retargeting,3
5477,1830,2026-04-23 03:03:00,Freelancer,Email,EMAIL-Reactivation,4
5478,1830,2026-04-23 13:52:00,Freelancer,Email,EMAIL-Reactivation,5
5479,1831,2026-08-25 22:14:00,Startup,Referral,REF-Customer,1
5480,1831,2026-09-01 08:26:00,Startup,Paid Social,META-Prospecting,2
5481,1831,2026-09-12 02:16:00,Startup,Referral,REF-Customer,3
5482,1831,2026-09-13 15:20:00,Startup,Paid Search,PS-NonBrand,4
5483,1831,2026-09-22 16:05:00,Startup,Paid Search,PS-Brand,5
5484,1832,2026-03-20 10:19:00,SMB,Paid Social,META-Retargeting,1
5485,1832,2026-04-01 14:52:00,SMB,Paid Social,META-Retargeting,2
5486,1832,2026-04-14 16:58:00,SMB,Email,EMAIL-Reactivation,3
5487,1833,2026-03-27 15:44:00,Startup,Display,DISPLAY-Prospecting,1
5488,1833,2026-04-01 23:29:00,Startup,Email,EMAIL-Reactivation,2
5489,1833,2026-04-14 14:21:00,Startup,Referral,REF-Customer,3
5490,1834,2025-12-17 15:45:00,SMB,Display,DISPLAY-Prospecting,1
5491,1834,2025-12-18 19:07:00,SMB,Organic Search,SEO-Content,2
5492,1834,2025-12-28 11:45:00,SMB,Paid Social,META-Retargeting,3
5493,1834,2026-01-09 08:56:00,SMB,Referral,REF-Customer,4
5494,1834,2026-01-10 11:23:00,SMB,Email,EMAIL-Reactivation,5
5495,1835,2026-05-19 17:51:00,SMB,Referral,REF-Customer,1
5496,1836,2026-01-27 10:08:00,SMB,Organic Search,SEO-Product,1
5497,1836,2026-02-08 10:46:00,SMB,Paid Social,META-Retargeting,2
5498,1836,2026-02-08 19:05:00,SMB,Paid Search,PS-Brand,3
5499,1836,2026-02-17 22:46:00,SMB,Email,EMAIL-Reactivation,4
5500,1837,2026-03-31 02:13:00,SMB,Paid Social,META-Prospecting,1
5501,1837,2026-04-04 10:25:00,SMB,Paid Social,META-Retargeting,2
5502,1837,2026-04-21 00:09:00,SMB,Referral,REF-Partner,3
5503,1837,2026-04-23 07:00:00,SMB,Referral,REF-Customer,4
5504,1837,2026-04-24 07:00:00,SMB,Paid Social,META-Prospecting,5
5505,1838,2026-09-14 23:13:00,SMB,Paid Social,META-Prospecting,1
5506,1838,2026-09-21 08:51:00,SMB,Organic Search,SEO-Content,2
5507,1838,2026-10-04 04:29:00,SMB,Paid Search,PS-Brand,3
5508,1838,2026-10-05 09:15:00,SMB,Paid Social,META-Prospecting,4
5509,1839,2026-04-19 09:39:00,Freelancer,Email,EMAIL-Reactivation,1
5510,1840,2026-01-23 14:47:00,Startup,Organic Search,SEO-Content,1
5511,1840,2026-01-30 17:26:00,Startup,Paid Search,PS-NonBrand,2
5512,1840,2026-02-08 00:26:00,Startup,Paid Search,PS-Brand,3
5513,1841,2026-06-03 03:02:00,Startup,Paid Social,META-Retargeting,1
5514,1841,2026-06-14 02:53:00,Startup,Organic Search,SEO-Product,2
5515,1841,2026-06-23 22:43:00,Startup,Referral,REF-Customer,3
5516,1841,2026-07-01 01:17:00,Startup,Paid Search,PS-NonBrand,4
5517,1841,2026-07-01 13:57:00,Startup,Organic Search,SEO-Content,5
5518,1842,2026-06-25 12:29:00,SMB,Organic Search,SEO-Product,1
5519,1842,2026-07-07 16:20:00,SMB,Paid Search,PS-NonBrand,2
5520,1842,2026-07-20 18:58:00,SMB,Email,EMAIL-Reactivation,3
5521,1843,2026-05-13 00:30:00,Startup,Paid Social,META-Retargeting,1
5522,1843,2026-05-25 04:58:00,Startup,Organic Search,SEO-Product,2
5523,1843,2026-06-01 11:54:00,Startup,Paid Social,META-Prospecting,3
5524,1843,2026-06-03 13:29:00,Startup,Paid Social,META-Prospecting,4
5525,1843,2026-06-05 08:52:00,Startup,Paid Search,PS-Brand,5
5526,1844,2025-10-29 03:55:00,SMB,Paid Social,META-Prospecting,1
5527,1844,2025-11-11 08:43:00,SMB,Referral,REF-Customer,2
5528,1845,2025-12-22 22:30:00,SMB,Organic Search,SEO-Product,1
5529,1845,2025-12-23 12:01:00,SMB,Display,DISPLAY-Retargeting,2
5530,1845,2025-12-29 05:05:00,SMB,Paid Search,PS-Brand,3
5531,1845,2026-01-20 03:23:00,SMB,Paid Search,PS-NonBrand,4
5532,1845,2026-01-20 04:44:00,SMB,Email,EMAIL-Nurture,5
5533,1846,2025-11-21 20:50:00,SMB,Email,EMAIL-Reactivation,1
5534,1846,2025-11-26 14:41:00,SMB,Paid Search,PS-NonBrand,2
5535,1846,2025-12-10 15:37:00,SMB,Paid Search,PS-Brand,3
5536,1846,2025-12-11 17:19:00,SMB,Paid Social,META-Retargeting,4
5537,1847,2026-09-20 16:28:00,SMB,Paid Search,PS-NonBrand,1
5538,1847,2026-09-30 05:50:00,SMB,Paid Search,PS-Brand,2
5539,1847,2026-10-06 18:48:00,SMB,Display,DISPLAY-Retargeting,3
5540,1847,2026-10-10 20:54:00,SMB,Organic Search,SEO-Product,4
5541,1848,2026-01-22 13:10:00,Freelancer,Paid Search,PS-NonBrand,1
5542,1848,2026-01-29 04:31:00,Freelancer,Organic Search,SEO-Product,2
5543,1849,2026-03-31 04:32:00,Freelancer,Email,EMAIL-Nurture,1
5544,1849,2026-04-16 04:51:00,Freelancer,Display,DISPLAY-Prospecting,2
5545,1849,2026-04-17 12:45:00,Freelancer,Organic Search,SEO-Product,3
5546,1850,2026-08-28 21:15:00,SMB,Display,DISPLAY-Retargeting,1
5547,1851,2026-10-04 19:10:00,Startup,Email,EMAIL-Nurture,1
5548,1851,2026-10-06 06:08:00,Startup,Organic Search,SEO-Product,2
5549,1851,2026-10-20 07:33:00,Startup,Referral,REF-Partner,3
5550,1851,2026-10-22 12:17:00,Startup,Paid Social,META-Retargeting,4
5551,1851,2026-10-24 02:05:00,Startup,Organic Search,SEO-Content,5
5552,1852,2025-12-29 19:44:00,SMB,Organic Search,SEO-Content,1
5553,1852,2026-01-08 21:27:00,SMB,Paid Social,META-Prospecting,2
5554,1853,2026-08-11 14:21:00,SMB,Referral,REF-Customer,1
5555,1853,2026-08-14 03:42:00,SMB,Email,EMAIL-Nurture,2
5556,1853,2026-08-22 01:16:00,SMB,Paid Search,PS-NonBrand,3
5557,1853,2026-08-30 19:05:00,SMB,Display,DISPLAY-Retargeting,4
5558,1854,2026-06-23 22:09:00,Startup,Display,DISPLAY-Prospecting,1
5559,1854,2026-06-26 10:12:00,Startup,Paid Social,META-Retargeting,2
5560,1854,2026-07-13 20:47:00,Startup,Paid Social,META-Prospecting,3
5561,1854,2026-07-14 21:43:00,Startup,Paid Social,META-Retargeting,4
5562,1854,2026-07-16 19:17:00,Startup,Paid Social,META-Retargeting,5
5563,1855,2026-05-25 06:09:00,Startup,Referral,REF-Customer,1
5564,1855,2026-05-31 04:20:00,Startup,Paid Search,PS-NonBrand,2
5565,1855,2026-06-04 06:06:00,Startup,Paid Social,META-Prospecting,3
5566,1855,2026-06-05 17:14:00,Startup,Paid Social,META-Prospecting,4
5567,1856,2025-12-11 10:22:00,Startup,Email,EMAIL-Nurture,1
5568,1856,2025-12-27 02:36:00,Startup,Paid Search,PS-NonBrand,2
5569,1857,2026-06-11 11:27:00,SMB,Display,DISPLAY-Prospecting,1
5570,1857,2026-06-20 11:23:00,SMB,Paid Social,META-Prospecting,2
5571,1857,2026-07-01 20:06:00,SMB,Paid Social,META-Retargeting,3
5572,1857,2026-07-06 21:00:00,SMB,Paid Search,PS-NonBrand,4
5573,1858,2026-05-20 11:37:00,Startup,Email,EMAIL-Nurture,1
5574,1858,2026-05-25 21:48:00,Startup,Paid Search,PS-Brand,2
5575,1858,2026-06-05 17:39:00,Startup,Paid Search,PS-Brand,3
5576,1858,2026-06-10 07:25:00,Startup,Paid Search,PS-NonBrand,4
5577,1859,2026-04-01 04:45:00,SMB,Referral,REF-Partner,1
5578,1859,2026-04-10 07:49:00,SMB,Email,EMAIL-Nurture,2
5579,1859,2026-04-10 12:05:00,SMB,Paid Social,META-Retargeting,3
5580,1860,2026-05-24 03:37:00,SMB,Organic Search,SEO-Product,1
5581,1860,2026-05-26 06:34:00,SMB,Paid Search,PS-NonBrand,2
5582,1861,2025-12-16 10:48:00,SMB,Paid Search,PS-Brand,1
5583,1861,2025-12-21 17:03:00,SMB,Email,EMAIL-Nurture,2
5584,1861,2026-01-03 23:25:00,SMB,Referral,REF-Partner,3
5585,1861,2026-01-06 07:10:00,SMB,Organic Search,SEO-Content,4
5586,1861,2026-01-07 06:25:00,SMB,Paid Search,PS-NonBrand,5
5587,1862,2026-05-28 16:41:00,SMB,Paid Social,META-Prospecting,1
5588,1862,2026-06-07 06:10:00,SMB,Email,EMAIL-Reactivation,2
5589,1862,2026-06-14 19:04:00,SMB,Email,EMAIL-Reactivation,3
5590,1863,2025-12-03 11:45:00,SMB,Paid Search,PS-NonBrand,1
5591,1863,2025-12-04 04:56:00,SMB,Referral,REF-Partner,2
5592,1863,2025-12-10 17:27:00,SMB,Organic Search,SEO-Product,3
5593,1863,2025-12-19 19:55:00,SMB,Paid Social,META-Retargeting,4
5594,1863,2025-12-20 21:16:00,SMB,Paid Search,PS-Brand,5
5595,1864,2026-01-18 17:33:00,SMB,Email,EMAIL-Reactivation,1
5596,1864,2026-01-20 08:35:00,SMB,Paid Search,PS-NonBrand,2
5597,1864,2026-01-23 14:29:00,SMB,Referral,REF-Partner,3
5598,1864,2026-01-26 03:30:00,SMB,Paid Social,META-Retargeting,4
5599,1864,2026-02-04 05:02:00,SMB,Paid Search,PS-NonBrand,5
5600,1865,2026-04-17 09:45:00,Startup,Paid Social,META-Prospecting,1
5601,1865,2026-04-26 19:41:00,Startup,Organic Search,SEO-Content,2
5602,1866,2025-11-30 06:28:00,SMB,Referral,REF-Partner,1
5603,1866,2025-12-04 11:56:00,SMB,Email,EMAIL-Reactivation,2
5604,1866,2025-12-15 10:21:00,SMB,Organic Search,SEO-Product,3
5605,1867,2026-09-12 06:31:00,SMB,Display,DISPLAY-Prospecting,1
5606,1867,2026-09-20 05:58:00,SMB,Email,EMAIL-Reactivation,2
5607,1867,2026-09-21 11:19:00,SMB,Email,EMAIL-Reactivation,3
5608,1867,2026-09-26 14:20:00,SMB,Paid Search,PS-Brand,4
5609,1867,2026-09-28 12:35:00,SMB,Display,DISPLAY-Retargeting,5
5610,1868,2026-08-21 15:58:00,Freelancer,Referral,REF-Customer,1
5611,1868,2026-09-02 13:15:00,Freelancer,Organic Search,SEO-Product,2
5612,1868,2026-09-17 07:51:00,Freelancer,Organic Search,SEO-Content,3
5613,1869,2026-03-30 06:40:00,Freelancer,Email,EMAIL-Reactivation,1
5614,1869,2026-04-07 12:52:00,Freelancer,Paid Social,META-Prospecting,2
5615,1869,2026-04-18 09:40:00,Freelancer,Paid Social,META-Retargeting,3
5616,1869,2026-04-19 22:25:00,Freelancer,Organic Search,SEO-Product,4
5617,1870,2026-04-29 13:20:00,SMB,Organic Search,SEO-Product,1
5618,1870,2026-05-01 17:44:00,SMB,Paid Search,PS-Brand,2
5619,1870,2026-05-07 23:41:00,SMB,Paid Social,META-Retargeting,3
5620,1870,2026-05-16 01:19:00,SMB,Referral,REF-Customer,4
5621,1871,2026-01-26 14:40:00,SMB,Paid Search,PS-NonBrand,1
5622,1871,2026-02-02 08:48:00,SMB,Paid Search,PS-Brand,2
5623,1871,2026-02-04 10:23:00,SMB,Email,EMAIL-Nurture,3
5624,1871,2026-02-11 21:40:00,SMB,Referral,REF-Partner,4
5625,1872,2026-01-01 23:19:00,SMB,Organic Search,SEO-Product,1
5626,1872,2026-01-04 03:37:00,SMB,Email,EMAIL-Nurture,2
5627,1872,2026-01-10 20:33:00,SMB,Organic Search,SEO-Product,3
5628,1873,2026-09-24 21:14:00,Freelancer,Email,EMAIL-Reactivation,1
5629,1874,2026-03-02 22:48:00,SMB,Paid Social,META-Retargeting,1
5630,1874,2026-03-04 12:25:00,SMB,Organic Search,SEO-Content,2
5631,1874,2026-03-07 12:49:00,SMB,Paid Search,PS-Brand,3
5632,1874,2026-03-11 04:06:00,SMB,Display,DISPLAY-Prospecting,4
5633,1874,2026-03-23 10:33:00,SMB,Paid Social,META-Retargeting,5
5634,1875,2026-09-16 18:35:00,SMB,Paid Social,META-Prospecting,1
5635,1875,2026-10-06 14:03:00,SMB,Paid Search,PS-Brand,2
5636,1876,2025-10-29 23:27:00,Startup,Paid Social,META-Retargeting,1
5637,1876,2025-11-02 14:16:00,Startup,Referral,REF-Partner,2
5638,1876,2025-11-17 16:30:00,Startup,Email,EMAIL-Reactivation,3
5639,1877,2025-11-16 00:52:00,Startup,Paid Search,PS-Brand,1
5640,1877,2025-11-25 13:56:00,Startup,Paid Social,META-Retargeting,2
5641,1877,2025-12-05 20:11:00,Startup,Organic Search,SEO-Product,3
5642,1878,2026-03-27 17:05:00,SMB,Paid Search,PS-NonBrand,1
5643,1878,2026-03-27 20:55:00,SMB,Paid Search,PS-NonBrand,2
5644,1878,2026-04-01 15:15:00,SMB,Referral,REF-Customer,3
5645,1878,2026-04-13 18:02:00,SMB,Organic Search,SEO-Product,4
5646,1878,2026-04-14 13:24:00,SMB,Paid Social,META-Retargeting,5
5647,1879,2026-07-20 01:21:00,SMB,Paid Search,PS-NonBrand,1
5648,1879,2026-07-22 19:55:00,SMB,Paid Social,META-Retargeting,2
5649,1879,2026-07-24 19:21:00,SMB,Referral,REF-Partner,3
5650,1879,2026-07-30 22:35:00,SMB,Organic Search,SEO-Product,4
5651,1879,2026-08-06 06:38:00,SMB,Paid Social,META-Retargeting,5
5652,1880,2026-03-13 06:03:00,SMB,Paid Search,PS-NonBrand,1
5653,1881,2026-08-04 12:55:00,SMB,Paid Search,PS-Brand,1
5654,1881,2026-08-13 16:44:00,SMB,Paid Search,PS-Brand,2
5655,1881,2026-08-23 08:06:00,SMB,Email,EMAIL-Reactivation,3
5656,1881,2026-08-26 09:03:00,SMB,Paid Social,META-Prospecting,4
5657,1881,2026-08-30 05:44:00,SMB,Display,DISPLAY-Retargeting,5
5658,1882,2025-12-10 03:02:00,SMB,Paid Social,META-Prospecting,1
5659,1883,2026-08-25 23:19:00,Startup,Referral,REF-Customer,1
5660,1883,2026-08-29 16:43:00,Startup,Paid Social,META-Retargeting,2
5661,1884,2026-03-25 00:09:00,Startup,Paid Search,PS-Brand,1
5662,1884,2026-03-30 17:59:00,Startup,Paid Search,PS-NonBrand,2
5663,1884,2026-04-05 22:30:00,Startup,Referral,REF-Customer,3
5664,1884,2026-04-10 11:14:00,Startup,Paid Search,PS-NonBrand,4
5665,1885,2026-01-13 20:37:00,Startup,Organic Search,SEO-Content,1
5666,1885,2026-01-16 22:51:00,Startup,Email,EMAIL-Nurture,2
5667,1885,2026-01-19 18:39:00,Startup,Paid Search,PS-Brand,3
5668,1885,2026-02-01 06:48:00,Startup,Referral,REF-Customer,4
5669,1885,2026-02-11 01:04:00,Startup,Display,DISPLAY-Retargeting,5
5670,1886,2026-06-04 04:53:00,Startup,Paid Social,META-Retargeting,1
5671,1887,2026-07-19 22:37:00,Startup,Display,DISPLAY-Retargeting,1
5672,1887,2026-07-26 03:20:00,Startup,Display,DISPLAY-Prospecting,2
5673,1887,2026-07-31 12:41:00,Startup,Organic Search,SEO-Product,3
5674,1887,2026-08-05 13:23:00,Startup,Paid Social,META-Retargeting,4
5675,1887,2026-08-06 12:50:00,Startup,Paid Search,PS-Brand,5
5676,1888,2026-09-16 05:14:00,SMB,Paid Search,PS-NonBrand,1
5677,1889,2025-11-20 21:27:00,Startup,Organic Search,SEO-Product,1
5678,1889,2025-11-30 15:36:00,Startup,Email,EMAIL-Reactivation,2
5679,1890,2026-06-16 10:32:00,SMB,Organic Search,SEO-Product,1
5680,1890,2026-07-08 01:47:00,SMB,Referral,REF-Partner,2
5681,1891,2026-01-24 18:56:00,SMB,Paid Search,PS-NonBrand,1
5682,1891,2026-01-27 23:52:00,SMB,Referral,REF-Customer,2
5683,1891,2026-02-10 17:06:00,SMB,Referral,REF-Partner,3
5684,1892,2026-04-04 22:18:00,SMB,Paid Search,PS-NonBrand,1
5685,1892,2026-04-07 13:12:00,SMB,Referral,REF-Customer,2
5686,1892,2026-04-09 22:47:00,SMB,Paid Search,PS-NonBrand,3
5687,1892,2026-04-17 15:34:00,SMB,Organic Search,SEO-Content,4
5688,1892,2026-04-21 12:27:00,SMB,Email,EMAIL-Reactivation,5
5689,1893,2026-03-20 06:32:00,Startup,Paid Search,PS-NonBrand,1
5690,1893,2026-03-20 17:52:00,Startup,Referral,REF-Customer,2
5691,1893,2026-03-22 05:46:00,Startup,Paid Search,PS-Brand,3
5692,1893,2026-03-23 12:24:00,Startup,Paid Search,PS-Brand,4
5693,1894,2026-07-18 15:39:00,Startup,Paid Social,META-Prospecting,1
5694,1895,2026-03-03 18:33:00,SMB,Paid Social,META-Retargeting,1
5695,1895,2026-03-05 20:36:00,SMB,Paid Social,META-Retargeting,2
5696,1895,2026-03-16 08:46:00,SMB,Paid Social,META-Prospecting,3
5697,1896,2026-01-21 10:59:00,SMB,Organic Search,SEO-Product,1
5698,1896,2026-01-26 15:47:00,SMB,Paid Search,PS-Brand,2
5699,1896,2026-01-29 01:59:00,SMB,Organic Search,SEO-Content,3
5700,1896,2026-01-31 14:43:00,SMB,Referral,REF-Partner,4
5701,1897,2026-04-10 04:18:00,Freelancer,Paid Social,META-Prospecting,1
5702,1898,2026-06-08 06:29:00,SMB,Paid Search,PS-Brand,1
5703,1898,2026-06-13 08:18:00,SMB,Referral,REF-Customer,2
5704,1898,2026-06-16 08:00:00,SMB,Referral,REF-Customer,3
5705,1898,2026-06-23 20:44:00,SMB,Paid Search,PS-NonBrand,4
5706,1899,2026-08-06 04:09:00,SMB,Referral,REF-Partner,1
5707,1899,2026-08-07 23:05:00,SMB,Paid Search,PS-Brand,2
5708,1899,2026-08-18 05:47:00,SMB,Paid Search,PS-Brand,3
5709,1899,2026-08-22 23:23:00,SMB,Paid Social,META-Prospecting,4
5710,1899,2026-08-25 04:33:00,SMB,Referral,REF-Partner,5
5711,1900,2025-10-13 01:46:00,Startup,Paid Social,META-Retargeting,1
5712,1900,2025-10-23 20:36:00,Startup,Display,DISPLAY-Retargeting,2
5713,1900,2025-10-27 02:11:00,Startup,Paid Search,PS-NonBrand,3
5714,1900,2025-10-30 18:02:00,Startup,Paid Social,META-Retargeting,4
5715,1901,2026-04-27 21:48:00,Startup,Organic Search,SEO-Product,1
5716,1901,2026-05-07 12:52:00,Startup,Email,EMAIL-Nurture,2
5717,1901,2026-05-08 12:19:00,Startup,Paid Social,META-Retargeting,3
5718,1901,2026-05-22 09:27:00,Startup,Paid Social,META-Retargeting,4
5719,1902,2025-11-09 09:45:00,SMB,Referral,REF-Customer,1
5720,1902,2025-11-14 11:22:00,SMB,Referral,REF-Customer,2
5721,1902,2025-11-18 03:59:00,SMB,Referral,REF-Customer,3
5722,1903,2026-05-18 15:18:00,SMB,Paid Search,PS-NonBrand,1
5723,1903,2026-06-09 01:45:00,SMB,Paid Search,PS-NonBrand,2
5724,1904,2026-05-23 00:03:00,Freelancer,Paid Social,META-Retargeting,1
5725,1904,2026-05-29 04:08:00,Freelancer,Display,DISPLAY-Prospecting,2
5726,1904,2026-06-03 00:22:00,Freelancer,Display,DISPLAY-Retargeting,3
5727,1904,2026-06-03 19:43:00,Freelancer,Paid Search,PS-NonBrand,4
5728,1904,2026-06-05 05:38:00,Freelancer,Paid Search,PS-Brand,5
5729,1905,2026-08-16 19:11:00,SMB,Paid Social,META-Retargeting,1
5730,1905,2026-08-23 04:04:00,SMB,Paid Social,META-Retargeting,2
5731,1906,2025-12-20 18:28:00,Freelancer,Referral,REF-Customer,1
5732,1906,2025-12-22 22:08:00,Freelancer,Paid Search,PS-Brand,2
5733,1906,2025-12-26 01:55:00,Freelancer,Email,EMAIL-Nurture,3
5734,1906,2025-12-27 20:56:00,Freelancer,Display,DISPLAY-Retargeting,4
5735,1906,2026-01-08 13:12:00,Freelancer,Organic Search,SEO-Content,5
5736,1907,2026-08-08 18:09:00,Startup,Referral,REF-Customer,1
5737,1908,2026-06-11 08:03:00,Freelancer,Organic Search,SEO-Product,1
5738,1908,2026-06-12 11:48:00,Freelancer,Referral,REF-Customer,2
5739,1908,2026-06-18 10:14:00,Freelancer,Organic Search,SEO-Content,3
5740,1909,2026-05-31 16:13:00,SMB,Display,DISPLAY-Retargeting,1
5741,1909,2026-06-04 05:52:00,SMB,Paid Social,META-Retargeting,2
5742,1909,2026-06-07 19:48:00,SMB,Paid Search,PS-NonBrand,3
5743,1909,2026-06-22 16:52:00,SMB,Organic Search,SEO-Content,4
5744,1909,2026-06-22 20:51:00,SMB,Organic Search,SEO-Content,5
5745,1910,2026-05-21 09:13:00,SMB,Paid Social,META-Retargeting,1
5746,1910,2026-06-13 05:50:00,SMB,Email,EMAIL-Nurture,2
5747,1911,2026-05-10 06:53:00,SMB,Email,EMAIL-Nurture,1
5748,1912,2025-11-08 06:21:00,SMB,Paid Social,META-Retargeting,1
5749,1912,2025-11-20 19:12:00,SMB,Paid Search,PS-Brand,2
5750,1913,2026-08-10 11:44:00,SMB,Paid Social,META-Retargeting,1
5751,1914,2026-03-17 20:56:00,SMB,Display,DISPLAY-Prospecting,1
5752,1915,2025-11-10 13:31:00,SMB,Paid Search,PS-Brand,1
5753,1915,2025-11-14 13:54:00,SMB,Email,EMAIL-Nurture,2
5754,1915,2025-11-17 18:14:00,SMB,Referral,REF-Customer,3
5755,1915,2025-12-05 01:55:00,SMB,Display,DISPLAY-Prospecting,4
5756,1916,2026-06-06 04:15:00,Startup,Paid Social,META-Prospecting,1
5757,1917,2026-09-13 10:53:00,SMB,Paid Search,PS-Brand,1
5758,1917,2026-09-18 03:10:00,SMB,Email,EMAIL-Nurture,2
5759,1917,2026-10-03 01:54:00,SMB,Referral,REF-Customer,3
5760,1917,2026-10-08 06:08:00,SMB,Organic Search,SEO-Product,4
5761,1918,2026-06-26 13:59:00,SMB,Paid Search,PS-Brand,1
5762,1918,2026-07-09 01:08:00,SMB,Paid Social,META-Retargeting,2
5763,1919,2026-01-02 12:59:00,SMB,Paid Search,PS-Brand,1
5764,1919,2026-01-09 07:42:00,SMB,Referral,REF-Customer,2
5765,1919,2026-01-18 20:45:00,SMB,Paid Social,META-Prospecting,3
5766,1920,2026-07-28 01:17:00,Startup,Paid Social,META-Retargeting,1
5767,1920,2026-07-28 12:18:00,Startup,Paid Search,PS-NonBrand,2
5768,1920,2026-07-30 18:40:00,Startup,Email,EMAIL-Nurture,3
5769,1920,2026-08-04 11:43:00,Startup,Paid Social,META-Retargeting,4
5770,1921,2026-09-04 18:17:00,SMB,Display,DISPLAY-Retargeting,1
5771,1922,2026-01-31 17:53:00,Startup,Paid Search,PS-Brand,1
5772,1922,2026-02-20 05:08:00,Startup,Paid Search,PS-Brand,2
5773,1923,2026-04-24 04:01:00,SMB,Paid Social,META-Prospecting,1
5774,1924,2026-08-02 19:04:00,Startup,Organic Search,SEO-Content,1
5775,1924,2026-08-05 11:05:00,Startup,Paid Social,META-Retargeting,2
5776,1924,2026-08-12 02:36:00,Startup,Referral,REF-Customer,3
5777,1924,2026-08-20 09:03:00,Startup,Referral,REF-Partner,4
5778,1924,2026-08-26 02:03:00,Startup,Organic Search,SEO-Product,5
5779,1925,2025-12-06 02:22:00,Startup,Email,EMAIL-Nurture,1
5780,1925,2025-12-09 21:16:00,Startup,Referral,REF-Customer,2
5781,1925,2025-12-14 14:12:00,Startup,Email,EMAIL-Reactivation,3
5782,1925,2025-12-26 11:52:00,Startup,Paid Social,META-Retargeting,4
5783,1926,2026-02-20 15:41:00,Startup,Referral,REF-Partner,1
5784,1926,2026-02-25 20:47:00,Startup,Paid Search,PS-NonBrand,2
5785,1926,2026-03-04 11:13:00,Startup,Referral,REF-Customer,3
5786,1926,2026-03-07 18:55:00,Startup,Email,EMAIL-Reactivation,4
5787,1927,2026-03-16 19:30:00,Startup,Referral,REF-Partner,1
5788,1927,2026-04-08 21:46:00,Startup,Organic Search,SEO-Product,2
5789,1927,2026-04-11 14:44:00,Startup,Paid Search,PS-NonBrand,3
5790,1927,2026-04-13 04:40:00,Startup,Paid Social,META-Retargeting,4
5791,1928,2025-10-09 03:24:00,Freelancer,Email,EMAIL-Nurture,1
5792,1929,2025-11-30 20:54:00,SMB,Paid Search,PS-Brand,1
5793,1929,2025-12-05 07:01:00,SMB,Referral,REF-Customer,2
5794,1929,2025-12-08 06:08:00,SMB,Organic Search,SEO-Content,3
5795,1929,2025-12-20 14:20:00,SMB,Paid Search,PS-Brand,4
5796,1929,2025-12-29 03:16:00,SMB,Paid Search,PS-Brand,5
5797,1930,2026-05-13 17:50:00,SMB,Organic Search,SEO-Content,1
5798,1930,2026-05-19 10:20:00,SMB,Display,DISPLAY-Retargeting,2
5799,1930,2026-05-27 21:12:00,SMB,Organic Search,SEO-Content,3
5800,1930,2026-06-06 18:27:00,SMB,Paid Search,PS-NonBrand,4
5801,1931,2026-01-30 03:26:00,Freelancer,Email,EMAIL-Nurture,1
5802,1932,2025-12-30 15:58:00,Freelancer,Email,EMAIL-Reactivation,1
5803,1932,2026-01-05 21:08:00,Freelancer,Organic Search,SEO-Product,2
5804,1932,2026-01-24 12:21:00,Freelancer,Paid Social,META-Retargeting,3
5805,1933,2026-02-09 18:02:00,Startup,Referral,REF-Partner,1
5806,1934,2025-11-18 22:32:00,SMB,Paid Search,PS-NonBrand,1
5807,1934,2025-12-03 21:37:00,SMB,Display,DISPLAY-Prospecting,2
5808,1934,2025-12-07 16:20:00,SMB,Email,EMAIL-Reactivation,3
5809,1934,2025-12-11 14:59:00,SMB,Paid Search,PS-Brand,4
5810,1934,2025-12-14 16:25:00,SMB,Organic Search,SEO-Product,5
5811,1935,2026-05-23 23:11:00,SMB,Paid Social,META-Prospecting,1
5812,1935,2026-05-30 06:23:00,SMB,Email,EMAIL-Nurture,2
5813,1935,2026-06-09 06:22:00,SMB,Paid Social,META-Retargeting,3
5814,1935,2026-06-11 10:57:00,SMB,Display,DISPLAY-Retargeting,4
5815,1936,2026-01-13 07:59:00,Freelancer,Paid Search,PS-Brand,1
5816,1936,2026-01-27 07:16:00,Freelancer,Paid Search,PS-Brand,2
5817,1936,2026-01-30 17:47:00,Freelancer,Paid Social,META-Retargeting,3
5818,1937,2026-06-08 13:14:00,Startup,Email,EMAIL-Reactivation,1
5819,1937,2026-06-10 12:54:00,Startup,Paid Social,META-Prospecting,2
5820,1937,2026-06-15 05:20:00,Startup,Paid Search,PS-NonBrand,3
5821,1937,2026-06-16 14:41:00,Startup,Paid Search,PS-NonBrand,4
5822,1937,2026-06-22 01:24:00,Startup,Paid Search,PS-Brand,5
5823,1938,2026-08-01 23:52:00,SMB,Paid Search,PS-Brand,1
5824,1939,2026-03-24 00:15:00,SMB,Paid Search,PS-Brand,1
5825,1939,2026-04-03 23:59:00,SMB,Display,DISPLAY-Prospecting,2
5826,1940,2026-09-12 04:47:00,Startup,Paid Search,PS-NonBrand,1
5827,1940,2026-09-12 13:13:00,Startup,Organic Search,SEO-Content,2
5828,1941,2026-01-09 21:13:00,Startup,Paid Search,PS-Brand,1
5829,1942,2026-09-21 15:54:00,Freelancer,Paid Search,PS-NonBrand,1
5830,1942,2026-10-09 01:33:00,Freelancer,Email,EMAIL-Nurture,2
5831,1943,2026-02-04 03:08:00,SMB,Paid Social,META-Prospecting,1
5832,1943,2026-02-24 00:08:00,SMB,Paid Social,META-Retargeting,2
5833,1944,2026-02-12 03:29:00,SMB,Paid Search,PS-Brand,1
5834,1944,2026-02-16 09:17:00,SMB,Display,DISPLAY-Retargeting,2
5835,1945,2026-10-13 08:52:00,SMB,Paid Social,META-Retargeting,1
5836,1946,2026-03-19 23:48:00,Startup,Email,EMAIL-Nurture,1
5837,1946,2026-03-30 05:27:00,Startup,Email,EMAIL-Nurture,2
5838,1946,2026-04-02 06:10:00,Startup,Paid Search,PS-Brand,3
5839,1947,2026-07-01 12:18:00,SMB,Paid Search,PS-Brand,1
5840,1947,2026-07-18 19:24:00,SMB,Paid Search,PS-NonBrand,2
5841,1947,2026-07-29 00:42:00,SMB,Paid Social,META-Prospecting,3
5842,1948,2026-07-27 00:31:00,SMB,Paid Search,PS-Brand,1
5843,1948,2026-07-29 08:12:00,SMB,Paid Social,META-Retargeting,2
5844,1948,2026-07-29 17:52:00,SMB,Referral,REF-Customer,3
5845,1949,2026-03-23 03:31:00,SMB,Referral,REF-Customer,1
5846,1949,2026-04-01 11:34:00,SMB,Paid Social,META-Retargeting,2
5847,1949,2026-04-08 13:32:00,SMB,Paid Social,META-Prospecting,3
5848,1949,2026-04-10 01:21:00,SMB,Display,DISPLAY-Retargeting,4
5849,1950,2026-01-29 08:52:00,SMB,Paid Social,META-Retargeting,1
5850,1950,2026-02-13 03:51:00,SMB,Paid Search,PS-NonBrand,2
5851,1950,2026-02-16 17:53:00,SMB,Organic Search,SEO-Product,3
5852,1950,2026-02-17 17:06:00,SMB,Paid Social,META-Retargeting,4
5853,1950,2026-02-19 15:18:00,SMB,Referral,REF-Partner,5
5854,1951,2026-04-07 19:37:00,Startup,Organic Search,SEO-Product,1
5855,1951,2026-04-13 07:09:00,Startup,Paid Social,META-Retargeting,2
5856,1951,2026-04-24 18:45:00,Startup,Paid Search,PS-Brand,3
5857,1951,2026-04-25 03:16:00,Startup,Paid Search,PS-NonBrand,4
5858,1952,2026-02-24 23:13:00,SMB,Paid Social,META-Prospecting,1
5859,1953,2026-03-24 09:31:00,SMB,Referral,REF-Partner,1
5860,1953,2026-03-29 06:22:00,SMB,Paid Social,META-Prospecting,2
5861,1953,2026-03-29 17:41:00,SMB,Paid Search,PS-Brand,3
5862,1953,2026-03-30 05:22:00,SMB,Organic Search,SEO-Content,4
5863,1953,2026-03-30 20:52:00,SMB,Referral,REF-Customer,5
5864,1954,2025-12-29 14:18:00,Startup,Paid Social,META-Prospecting,1
5865,1955,2026-09-01 09:55:00,SMB,Paid Social,META-Prospecting,1
5866,1955,2026-09-07 17:45:00,SMB,Email,EMAIL-Reactivation,2
5867,1955,2026-09-15 15:12:00,SMB,Organic Search,SEO-Product,3
5868,1955,2026-09-24 10:20:00,SMB,Paid Search,PS-NonBrand,4
5869,1956,2026-05-03 16:39:00,Startup,Organic Search,SEO-Content,1
5870,1956,2026-05-13 06:21:00,Startup,Paid Search,PS-NonBrand,2
5871,1957,2026-08-02 11:28:00,Freelancer,Organic Search,SEO-Content,1
5872,1957,2026-08-10 21:45:00,Freelancer,Paid Social,META-Retargeting,2
5873,1957,2026-08-12 14:51:00,Freelancer,Paid Search,PS-Brand,3
5874,1957,2026-08-16 07:47:00,Freelancer,Display,DISPLAY-Prospecting,4
5875,1958,2026-06-13 17:06:00,Startup,Organic Search,SEO-Content,1
5876,1958,2026-06-23 12:35:00,Startup,Paid Search,PS-NonBrand,2
5877,1959,2026-02-14 12:39:00,Startup,Organic Search,SEO-Content,1
5878,1959,2026-02-21 06:27:00,Startup,Paid Search,PS-NonBrand,2
5879,1959,2026-02-28 21:34:00,Startup,Paid Social,META-Prospecting,3
5880,1960,2026-01-26 00:19:00,Freelancer,Paid Social,META-Prospecting,1
5881,1961,2026-09-24 09:02:00,Freelancer,Paid Search,PS-Brand,1
5882,1961,2026-10-09 19:41:00,Freelancer,Paid Social,META-Retargeting,2
5883,1961,2026-10-17 04:07:00,Freelancer,Organic Search,SEO-Content,3
5884,1962,2025-10-16 13:54:00,Freelancer,Email,EMAIL-Reactivation,1
5885,1962,2025-10-22 01:09:00,Freelancer,Referral,REF-Partner,2
5886,1963,2026-01-24 01:11:00,SMB,Paid Search,PS-Brand,1
5887,1963,2026-02-14 04:59:00,SMB,Paid Search,PS-NonBrand,2
5888,1964,2026-07-02 07:54:00,Startup,Referral,REF-Partner,1
5889,1964,2026-07-10 05:36:00,Startup,Display,DISPLAY-Retargeting,2
5890,1964,2026-07-23 12:50:00,Startup,Organic Search,SEO-Content,3
5891,1965,2026-04-23 07:24:00,Startup,Email,EMAIL-Nurture,1
5892,1965,2026-05-02 21:55:00,Startup,Referral,REF-Customer,2
5893,1965,2026-05-04 15:14:00,Startup,Referral,REF-Partner,3
5894,1966,2026-05-21 07:55:00,SMB,Paid Social,META-Retargeting,1
5895,1966,2026-05-22 07:49:00,SMB,Referral,REF-Customer,2
5896,1966,2026-05-30 12:24:00,SMB,Display,DISPLAY-Retargeting,3
5897,1966,2026-06-02 20:28:00,SMB,Email,EMAIL-Nurture,4
5898,1966,2026-06-08 00:55:00,SMB,Paid Social,META-Retargeting,5
5899,1967,2025-10-15 18:05:00,SMB,Referral,REF-Customer,1
5900,1967,2025-10-28 00:57:00,SMB,Organic Search,SEO-Product,2
5901,1967,2025-10-28 22:35:00,SMB,Referral,REF-Customer,3
5902,1967,2025-10-29 06:50:00,SMB,Display,DISPLAY-Retargeting,4
5903,1967,2025-10-30 05:52:00,SMB,Paid Search,PS-Brand,5
5904,1968,2026-01-01 02:51:00,Freelancer,Email,EMAIL-Reactivation,1
5905,1969,2026-05-11 12:23:00,SMB,Paid Search,PS-NonBrand,1
5906,1969,2026-05-15 10:54:00,SMB,Email,EMAIL-Reactivation,2
5907,1969,2026-05-27 15:30:00,SMB,Paid Search,PS-Brand,3
5908,1970,2026-01-25 18:54:00,Freelancer,Paid Social,META-Prospecting,1
5909,1970,2026-01-29 21:44:00,Freelancer,Email,EMAIL-Nurture,2
5910,1970,2026-02-13 01:18:00,Freelancer,Email,EMAIL-Reactivation,3
5911,1970,2026-02-21 02:45:00,Freelancer,Paid Social,META-Retargeting,4
5912,1971,2026-04-02 14:01:00,Freelancer,Paid Social,META-Prospecting,1
5913,1972,2026-09-15 16:51:00,SMB,Organic Search,SEO-Content,1
5914,1972,2026-09-21 13:52:00,SMB,Paid Search,PS-Brand,2
5915,1972,2026-09-27 00:07:00,SMB,Paid Social,META-Retargeting,3
5916,1973,2026-06-11 07:36:00,SMB,Paid Search,PS-NonBrand,1
5917,1974,2026-05-26 08:34:00,Freelancer,Paid Social,META-Retargeting,1
5918,1974,2026-06-14 12:41:00,Freelancer,Paid Social,META-Prospecting,2
5919,1974,2026-06-14 18:39:00,Freelancer,Paid Social,META-Prospecting,3
5920,1975,2025-12-11 18:39:00,SMB,Referral,REF-Partner,1
5921,1976,2026-05-17 20:41:00,Startup,Paid Search,PS-NonBrand,1
5922,1977,2026-09-17 13:43:00,SMB,Paid Social,META-Retargeting,1
5923,1977,2026-09-27 16:53:00,SMB,Email,EMAIL-Nurture,2
5924,1977,2026-10-05 03:51:00,SMB,Display,DISPLAY-Prospecting,3
5925,1978,2026-05-27 02:16:00,SMB,Referral,REF-Customer,1
5926,1978,2026-06-03 12:13:00,SMB,Referral,REF-Customer,2
5927,1978,2026-06-12 13:07:00,SMB,Paid Search,PS-Brand,3
5928,1979,2026-07-16 09:38:00,SMB,Referral,REF-Customer,1
5929,1979,2026-07-22 19:34:00,SMB,Paid Search,PS-NonBrand,2
5930,1979,2026-07-30 17:29:00,SMB,Paid Search,PS-Brand,3
5931,1979,2026-08-01 01:59:00,SMB,Paid Search,PS-NonBrand,4
5932,1979,2026-08-11 05:48:00,SMB,Referral,REF-Customer,5
5933,1980,2026-10-10 13:14:00,SMB,Email,EMAIL-Reactivation,1
5934,1981,2026-09-12 15:25:00,Freelancer,Email,EMAIL-Reactivation,1
5935,1982,2026-02-09 12:16:00,SMB,Paid Social,META-Prospecting,1
5936,1982,2026-02-15 07:41:00,SMB,Organic Search,SEO-Product,2
5937,1982,2026-02-15 14:47:00,SMB,Display,DISPLAY-Retargeting,3
5938,1982,2026-02-16 04:48:00,SMB,Display,DISPLAY-Prospecting,4
5939,1982,2026-03-01 18:08:00,SMB,Paid Social,META-Retargeting,5
5940,1983,2026-01-21 03:04:00,SMB,Paid Search,PS-Brand,1
5941,1984,2026-01-13 12:48:00,Startup,Paid Search,PS-Brand,1
5942,1984,2026-01-17 01:18:00,Startup,Paid Social,META-Prospecting,2
5943,1984,2026-01-30 15:19:00,Startup,Display,DISPLAY-Retargeting,3
5944,1984,2026-02-04 22:59:00,Startup,Organic Search,SEO-Content,4
5945,1985,2026-07-27 10:01:00,Freelancer,Paid Social,META-Prospecting,1
5946,1986,2026-02-18 07:47:00,SMB,Email,EMAIL-Reactivation,1
5947,1986,2026-02-24 03:19:00,SMB,Organic Search,SEO-Product,2
5948,1986,2026-02-27 17:04:00,SMB,Organic Search,SEO-Product,3
5949,1986,2026-03-14 01:31:00,SMB,Paid Search,PS-NonBrand,4
5950,1987,2026-08-10 02:59:00,Startup,Email,EMAIL-Nurture,1
5951,1988,2026-07-29 12:46:00,SMB,Referral,REF-Partner,1
5952,1988,2026-08-05 02:39:00,SMB,Paid Social,META-Retargeting,2
5953,1989,2026-06-04 15:40:00,Freelancer,Paid Social,META-Retargeting,1
5954,1989,2026-06-08 05:21:00,Freelancer,Organic Search,SEO-Content,2
5955,1989,2026-06-10 02:11:00,Freelancer,Paid Social,META-Retargeting,3
5956,1989,2026-06-24 23:59:00,Freelancer,Email,EMAIL-Nurture,4
5957,1990,2025-11-17 15:33:00,Startup,Paid Social,META-Retargeting,1
5958,1990,2025-11-26 07:05:00,Startup,Paid Social,META-Retargeting,2
5959,1990,2025-11-28 19:13:00,Startup,Email,EMAIL-Nurture,3
5960,1990,2025-12-12 08:35:00,Startup,Paid Social,META-Retargeting,4
5961,1990,2025-12-13 23:14:00,Startup,Paid Social,META-Retargeting,5
5962,1991,2026-06-23 11:06:00,Freelancer,Email,EMAIL-Reactivation,1
5963,1991,2026-06-25 14:41:00,Freelancer,Display,DISPLAY-Prospecting,2
5964,1991,2026-07-10 19:17:00,Freelancer,Paid Search,PS-Brand,3
5965,1992,2025-12-21 06:11:00,Startup,Referral,REF-Customer,1
5966,1992,2026-01-01 00:22:00,Startup,Paid Social,META-Retargeting,2
5967,1992,2026-01-07 12:49:00,Startup,Paid Search,PS-NonBrand,3
5968,1992,2026-01-11 14:37:00,Startup,Referral,REF-Customer,4
5969,1993,2026-04-23 16:21:00,Freelancer,Email,EMAIL-Reactivation,1
5970,1993,2026-04-30 13:58:00,Freelancer,Organic Search,SEO-Content,2
5971,1993,2026-05-01 19:23:00,Freelancer,Referral,REF-Customer,3
5972,1994,2026-01-02 03:14:00,SMB,Paid Search,PS-Brand,1
5973,1994,2026-01-08 17:21:00,SMB,Organic Search,SEO-Content,2
5974,1994,2026-01-13 06:18:00,SMB,Referral,REF-Partner,3
5975,1994,2026-01-16 16:30:00,SMB,Organic Search,SEO-Content,4
5976,1994,2026-01-21 04:34:00,SMB,Organic Search,SEO-Product,5
5977,1995,2025-11-03 11:49:00,Startup,Paid Search,PS-Brand,1
5978,1995,2025-11-07 18:54:00,Startup,Paid Search,PS-NonBrand,2
5979,1996,2026-06-07 21:56:00,Startup,Paid Social,META-Prospecting,1
5980,1996,2026-06-08 15:59:00,Startup,Referral,REF-Customer,2
5981,1997,2026-03-24 21:27:00,SMB,Email,EMAIL-Nurture,1
5982,1997,2026-03-26 01:29:00,SMB,Paid Social,META-Retargeting,2
5983,1997,2026-03-26 15:20:00,SMB,Display,DISPLAY-Retargeting,3
5984,1997,2026-04-02 15:07:00,SMB,Organic Search,SEO-Content,4
5985,1997,2026-04-04 16:44:00,SMB,Paid Search,PS-Brand,5
5986,1998,2026-06-08 09:58:00,Freelancer,Email,EMAIL-Nurture,1
5987,1999,2026-04-06 10:28:00,Startup,Paid Search,PS-NonBrand,1
5988,1999,2026-04-06 22:19:00,Startup,Display,DISPLAY-Retargeting,2
5989,1999,2026-04-10 09:04:00,Startup,Email,EMAIL-Reactivation,3
5990,1999,2026-04-16 02:21:00,Startup,Referral,REF-Customer,4
5991,2000,2026-02-16 16:28:00,Freelancer,Paid Search,PS-NonBrand,1
5992,2000,2026-02-21 15:33:00,Freelancer,Organic Search,SEO-Product,2
5993,2000,2026-02-23 00:21:00,Freelancer,Email,EMAIL-Reactivation,3
5994,2000,2026-02-26 10:31:00,Freelancer,Paid Social,META-Prospecting,4
5995,2000,2026-03-05 23:23:00,Freelancer,Paid Social,META-Retargeting,5
5996,2001,2025-10-20 20:19:00,SMB,Referral,REF-Customer,1
5997,2001,2025-10-31 11:13:00,SMB,Organic Search,SEO-Product,2
5998,2002,2026-01-23 07:36:00,Freelancer,Paid Social,META-Prospecting,1
5999,2003,2026-08-28 02:53:00,SMB,Display,DISPLAY-Retargeting,1
6000,2003,2026-09-15 13:01:00,SMB,Email,EMAIL-Nurture,2
6001,2004,2026-07-07 18:48:00,Freelancer,Email,EMAIL-Nurture,1
6002,2004,2026-07-28 23:46:00,Freelancer,Organic Search,SEO-Product,2
6003,2005,2026-04-01 21:38:00,SMB,Paid Search,PS-NonBrand,1
6004,2005,2026-04-15 20:42:00,SMB,Organic Search,SEO-Content,2
6005,2006,2025-10-13 16:49:00,Startup,Paid Social,META-Prospecting,1
6006,2006,2025-10-22 08:30:00,Startup,Paid Search,PS-Brand,2
6007,2006,2025-11-01 02:34:00,Startup,Paid Search,PS-NonBrand,3
6008,2006,2025-11-09 04:56:00,Startup,Paid Search,PS-NonBrand,4
6009,2007,2026-09-29 00:50:00,SMB,Display,DISPLAY-Prospecting,1
6010,2007,2026-10-05 22:32:00,SMB,Paid Search,PS-NonBrand,2
6011,2007,2026-10-11 22:36:00,SMB,Paid Search,PS-NonBrand,3
6012,2007,2026-10-14 17:21:00,SMB,Email,EMAIL-Nurture,4
6013,2007,2026-10-19 02:42:00,SMB,Display,DISPLAY-Retargeting,5
6014,2008,2026-07-13 13:33:00,Startup,Paid Search,PS-Brand,1
6015,2008,2026-07-13 18:55:00,Startup,Paid Social,META-Retargeting,2
6016,2008,2026-07-13 23:02:00,Startup,Email,EMAIL-Nurture,3
6017,2009,2025-10-15 09:55:00,SMB,Referral,REF-Partner,1
6018,2009,2025-10-24 05:25:00,SMB,Paid Search,PS-Brand,2
6019,2010,2025-12-21 07:10:00,Freelancer,Email,EMAIL-Nurture,1
6020,2010,2026-01-06 07:49:00,Freelancer,Paid Social,META-Prospecting,2
6021,2010,2026-01-07 01:04:00,Freelancer,Organic Search,SEO-Content,3
6022,2010,2026-01-08 07:59:00,Freelancer,Paid Search,PS-Brand,4
6023,2010,2026-01-10 11:06:00,Freelancer,Organic Search,SEO-Product,5
6024,2011,2025-12-05 15:28:00,Freelancer,Organic Search,SEO-Product,1
6025,2012,2026-09-17 04:01:00,SMB,Paid Social,META-Retargeting,1
6026,2013,2026-09-14 21:32:00,Startup,Display,DISPLAY-Prospecting,1
6027,2014,2026-03-06 15:40:00,Startup,Paid Social,META-Prospecting,1
6028,2014,2026-03-11 20:16:00,Startup,Paid Search,PS-NonBrand,2
6029,2014,2026-03-12 17:25:00,Startup,Paid Social,META-Retargeting,3
6030,2014,2026-03-29 14:46:00,Startup,Paid Search,PS-NonBrand,4
6031,2015,2025-12-11 00:29:00,SMB,Referral,REF-Customer,1
6032,2016,2026-05-28 08:51:00,SMB,Paid Social,META-Prospecting,1
6033,2016,2026-06-08 01:58:00,SMB,Paid Social,META-Retargeting,2
6034,2016,2026-06-10 16:54:00,SMB,Paid Social,META-Prospecting,3
6035,2016,2026-06-15 08:38:00,SMB,Paid Social,META-Prospecting,4
6036,2017,2026-01-25 14:57:00,SMB,Paid Search,PS-NonBrand,1
6037,2017,2026-02-06 09:37:00,SMB,Paid Search,PS-NonBrand,2
6038,2018,2025-11-30 20:01:00,SMB,Referral,REF-Customer,1
6039,2019,2026-01-19 07:29:00,Startup,Display,DISPLAY-Retargeting,1
6040,2020,2026-01-01 16:51:00,Startup,Paid Search,PS-NonBrand,1
6041,2020,2026-01-14 18:09:00,Startup,Organic Search,SEO-Content,2
6042,2020,2026-01-24 09:09:00,Startup,Display,DISPLAY-Retargeting,3
6043,2020,2026-01-27 22:04:00,Startup,Email,EMAIL-Reactivation,4
6044,2020,2026-01-29 06:42:00,Startup,Paid Search,PS-Brand,5
6045,2021,2025-11-12 00:11:00,SMB,Paid Search,PS-NonBrand,1
6046,2022,2026-06-21 22:17:00,Freelancer,Email,EMAIL-Nurture,1
6047,2022,2026-06-22 09:20:00,Freelancer,Display,DISPLAY-Retargeting,2
6048,2023,2026-02-17 09:36:00,SMB,Organic Search,SEO-Content,1
6049,2023,2026-02-18 23:50:00,SMB,Display,DISPLAY-Retargeting,2
6050,2023,2026-02-27 16:36:00,SMB,Email,EMAIL-Nurture,3
6051,2023,2026-03-05 06:09:00,SMB,Paid Search,PS-Brand,4
6052,2024,2026-05-04 11:28:00,Freelancer,Paid Search,PS-NonBrand,1
6053,2024,2026-05-07 09:45:00,Freelancer,Email,EMAIL-Reactivation,2
6054,2024,2026-05-18 05:00:00,Freelancer,Organic Search,SEO-Product,3
6055,2024,2026-05-18 15:02:00,Freelancer,Organic Search,SEO-Product,4
6056,2025,2026-04-23 01:50:00,Startup,Paid Search,PS-NonBrand,1
6057,2025,2026-05-04 13:03:00,Startup,Referral,REF-Customer,2
6058,2025,2026-05-12 06:25:00,Startup,Referral,REF-Customer,3
6059,2026,2026-07-09 01:21:00,Startup,Paid Social,META-Retargeting,1
6060,2027,2026-07-08 02:15:00,Startup,Paid Social,META-Prospecting,1
6061,2027,2026-08-01 18:52:00,Startup,Paid Social,META-Retargeting,2
6062,2028,2026-04-26 03:19:00,SMB,Paid Search,PS-NonBrand,1
6063,2028,2026-05-03 20:28:00,SMB,Organic Search,SEO-Content,2
6064,2028,2026-05-04 14:26:00,SMB,Organic Search,SEO-Product,3
6065,2028,2026-05-16 04:30:00,SMB,Organic Search,SEO-Product,4
6066,2029,2026-08-17 04:32:00,Freelancer,Paid Search,PS-Brand,1
6067,2030,2026-05-02 09:42:00,Startup,Organic Search,SEO-Content,1
6068,2030,2026-05-15 05:45:00,Startup,Referral,REF-Customer,2
6069,2030,2026-05-20 22:34:00,Startup,Organic Search,SEO-Content,3
6070,2030,2026-05-22 14:08:00,Startup,Paid Search,PS-NonBrand,4
6071,2030,2026-05-24 08:14:00,Startup,Organic Search,SEO-Product,5
6072,2031,2025-10-25 10:13:00,Freelancer,Paid Search,PS-Brand,1
6073,2032,2026-08-13 00:51:00,SMB,Paid Social,META-Retargeting,1
6074,2032,2026-08-14 01:35:00,SMB,Organic Search,SEO-Product,2
6075,2032,2026-08-16 00:04:00,SMB,Paid Search,PS-Brand,3
6076,2032,2026-08-20 12:50:00,SMB,Paid Social,META-Retargeting,4
6077,2032,2026-08-31 07:23:00,SMB,Paid Social,META-Retargeting,5
6078,2033,2026-07-15 02:34:00,Startup,Display,DISPLAY-Retargeting,1
6079,2033,2026-07-18 20:13:00,Startup,Paid Social,META-Retargeting,2
6080,2033,2026-07-21 01:49:00,Startup,Email,EMAIL-Nurture,3
6081,2033,2026-07-27 12:27:00,Startup,Paid Search,PS-Brand,4
6082,2033,2026-08-03 13:44:00,Startup,Paid Social,META-Prospecting,5
6083,2034,2026-03-17 06:50:00,SMB,Referral,REF-Customer,1
6084,2034,2026-03-18 16:50:00,SMB,Paid Search,PS-NonBrand,2
6085,2035,2026-02-21 01:40:00,Startup,Paid Social,META-Retargeting,1
6086,2035,2026-03-01 00:24:00,Startup,Paid Search,PS-Brand,2
6087,2035,2026-03-11 05:16:00,Startup,Referral,REF-Customer,3
6088,2035,2026-03-16 02:19:00,Startup,Email,EMAIL-Nurture,4
6089,2036,2026-08-26 01:24:00,Startup,Display,DISPLAY-Prospecting,1
6090,2036,2026-09-04 00:17:00,Startup,Display,DISPLAY-Retargeting,2
6091,2036,2026-09-08 04:52:00,Startup,Email,EMAIL-Nurture,3
6092,2037,2026-03-16 16:04:00,SMB,Paid Search,PS-NonBrand,1
6093,2037,2026-03-25 06:18:00,SMB,Paid Social,META-Retargeting,2
6094,2037,2026-04-02 21:16:00,SMB,Paid Social,META-Retargeting,3
6095,2038,2026-03-06 22:34:00,SMB,Paid Search,PS-NonBrand,1
6096,2039,2026-07-05 00:22:00,SMB,Paid Social,META-Prospecting,1
6097,2039,2026-07-09 19:39:00,SMB,Email,EMAIL-Nurture,2
6098,2039,2026-07-11 03:55:00,SMB,Paid Social,META-Retargeting,3
6099,2039,2026-07-16 15:33:00,SMB,Paid Search,PS-Brand,4
6100,2039,2026-07-19 02:54:00,SMB,Email,EMAIL-Nurture,5
6101,2040,2026-02-04 00:34:00,SMB,Organic Search,SEO-Content,1
6102,2040,2026-02-07 20:07:00,SMB,Referral,REF-Customer,2
6103,2040,2026-02-12 07:54:00,SMB,Paid Search,PS-NonBrand,3
6104,2040,2026-02-15 00:19:00,SMB,Email,EMAIL-Reactivation,4
6105,2041,2026-02-25 14:08:00,SMB,Display,DISPLAY-Retargeting,1
6106,2041,2026-03-02 14:39:00,SMB,Referral,REF-Customer,2
6107,2041,2026-03-12 08:08:00,SMB,Organic Search,SEO-Product,3
6108,2041,2026-03-20 13:45:00,SMB,Paid Search,PS-Brand,4
6109,2041,2026-03-26 04:25:00,SMB,Paid Search,PS-NonBrand,5
6110,2042,2026-07-14 04:41:00,SMB,Organic Search,SEO-Product,1
6111,2042,2026-07-15 17:02:00,SMB,Display,DISPLAY-Prospecting,2
6112,2042,2026-07-22 06:31:00,SMB,Paid Search,PS-Brand,3
6113,2042,2026-07-23 02:46:00,SMB,Email,EMAIL-Reactivation,4
6114,2042,2026-07-30 04:54:00,SMB,Organic Search,SEO-Content,5
6115,2043,2025-12-23 03:32:00,SMB,Paid Search,PS-Brand,1
6116,2043,2025-12-29 01:34:00,SMB,Paid Search,PS-NonBrand,2
6117,2043,2025-12-31 12:15:00,SMB,Paid Social,META-Prospecting,3
6118,2043,2026-01-02 22:24:00,SMB,Email,EMAIL-Reactivation,4
6119,2043,2026-01-13 11:02:00,SMB,Paid Social,META-Retargeting,5
6120,2044,2025-10-20 05:52:00,Startup,Organic Search,SEO-Content,1
6121,2045,2026-02-12 00:59:00,Startup,Paid Search,PS-NonBrand,1
6122,2046,2025-12-04 16:13:00,SMB,Display,DISPLAY-Retargeting,1
6123,2047,2026-02-14 22:14:00,SMB,Paid Social,META-Prospecting,1
6124,2048,2025-11-14 11:43:00,Startup,Email,EMAIL-Nurture,1
6125,2048,2025-11-15 05:53:00,Startup,Paid Social,META-Retargeting,2
6126,2048,2025-11-16 07:10:00,Startup,Organic Search,SEO-Product,3
6127,2049,2026-05-18 23:56:00,SMB,Paid Search,PS-NonBrand,1
6128,2050,2026-04-16 07:33:00,SMB,Organic Search,SEO-Product,1
6129,2050,2026-04-19 21:20:00,SMB,Paid Search,PS-Brand,2
6130,2050,2026-04-24 00:26:00,SMB,Paid Search,PS-NonBrand,3
6131,2050,2026-05-02 17:36:00,SMB,Email,EMAIL-Reactivation,4
6132,2051,2026-01-13 08:57:00,SMB,Email,EMAIL-Reactivation,1
6133,2051,2026-01-27 19:38:00,SMB,Email,EMAIL-Nurture,2
6134,2052,2026-05-26 20:32:00,Freelancer,Email,EMAIL-Reactivation,1
6135,2052,2026-06-01 11:57:00,Freelancer,Paid Social,META-Retargeting,2
6136,2052,2026-06-04 12:35:00,Freelancer,Paid Social,META-Retargeting,3
6137,2052,2026-06-14 10:56:00,Freelancer,Paid Social,META-Retargeting,4
6138,2053,2025-12-08 15:13:00,SMB,Referral,REF-Customer,1
6139,2053,2025-12-20 17:51:00,SMB,Paid Social,META-Retargeting,2
6140,2054,2025-10-07 22:41:00,Freelancer,Display,DISPLAY-Retargeting,1
6141,2054,2025-10-08 02:14:00,Freelancer,Paid Social,META-Retargeting,2
6142,2054,2025-10-11 15:53:00,Freelancer,Paid Social,META-Retargeting,3
6143,2054,2025-10-21 10:01:00,Freelancer,Paid Social,META-Retargeting,4
6144,2055,2026-03-24 01:26:00,SMB,Display,DISPLAY-Retargeting,1
6145,2056,2025-12-15 18:24:00,SMB,Display,DISPLAY-Prospecting,1
6146,2056,2025-12-18 16:09:00,SMB,Paid Social,META-Retargeting,2
6147,2056,2025-12-20 19:40:00,SMB,Paid Social,META-Retargeting,3
6148,2056,2025-12-26 00:55:00,SMB,Paid Search,PS-Brand,4
6149,2056,2025-12-27 03:43:00,SMB,Paid Search,PS-Brand,5
6150,2057,2026-08-11 23:25:00,SMB,Organic Search,SEO-Product,1
6151,2057,2026-08-14 19:32:00,SMB,Organic Search,SEO-Product,2
6152,2057,2026-08-16 10:53:00,SMB,Paid Search,PS-Brand,3
6153,2057,2026-08-25 21:53:00,SMB,Paid Search,PS-Brand,4
6154,2057,2026-09-05 09:30:00,SMB,Paid Search,PS-Brand,5
6155,2058,2026-02-03 21:43:00,Startup,Display,DISPLAY-Retargeting,1
6156,2058,2026-02-15 14:47:00,Startup,Display,DISPLAY-Retargeting,2
6157,2059,2026-04-03 14:48:00,Startup,Organic Search,SEO-Product,1
6158,2060,2026-01-30 18:07:00,Startup,Paid Search,PS-Brand,1
6159,2060,2026-02-13 11:04:00,Startup,Paid Search,PS-Brand,2
6160,2061,2026-03-09 00:30:00,Freelancer,Paid Social,META-Prospecting,1
6161,2061,2026-03-14 08:50:00,Freelancer,Display,DISPLAY-Prospecting,2
6162,2061,2026-03-17 14:24:00,Freelancer,Paid Search,PS-NonBrand,3
6163,2062,2025-11-14 02:09:00,Startup,Paid Social,META-Prospecting,1
6164,2062,2025-11-27 22:34:00,Startup,Email,EMAIL-Nurture,2
6165,2063,2026-09-14 19:00:00,SMB,Paid Search,PS-Brand,1
6166,2064,2025-12-05 10:43:00,Startup,Email,EMAIL-Reactivation,1
6167,2064,2025-12-08 03:50:00,Startup,Referral,REF-Customer,2
6168,2064,2025-12-26 11:44:00,Startup,Paid Social,META-Prospecting,3
6169,2064,2025-12-28 11:54:00,Startup,Paid Social,META-Retargeting,4
6170,2064,2026-01-01 06:58:00,Startup,Paid Social,META-Prospecting,5
6171,2065,2026-03-02 08:15:00,SMB,Paid Social,META-Prospecting,1
6172,2065,2026-03-04 08:35:00,SMB,Paid Search,PS-Brand,2
6173,2065,2026-03-18 16:37:00,SMB,Referral,REF-Customer,3
6174,2065,2026-03-21 19:10:00,SMB,Display,DISPLAY-Prospecting,4
6175,2066,2026-08-28 11:53:00,Startup,Organic Search,SEO-Product,1
6176,2066,2026-08-29 18:15:00,Startup,Email,EMAIL-Nurture,2
6177,2067,2026-03-10 15:51:00,Freelancer,Paid Search,PS-Brand,1
6178,2067,2026-03-25 07:02:00,Freelancer,Display,DISPLAY-Retargeting,2
6179,2067,2026-03-29 23:24:00,Freelancer,Email,EMAIL-Reactivation,3
6180,2068,2026-06-18 12:32:00,SMB,Paid Search,PS-NonBrand,1
6181,2068,2026-06-24 08:12:00,SMB,Paid Social,META-Retargeting,2
6182,2068,2026-06-29 23:46:00,SMB,Paid Search,PS-Brand,3
6183,2068,2026-07-06 04:27:00,SMB,Email,EMAIL-Nurture,4
6184,2068,2026-07-07 01:01:00,SMB,Paid Social,META-Retargeting,5
6185,2069,2025-11-04 04:08:00,SMB,Paid Search,PS-Brand,1
6186,2069,2025-11-14 23:13:00,SMB,Paid Search,PS-NonBrand,2
6187,2069,2025-11-21 18:15:00,SMB,Display,DISPLAY-Retargeting,3
6188,2070,2026-01-20 07:49:00,Startup,Email,EMAIL-Nurture,1
6189,2070,2026-01-20 17:54:00,Startup,Referral,REF-Partner,2
6190,2070,2026-01-23 03:19:00,Startup,Paid Search,PS-NonBrand,3
6191,2071,2026-07-06 08:56:00,SMB,Referral,REF-Partner,1
6192,2071,2026-07-08 13:55:00,SMB,Paid Social,META-Prospecting,2
6193,2071,2026-07-21 18:12:00,SMB,Paid Search,PS-NonBrand,3
6194,2072,2026-01-12 15:37:00,SMB,Email,EMAIL-Reactivation,1
6195,2072,2026-01-28 09:38:00,SMB,Referral,REF-Customer,2
6196,2072,2026-02-02 15:14:00,SMB,Paid Social,META-Retargeting,3
6197,2073,2026-03-07 21:31:00,Startup,Organic Search,SEO-Product,1
6198,2073,2026-03-22 06:35:00,Startup,Paid Social,META-Retargeting,2
6199,2074,2025-11-09 05:28:00,SMB,Paid Social,META-Prospecting,1
6200,2074,2025-11-12 10:35:00,SMB,Email,EMAIL-Nurture,2
6201,2074,2025-11-16 08:02:00,SMB,Organic Search,SEO-Content,3
6202,2074,2025-11-25 12:59:00,SMB,Referral,REF-Customer,4
6203,2075,2026-04-05 14:10:00,SMB,Paid Search,PS-NonBrand,1
6204,2075,2026-04-21 22:01:00,SMB,Paid Search,PS-Brand,2
6205,2076,2026-03-03 02:31:00,Startup,Organic Search,SEO-Content,1
6206,2077,2026-08-29 17:19:00,SMB,Paid Search,PS-NonBrand,1
6207,2078,2026-03-05 03:16:00,SMB,Paid Search,PS-Brand,1
6208,2078,2026-03-05 17:03:00,SMB,Paid Social,META-Prospecting,2
6209,2078,2026-03-15 06:56:00,SMB,Paid Social,META-Retargeting,3
6210,2079,2026-08-09 18:43:00,Freelancer,Paid Search,PS-NonBrand,1
6211,2079,2026-08-11 13:06:00,Freelancer,Email,EMAIL-Reactivation,2
6212,2079,2026-08-14 09:11:00,Freelancer,Paid Social,META-Prospecting,3
6213,2079,2026-08-21 20:38:00,Freelancer,Paid Social,META-Retargeting,4
6214,2079,2026-08-27 19:55:00,Freelancer,Paid Search,PS-Brand,5
6215,2080,2026-08-29 00:19:00,SMB,Paid Social,META-Prospecting,1
6216,2081,2026-08-26 16:45:00,SMB,Paid Search,PS-NonBrand,1
6217,2081,2026-08-31 23:13:00,SMB,Display,DISPLAY-Retargeting,2
6218,2082,2026-07-02 07:04:00,Freelancer,Email,EMAIL-Reactivation,1
6219,2082,2026-07-04 20:32:00,Freelancer,Organic Search,SEO-Product,2
6220,2082,2026-07-06 19:15:00,Freelancer,Organic Search,SEO-Product,3
6221,2082,2026-07-15 07:55:00,Freelancer,Paid Social,META-Retargeting,4
6222,2083,2026-05-13 03:16:00,SMB,Organic Search,SEO-Content,1
6223,2084,2026-04-06 23:54:00,Freelancer,Display,DISPLAY-Prospecting,1
6224,2084,2026-04-18 12:35:00,Freelancer,Paid Social,META-Retargeting,2
6225,2085,2025-11-02 01:05:00,Startup,Referral,REF-Customer,1
6226,2085,2025-11-02 01:22:00,Startup,Paid Social,META-Prospecting,2
6227,2085,2025-11-10 11:39:00,Startup,Organic Search,SEO-Product,3
6228,2085,2025-11-14 07:01:00,Startup,Paid Search,PS-Brand,4
6229,2085,2025-11-27 18:31:00,Startup,Display,DISPLAY-Retargeting,5
6230,2086,2025-12-06 11:18:00,Startup,Organic Search,SEO-Content,1
6231,2086,2025-12-14 10:38:00,Startup,Paid Social,META-Prospecting,2
6232,2086,2025-12-17 10:34:00,Startup,Paid Social,META-Prospecting,3
6233,2087,2026-02-20 22:31:00,SMB,Email,EMAIL-Nurture,1
6234,2087,2026-02-22 13:23:00,SMB,Paid Search,PS-Brand,2
6235,2087,2026-02-24 01:12:00,SMB,Paid Social,META-Retargeting,3
6236,2087,2026-03-05 18:26:00,SMB,Email,EMAIL-Nurture,4
6237,2087,2026-03-06 13:11:00,SMB,Paid Search,PS-Brand,5
6238,2088,2026-05-28 00:54:00,SMB,Referral,REF-Customer,1
6239,2088,2026-06-05 21:47:00,SMB,Organic Search,SEO-Product,2
6240,2088,2026-06-14 18:24:00,SMB,Paid Search,PS-NonBrand,3
6241,2088,2026-06-19 05:30:00,SMB,Referral,REF-Customer,4
6242,2088,2026-06-26 17:34:00,SMB,Referral,REF-Partner,5
6243,2089,2025-10-09 17:41:00,Freelancer,Organic Search,SEO-Product,1
6244,2089,2025-10-13 23:47:00,Freelancer,Referral,REF-Customer,2
6245,2089,2025-10-28 02:21:00,Freelancer,Paid Search,PS-NonBrand,3
6246,2090,2026-09-07 19:26:00,SMB,Paid Search,PS-NonBrand,1
6247,2090,2026-09-20 20:03:00,SMB,Organic Search,SEO-Content,2
6248,2090,2026-09-22 14:57:00,SMB,Organic Search,SEO-Product,3
6249,2090,2026-09-26 12:09:00,SMB,Paid Search,PS-NonBrand,4
6250,2090,2026-09-26 15:15:00,SMB,Paid Search,PS-Brand,5
6251,2091,2026-10-05 01:46:00,Startup,Email,EMAIL-Nurture,1
6252,2091,2026-10-06 05:13:00,Startup,Email,EMAIL-Nurture,2
6253,2091,2026-10-10 11:34:00,Startup,Display,DISPLAY-Retargeting,3
6254,2092,2025-11-02 16:50:00,Freelancer,Referral,REF-Partner,1
6255,2092,2025-11-18 19:06:00,Freelancer,Paid Social,META-Retargeting,2
6256,2092,2025-11-20 04:41:00,Freelancer,Organic Search,SEO-Product,3
6257,2092,2025-11-23 22:13:00,Freelancer,Email,EMAIL-Reactivation,4
6258,2092,2025-11-27 02:53:00,Freelancer,Paid Social,META-Prospecting,5
6259,2093,2025-11-07 20:44:00,Startup,Paid Social,META-Retargeting,1
6260,2093,2025-11-12 08:40:00,Startup,Email,EMAIL-Nurture,2
6261,2094,2026-08-08 16:50:00,SMB,Paid Social,META-Retargeting,1
6262,2094,2026-08-15 03:38:00,SMB,Email,EMAIL-Reactivation,2
6263,2095,2025-12-14 08:21:00,Startup,Email,EMAIL-Nurture,1
6264,2095,2025-12-18 17:37:00,Startup,Referral,REF-Customer,2
6265,2095,2026-01-05 02:20:00,Startup,Email,EMAIL-Reactivation,3
6266,2096,2025-12-24 04:31:00,Startup,Organic Search,SEO-Product,1
6267,2096,2025-12-31 07:52:00,Startup,Paid Search,PS-NonBrand,2
6268,2097,2025-12-29 22:41:00,SMB,Paid Search,PS-NonBrand,1
6269,2098,2026-06-14 20:46:00,Freelancer,Referral,REF-Customer,1
6270,2098,2026-06-24 08:12:00,Freelancer,Referral,REF-Customer,2
6271,2098,2026-07-12 18:52:00,Freelancer,Paid Social,META-Retargeting,3
6272,2099,2025-11-30 22:51:00,SMB,Organic Search,SEO-Product,1
6273,2099,2025-12-08 03:21:00,SMB,Paid Social,META-Retargeting,2
6274,2099,2025-12-12 06:37:00,SMB,Paid Search,PS-Brand,3
6275,2100,2025-12-14 01:33:00,Freelancer,Paid Search,PS-NonBrand,1
6276,2100,2025-12-25 19:35:00,Freelancer,Organic Search,SEO-Product,2
6277,2100,2025-12-30 00:18:00,Freelancer,Email,EMAIL-Nurture,3
6278,2100,2026-01-02 03:27:00,Freelancer,Referral,REF-Customer,4
6279,2100,2026-01-03 00:48:00,Freelancer,Paid Social,META-Prospecting,5
6280,2101,2026-03-16 15:32:00,SMB,Paid Social,META-Retargeting,1
6281,2102,2026-05-16 11:27:00,SMB,Paid Search,PS-Brand,1
6282,2102,2026-05-22 03:14:00,SMB,Paid Search,PS-NonBrand,2
6283,2102,2026-05-25 20:39:00,SMB,Paid Search,PS-NonBrand,3
6284,2102,2026-06-04 13:07:00,SMB,Display,DISPLAY-Prospecting,4
6285,2103,2026-10-07 06:33:00,Startup,Display,DISPLAY-Retargeting,1
6286,2104,2025-12-26 06:31:00,SMB,Organic Search,SEO-Content,1
6287,2104,2026-01-01 07:07:00,SMB,Email,EMAIL-Nurture,2
6288,2104,2026-01-15 12:25:00,SMB,Paid Search,PS-Brand,3
6289,2104,2026-01-19 15:39:00,SMB,Referral,REF-Partner,4
6290,2104,2026-01-24 00:13:00,SMB,Email,EMAIL-Reactivation,5
6291,2105,2026-01-19 15:57:00,SMB,Paid Social,META-Retargeting,1
6292,2105,2026-01-21 15:40:00,SMB,Paid Search,PS-NonBrand,2
6293,2105,2026-01-23 13:12:00,SMB,Organic Search,SEO-Content,3
6294,2106,2026-04-25 00:44:00,SMB,Referral,REF-Customer,1
6295,2107,2026-03-04 23:17:00,Freelancer,Email,EMAIL-Reactivation,1
6296,2107,2026-03-22 10:32:00,Freelancer,Paid Social,META-Prospecting,2
6297,2107,2026-03-27 21:04:00,Freelancer,Paid Social,META-Prospecting,3
6298,2107,2026-03-28 02:03:00,Freelancer,Paid Social,META-Retargeting,4
6299,2108,2026-05-17 14:45:00,SMB,Referral,REF-Customer,1
6300,2108,2026-05-18 07:17:00,SMB,Paid Search,PS-Brand,2
6301,2108,2026-05-23 01:59:00,SMB,Paid Search,PS-Brand,3
6302,2108,2026-05-28 08:12:00,SMB,Paid Social,META-Prospecting,4
6303,2108,2026-06-03 02:14:00,SMB,Referral,REF-Partner,5
6304,2109,2025-12-31 20:04:00,Startup,Display,DISPLAY-Retargeting,1
6305,2109,2026-01-08 22:17:00,Startup,Paid Search,PS-Brand,2
6306,2109,2026-01-11 06:20:00,Startup,Paid Social,META-Retargeting,3
6307,2109,2026-01-21 21:05:00,Startup,Paid Search,PS-NonBrand,4
6308,2109,2026-01-27 18:18:00,Startup,Paid Social,META-Retargeting,5
6309,2110,2026-05-14 15:40:00,Startup,Display,DISPLAY-Prospecting,1
6310,2110,2026-05-25 08:55:00,Startup,Paid Social,META-Retargeting,2
6311,2110,2026-05-31 00:59:00,Startup,Email,EMAIL-Reactivation,3
6312,2110,2026-06-08 20:42:00,Startup,Paid Social,META-Retargeting,4
6313,2110,2026-06-11 10:13:00,Startup,Referral,REF-Customer,5
6314,2111,2026-09-11 20:47:00,Startup,Paid Search,PS-NonBrand,1
6315,2111,2026-09-13 23:39:00,Startup,Referral,REF-Customer,2
6316,2112,2026-06-08 09:47:00,SMB,Display,DISPLAY-Prospecting,1
6317,2112,2026-06-08 12:24:00,SMB,Paid Search,PS-NonBrand,2
6318,2112,2026-06-22 13:18:00,SMB,Referral,REF-Customer,3
6319,2112,2026-06-23 10:58:00,SMB,Paid Social,META-Retargeting,4
6320,2112,2026-06-26 20:58:00,SMB,Paid Social,META-Retargeting,5
6321,2113,2026-06-29 01:55:00,SMB,Organic Search,SEO-Content,1
6322,2113,2026-07-13 22:51:00,SMB,Email,EMAIL-Nurture,2
6323,2113,2026-07-14 21:27:00,SMB,Paid Social,META-Retargeting,3
6324,2113,2026-07-20 04:42:00,SMB,Organic Search,SEO-Content,4
6325,2113,2026-07-20 19:04:00,SMB,Paid Social,META-Retargeting,5
6326,2114,2025-11-01 12:17:00,Freelancer,Organic Search,SEO-Product,1
6327,2114,2025-11-08 12:29:00,Freelancer,Referral,REF-Customer,2
6328,2114,2025-11-20 22:42:00,Freelancer,Paid Social,META-Prospecting,3
6329,2114,2025-11-24 21:49:00,Freelancer,Email,EMAIL-Nurture,4
6330,2114,2025-11-24 23:24:00,Freelancer,Paid Social,META-Retargeting,5
6331,2115,2026-09-06 11:35:00,Startup,Email,EMAIL-Reactivation,1
6332,2115,2026-09-13 03:37:00,Startup,Paid Social,META-Retargeting,2
6333,2115,2026-09-17 00:34:00,Startup,Paid Search,PS-Brand,3
6334,2115,2026-09-18 04:55:00,Startup,Referral,REF-Partner,4
6335,2116,2026-06-16 10:32:00,Freelancer,Paid Social,META-Retargeting,1
6336,2116,2026-06-26 06:17:00,Freelancer,Paid Search,PS-NonBrand,2
6337,2116,2026-07-01 23:31:00,Freelancer,Organic Search,SEO-Product,3
6338,2117,2026-05-19 12:54:00,Startup,Display,DISPLAY-Retargeting,1
6339,2117,2026-05-26 20:32:00,Startup,Paid Search,PS-NonBrand,2
6340,2117,2026-06-15 16:44:00,Startup,Paid Social,META-Retargeting,3
6341,2118,2025-12-10 14:11:00,Freelancer,Paid Social,META-Prospecting,1
6342,2118,2025-12-13 06:08:00,Freelancer,Email,EMAIL-Nurture,2
6343,2118,2025-12-24 19:33:00,Freelancer,Paid Search,PS-Brand,3
6344,2119,2026-04-25 07:38:00,Freelancer,Paid Search,PS-NonBrand,1
6345,2119,2026-05-06 21:07:00,Freelancer,Email,EMAIL-Nurture,2
6346,2119,2026-05-16 14:32:00,Freelancer,Paid Social,META-Retargeting,3
6347,2120,2026-06-10 13:26:00,SMB,Email,EMAIL-Reactivation,1
6348,2120,2026-06-21 06:58:00,SMB,Paid Search,PS-NonBrand,2
6349,2120,2026-06-30 00:25:00,SMB,Paid Search,PS-NonBrand,3
6350,2120,2026-07-04 22:05:00,SMB,Email,EMAIL-Nurture,4
6351,2121,2026-05-20 19:50:00,Freelancer,Referral,REF-Customer,1
6352,2121,2026-06-03 18:40:00,Freelancer,Email,EMAIL-Nurture,2
6353,2122,2025-11-26 17:23:00,SMB,Referral,REF-Partner,1
6354,2122,2025-12-05 17:41:00,SMB,Paid Social,META-Prospecting,2
6355,2123,2025-10-19 11:54:00,SMB,Paid Search,PS-NonBrand,1
6356,2123,2025-10-26 11:01:00,SMB,Organic Search,SEO-Content,2
6357,2124,2026-03-24 03:03:00,Startup,Paid Social,META-Retargeting,1
6358,2124,2026-04-06 00:36:00,Startup,Paid Search,PS-Brand,2
6359,2124,2026-04-21 12:55:00,Startup,Display,DISPLAY-Retargeting,3
6360,2125,2026-06-20 18:32:00,SMB,Paid Search,PS-NonBrand,1
6361,2125,2026-06-26 08:24:00,SMB,Referral,REF-Customer,2
6362,2125,2026-07-03 12:20:00,SMB,Organic Search,SEO-Product,3
6363,2125,2026-07-08 10:38:00,SMB,Paid Social,META-Retargeting,4
6364,2125,2026-07-11 13:02:00,SMB,Organic Search,SEO-Product,5
6365,2126,2026-03-04 04:47:00,SMB,Paid Search,PS-NonBrand,1
6366,2126,2026-03-17 17:32:00,SMB,Display,DISPLAY-Prospecting,2
6367,2126,2026-03-20 12:19:00,SMB,Email,EMAIL-Reactivation,3
6368,2127,2026-06-17 12:59:00,Startup,Paid Social,META-Retargeting,1
6369,2128,2026-09-24 12:14:00,Startup,Email,EMAIL-Reactivation,1
6370,2128,2026-10-04 14:32:00,Startup,Paid Social,META-Retargeting,2
6371,2128,2026-10-07 18:04:00,Startup,Paid Search,PS-NonBrand,3
6372,2129,2026-08-25 08:40:00,Freelancer,Referral,REF-Customer,1
6373,2129,2026-08-26 04:48:00,Freelancer,Paid Search,PS-Brand,2
6374,2129,2026-08-29 19:55:00,Freelancer,Display,DISPLAY-Retargeting,3
6375,2129,2026-09-03 15:21:00,Freelancer,Paid Social,META-Retargeting,4
6376,2129,2026-09-13 22:52:00,Freelancer,Organic Search,SEO-Content,5
6377,2130,2026-05-20 22:00:00,SMB,Paid Social,META-Retargeting,1
6378,2130,2026-06-17 03:55:00,SMB,Organic Search,SEO-Content,2
6379,2131,2026-06-27 17:37:00,SMB,Email,EMAIL-Reactivation,1
6380,2131,2026-07-04 08:45:00,SMB,Paid Social,META-Retargeting,2
6381,2131,2026-07-17 12:51:00,SMB,Paid Search,PS-Brand,3
6382,2132,2025-11-05 15:24:00,Startup,Email,EMAIL-Nurture,1
6383,2132,2025-11-19 02:03:00,Startup,Paid Search,PS-Brand,2
6384,2133,2025-11-01 01:02:00,Startup,Referral,REF-Customer,1
6385,2133,2025-11-19 06:46:00,Startup,Paid Search,PS-NonBrand,2
6386,2133,2025-11-21 02:00:00,Startup,Paid Search,PS-NonBrand,3
6387,2133,2025-11-24 08:42:00,Startup,Paid Social,META-Retargeting,4
6388,2134,2026-06-13 18:12:00,Freelancer,Paid Social,META-Retargeting,1
6389,2134,2026-06-26 20:13:00,Freelancer,Paid Social,META-Retargeting,2
6390,2134,2026-07-02 18:29:00,Freelancer,Email,EMAIL-Reactivation,3
6391,2135,2026-08-05 22:55:00,SMB,Paid Search,PS-NonBrand,1
6392,2135,2026-08-08 14:51:00,SMB,Paid Social,META-Retargeting,2
6393,2135,2026-08-10 23:49:00,SMB,Organic Search,SEO-Product,3
6394,2136,2026-01-04 04:04:00,SMB,Display,DISPLAY-Prospecting,1
6395,2137,2026-05-18 11:35:00,Freelancer,Paid Social,META-Prospecting,1
6396,2138,2026-01-17 16:16:00,SMB,Paid Social,META-Retargeting,1
6397,2138,2026-01-27 15:19:00,SMB,Email,EMAIL-Reactivation,2
6398,2138,2026-02-03 17:46:00,SMB,Referral,REF-Customer,3
6399,2139,2025-11-14 19:51:00,Startup,Paid Search,PS-NonBrand,1
6400,2139,2025-11-15 04:55:00,Startup,Paid Search,PS-Brand,2
6401,2139,2025-11-22 17:15:00,Startup,Email,EMAIL-Reactivation,3
6402,2139,2025-11-23 22:01:00,Startup,Referral,REF-Customer,4
6403,2139,2025-11-24 20:05:00,Startup,Paid Search,PS-NonBrand,5
6404,2140,2026-03-07 21:38:00,SMB,Referral,REF-Customer,1
6405,2141,2026-03-26 22:09:00,SMB,Paid Search,PS-NonBrand,1
6406,2141,2026-04-04 15:04:00,SMB,Paid Search,PS-Brand,2
6407,2141,2026-04-04 18:27:00,SMB,Paid Search,PS-Brand,3
6408,2141,2026-04-04 21:46:00,SMB,Referral,REF-Partner,4
6409,2141,2026-04-06 07:08:00,SMB,Paid Search,PS-Brand,5
6410,2142,2026-07-11 07:17:00,Freelancer,Referral,REF-Partner,1
6411,2142,2026-07-13 02:14:00,Freelancer,Paid Search,PS-NonBrand,2
6412,2142,2026-07-21 12:49:00,Freelancer,Paid Social,META-Prospecting,3
6413,2142,2026-07-29 05:14:00,Freelancer,Display,DISPLAY-Retargeting,4
6414,2143,2026-08-16 14:00:00,SMB,Paid Search,PS-Brand,1
6415,2143,2026-08-23 02:21:00,SMB,Paid Social,META-Retargeting,2
6416,2143,2026-08-29 13:46:00,SMB,Referral,REF-Partner,3
6417,2143,2026-09-02 08:56:00,SMB,Organic Search,SEO-Content,4
6418,2144,2026-09-21 23:02:00,SMB,Paid Search,PS-NonBrand,1
6419,2144,2026-09-25 15:15:00,SMB,Paid Search,PS-NonBrand,2
6420,2144,2026-09-28 00:32:00,SMB,Paid Search,PS-Brand,3
6421,2144,2026-10-01 13:12:00,SMB,Display,DISPLAY-Prospecting,4
6422,2144,2026-10-07 11:38:00,SMB,Paid Social,META-Retargeting,5
6423,2145,2025-11-22 10:00:00,Startup,Email,EMAIL-Reactivation,1
6424,2145,2025-12-05 19:09:00,Startup,Paid Search,PS-Brand,2
6425,2146,2026-09-09 14:33:00,SMB,Paid Search,PS-Brand,1
6426,2146,2026-09-17 18:06:00,SMB,Paid Search,PS-Brand,2
6427,2146,2026-09-20 22:08:00,SMB,Paid Social,META-Prospecting,3
6428,2147,2026-04-27 01:52:00,SMB,Referral,REF-Customer,1
6429,2147,2026-05-05 09:29:00,SMB,Paid Social,META-Retargeting,2
6430,2148,2025-12-16 07:15:00,Startup,Referral,REF-Customer,1
6431,2149,2026-05-27 20:45:00,SMB,Paid Social,META-Retargeting,1
6432,2149,2026-05-28 09:56:00,SMB,Paid Search,PS-Brand,2
6433,2149,2026-06-10 05:13:00,SMB,Paid Social,META-Retargeting,3
6434,2149,2026-06-17 12:04:00,SMB,Referral,REF-Customer,4
6435,2149,2026-06-19 11:34:00,SMB,Organic Search,SEO-Product,5
6436,2150,2025-10-29 03:15:00,Startup,Paid Search,PS-NonBrand,1
6437,2150,2025-11-12 14:28:00,Startup,Paid Social,META-Retargeting,2
6438,2150,2025-11-16 06:30:00,Startup,Paid Search,PS-NonBrand,3
6439,2151,2026-03-20 07:25:00,SMB,Email,EMAIL-Nurture,1
6440,2151,2026-03-24 22:01:00,SMB,Paid Social,META-Prospecting,2
6441,2151,2026-04-02 05:59:00,SMB,Email,EMAIL-Nurture,3
6442,2151,2026-04-11 01:53:00,SMB,Paid Search,PS-NonBrand,4
6443,2151,2026-04-16 14:13:00,SMB,Display,DISPLAY-Prospecting,5
6444,2152,2026-07-30 13:34:00,SMB,Referral,REF-Partner,1
6445,2152,2026-08-05 16:15:00,SMB,Email,EMAIL-Nurture,2
6446,2152,2026-08-06 21:01:00,SMB,Paid Social,META-Prospecting,3
6447,2152,2026-08-15 08:00:00,SMB,Paid Search,PS-NonBrand,4
6448,2152,2026-08-16 23:00:00,SMB,Paid Search,PS-NonBrand,5
6449,2153,2026-09-21 17:42:00,SMB,Paid Search,PS-NonBrand,1
6450,2153,2026-09-22 11:46:00,SMB,Display,DISPLAY-Prospecting,2
6451,2153,2026-09-29 17:50:00,SMB,Paid Search,PS-NonBrand,3
6452,2153,2026-10-08 04:19:00,SMB,Display,DISPLAY-Prospecting,4
6453,2153,2026-10-11 12:11:00,SMB,Email,EMAIL-Reactivation,5
6454,2154,2026-01-26 11:37:00,Freelancer,Organic Search,SEO-Product,1
6455,2154,2026-02-05 09:03:00,Freelancer,Paid Search,PS-Brand,2
6456,2154,2026-02-10 08:05:00,Freelancer,Paid Search,PS-Brand,3
6457,2155,2025-12-25 16:18:00,SMB,Display,DISPLAY-Prospecting,1
6458,2156,2026-05-03 23:09:00,Freelancer,Paid Social,META-Retargeting,1
6459,2156,2026-05-18 07:47:00,Freelancer,Paid Search,PS-Brand,2
6460,2156,2026-05-27 02:39:00,Freelancer,Paid Social,META-Prospecting,3
6461,2156,2026-05-28 06:51:00,Freelancer,Paid Search,PS-NonBrand,4
6462,2157,2025-11-27 17:41:00,SMB,Email,EMAIL-Nurture,1
6463,2157,2025-12-06 03:18:00,SMB,Display,DISPLAY-Retargeting,2
6464,2157,2025-12-19 04:33:00,SMB,Referral,REF-Partner,3
6465,2157,2025-12-19 11:17:00,SMB,Paid Social,META-Retargeting,4
6466,2157,2025-12-23 19:32:00,SMB,Email,EMAIL-Reactivation,5
6467,2158,2026-09-24 04:25:00,SMB,Email,EMAIL-Reactivation,1
6468,2158,2026-10-21 02:06:00,SMB,Paid Search,PS-Brand,2
6469,2159,2026-02-19 18:42:00,Startup,Organic Search,SEO-Content,1
6470,2159,2026-02-24 01:02:00,Startup,Email,EMAIL-Reactivation,2
6471,2159,2026-02-25 06:43:00,Startup,Paid Search,PS-NonBrand,3
6472,2160,2025-12-13 23:37:00,SMB,Paid Social,META-Retargeting,1
6473,2160,2026-01-06 08:04:00,SMB,Paid Search,PS-NonBrand,2
6474,2161,2026-01-04 23:07:00,Startup,Email,EMAIL-Reactivation,1
6475,2161,2026-01-22 01:25:00,Startup,Organic Search,SEO-Product,2
6476,2162,2026-02-16 03:20:00,Freelancer,Organic Search,SEO-Product,1
6477,2162,2026-02-16 13:58:00,Freelancer,Display,DISPLAY-Retargeting,2
6478,2162,2026-03-08 14:45:00,Freelancer,Display,DISPLAY-Retargeting,3
6479,2163,2026-07-01 14:00:00,Freelancer,Paid Search,PS-NonBrand,1
6480,2163,2026-07-06 14:46:00,Freelancer,Organic Search,SEO-Content,2
6481,2163,2026-07-07 18:05:00,Freelancer,Paid Search,PS-NonBrand,3
6482,2163,2026-07-08 19:59:00,Freelancer,Paid Search,PS-NonBrand,4
6483,2163,2026-07-14 14:25:00,Freelancer,Email,EMAIL-Nurture,5
6484,2164,2026-08-15 21:17:00,Startup,Referral,REF-Customer,1
6485,2164,2026-09-04 21:00:00,Startup,Paid Search,PS-NonBrand,2
6486,2164,2026-09-05 14:31:00,Startup,Paid Search,PS-NonBrand,3
6487,2164,2026-09-08 01:07:00,Startup,Paid Social,META-Retargeting,4
6488,2165,2026-07-03 03:07:00,Startup,Paid Search,PS-Brand,1
6489,2165,2026-07-03 15:30:00,Startup,Paid Social,META-Retargeting,2
6490,2165,2026-07-09 04:38:00,Startup,Organic Search,SEO-Content,3
6491,2165,2026-07-17 16:18:00,Startup,Display,DISPLAY-Retargeting,4
6492,2165,2026-07-23 09:33:00,Startup,Paid Search,PS-NonBrand,5
6493,2166,2026-06-14 07:21:00,SMB,Paid Social,META-Retargeting,1
6494,2166,2026-06-16 10:12:00,SMB,Paid Search,PS-NonBrand,2
6495,2166,2026-06-20 12:47:00,SMB,Display,DISPLAY-Retargeting,3
6496,2166,2026-06-22 00:44:00,SMB,Paid Search,PS-NonBrand,4
6497,2167,2026-01-07 20:19:00,Startup,Email,EMAIL-Nurture,1
6498,2167,2026-01-13 10:36:00,Startup,Paid Social,META-Retargeting,2
6499,2167,2026-01-26 19:35:00,Startup,Email,EMAIL-Reactivation,3
6500,2167,2026-01-30 00:23:00,Startup,Organic Search,SEO-Product,4
6501,2168,2026-09-21 02:55:00,SMB,Referral,REF-Partner,1
6502,2168,2026-09-27 08:26:00,SMB,Display,DISPLAY-Retargeting,2
6503,2168,2026-10-03 12:09:00,SMB,Organic Search,SEO-Product,3
6504,2169,2026-10-16 13:33:00,SMB,Organic Search,SEO-Content,1
6505,2169,2026-10-16 18:14:00,SMB,Referral,REF-Customer,2
6506,2170,2026-06-14 06:30:00,Startup,Paid Search,PS-Brand,1
6507,2171,2026-07-25 22:40:00,SMB,Email,EMAIL-Reactivation,1
6508,2171,2026-07-30 11:07:00,SMB,Paid Search,PS-Brand,2
6509,2172,2026-01-24 05:00:00,Startup,Referral,REF-Partner,1
6510,2172,2026-01-24 13:09:00,Startup,Paid Search,PS-Brand,2
6511,2172,2026-01-27 22:08:00,Startup,Email,EMAIL-Reactivation,3
6512,2173,2026-03-14 06:59:00,SMB,Referral,REF-Customer,1
6513,2173,2026-03-31 14:38:00,SMB,Display,DISPLAY-Retargeting,2
6514,2173,2026-04-01 09:29:00,SMB,Paid Search,PS-NonBrand,3
6515,2173,2026-04-02 08:30:00,SMB,Organic Search,SEO-Content,4
6516,2174,2026-08-04 23:53:00,SMB,Email,EMAIL-Reactivation,1
6517,2174,2026-08-06 10:33:00,SMB,Display,DISPLAY-Retargeting,2
6518,2174,2026-08-13 11:09:00,SMB,Paid Social,META-Retargeting,3
6519,2174,2026-08-16 05:24:00,SMB,Paid Search,PS-Brand,4
6520,2175,2026-03-05 01:55:00,Startup,Display,DISPLAY-Prospecting,1
6521,2175,2026-03-05 13:52:00,Startup,Referral,REF-Customer,2
6522,2176,2026-07-07 19:27:00,Startup,Organic Search,SEO-Content,1
6523,2176,2026-07-18 13:38:00,Startup,Paid Search,PS-NonBrand,2
6524,2176,2026-07-22 19:34:00,Startup,Paid Search,PS-Brand,3
6525,2176,2026-07-24 14:50:00,Startup,Email,EMAIL-Reactivation,4
6526,2177,2026-08-17 22:22:00,Freelancer,Email,EMAIL-Reactivation,1
6527,2177,2026-09-04 23:45:00,Freelancer,Referral,REF-Customer,2
6528,2178,2026-09-13 08:24:00,SMB,Referral,REF-Customer,1
6529,2178,2026-09-18 09:49:00,SMB,Email,EMAIL-Nurture,2
6530,2178,2026-09-28 23:56:00,SMB,Referral,REF-Customer,3
6531,2179,2026-01-18 17:53:00,SMB,Referral,REF-Partner,1
6532,2179,2026-01-20 10:51:00,SMB,Email,EMAIL-Reactivation,2
6533,2179,2026-01-21 03:58:00,SMB,Paid Search,PS-NonBrand,3
6534,2179,2026-01-22 16:38:00,SMB,Paid Social,META-Retargeting,4
6535,2180,2026-04-01 11:31:00,SMB,Referral,REF-Customer,1
6536,2180,2026-04-03 12:46:00,SMB,Organic Search,SEO-Content,2
6537,2180,2026-04-18 11:53:00,SMB,Paid Search,PS-NonBrand,3
6538,2181,2026-02-28 08:19:00,SMB,Organic Search,SEO-Product,1
6539,2181,2026-03-02 00:14:00,SMB,Organic Search,SEO-Product,2
6540,2181,2026-03-10 21:52:00,SMB,Paid Search,PS-NonBrand,3
6541,2181,2026-03-11 00:31:00,SMB,Paid Search,PS-NonBrand,4
6542,2182,2026-04-02 00:27:00,SMB,Paid Search,PS-NonBrand,1
6543,2182,2026-04-03 00:35:00,SMB,Email,EMAIL-Reactivation,2
6544,2182,2026-04-09 22:36:00,SMB,Referral,REF-Customer,3
6545,2182,2026-04-15 22:33:00,SMB,Paid Search,PS-Brand,4
6546,2182,2026-04-20 06:53:00,SMB,Paid Search,PS-NonBrand,5
6547,2183,2026-07-02 08:29:00,Startup,Email,EMAIL-Reactivation,1
6548,2183,2026-07-07 14:09:00,Startup,Referral,REF-Partner,2
6549,2183,2026-07-24 09:38:00,Startup,Referral,REF-Partner,3
6550,2183,2026-07-25 16:24:00,Startup,Paid Social,META-Prospecting,4
6551,2184,2026-02-03 07:35:00,SMB,Paid Social,META-Retargeting,1
6552,2184,2026-02-07 20:43:00,SMB,Paid Search,PS-Brand,2
6553,2184,2026-02-15 09:43:00,SMB,Display,DISPLAY-Retargeting,3
6554,2185,2026-01-09 05:14:00,Freelancer,Paid Search,PS-NonBrand,1
6555,2185,2026-01-09 05:48:00,Freelancer,Paid Search,PS-NonBrand,2
6556,2185,2026-01-22 07:25:00,Freelancer,Paid Social,META-Prospecting,3
6557,2185,2026-01-22 10:18:00,Freelancer,Email,EMAIL-Reactivation,4
6558,2186,2026-01-20 19:49:00,Startup,Referral,REF-Partner,1
6559,2187,2026-07-13 22:21:00,Startup,Referral,REF-Customer,1
6560,2187,2026-07-27 01:10:00,Startup,Paid Search,PS-NonBrand,2
6561,2188,2026-10-15 23:16:00,SMB,Paid Search,PS-NonBrand,1
6562,2188,2026-10-17 15:08:00,SMB,Paid Search,PS-Brand,2
6563,2188,2026-10-24 01:20:00,SMB,Paid Search,PS-Brand,3
6564,2189,2025-11-10 02:52:00,SMB,Paid Social,META-Retargeting,1
6565,2189,2025-12-02 04:46:00,SMB,Paid Search,PS-NonBrand,2
6566,2190,2026-09-24 07:34:00,SMB,Referral,REF-Partner,1
6567,2190,2026-09-24 18:58:00,SMB,Organic Search,SEO-Content,2
6568,2190,2026-10-03 18:07:00,SMB,Paid Search,PS-NonBrand,3
6569,2190,2026-10-05 21:36:00,SMB,Paid Search,PS-NonBrand,4
6570,2190,2026-10-11 06:13:00,SMB,Paid Social,META-Prospecting,5
6571,2191,2025-10-13 00:35:00,Startup,Paid Search,PS-Brand,1
6572,2191,2025-10-14 02:35:00,Startup,Paid Search,PS-Brand,2
6573,2191,2025-10-15 16:33:00,Startup,Paid Social,META-Prospecting,3
6574,2191,2025-10-24 13:22:00,Startup,Referral,REF-Customer,4
6575,2191,2025-11-08 07:35:00,Startup,Email,EMAIL-Reactivation,5
6576,2192,2026-04-12 03:07:00,Startup,Organic Search,SEO-Content,1
6577,2192,2026-04-18 19:12:00,Startup,Paid Social,META-Retargeting,2
6578,2192,2026-04-25 18:00:00,Startup,Email,EMAIL-Nurture,3
6579,2192,2026-04-29 20:44:00,Startup,Paid Search,PS-Brand,4
6580,2192,2026-05-07 22:00:00,Startup,Referral,REF-Customer,5
6581,2193,2025-11-28 18:58:00,SMB,Paid Search,PS-Brand,1
6582,2193,2025-11-29 15:36:00,SMB,Paid Social,META-Retargeting,2
6583,2193,2025-12-03 05:51:00,SMB,Display,DISPLAY-Retargeting,3
6584,2193,2025-12-10 22:28:00,SMB,Organic Search,SEO-Product,4
6585,2194,2026-09-20 21:45:00,SMB,Display,DISPLAY-Prospecting,1
6586,2194,2026-09-21 07:08:00,SMB,Paid Social,META-Prospecting,2
6587,2194,2026-10-04 14:23:00,SMB,Paid Social,META-Retargeting,3
6588,2195,2026-07-12 22:05:00,Freelancer,Display,DISPLAY-Retargeting,1
6589,2195,2026-07-18 04:21:00,Freelancer,Paid Search,PS-Brand,2
6590,2195,2026-07-23 16:05:00,Freelancer,Referral,REF-Partner,3
6591,2195,2026-07-25 04:58:00,Freelancer,Paid Search,PS-Brand,4
6592,2195,2026-07-28 17:24:00,Freelancer,Organic Search,SEO-Product,5
6593,2196,2026-02-22 16:41:00,SMB,Organic Search,SEO-Content,1
6594,2196,2026-02-22 23:22:00,SMB,Paid Social,META-Retargeting,2
6595,2196,2026-02-23 08:13:00,SMB,Paid Search,PS-NonBrand,3
6596,2196,2026-02-23 08:34:00,SMB,Paid Social,META-Retargeting,4
6597,2196,2026-03-04 09:50:00,SMB,Email,EMAIL-Nurture,5
6598,2197,2026-06-13 23:09:00,SMB,Paid Search,PS-NonBrand,1
6599,2197,2026-06-15 07:22:00,SMB,Email,EMAIL-Nurture,2
6600,2197,2026-06-29 21:48:00,SMB,Paid Social,META-Retargeting,3
6601,2197,2026-07-04 18:16:00,SMB,Paid Search,PS-Brand,4
6602,2197,2026-07-07 19:50:00,SMB,Organic Search,SEO-Content,5
6603,2198,2026-08-10 07:20:00,SMB,Paid Search,PS-Brand,1
6604,2198,2026-08-24 11:53:00,SMB,Paid Search,PS-NonBrand,2
6605,2199,2025-12-20 11:32:00,SMB,Paid Search,PS-NonBrand,1
6606,2200,2026-06-07 00:08:00,SMB,Display,DISPLAY-Retargeting,1
6607,2200,2026-06-16 15:22:00,SMB,Referral,REF-Partner,2
6608,2201,2026-01-21 07:52:00,Startup,Paid Search,PS-NonBrand,1
6609,2201,2026-01-26 16:31:00,Startup,Email,EMAIL-Reactivation,2
6610,2201,2026-02-06 20:20:00,Startup,Referral,REF-Partner,3
6611,2201,2026-02-10 09:23:00,Startup,Display,DISPLAY-Retargeting,4
6612,2201,2026-02-15 03:07:00,Startup,Email,EMAIL-Nurture,5
6613,2202,2026-06-23 09:50:00,Startup,Email,EMAIL-Nurture,1
6614,2202,2026-07-01 15:23:00,Startup,Referral,REF-Customer,2
6615,2202,2026-07-13 03:01:00,Startup,Organic Search,SEO-Product,3
6616,2202,2026-07-18 07:49:00,Startup,Paid Search,PS-NonBrand,4
6617,2203,2026-05-08 01:10:00,Startup,Display,DISPLAY-Retargeting,1
6618,2203,2026-05-08 21:41:00,Startup,Paid Search,PS-NonBrand,2
6619,2204,2026-06-25 06:27:00,SMB,Paid Search,PS-NonBrand,1
6620,2204,2026-06-28 02:58:00,SMB,Organic Search,SEO-Product,2
6621,2205,2026-05-22 19:41:00,SMB,Referral,REF-Partner,1
6622,2206,2026-05-30 01:30:00,Startup,Paid Search,PS-NonBrand,1
6623,2206,2026-05-30 04:39:00,Startup,Organic Search,SEO-Product,2
6624,2206,2026-06-03 08:12:00,Startup,Referral,REF-Customer,3
6625,2207,2025-11-05 01:35:00,SMB,Organic Search,SEO-Content,1
6626,2207,2025-11-19 04:50:00,SMB,Referral,REF-Customer,2
6627,2207,2025-11-19 07:41:00,SMB,Organic Search,SEO-Product,3
6628,2207,2025-11-19 09:31:00,SMB,Display,DISPLAY-Retargeting,4
6629,2207,2025-11-25 00:14:00,SMB,Paid Social,META-Retargeting,5
6630,2208,2026-08-08 18:36:00,SMB,Paid Social,META-Retargeting,1
6631,2208,2026-08-18 08:20:00,SMB,Paid Search,PS-NonBrand,2
6632,2208,2026-09-04 14:27:00,SMB,Referral,REF-Customer,3
6633,2208,2026-09-05 05:52:00,SMB,Paid Social,META-Retargeting,4
6634,2209,2025-12-02 04:16:00,SMB,Paid Social,META-Prospecting,1
6635,2209,2025-12-04 01:49:00,SMB,Display,DISPLAY-Retargeting,2
6636,2209,2025-12-15 04:57:00,SMB,Paid Search,PS-NonBrand,3
6637,2209,2025-12-28 23:41:00,SMB,Paid Search,PS-NonBrand,4
6638,2210,2026-02-27 14:35:00,Startup,Paid Social,META-Prospecting,1
6639,2210,2026-03-05 08:02:00,Startup,Email,EMAIL-Reactivation,2
6640,2210,2026-03-06 00:26:00,Startup,Referral,REF-Customer,3
6641,2210,2026-03-11 07:10:00,Startup,Paid Search,PS-Brand,4
6642,2210,2026-03-21 14:23:00,Startup,Paid Social,META-Retargeting,5
6643,2211,2026-04-09 06:05:00,SMB,Email,EMAIL-Nurture,1
6644,2211,2026-04-21 04:37:00,SMB,Paid Social,META-Retargeting,2
6645,2211,2026-04-28 14:14:00,SMB,Paid Social,META-Retargeting,3
6646,2212,2026-08-12 01:53:00,Freelancer,Paid Search,PS-NonBrand,1
6647,2212,2026-08-18 12:28:00,Freelancer,Organic Search,SEO-Product,2
6648,2213,2026-05-31 05:04:00,SMB,Organic Search,SEO-Content,1
6649,2213,2026-06-04 18:17:00,SMB,Email,EMAIL-Nurture,2
6650,2213,2026-06-09 04:48:00,SMB,Organic Search,SEO-Product,3
6651,2213,2026-06-12 01:43:00,SMB,Paid Social,META-Retargeting,4
6652,2213,2026-06-13 19:11:00,SMB,Paid Search,PS-NonBrand,5
6653,2214,2025-12-10 12:51:00,Freelancer,Organic Search,SEO-Product,1
6654,2214,2025-12-20 05:05:00,Freelancer,Paid Search,PS-NonBrand,2
6655,2214,2025-12-28 06:54:00,Freelancer,Paid Social,META-Retargeting,3
6656,2215,2026-01-19 10:53:00,SMB,Email,EMAIL-Reactivation,1
6657,2215,2026-01-21 17:43:00,SMB,Organic Search,SEO-Product,2
6658,2215,2026-01-23 13:24:00,SMB,Paid Search,PS-Brand,3
6659,2215,2026-02-11 18:48:00,SMB,Paid Social,META-Retargeting,4
6660,2216,2025-12-23 06:44:00,Startup,Email,EMAIL-Reactivation,1
6661,2216,2025-12-25 04:03:00,Startup,Paid Search,PS-NonBrand,2
6662,2216,2025-12-26 21:44:00,Startup,Paid Search,PS-NonBrand,3
6663,2217,2026-05-06 15:37:00,SMB,Organic Search,SEO-Product,1
6664,2217,2026-05-09 21:23:00,SMB,Paid Search,PS-NonBrand,2
6665,2217,2026-05-19 10:37:00,SMB,Email,EMAIL-Nurture,3
6666,2218,2026-06-22 01:42:00,Freelancer,Email,EMAIL-Nurture,1
6667,2218,2026-06-27 18:55:00,Freelancer,Paid Search,PS-Brand,2
6668,2218,2026-06-28 05:19:00,Freelancer,Organic Search,SEO-Content,3
6669,2218,2026-07-06 02:10:00,Freelancer,Email,EMAIL-Nurture,4
6670,2218,2026-07-11 15:21:00,Freelancer,Paid Search,PS-Brand,5
6671,2219,2026-06-25 03:40:00,SMB,Organic Search,SEO-Content,1
6672,2219,2026-06-29 05:13:00,SMB,Organic Search,SEO-Content,2
6673,2219,2026-07-11 05:59:00,SMB,Paid Social,META-Retargeting,3
6674,2220,2026-07-07 18:12:00,Freelancer,Email,EMAIL-Nurture,1
6675,2220,2026-07-21 18:45:00,Freelancer,Email,EMAIL-Nurture,2
6676,2221,2026-07-09 03:17:00,Startup,Referral,REF-Partner,1
6677,2222,2026-09-03 08:35:00,Startup,Referral,REF-Customer,1
6678,2222,2026-09-14 13:01:00,Startup,Organic Search,SEO-Content,2
6679,2222,2026-09-22 13:20:00,Startup,Paid Social,META-Retargeting,3
6680,2223,2026-08-29 03:35:00,SMB,Email,EMAIL-Nurture,1
6681,2223,2026-08-31 01:05:00,SMB,Paid Social,META-Prospecting,2
6682,2223,2026-09-01 08:33:00,SMB,Paid Search,PS-Brand,3
6683,2223,2026-09-19 23:01:00,SMB,Referral,REF-Partner,4
6684,2224,2026-01-10 11:26:00,SMB,Email,EMAIL-Reactivation,1
6685,2224,2026-02-04 23:34:00,SMB,Referral,REF-Customer,2
6686,2225,2026-01-27 15:38:00,Freelancer,Referral,REF-Partner,1
6687,2225,2026-02-14 17:46:00,Freelancer,Email,EMAIL-Reactivation,2
6688,2225,2026-02-18 12:57:00,Freelancer,Display,DISPLAY-Retargeting,3
6689,2226,2025-10-27 04:58:00,Freelancer,Referral,REF-Customer,1
6690,2226,2025-10-28 06:31:00,Freelancer,Email,EMAIL-Reactivation,2
6691,2226,2025-11-01 12:33:00,Freelancer,Paid Social,META-Retargeting,3
6692,2226,2025-11-10 12:28:00,Freelancer,Paid Search,PS-NonBrand,4
6693,2226,2025-11-13 05:18:00,Freelancer,Organic Search,SEO-Content,5
6694,2227,2026-01-12 06:41:00,SMB,Paid Search,PS-NonBrand,1
6695,2228,2026-04-07 23:15:00,SMB,Paid Search,PS-NonBrand,1
6696,2228,2026-04-11 09:07:00,SMB,Paid Search,PS-Brand,2
6697,2228,2026-04-11 22:56:00,SMB,Organic Search,SEO-Content,3
6698,2228,2026-04-15 02:54:00,SMB,Email,EMAIL-Nurture,4
6699,2228,2026-04-17 04:28:00,SMB,Organic Search,SEO-Content,5
6700,2229,2026-06-02 09:50:00,SMB,Email,EMAIL-Reactivation,1
6701,2229,2026-06-13 11:52:00,SMB,Paid Social,META-Retargeting,2
6702,2229,2026-06-19 08:29:00,SMB,Email,EMAIL-Nurture,3
6703,2229,2026-06-22 09:16:00,SMB,Paid Search,PS-Brand,4
6704,2230,2026-08-23 22:48:00,SMB,Email,EMAIL-Reactivation,1
6705,2230,2026-08-31 20:51:00,SMB,Display,DISPLAY-Retargeting,2
6706,2230,2026-09-10 12:33:00,SMB,Paid Search,PS-Brand,3
6707,2231,2026-05-09 07:38:00,SMB,Email,EMAIL-Reactivation,1
6708,2232,2026-10-15 07:30:00,Freelancer,Paid Search,PS-Brand,1
6709,2233,2026-05-07 06:04:00,SMB,Organic Search,SEO-Content,1
6710,2234,2026-08-17 03:55:00,Freelancer,Paid Search,PS-NonBrand,1
6711,2234,2026-09-01 02:29:00,Freelancer,Paid Social,META-Retargeting,2
6712,2234,2026-09-02 20:12:00,Freelancer,Paid Social,META-Retargeting,3
6713,2234,2026-09-08 10:19:00,Freelancer,Email,EMAIL-Reactivation,4
6714,2235,2026-07-24 14:56:00,Freelancer,Organic Search,SEO-Product,1
6715,2235,2026-08-02 11:53:00,Freelancer,Organic Search,SEO-Product,2
6716,2235,2026-08-08 23:05:00,Freelancer,Paid Social,META-Retargeting,3
6717,2235,2026-08-11 09:42:00,Freelancer,Paid Search,PS-Brand,4
6718,2235,2026-08-15 12:24:00,Freelancer,Display,DISPLAY-Prospecting,5
6719,2236,2026-03-30 05:20:00,SMB,Email,EMAIL-Reactivation,1
6720,2236,2026-03-31 03:54:00,SMB,Email,EMAIL-Reactivation,2
6721,2236,2026-04-10 16:29:00,SMB,Paid Search,PS-NonBrand,3
6722,2236,2026-04-12 07:13:00,SMB,Email,EMAIL-Nurture,4
6723,2236,2026-04-14 03:47:00,SMB,Paid Social,META-Retargeting,5
6724,2237,2026-08-15 17:04:00,SMB,Display,DISPLAY-Retargeting,1
6725,2237,2026-08-16 19:38:00,SMB,Referral,REF-Customer,2
6726,2237,2026-08-23 16:23:00,SMB,Paid Search,PS-NonBrand,3
6727,2238,2026-08-14 20:37:00,Startup,Referral,REF-Customer,1
6728,2238,2026-08-26 02:28:00,Startup,Paid Search,PS-NonBrand,2
6729,2238,2026-08-31 11:39:00,Startup,Organic Search,SEO-Product,3
6730,2238,2026-09-01 17:47:00,Startup,Display,DISPLAY-Retargeting,4
6731,2239,2026-02-10 02:51:00,SMB,Organic Search,SEO-Content,1
6732,2239,2026-02-10 05:23:00,SMB,Paid Search,PS-Brand,2
6733,2240,2026-01-01 04:13:00,Startup,Paid Social,META-Prospecting,1
6734,2240,2026-01-13 13:34:00,Startup,Email,EMAIL-Nurture,2
6735,2240,2026-01-15 18:22:00,Startup,Email,EMAIL-Nurture,3
6736,2241,2025-11-30 23:20:00,Startup,Referral,REF-Customer,1
6737,2242,2026-09-06 21:38:00,SMB,Organic Search,SEO-Content,1
6738,2242,2026-09-19 08:40:00,SMB,Paid Social,META-Retargeting,2
6739,2242,2026-09-24 08:05:00,SMB,Paid Social,META-Retargeting,3
6740,2242,2026-09-26 21:27:00,SMB,Paid Search,PS-NonBrand,4
6741,2242,2026-10-01 03:57:00,SMB,Paid Search,PS-Brand,5
6742,2243,2026-03-13 10:55:00,Freelancer,Paid Search,PS-NonBrand,1
6743,2243,2026-03-15 15:55:00,Freelancer,Paid Search,PS-Brand,2
6744,2243,2026-03-30 18:47:00,Freelancer,Email,EMAIL-Nurture,3
6745,2243,2026-04-04 23:11:00,Freelancer,Paid Search,PS-Brand,4
6746,2244,2026-05-03 18:53:00,SMB,Referral,REF-Customer,1
6747,2244,2026-05-05 21:29:00,SMB,Paid Social,META-Retargeting,2
6748,2244,2026-05-11 00:56:00,SMB,Referral,REF-Customer,3
6749,2244,2026-05-16 11:18:00,SMB,Referral,REF-Partner,4
6750,2244,2026-05-22 22:57:00,SMB,Paid Social,META-Retargeting,5
6751,2245,2026-01-13 20:44:00,SMB,Paid Search,PS-NonBrand,1
6752,2245,2026-02-03 20:54:00,SMB,Paid Search,PS-Brand,2
6753,2246,2026-02-27 03:35:00,Freelancer,Paid Search,PS-NonBrand,1
6754,2247,2026-02-28 07:40:00,SMB,Referral,REF-Partner,1
6755,2247,2026-03-04 02:31:00,SMB,Display,DISPLAY-Retargeting,2
6756,2248,2026-05-07 04:33:00,SMB,Referral,REF-Partner,1
6757,2248,2026-05-09 05:36:00,SMB,Email,EMAIL-Reactivation,2
6758,2248,2026-05-12 16:03:00,SMB,Organic Search,SEO-Content,3
6759,2248,2026-05-16 00:32:00,SMB,Paid Social,META-Retargeting,4
6760,2249,2025-12-12 22:07:00,SMB,Paid Search,PS-Brand,1
6761,2249,2025-12-20 01:42:00,SMB,Email,EMAIL-Nurture,2
6762,2249,2025-12-20 02:53:00,SMB,Paid Social,META-Retargeting,3
6763,2249,2025-12-21 01:33:00,SMB,Email,EMAIL-Reactivation,4
6764,2249,2025-12-26 06:01:00,SMB,Referral,REF-Customer,5
6765,2250,2026-08-05 17:31:00,SMB,Paid Search,PS-NonBrand,1
6766,2251,2026-03-02 22:32:00,SMB,Email,EMAIL-Nurture,1
6767,2252,2026-01-01 19:58:00,Startup,Organic Search,SEO-Product,1
6768,2252,2026-01-04 07:50:00,Startup,Paid Search,PS-Brand,2
6769,2252,2026-01-22 19:01:00,Startup,Organic Search,SEO-Content,3
6770,2253,2025-10-09 03:29:00,SMB,Paid Search,PS-NonBrand,1
6771,2253,2025-10-10 10:02:00,SMB,Organic Search,SEO-Product,2
6772,2253,2025-10-18 05:48:00,SMB,Paid Social,META-Prospecting,3
6773,2253,2025-11-01 01:52:00,SMB,Paid Search,PS-NonBrand,4
6774,2253,2025-11-01 17:21:00,SMB,Paid Search,PS-NonBrand,5
6775,2254,2025-11-20 07:44:00,Startup,Display,DISPLAY-Prospecting,1
6776,2254,2025-11-25 13:02:00,Startup,Paid Search,PS-NonBrand,2
6777,2254,2025-12-01 04:10:00,Startup,Display,DISPLAY-Retargeting,3
6778,2254,2025-12-03 10:13:00,Startup,Paid Social,META-Retargeting,4
6779,2255,2026-01-12 07:42:00,SMB,Referral,REF-Partner,1
6780,2255,2026-01-22 14:14:00,SMB,Display,DISPLAY-Prospecting,2
6781,2255,2026-01-24 21:38:00,SMB,Paid Search,PS-NonBrand,3
6782,2255,2026-01-28 03:51:00,SMB,Paid Social,META-Prospecting,4
6783,2255,2026-02-03 08:23:00,SMB,Email,EMAIL-Reactivation,5
6784,2256,2026-07-17 15:59:00,SMB,Paid Social,META-Retargeting,1
6785,2257,2026-08-11 13:28:00,Freelancer,Paid Social,META-Retargeting,1
6786,2257,2026-08-14 15:09:00,Freelancer,Organic Search,SEO-Content,2
6787,2258,2026-09-18 06:10:00,Startup,Referral,REF-Partner,1
6788,2258,2026-10-04 03:51:00,Startup,Paid Search,PS-Brand,2
6789,2258,2026-10-07 06:53:00,Startup,Referral,REF-Customer,3
6790,2259,2026-01-21 10:35:00,Startup,Paid Search,PS-Brand,1
6791,2259,2026-01-31 07:16:00,Startup,Referral,REF-Customer,2
6792,2259,2026-02-02 10:53:00,Startup,Referral,REF-Customer,3
6793,2259,2026-02-07 22:46:00,Startup,Paid Search,PS-Brand,4
6794,2259,2026-02-15 14:03:00,Startup,Paid Social,META-Retargeting,5
6795,2260,2026-06-03 12:01:00,SMB,Organic Search,SEO-Product,1
6796,2261,2026-01-13 01:54:00,Startup,Display,DISPLAY-Prospecting,1
6797,2261,2026-01-25 06:21:00,Startup,Organic Search,SEO-Product,2
6798,2262,2025-12-14 21:55:00,Freelancer,Paid Search,PS-NonBrand,1
6799,2263,2026-04-30 09:52:00,Freelancer,Referral,REF-Customer,1
6800,2263,2026-05-04 12:47:00,Freelancer,Paid Social,META-Retargeting,2
6801,2263,2026-05-05 06:16:00,Freelancer,Display,DISPLAY-Retargeting,3
6802,2264,2026-05-31 18:28:00,Startup,Display,DISPLAY-Retargeting,1
6803,2264,2026-06-07 22:56:00,Startup,Paid Social,META-Retargeting,2
6804,2264,2026-06-17 06:39:00,Startup,Organic Search,SEO-Content,3
6805,2265,2026-07-11 05:29:00,SMB,Email,EMAIL-Nurture,1
6806,2265,2026-07-14 10:30:00,SMB,Referral,REF-Partner,2
6807,2266,2025-11-29 11:19:00,SMB,Paid Search,PS-NonBrand,1
6808,2267,2026-07-06 22:35:00,SMB,Referral,REF-Customer,1
6809,2267,2026-07-24 23:07:00,SMB,Paid Search,PS-Brand,2
6810,2268,2026-01-31 13:49:00,SMB,Paid Social,META-Retargeting,1
6811,2268,2026-02-08 07:09:00,SMB,Email,EMAIL-Reactivation,2
6812,2268,2026-02-14 12:35:00,SMB,Organic Search,SEO-Product,3
6813,2269,2026-01-18 04:18:00,SMB,Display,DISPLAY-Prospecting,1
6814,2269,2026-01-28 06:43:00,SMB,Email,EMAIL-Nurture,2
6815,2269,2026-01-31 19:26:00,SMB,Paid Search,PS-Brand,3
6816,2269,2026-02-01 15:40:00,SMB,Referral,REF-Customer,4
6817,2269,2026-02-05 08:16:00,SMB,Display,DISPLAY-Prospecting,5
6818,2270,2025-10-16 20:01:00,SMB,Email,EMAIL-Nurture,1
6819,2270,2025-10-25 12:35:00,SMB,Paid Social,META-Retargeting,2
6820,2270,2025-10-25 20:26:00,SMB,Email,EMAIL-Reactivation,3
6821,2270,2025-11-03 18:44:00,SMB,Paid Search,PS-Brand,4
6822,2271,2025-12-19 14:31:00,SMB,Paid Social,META-Retargeting,1
6823,2271,2025-12-28 09:47:00,SMB,Display,DISPLAY-Retargeting,2
6824,2271,2025-12-28 13:35:00,SMB,Paid Social,META-Retargeting,3
6825,2272,2026-04-12 23:13:00,Startup,Organic Search,SEO-Product,1
6826,2273,2025-12-15 14:40:00,Startup,Email,EMAIL-Nurture,1
6827,2273,2026-01-01 09:20:00,Startup,Paid Social,META-Retargeting,2
6828,2273,2026-01-02 04:29:00,Startup,Email,EMAIL-Nurture,3
6829,2274,2026-01-30 07:07:00,Startup,Email,EMAIL-Reactivation,1
6830,2274,2026-01-30 09:48:00,Startup,Paid Search,PS-Brand,2
6831,2274,2026-02-01 04:53:00,Startup,Email,EMAIL-Reactivation,3
6832,2275,2026-04-14 18:51:00,SMB,Paid Social,META-Retargeting,1
6833,2275,2026-04-24 07:17:00,SMB,Organic Search,SEO-Product,2
6834,2275,2026-04-24 22:12:00,SMB,Display,DISPLAY-Retargeting,3
6835,2275,2026-05-02 07:01:00,SMB,Paid Search,PS-NonBrand,4
6836,2276,2025-11-12 10:45:00,Startup,Paid Social,META-Prospecting,1
6837,2277,2026-08-22 08:05:00,Freelancer,Organic Search,SEO-Content,1
6838,2277,2026-08-31 17:31:00,Freelancer,Paid Search,PS-Brand,2
6839,2277,2026-09-02 10:38:00,Freelancer,Organic Search,SEO-Content,3
6840,2277,2026-09-10 23:15:00,Freelancer,Paid Social,META-Prospecting,4
6841,2278,2026-02-02 13:29:00,SMB,Paid Social,META-Prospecting,1
6842,2278,2026-02-05 16:44:00,SMB,Paid Search,PS-NonBrand,2
6843,2278,2026-02-06 04:33:00,SMB,Paid Search,PS-Brand,3
6844,2278,2026-02-08 08:15:00,SMB,Paid Social,META-Retargeting,4
6845,2278,2026-02-17 22:03:00,SMB,Organic Search,SEO-Product,5
6846,2279,2026-07-08 23:12:00,Freelancer,Display,DISPLAY-Retargeting,1
6847,2279,2026-07-10 21:29:00,Freelancer,Paid Social,META-Retargeting,2
6848,2279,2026-07-17 08:19:00,Freelancer,Paid Social,META-Retargeting,3
6849,2279,2026-07-26 20:43:00,Freelancer,Email,EMAIL-Nurture,4
6850,2279,2026-07-29 00:44:00,Freelancer,Display,DISPLAY-Prospecting,5
6851,2280,2026-05-31 05:34:00,SMB,Paid Search,PS-Brand,1
6852,2280,2026-06-04 10:17:00,SMB,Paid Social,META-Retargeting,2
6853,2280,2026-06-12 00:34:00,SMB,Paid Search,PS-Brand,3
6854,2280,2026-06-19 19:33:00,SMB,Paid Search,PS-Brand,4
6855,2280,2026-06-20 11:42:00,SMB,Organic Search,SEO-Content,5
6856,2281,2026-07-21 06:20:00,Startup,Paid Search,PS-NonBrand,1
6857,2281,2026-07-26 12:51:00,Startup,Email,EMAIL-Nurture,2
6858,2282,2026-01-25 00:22:00,Startup,Display,DISPLAY-Prospecting,1
6859,2283,2025-12-10 06:00:00,Startup,Paid Search,PS-Brand,1
6860,2283,2025-12-14 12:49:00,Startup,Paid Social,META-Prospecting,2
6861,2283,2025-12-21 17:07:00,Startup,Referral,REF-Customer,3
6862,2283,2025-12-26 01:00:00,Startup,Paid Search,PS-Brand,4
6863,2284,2025-12-02 10:03:00,Freelancer,Organic Search,SEO-Content,1
6864,2284,2025-12-18 02:31:00,Freelancer,Email,EMAIL-Nurture,2
6865,2284,2025-12-18 05:12:00,Freelancer,Referral,REF-Customer,3
6866,2285,2026-01-04 11:34:00,SMB,Referral,REF-Customer,1
6867,2286,2026-04-20 12:50:00,Startup,Organic Search,SEO-Product,1
6868,2286,2026-04-20 19:56:00,Startup,Email,EMAIL-Reactivation,2
6869,2286,2026-04-29 05:30:00,Startup,Paid Social,META-Retargeting,3
6870,2286,2026-04-30 05:14:00,Startup,Paid Search,PS-Brand,4
6871,2286,2026-05-04 16:45:00,Startup,Email,EMAIL-Nurture,5
6872,2287,2026-05-28 19:17:00,Freelancer,Paid Social,META-Prospecting,1
6873,2287,2026-06-02 20:02:00,Freelancer,Paid Search,PS-Brand,2
6874,2287,2026-06-07 07:28:00,Freelancer,Paid Search,PS-Brand,3
6875,2288,2026-07-06 11:29:00,Startup,Organic Search,SEO-Content,1
6876,2288,2026-07-09 12:11:00,Startup,Paid Search,PS-NonBrand,2
6877,2288,2026-07-20 20:52:00,Startup,Organic Search,SEO-Product,3
6878,2288,2026-07-23 15:07:00,Startup,Organic Search,SEO-Product,4
6879,2289,2026-09-22 01:57:00,SMB,Paid Social,META-Prospecting,1
6880,2289,2026-09-22 14:40:00,SMB,Organic Search,SEO-Content,2
6881,2289,2026-10-12 06:16:00,SMB,Paid Search,PS-Brand,3
6882,2289,2026-10-15 15:46:00,SMB,Referral,REF-Customer,4
6883,2290,2026-08-07 04:58:00,SMB,Organic Search,SEO-Product,1
6884,2290,2026-08-13 05:19:00,SMB,Paid Social,META-Retargeting,2
6885,2290,2026-08-13 21:57:00,SMB,Paid Search,PS-Brand,3
6886,2290,2026-08-15 13:53:00,SMB,Paid Search,PS-NonBrand,4
6887,2290,2026-08-27 16:34:00,SMB,Paid Social,META-Prospecting,5
6888,2291,2026-02-10 06:46:00,Freelancer,Organic Search,SEO-Product,1
6889,2291,2026-02-10 20:12:00,Freelancer,Paid Search,PS-Brand,2
6890,2291,2026-02-11 09:54:00,Freelancer,Paid Social,META-Prospecting,3
6891,2291,2026-02-16 05:58:00,Freelancer,Email,EMAIL-Nurture,4
6892,2291,2026-02-21 07:08:00,Freelancer,Organic Search,SEO-Content,5
6893,2292,2026-04-07 03:42:00,Startup,Referral,REF-Partner,1
6894,2292,2026-04-09 06:04:00,Startup,Organic Search,SEO-Product,2
6895,2292,2026-04-18 21:01:00,Startup,Display,DISPLAY-Retargeting,3
6896,2293,2026-10-07 01:02:00,Freelancer,Paid Social,META-Retargeting,1
6897,2294,2026-07-08 04:15:00,SMB,Referral,REF-Partner,1
6898,2294,2026-07-12 06:26:00,SMB,Display,DISPLAY-Retargeting,2
6899,2295,2026-03-10 13:16:00,Startup,Paid Social,META-Retargeting,1
6900,2296,2026-08-02 20:39:00,Startup,Organic Search,SEO-Content,1
6901,2296,2026-08-10 05:38:00,Startup,Organic Search,SEO-Content,2
6902,2296,2026-08-10 20:58:00,Startup,Display,DISPLAY-Retargeting,3
6903,2297,2025-12-10 15:43:00,Freelancer,Paid Search,PS-Brand,1
6904,2297,2025-12-15 06:06:00,Freelancer,Paid Social,META-Prospecting,2
6905,2298,2026-06-04 10:44:00,Startup,Paid Social,META-Retargeting,1
6906,2298,2026-06-12 10:33:00,Startup,Email,EMAIL-Nurture,2
6907,2298,2026-06-26 11:37:00,Startup,Organic Search,SEO-Product,3
6908,2298,2026-07-01 10:24:00,Startup,Organic Search,SEO-Content,4
6909,2299,2026-09-28 06:35:00,SMB,Paid Search,PS-Brand,1
6910,2299,2026-10-04 16:26:00,SMB,Paid Search,PS-NonBrand,2
6911,2299,2026-10-09 15:38:00,SMB,Paid Social,META-Prospecting,3
6912,2300,2026-04-29 04:29:00,Startup,Paid Social,META-Prospecting,1
6913,2300,2026-05-01 18:34:00,Startup,Referral,REF-Partner,2
6914,2300,2026-05-06 01:14:00,Startup,Email,EMAIL-Nurture,3
6915,2301,2026-05-16 02:35:00,Startup,Email,EMAIL-Reactivation,1
6916,2301,2026-05-17 16:05:00,Startup,Paid Search,PS-NonBrand,2
6917,2301,2026-05-29 22:03:00,Startup,Paid Social,META-Prospecting,3
6918,2301,2026-06-02 15:51:00,Startup,Paid Search,PS-NonBrand,4
6919,2301,2026-06-02 18:02:00,Startup,Email,EMAIL-Reactivation,5
6920,2302,2025-10-27 03:46:00,SMB,Email,EMAIL-Reactivation,1
6921,2302,2025-10-27 10:40:00,SMB,Organic Search,SEO-Content,2
6922,2302,2025-10-27 12:09:00,SMB,Paid Search,PS-Brand,3
6923,2302,2025-11-20 23:37:00,SMB,Paid Social,META-Retargeting,4
6924,2303,2026-05-30 16:57:00,SMB,Paid Social,META-Prospecting,1
6925,2303,2026-05-30 18:52:00,SMB,Email,EMAIL-Nurture,2
6926,2304,2026-01-24 06:26:00,Freelancer,Email,EMAIL-Reactivation,1
6927,2304,2026-01-26 13:53:00,Freelancer,Paid Search,PS-Brand,2
6928,2304,2026-01-30 09:41:00,Freelancer,Email,EMAIL-Nurture,3
6929,2304,2026-01-31 19:05:00,Freelancer,Email,EMAIL-Nurture,4
6930,2305,2026-09-29 06:24:00,SMB,Paid Social,META-Retargeting,1
6931,2305,2026-10-05 23:32:00,SMB,Email,EMAIL-Reactivation,2
6932,2305,2026-10-09 12:51:00,SMB,Display,DISPLAY-Retargeting,3
6933,2305,2026-10-12 20:05:00,SMB,Organic Search,SEO-Product,4
6934,2306,2026-02-05 01:03:00,SMB,Paid Search,PS-Brand,1
6935,2306,2026-02-09 18:12:00,SMB,Paid Social,META-Retargeting,2
6936,2307,2026-01-29 13:46:00,Startup,Paid Social,META-Retargeting,1
6937,2307,2026-02-01 23:30:00,Startup,Paid Search,PS-NonBrand,2
6938,2307,2026-02-16 19:16:00,Startup,Email,EMAIL-Nurture,3
6939,2308,2026-03-01 23:23:00,Freelancer,Organic Search,SEO-Content,1
6940,2308,2026-03-14 01:38:00,Freelancer,Paid Social,META-Prospecting,2
6941,2308,2026-03-19 01:40:00,Freelancer,Paid Search,PS-Brand,3
6942,2309,2026-06-19 06:21:00,Startup,Email,EMAIL-Nurture,1
6943,2309,2026-07-03 19:01:00,Startup,Organic Search,SEO-Content,2
6944,2309,2026-07-08 05:15:00,Startup,Paid Search,PS-Brand,3
6945,2310,2026-09-24 17:48:00,SMB,Paid Search,PS-NonBrand,1
6946,2310,2026-10-09 13:50:00,SMB,Paid Search,PS-NonBrand,2
6947,2311,2026-02-07 14:14:00,SMB,Paid Search,PS-Brand,1
6948,2311,2026-02-09 02:16:00,SMB,Paid Social,META-Retargeting,2
6949,2311,2026-02-12 16:34:00,SMB,Paid Social,META-Retargeting,3
6950,2312,2025-12-25 02:27:00,SMB,Paid Search,PS-NonBrand,1
6951,2312,2026-01-14 05:26:00,SMB,Referral,REF-Partner,2
6952,2313,2026-07-12 05:28:00,SMB,Paid Social,META-Retargeting,1
6953,2313,2026-07-24 03:08:00,SMB,Paid Search,PS-NonBrand,2
6954,2313,2026-07-29 14:22:00,SMB,Referral,REF-Partner,3
6955,2313,2026-08-03 04:45:00,SMB,Paid Social,META-Retargeting,4
6956,2313,2026-08-03 15:08:00,SMB,Email,EMAIL-Reactivation,5
6957,2314,2026-04-24 00:54:00,Startup,Paid Search,PS-NonBrand,1
6958,2314,2026-04-25 18:01:00,Startup,Paid Search,PS-NonBrand,2
6959,2314,2026-05-02 10:30:00,Startup,Paid Social,META-Retargeting,3
6960,2314,2026-05-07 20:14:00,Startup,Organic Search,SEO-Product,4
6961,2314,2026-05-12 06:06:00,Startup,Paid Social,META-Retargeting,5
6962,2315,2026-03-15 07:15:00,SMB,Paid Social,META-Retargeting,1
6963,2315,2026-03-17 13:06:00,SMB,Organic Search,SEO-Content,2
6964,2315,2026-03-30 06:53:00,SMB,Organic Search,SEO-Content,3
6965,2315,2026-04-09 19:36:00,SMB,Organic Search,SEO-Content,4
6966,2315,2026-04-10 09:52:00,SMB,Paid Social,META-Retargeting,5
6967,2316,2026-10-13 11:32:00,SMB,Paid Search,PS-NonBrand,1
6968,2316,2026-10-24 19:10:00,SMB,Referral,REF-Customer,2
6969,2317,2026-04-27 04:01:00,Freelancer,Email,EMAIL-Reactivation,1
6970,2318,2026-05-14 12:29:00,SMB,Paid Social,META-Prospecting,1
6971,2318,2026-05-15 04:55:00,SMB,Paid Search,PS-Brand,2
6972,2318,2026-05-29 11:18:00,SMB,Paid Search,PS-Brand,3
6973,2318,2026-06-06 04:48:00,SMB,Paid Social,META-Prospecting,4
6974,2319,2026-09-24 18:03:00,SMB,Paid Social,META-Prospecting,1
6975,2319,2026-10-02 05:01:00,SMB,Paid Search,PS-NonBrand,2
6976,2319,2026-10-03 03:23:00,SMB,Referral,REF-Partner,3
6977,2320,2026-01-03 13:31:00,SMB,Organic Search,SEO-Content,1
6978,2320,2026-01-04 22:28:00,SMB,Paid Search,PS-Brand,2
6979,2320,2026-01-08 17:46:00,SMB,Paid Search,PS-Brand,3
6980,2321,2026-09-14 14:48:00,SMB,Paid Search,PS-Brand,1
6981,2321,2026-09-21 03:22:00,SMB,Referral,REF-Customer,2
6982,2321,2026-09-23 17:44:00,SMB,Referral,REF-Customer,3
6983,2322,2026-10-07 16:01:00,SMB,Organic Search,SEO-Content,1
6984,2323,2026-04-02 21:38:00,Freelancer,Email,EMAIL-Reactivation,1
6985,2323,2026-04-04 01:10:00,Freelancer,Paid Search,PS-Brand,2
6986,2323,2026-04-04 02:54:00,Freelancer,Paid Search,PS-NonBrand,3
6987,2324,2026-02-15 02:24:00,Freelancer,Paid Social,META-Prospecting,1
6988,2324,2026-02-17 13:45:00,Freelancer,Email,EMAIL-Nurture,2
6989,2325,2025-12-25 20:22:00,Startup,Paid Search,PS-NonBrand,1
6990,2326,2025-10-19 07:55:00,Startup,Paid Search,PS-Brand,1
6991,2326,2025-10-24 00:52:00,Startup,Email,EMAIL-Nurture,2
6992,2326,2025-10-26 18:29:00,Startup,Paid Search,PS-NonBrand,3
6993,2327,2026-10-06 19:19:00,SMB,Paid Search,PS-Brand,1
6994,2327,2026-10-10 23:48:00,SMB,Paid Social,META-Prospecting,2
6995,2328,2026-03-09 05:44:00,Freelancer,Email,EMAIL-Reactivation,1
6996,2328,2026-03-20 16:06:00,Freelancer,Paid Search,PS-NonBrand,2
6997,2328,2026-03-25 14:28:00,Freelancer,Paid Social,META-Retargeting,3
6998,2329,2026-06-11 22:40:00,SMB,Paid Social,META-Retargeting,1
6999,2329,2026-06-23 04:56:00,SMB,Organic Search,SEO-Product,2
7000,2330,2025-12-31 19:46:00,SMB,Paid Search,PS-Brand,1
7001,2330,2026-01-04 20:11:00,SMB,Referral,REF-Customer,2
7002,2330,2026-01-04 23:16:00,SMB,Paid Search,PS-NonBrand,3
7003,2330,2026-01-19 00:21:00,SMB,Paid Social,META-Retargeting,4
7004,2330,2026-01-19 20:30:00,SMB,Paid Social,META-Prospecting,5
7005,2331,2026-01-31 03:31:00,SMB,Email,EMAIL-Nurture,1
7006,2331,2026-02-07 05:09:00,SMB,Organic Search,SEO-Product,2
7007,2331,2026-02-13 09:26:00,SMB,Paid Search,PS-NonBrand,3
7008,2331,2026-02-15 03:35:00,SMB,Referral,REF-Customer,4
7009,2332,2026-08-04 11:38:00,Startup,Paid Search,PS-Brand,1
7010,2332,2026-08-05 17:03:00,Startup,Paid Search,PS-Brand,2
7011,2332,2026-08-06 10:47:00,Startup,Paid Search,PS-Brand,3
7012,2332,2026-08-15 08:07:00,Startup,Referral,REF-Customer,4
7013,2333,2026-05-30 00:20:00,SMB,Paid Search,PS-NonBrand,1
7014,2333,2026-05-30 01:54:00,SMB,Display,DISPLAY-Retargeting,2
7015,2333,2026-06-17 03:40:00,SMB,Referral,REF-Partner,3
7016,2333,2026-06-19 01:54:00,SMB,Organic Search,SEO-Product,4
7017,2333,2026-06-20 06:26:00,SMB,Email,EMAIL-Nurture,5
7018,2334,2025-12-22 21:05:00,SMB,Organic Search,SEO-Product,1
7019,2334,2026-01-17 05:20:00,SMB,Referral,REF-Partner,2
7020,2335,2025-10-20 05:17:00,SMB,Paid Social,META-Retargeting,1
7021,2335,2025-10-20 12:04:00,SMB,Display,DISPLAY-Prospecting,2
7022,2335,2025-10-23 00:01:00,SMB,Paid Social,META-Retargeting,3
7023,2335,2025-10-24 06:49:00,SMB,Organic Search,SEO-Content,4
7024,2336,2026-08-01 14:31:00,SMB,Organic Search,SEO-Product,1
7025,2336,2026-08-09 07:20:00,SMB,Email,EMAIL-Nurture,2
7026,2336,2026-08-20 01:23:00,SMB,Display,DISPLAY-Retargeting,3
7027,2337,2025-11-08 07:27:00,SMB,Email,EMAIL-Nurture,1
7028,2337,2025-11-20 02:33:00,SMB,Paid Social,META-Retargeting,2
7029,2338,2025-10-29 14:03:00,Startup,Paid Social,META-Prospecting,1
7030,2338,2025-10-30 09:24:00,Startup,Display,DISPLAY-Retargeting,2
7031,2338,2025-11-11 13:42:00,Startup,Organic Search,SEO-Content,3
7032,2339,2026-01-19 17:17:00,SMB,Email,EMAIL-Reactivation,1
7033,2339,2026-02-08 10:10:00,SMB,Paid Social,META-Retargeting,2
7034,2339,2026-02-12 03:28:00,SMB,Paid Social,META-Retargeting,3
7035,2339,2026-02-13 07:55:00,SMB,Organic Search,SEO-Content,4
7036,2339,2026-02-15 14:24:00,SMB,Paid Search,PS-Brand,5
7037,2340,2026-09-23 06:09:00,Startup,Organic Search,SEO-Content,1
7038,2340,2026-10-02 16:45:00,Startup,Paid Search,PS-NonBrand,2
7039,2341,2026-06-02 12:50:00,SMB,Referral,REF-Customer,1
7040,2341,2026-06-14 00:57:00,SMB,Display,DISPLAY-Retargeting,2
7041,2341,2026-06-18 07:55:00,SMB,Display,DISPLAY-Retargeting,3
7042,2341,2026-06-21 22:20:00,SMB,Referral,REF-Customer,4
7043,2342,2025-11-05 00:10:00,SMB,Paid Search,PS-Brand,1
7044,2342,2025-11-06 14:25:00,SMB,Paid Search,PS-NonBrand,2
7045,2343,2026-09-02 08:26:00,Startup,Paid Search,PS-NonBrand,1
7046,2343,2026-09-07 01:39:00,Startup,Paid Search,PS-Brand,2
7047,2343,2026-09-10 23:06:00,Startup,Paid Social,META-Retargeting,3
7048,2343,2026-09-21 17:21:00,Startup,Display,DISPLAY-Retargeting,4
7049,2344,2026-09-12 23:47:00,Startup,Display,DISPLAY-Retargeting,1
7050,2345,2026-06-18 15:16:00,SMB,Paid Search,PS-Brand,1
7051,2346,2025-11-06 00:52:00,Startup,Referral,REF-Customer,1
7052,2346,2025-11-12 11:45:00,Startup,Paid Search,PS-NonBrand,2
7053,2346,2025-11-21 01:39:00,Startup,Referral,REF-Customer,3
7054,2347,2025-10-10 09:51:00,Startup,Paid Search,PS-Brand,1
7055,2347,2025-10-25 00:42:00,Startup,Paid Social,META-Retargeting,2
7056,2347,2025-10-26 12:45:00,Startup,Paid Search,PS-NonBrand,3
7057,2347,2025-11-03 17:29:00,Startup,Paid Search,PS-NonBrand,4
7058,2348,2026-08-20 09:41:00,SMB,Organic Search,SEO-Content,1
7059,2348,2026-08-28 18:26:00,SMB,Paid Search,PS-Brand,2
7060,2348,2026-09-09 21:01:00,SMB,Paid Social,META-Retargeting,3
7061,2349,2026-08-06 21:36:00,Startup,Organic Search,SEO-Content,1
7062,2349,2026-08-19 03:15:00,Startup,Email,EMAIL-Nurture,2
7063,2350,2026-08-01 00:06:00,SMB,Paid Search,PS-NonBrand,1
7064,2350,2026-08-22 03:47:00,SMB,Display,DISPLAY-Prospecting,2
7065,2350,2026-08-23 21:26:00,SMB,Paid Search,PS-Brand,3
7066,2350,2026-08-25 19:08:00,SMB,Paid Social,META-Retargeting,4
7067,2351,2026-04-06 07:48:00,Freelancer,Paid Social,META-Retargeting,1
7068,2351,2026-04-09 23:12:00,Freelancer,Paid Search,PS-NonBrand,2
7069,2351,2026-04-18 11:30:00,Freelancer,Email,EMAIL-Reactivation,3
7070,2352,2026-05-13 21:36:00,SMB,Organic Search,SEO-Product,1
7071,2352,2026-05-14 02:54:00,SMB,Paid Search,PS-NonBrand,2
7072,2352,2026-05-19 05:28:00,SMB,Paid Search,PS-NonBrand,3
7073,2352,2026-05-22 13:09:00,SMB,Organic Search,SEO-Product,4
7074,2352,2026-06-03 04:33:00,SMB,Display,DISPLAY-Retargeting,5
7075,2353,2025-12-13 04:13:00,Freelancer,Paid Search,PS-Brand,1
7076,2353,2025-12-24 13:26:00,Freelancer,Paid Social,META-Prospecting,2
7077,2353,2025-12-26 15:28:00,Freelancer,Referral,REF-Customer,3
7078,2354,2025-10-16 03:23:00,Startup,Paid Social,META-Prospecting,1
7079,2354,2025-10-19 20:33:00,Startup,Paid Social,META-Retargeting,2
7080,2354,2025-10-30 03:49:00,Startup,Email,EMAIL-Nurture,3
7081,2354,2025-11-06 22:29:00,Startup,Paid Social,META-Retargeting,4
7082,2354,2025-11-11 18:42:00,Startup,Referral,REF-Partner,5
7083,2355,2026-01-08 18:58:00,Startup,Display,DISPLAY-Prospecting,1
7084,2355,2026-01-17 10:00:00,Startup,Display,DISPLAY-Retargeting,2
7085,2356,2026-06-09 08:11:00,SMB,Paid Social,META-Retargeting,1
7086,2357,2026-02-24 16:46:00,Startup,Paid Social,META-Retargeting,1
7087,2357,2026-02-25 11:44:00,Startup,Display,DISPLAY-Retargeting,2
7088,2357,2026-03-23 19:41:00,Startup,Referral,REF-Customer,3
7089,2358,2026-05-21 20:06:00,SMB,Email,EMAIL-Nurture,1
7090,2358,2026-05-23 02:04:00,SMB,Paid Social,META-Retargeting,2
7091,2359,2026-03-18 04:02:00,SMB,Paid Social,META-Retargeting,1
7092,2360,2026-05-01 12:02:00,SMB,Referral,REF-Customer,1
7093,2360,2026-05-05 23:46:00,SMB,Paid Social,META-Prospecting,2
7094,2360,2026-05-13 10:48:00,SMB,Organic Search,SEO-Product,3
7095,2360,2026-05-15 08:59:00,SMB,Referral,REF-Partner,4
7096,2361,2026-09-21 20:18:00,Startup,Organic Search,SEO-Content,1
7097,2361,2026-10-06 12:55:00,Startup,Organic Search,SEO-Content,2
7098,2362,2026-06-05 21:38:00,Startup,Organic Search,SEO-Content,1
7099,2362,2026-06-12 02:41:00,Startup,Paid Social,META-Retargeting,2
7100,2362,2026-06-12 19:03:00,Startup,Paid Search,PS-NonBrand,3
7101,2363,2026-09-17 18:49:00,Freelancer,Display,DISPLAY-Retargeting,1
7102,2363,2026-09-28 06:22:00,Freelancer,Paid Search,PS-Brand,2
7103,2363,2026-10-11 00:46:00,Freelancer,Paid Social,META-Retargeting,3
7104,2364,2026-09-29 03:41:00,SMB,Organic Search,SEO-Content,1
7105,2364,2026-10-04 11:37:00,SMB,Display,DISPLAY-Retargeting,2
7106,2364,2026-10-08 11:44:00,SMB,Paid Search,PS-NonBrand,3
7107,2364,2026-10-15 10:49:00,SMB,Organic Search,SEO-Product,4
7108,2365,2026-05-16 16:16:00,Freelancer,Paid Social,META-Prospecting,1
7109,2365,2026-05-23 23:54:00,Freelancer,Paid Social,META-Retargeting,2
7110,2365,2026-06-02 19:15:00,Freelancer,Display,DISPLAY-Retargeting,3
7111,2365,2026-06-09 21:42:00,Freelancer,Paid Social,META-Prospecting,4
7112,2365,2026-06-09 23:58:00,Freelancer,Referral,REF-Customer,5
7113,2366,2026-10-07 23:41:00,Freelancer,Display,DISPLAY-Retargeting,1
7114,2366,2026-10-14 19:15:00,Freelancer,Referral,REF-Customer,2
7115,2366,2026-10-17 22:12:00,Freelancer,Display,DISPLAY-Retargeting,3
7116,2366,2026-10-18 14:22:00,Freelancer,Paid Social,META-Retargeting,4
7117,2366,2026-10-23 00:45:00,Freelancer,Display,DISPLAY-Retargeting,5
7118,2367,2026-01-16 22:22:00,Freelancer,Paid Search,PS-NonBrand,1
7119,2367,2026-01-21 13:59:00,Freelancer,Paid Search,PS-NonBrand,2
7120,2367,2026-01-22 10:27:00,Freelancer,Referral,REF-Partner,3
7121,2367,2026-01-23 09:07:00,Freelancer,Organic Search,SEO-Product,4
7122,2367,2026-01-23 14:10:00,Freelancer,Paid Search,PS-NonBrand,5
7123,2368,2026-04-15 12:15:00,Startup,Paid Social,META-Retargeting,1
7124,2368,2026-04-17 11:07:00,Startup,Organic Search,SEO-Product,2
7125,2368,2026-05-03 22:14:00,Startup,Paid Social,META-Prospecting,3
7126,2368,2026-05-07 05:25:00,Startup,Paid Search,PS-Brand,4
7127,2369,2025-10-30 09:43:00,SMB,Paid Social,META-Prospecting,1
7128,2369,2025-10-31 15:16:00,SMB,Paid Social,META-Retargeting,2
7129,2369,2025-11-01 04:24:00,SMB,Paid Search,PS-NonBrand,3
7130,2369,2025-11-16 14:48:00,SMB,Paid Search,PS-Brand,4
7131,2370,2025-11-05 04:22:00,Freelancer,Paid Social,META-Retargeting,1
7132,2371,2025-11-22 08:24:00,Startup,Paid Search,PS-NonBrand,1
7133,2371,2025-12-07 21:13:00,Startup,Organic Search,SEO-Content,2
7134,2372,2025-11-27 07:05:00,Startup,Email,EMAIL-Reactivation,1
7135,2372,2025-12-01 20:35:00,Startup,Paid Search,PS-NonBrand,2
7136,2372,2025-12-06 02:38:00,Startup,Email,EMAIL-Nurture,3
7137,2372,2025-12-14 14:08:00,Startup,Paid Social,META-Retargeting,4
7138,2372,2025-12-17 06:44:00,Startup,Referral,REF-Customer,5
7139,2373,2026-03-20 10:59:00,SMB,Referral,REF-Customer,1
7140,2374,2026-07-02 05:27:00,SMB,Organic Search,SEO-Content,1
7141,2374,2026-07-05 18:03:00,SMB,Paid Social,META-Retargeting,2
7142,2374,2026-07-09 14:14:00,SMB,Display,DISPLAY-Retargeting,3
7143,2374,2026-07-19 21:55:00,SMB,Paid Social,META-Retargeting,4
7144,2375,2026-09-26 11:38:00,SMB,Paid Search,PS-NonBrand,1
7145,2375,2026-10-11 03:14:00,SMB,Paid Social,META-Retargeting,2
7146,2375,2026-10-16 20:32:00,SMB,Display,DISPLAY-Retargeting,3
7147,2375,2026-10-21 07:58:00,SMB,Paid Search,PS-Brand,4
7148,2376,2026-10-04 15:21:00,Startup,Paid Search,PS-NonBrand,1
7149,2376,2026-10-05 12:32:00,Startup,Display,DISPLAY-Prospecting,2
7150,2376,2026-10-12 09:05:00,Startup,Email,EMAIL-Reactivation,3
7151,2376,2026-10-17 00:53:00,Startup,Paid Social,META-Retargeting,4
7152,2376,2026-10-17 19:36:00,Startup,Paid Search,PS-Brand,5
7153,2377,2025-12-09 06:31:00,SMB,Referral,REF-Partner,1
7154,2378,2026-03-09 09:13:00,Freelancer,Paid Social,META-Retargeting,1
7155,2378,2026-04-07 07:26:00,Freelancer,Paid Social,META-Retargeting,2
7156,2379,2026-03-24 04:24:00,SMB,Display,DISPLAY-Retargeting,1
7157,2379,2026-03-28 10:30:00,SMB,Email,EMAIL-Reactivation,2
7158,2379,2026-03-30 14:59:00,SMB,Email,EMAIL-Reactivation,3
7159,2379,2026-03-31 09:10:00,SMB,Email,EMAIL-Reactivation,4
7160,2379,2026-04-02 08:57:00,SMB,Paid Search,PS-NonBrand,5
7161,2380,2025-11-08 02:29:00,SMB,Display,DISPLAY-Prospecting,1
7162,2380,2025-11-14 07:04:00,SMB,Display,DISPLAY-Retargeting,2
7163,2380,2025-11-20 22:01:00,SMB,Paid Search,PS-Brand,3
7164,2380,2025-11-23 03:53:00,SMB,Email,EMAIL-Reactivation,4
7165,2380,2025-11-25 12:28:00,SMB,Organic Search,SEO-Content,5
7166,2381,2025-10-23 00:37:00,SMB,Paid Search,PS-NonBrand,1
7167,2381,2025-11-06 13:38:00,SMB,Paid Search,PS-Brand,2
7168,2382,2026-02-14 12:20:00,SMB,Paid Search,PS-Brand,1
7169,2382,2026-02-18 15:34:00,SMB,Paid Social,META-Retargeting,2
7170,2382,2026-02-28 06:31:00,SMB,Referral,REF-Customer,3
7171,2382,2026-03-01 01:17:00,SMB,Referral,REF-Partner,4
7172,2383,2026-08-18 07:09:00,SMB,Referral,REF-Partner,1
7173,2383,2026-08-31 01:49:00,SMB,Referral,REF-Customer,2
7174,2384,2026-02-24 02:47:00,Startup,Paid Search,PS-Brand,1
7175,2384,2026-02-25 21:39:00,Startup,Paid Social,META-Retargeting,2
7176,2384,2026-03-03 06:04:00,Startup,Paid Social,META-Prospecting,3
7177,2384,2026-03-03 17:26:00,Startup,Email,EMAIL-Reactivation,4
7178,2385,2026-03-17 04:13:00,Freelancer,Paid Social,META-Retargeting,1
7179,2386,2026-09-30 00:06:00,SMB,Organic Search,SEO-Content,1
7180,2387,2026-02-16 03:49:00,SMB,Paid Search,PS-NonBrand,1
7181,2387,2026-02-25 17:59:00,SMB,Display,DISPLAY-Retargeting,2
7182,2387,2026-03-05 08:53:00,SMB,Email,EMAIL-Nurture,3
7183,2387,2026-03-09 15:37:00,SMB,Paid Social,META-Retargeting,4
7184,2387,2026-03-11 20:36:00,SMB,Referral,REF-Customer,5
7185,2388,2026-06-12 16:00:00,Startup,Email,EMAIL-Nurture,1
7186,2388,2026-06-24 21:55:00,Startup,Paid Social,META-Retargeting,2
7187,2388,2026-07-03 11:00:00,Startup,Organic Search,SEO-Content,3
7188,2389,2026-09-24 20:44:00,SMB,Display,DISPLAY-Prospecting,1
7189,2389,2026-09-26 02:44:00,SMB,Paid Social,META-Retargeting,2
7190,2389,2026-10-16 11:52:00,SMB,Display,DISPLAY-Retargeting,3
7191,2389,2026-10-23 01:20:00,SMB,Organic Search,SEO-Content,4
7192,2390,2025-11-20 09:17:00,Startup,Paid Social,META-Prospecting,1
7193,2390,2025-12-02 06:28:00,Startup,Referral,REF-Customer,2
7194,2390,2025-12-04 02:00:00,Startup,Paid Social,META-Retargeting,3
7195,2391,2026-04-29 16:08:00,Startup,Paid Search,PS-NonBrand,1
7196,2392,2026-02-06 07:07:00,Freelancer,Email,EMAIL-Reactivation,1
7197,2392,2026-02-11 01:08:00,Freelancer,Paid Social,META-Retargeting,2
7198,2392,2026-02-21 13:10:00,Freelancer,Referral,REF-Customer,3
7199,2392,2026-02-27 16:12:00,Freelancer,Display,DISPLAY-Retargeting,4
7200,2393,2025-11-20 14:05:00,SMB,Referral,REF-Customer,1
7201,2393,2025-11-21 06:23:00,SMB,Referral,REF-Customer,2
7202,2393,2025-12-03 05:37:00,SMB,Paid Search,PS-Brand,3
7203,2393,2025-12-03 13:53:00,SMB,Email,EMAIL-Nurture,4
7204,2394,2025-11-02 06:35:00,Freelancer,Paid Search,PS-NonBrand,1
7205,2395,2026-06-04 07:08:00,Freelancer,Organic Search,SEO-Product,1
7206,2396,2026-05-28 20:19:00,SMB,Paid Search,PS-Brand,1
7207,2396,2026-06-12 04:21:00,SMB,Paid Search,PS-Brand,2
7208,2396,2026-06-18 05:28:00,SMB,Paid Search,PS-NonBrand,3
7209,2396,2026-06-19 02:31:00,SMB,Paid Social,META-Prospecting,4
7210,2396,2026-06-25 19:36:00,SMB,Paid Search,PS-NonBrand,5
7211,2397,2026-05-12 20:03:00,Startup,Paid Search,PS-NonBrand,1
7212,2397,2026-05-20 12:03:00,Startup,Paid Social,META-Prospecting,2
7213,2398,2026-06-23 17:51:00,SMB,Paid Search,PS-NonBrand,1
7214,2399,2026-07-10 02:52:00,SMB,Organic Search,SEO-Content,1
7215,2400,2025-10-21 05:38:00,Freelancer,Email,EMAIL-Reactivation,1
7216,2401,2025-10-13 04:21:00,SMB,Organic Search,SEO-Content,1
7217,2401,2025-11-03 06:23:00,SMB,Display,DISPLAY-Retargeting,2
7218,2401,2025-11-03 19:06:00,SMB,Organic Search,SEO-Content,3
7219,2401,2025-11-05 16:44:00,SMB,Referral,REF-Customer,4
7220,2402,2026-02-01 11:52:00,SMB,Email,EMAIL-Nurture,1
7221,2402,2026-02-27 04:49:00,SMB,Email,EMAIL-Nurture,2
7222,2403,2026-04-27 17:51:00,SMB,Paid Search,PS-NonBrand,1
7223,2403,2026-05-03 17:18:00,SMB,Email,EMAIL-Nurture,2
7224,2403,2026-05-03 18:15:00,SMB,Referral,REF-Customer,3
7225,2403,2026-05-05 06:33:00,SMB,Paid Search,PS-NonBrand,4
7226,2404,2026-09-23 01:33:00,Startup,Paid Social,META-Retargeting,1
7227,2404,2026-09-23 18:26:00,Startup,Email,EMAIL-Nurture,2
7228,2405,2026-09-27 07:01:00,Freelancer,Referral,REF-Partner,1
7229,2405,2026-10-08 07:40:00,Freelancer,Referral,REF-Partner,2
7230,2406,2026-08-04 06:37:00,Startup,Referral,REF-Partner,1
7231,2406,2026-08-04 22:40:00,Startup,Paid Social,META-Retargeting,2
7232,2406,2026-08-13 17:22:00,Startup,Paid Search,PS-NonBrand,3
7233,2407,2026-01-27 15:37:00,Startup,Display,DISPLAY-Retargeting,1
7234,2407,2026-02-08 09:40:00,Startup,Referral,REF-Customer,2
7235,2408,2026-05-08 20:18:00,SMB,Email,EMAIL-Reactivation,1
7236,2408,2026-05-16 11:21:00,SMB,Referral,REF-Customer,2
7237,2409,2025-12-07 03:09:00,Startup,Paid Social,META-Prospecting,1
7238,2410,2026-04-03 20:49:00,SMB,Paid Search,PS-Brand,1
7239,2411,2025-11-29 06:52:00,SMB,Paid Search,PS-NonBrand,1
7240,2412,2026-09-29 05:10:00,Startup,Paid Social,META-Retargeting,1
7241,2412,2026-10-25 22:13:00,Startup,Display,DISPLAY-Retargeting,2
7242,2412,2026-10-27 23:10:00,Startup,Paid Social,META-Retargeting,3
7243,2413,2026-03-17 11:23:00,Freelancer,Paid Search,PS-Brand,1
7244,2413,2026-03-20 18:43:00,Freelancer,Email,EMAIL-Nurture,2
7245,2413,2026-03-21 14:44:00,Freelancer,Paid Social,META-Retargeting,3
7246,2413,2026-04-02 04:48:00,Freelancer,Display,DISPLAY-Retargeting,4
7247,2413,2026-04-05 06:08:00,Freelancer,Email,EMAIL-Nurture,5
7248,2414,2026-07-06 22:25:00,Startup,Paid Search,PS-NonBrand,1
7249,2414,2026-07-10 07:33:00,Startup,Organic Search,SEO-Content,2
7250,2415,2025-11-14 18:01:00,Startup,Paid Search,PS-NonBrand,1
7251,2415,2025-11-20 18:03:00,Startup,Paid Social,META-Retargeting,2
7252,2415,2025-11-22 11:26:00,Startup,Paid Social,META-Retargeting,3
7253,2415,2025-11-22 23:41:00,Startup,Email,EMAIL-Reactivation,4
7254,2416,2026-09-19 18:48:00,SMB,Paid Social,META-Retargeting,1
7255,2416,2026-10-02 16:44:00,SMB,Referral,REF-Customer,2
7256,2416,2026-10-08 07:09:00,SMB,Display,DISPLAY-Retargeting,3
7257,2417,2026-04-27 03:24:00,SMB,Organic Search,SEO-Content,1
7258,2417,2026-04-28 16:08:00,SMB,Organic Search,SEO-Product,2
7259,2418,2025-10-31 05:05:00,Startup,Display,DISPLAY-Prospecting,1
7260,2418,2025-11-02 00:22:00,Startup,Organic Search,SEO-Content,2
7261,2418,2025-11-08 18:38:00,Startup,Paid Search,PS-Brand,3
7262,2419,2026-02-23 10:51:00,Startup,Referral,REF-Partner,1
7263,2419,2026-03-09 16:18:00,Startup,Display,DISPLAY-Retargeting,2
7264,2420,2025-12-26 23:22:00,Startup,Paid Social,META-Prospecting,1
7265,2420,2025-12-30 06:04:00,Startup,Paid Social,META-Prospecting,2
7266,2420,2026-01-04 02:15:00,Startup,Organic Search,SEO-Content,3
7267,2421,2025-11-02 11:32:00,Startup,Paid Social,META-Retargeting,1
7268,2421,2025-11-14 20:34:00,Startup,Paid Social,META-Retargeting,2
7269,2421,2025-11-22 10:15:00,Startup,Paid Social,META-Prospecting,3
7270,2422,2025-10-12 02:23:00,SMB,Paid Social,META-Prospecting,1
7271,2422,2025-11-09 16:03:00,SMB,Email,EMAIL-Nurture,2
7272,2423,2026-06-20 20:18:00,SMB,Paid Social,META-Prospecting,1
7273,2423,2026-07-14 03:42:00,SMB,Email,EMAIL-Nurture,2
7274,2423,2026-07-16 01:37:00,SMB,Organic Search,SEO-Product,3
7275,2424,2026-08-15 12:31:00,SMB,Paid Social,META-Retargeting,1
7276,2425,2026-06-03 07:24:00,Startup,Paid Social,META-Prospecting,1
7277,2425,2026-06-07 22:35:00,Startup,Paid Social,META-Retargeting,2
7278,2425,2026-06-18 01:22:00,Startup,Paid Social,META-Prospecting,3
7279,2425,2026-06-22 09:31:00,Startup,Display,DISPLAY-Retargeting,4
7280,2425,2026-06-25 13:37:00,Startup,Paid Social,META-Retargeting,5
7281,2426,2026-06-18 02:46:00,Freelancer,Paid Social,META-Retargeting,1
7282,2426,2026-06-23 21:40:00,Freelancer,Referral,REF-Customer,2
7283,2426,2026-06-26 21:38:00,Freelancer,Paid Search,PS-NonBrand,3
7284,2426,2026-06-28 16:00:00,Freelancer,Paid Social,META-Retargeting,4
7285,2427,2025-10-19 05:14:00,Startup,Paid Search,PS-NonBrand,1
7286,2427,2025-10-23 00:07:00,Startup,Paid Search,PS-Brand,2
7287,2427,2025-10-23 09:20:00,Startup,Organic Search,SEO-Product,3
7288,2427,2025-11-03 01:16:00,Startup,Paid Social,META-Prospecting,4
7289,2428,2025-12-19 15:00:00,Startup,Paid Search,PS-Brand,1
7290,2428,2025-12-21 10:45:00,Startup,Email,EMAIL-Nurture,2
7291,2429,2025-10-19 15:02:00,Startup,Display,DISPLAY-Retargeting,1
7292,2429,2025-10-20 15:29:00,Startup,Paid Search,PS-Brand,2
7293,2429,2025-11-01 02:59:00,Startup,Organic Search,SEO-Content,3
7294,2429,2025-11-07 09:34:00,Startup,Email,EMAIL-Nurture,4
7295,2430,2026-09-22 01:13:00,SMB,Paid Social,META-Prospecting,1
7296,2430,2026-09-30 17:07:00,SMB,Paid Social,META-Prospecting,2
7297,2430,2026-10-13 10:41:00,SMB,Paid Search,PS-Brand,3
7298,2430,2026-10-14 05:27:00,SMB,Paid Search,PS-Brand,4
7299,2431,2026-07-07 01:12:00,SMB,Email,EMAIL-Nurture,1
7300,2431,2026-07-12 17:29:00,SMB,Email,EMAIL-Nurture,2
7301,2431,2026-07-16 02:39:00,SMB,Organic Search,SEO-Content,3
7302,2432,2026-09-28 11:19:00,SMB,Paid Search,PS-Brand,1
7303,2433,2026-09-06 06:10:00,Freelancer,Referral,REF-Partner,1
7304,2433,2026-09-24 12:48:00,Freelancer,Display,DISPLAY-Prospecting,2
7305,2434,2026-01-05 16:42:00,SMB,Email,EMAIL-Reactivation,1
7306,2434,2026-01-10 07:19:00,SMB,Organic Search,SEO-Content,2
7307,2434,2026-01-10 16:46:00,SMB,Email,EMAIL-Reactivation,3
7308,2434,2026-01-13 12:32:00,SMB,Paid Search,PS-Brand,4
7309,2434,2026-01-19 03:16:00,SMB,Organic Search,SEO-Content,5
7310,2435,2026-04-14 03:02:00,Startup,Paid Social,META-Retargeting,1
7311,2435,2026-04-30 19:15:00,Startup,Display,DISPLAY-Retargeting,2
7312,2436,2026-06-20 21:46:00,SMB,Paid Search,PS-NonBrand,1
7313,2437,2026-07-06 03:17:00,Startup,Organic Search,SEO-Product,1
7314,2437,2026-07-20 04:18:00,Startup,Paid Social,META-Retargeting,2
7315,2437,2026-07-23 12:47:00,Startup,Display,DISPLAY-Prospecting,3
7316,2437,2026-07-25 13:31:00,Startup,Email,EMAIL-Nurture,4
7317,2437,2026-07-25 22:13:00,Startup,Paid Social,META-Retargeting,5
7318,2438,2026-06-08 17:40:00,SMB,Display,DISPLAY-Prospecting,1
7319,2438,2026-06-17 05:40:00,SMB,Paid Search,PS-Brand,2
7320,2439,2026-03-28 10:38:00,Freelancer,Paid Social,META-Retargeting,1
7321,2439,2026-03-30 20:21:00,Freelancer,Paid Search,PS-NonBrand,2
7322,2439,2026-04-04 03:32:00,Freelancer,Paid Social,META-Retargeting,3
7323,2439,2026-04-09 15:25:00,Freelancer,Email,EMAIL-Reactivation,4
7324,2440,2025-10-02 17:04:00,SMB,Paid Social,META-Retargeting,1
7325,2440,2025-10-07 17:27:00,SMB,Paid Social,META-Prospecting,2
7326,2440,2025-10-14 01:33:00,SMB,Email,EMAIL-Nurture,3
7327,2440,2025-10-28 01:34:00,SMB,Paid Social,META-Prospecting,4
7328,2441,2026-09-23 03:52:00,Freelancer,Paid Search,PS-NonBrand,1
7329,2441,2026-10-05 10:41:00,Freelancer,Paid Search,PS-NonBrand,2
7330,2442,2026-06-12 08:33:00,Startup,Organic Search,SEO-Content,1
7331,2442,2026-06-16 21:31:00,Startup,Paid Search,PS-NonBrand,2
7332,2442,2026-06-24 23:35:00,Startup,Paid Social,META-Retargeting,3
7333,2442,2026-06-29 20:38:00,Startup,Email,EMAIL-Nurture,4
7334,2442,2026-07-04 08:44:00,Startup,Paid Search,PS-Brand,5
7335,2443,2026-08-25 03:35:00,SMB,Paid Search,PS-Brand,1
7336,2444,2025-12-23 12:30:00,Startup,Paid Social,META-Retargeting,1
7337,2444,2025-12-28 17:01:00,Startup,Paid Social,META-Retargeting,2
7338,2444,2026-01-06 10:22:00,Startup,Paid Social,META-Retargeting,3
7339,2444,2026-01-16 07:04:00,Startup,Paid Social,META-Retargeting,4
7340,2445,2025-11-30 17:37:00,Startup,Organic Search,SEO-Content,1
7341,2445,2025-12-05 23:18:00,Startup,Paid Search,PS-Brand,2
7342,2446,2026-09-05 14:36:00,SMB,Email,EMAIL-Nurture,1
7343,2447,2026-07-26 03:07:00,Startup,Referral,REF-Customer,1
7344,2447,2026-08-07 17:47:00,Startup,Paid Social,META-Prospecting,2
7345,2447,2026-08-13 01:43:00,Startup,Paid Search,PS-NonBrand,3
7346,2448,2026-08-04 22:27:00,Startup,Paid Search,PS-NonBrand,1
7347,2448,2026-08-23 11:36:00,Startup,Paid Social,META-Retargeting,2
7348,2448,2026-08-26 06:01:00,Startup,Paid Social,META-Retargeting,3
7349,2448,2026-08-28 21:07:00,Startup,Display,DISPLAY-Retargeting,4
7350,2449,2026-03-15 15:08:00,Startup,Display,DISPLAY-Retargeting,1
7351,2449,2026-03-17 16:59:00,Startup,Paid Search,PS-Brand,2
7352,2450,2026-08-27 18:37:00,Startup,Referral,REF-Customer,1
7353,2450,2026-08-30 17:15:00,Startup,Referral,REF-Customer,2
7354,2450,2026-08-31 07:16:00,Startup,Paid Social,META-Prospecting,3
7355,2450,2026-09-17 11:09:00,Startup,Paid Search,PS-NonBrand,4
7356,2450,2026-09-23 03:40:00,Startup,Paid Social,META-Retargeting,5
7357,2451,2025-12-23 02:51:00,Startup,Referral,REF-Partner,1
7358,2451,2026-01-03 08:36:00,Startup,Paid Search,PS-Brand,2
7359,2452,2026-07-28 20:45:00,SMB,Paid Search,PS-NonBrand,1
7360,2453,2026-04-20 06:18:00,SMB,Organic Search,SEO-Content,1
7361,2453,2026-04-26 11:45:00,SMB,Paid Search,PS-NonBrand,2
7362,2453,2026-04-26 15:23:00,SMB,Referral,REF-Customer,3
7363,2454,2025-11-30 19:25:00,SMB,Display,DISPLAY-Prospecting,1
7364,2454,2025-12-17 00:36:00,SMB,Referral,REF-Customer,2
7365,2454,2025-12-20 03:36:00,SMB,Display,DISPLAY-Prospecting,3
7366,2454,2025-12-22 10:38:00,SMB,Referral,REF-Customer,4
7367,2455,2026-07-01 12:32:00,Startup,Paid Social,META-Retargeting,1
7368,2455,2026-07-07 02:55:00,Startup,Organic Search,SEO-Product,2
7369,2456,2026-02-10 05:45:00,SMB,Paid Search,PS-Brand,1
7370,2456,2026-02-18 06:04:00,SMB,Email,EMAIL-Nurture,2
7371,2456,2026-02-25 00:34:00,SMB,Display,DISPLAY-Retargeting,3
7372,2456,2026-03-05 13:35:00,SMB,Referral,REF-Partner,4
7373,2457,2025-12-04 04:16:00,SMB,Organic Search,SEO-Content,1
7374,2458,2026-06-28 13:13:00,Startup,Paid Search,PS-NonBrand,1
7375,2459,2026-07-09 08:16:00,SMB,Organic Search,SEO-Content,1
7376,2459,2026-07-14 16:22:00,SMB,Paid Social,META-Retargeting,2
7377,2459,2026-07-25 10:59:00,SMB,Organic Search,SEO-Product,3
7378,2459,2026-08-02 10:56:00,SMB,Paid Search,PS-Brand,4
7379,2459,2026-08-06 02:01:00,SMB,Paid Search,PS-Brand,5
7380,2460,2026-02-03 19:21:00,SMB,Organic Search,SEO-Product,1
7381,2460,2026-02-19 01:37:00,SMB,Display,DISPLAY-Prospecting,2
7382,2461,2026-09-18 10:36:00,Freelancer,Paid Social,META-Retargeting,1
7383,2461,2026-10-03 14:32:00,Freelancer,Organic Search,SEO-Content,2
7384,2461,2026-10-07 05:18:00,Freelancer,Paid Search,PS-NonBrand,3
7385,2461,2026-10-08 10:47:00,Freelancer,Paid Social,META-Retargeting,4
7386,2461,2026-10-10 04:13:00,Freelancer,Display,DISPLAY-Retargeting,5
7387,2462,2026-06-24 16:15:00,Startup,Display,DISPLAY-Prospecting,1
7388,2462,2026-06-27 00:33:00,Startup,Organic Search,SEO-Content,2
7389,2462,2026-07-01 11:32:00,Startup,Paid Social,META-Prospecting,3
7390,2463,2025-10-12 12:42:00,Startup,Paid Search,PS-NonBrand,1
7391,2463,2025-10-15 13:18:00,Startup,Paid Search,PS-Brand,2
7392,2464,2026-02-18 19:45:00,SMB,Organic Search,SEO-Content,1
7393,2464,2026-02-21 07:55:00,SMB,Paid Social,META-Retargeting,2
7394,2464,2026-02-22 23:31:00,SMB,Display,DISPLAY-Prospecting,3
7395,2464,2026-02-25 18:53:00,SMB,Organic Search,SEO-Product,4
7396,2465,2026-09-28 09:53:00,Startup,Paid Social,META-Prospecting,1
7397,2466,2025-12-06 13:20:00,Freelancer,Organic Search,SEO-Product,1
7398,2466,2025-12-20 03:06:00,Freelancer,Paid Search,PS-NonBrand,2
7399,2466,2025-12-23 17:14:00,Freelancer,Email,EMAIL-Nurture,3
7400,2466,2025-12-26 15:06:00,Freelancer,Organic Search,SEO-Content,4
7401,2466,2025-12-30 11:59:00,Freelancer,Organic Search,SEO-Content,5
7402,2467,2026-09-25 17:15:00,SMB,Organic Search,SEO-Content,1
7403,2467,2026-09-28 19:02:00,SMB,Paid Search,PS-Brand,2
7404,2467,2026-09-30 23:18:00,SMB,Email,EMAIL-Reactivation,3
7405,2467,2026-10-01 21:29:00,SMB,Referral,REF-Partner,4
7406,2468,2026-04-08 01:24:00,SMB,Paid Search,PS-Brand,1
7407,2468,2026-04-09 15:19:00,SMB,Paid Search,PS-Brand,2
7408,2468,2026-05-05 06:56:00,SMB,Paid Social,META-Retargeting,3
7409,2469,2026-06-23 10:06:00,SMB,Referral,REF-Partner,1
7410,2469,2026-06-26 13:42:00,SMB,Paid Search,PS-NonBrand,2
7411,2469,2026-06-27 12:05:00,SMB,Organic Search,SEO-Product,3
7412,2470,2026-06-17 23:10:00,Freelancer,Paid Social,META-Retargeting,1
7413,2470,2026-06-27 16:47:00,Freelancer,Paid Social,META-Prospecting,2
7414,2471,2026-04-06 06:08:00,SMB,Paid Search,PS-NonBrand,1
7415,2471,2026-04-13 11:09:00,SMB,Paid Search,PS-Brand,2
7416,2471,2026-04-15 12:04:00,SMB,Paid Search,PS-Brand,3
7417,2471,2026-04-25 23:05:00,SMB,Paid Search,PS-NonBrand,4
7418,2472,2026-04-14 20:58:00,Startup,Paid Search,PS-Brand,1
7419,2472,2026-05-02 11:25:00,Startup,Paid Search,PS-Brand,2
7420,2472,2026-05-06 03:50:00,Startup,Display,DISPLAY-Retargeting,3
7421,2473,2026-05-20 06:19:00,Startup,Email,EMAIL-Nurture,1
7422,2473,2026-05-23 16:57:00,Startup,Email,EMAIL-Nurture,2
7423,2474,2026-05-26 09:20:00,Freelancer,Referral,REF-Partner,1
7424,2474,2026-05-27 05:53:00,Freelancer,Display,DISPLAY-Prospecting,2
7425,2474,2026-06-02 03:12:00,Freelancer,Email,EMAIL-Nurture,3
7426,2474,2026-06-09 14:57:00,Freelancer,Email,EMAIL-Reactivation,4
7427,2474,2026-06-15 18:51:00,Freelancer,Referral,REF-Customer,5
7428,2475,2026-06-29 20:05:00,SMB,Paid Social,META-Retargeting,1
7429,2475,2026-06-30 11:01:00,SMB,Paid Search,PS-Brand,2
7430,2475,2026-07-09 14:47:00,SMB,Email,EMAIL-Reactivation,3
7431,2475,2026-07-25 00:37:00,SMB,Paid Social,META-Retargeting,4
7432,2476,2026-03-09 00:42:00,Startup,Referral,REF-Partner,1
7433,2476,2026-04-05 11:37:00,Startup,Organic Search,SEO-Product,2
7434,2477,2026-03-26 04:40:00,Freelancer,Paid Social,META-Prospecting,1
7435,2478,2026-07-23 12:47:00,SMB,Referral,REF-Partner,1
7436,2478,2026-07-24 22:42:00,SMB,Referral,REF-Customer,2
7437,2478,2026-08-01 18:02:00,SMB,Paid Social,META-Retargeting,3
7438,2478,2026-08-04 04:31:00,SMB,Display,DISPLAY-Retargeting,4
7439,2478,2026-08-07 18:04:00,SMB,Email,EMAIL-Nurture,5
7440,2479,2026-07-24 07:14:00,Startup,Paid Search,PS-NonBrand,1
7441,2479,2026-07-28 23:52:00,Startup,Paid Search,PS-Brand,2
7442,2479,2026-07-31 10:23:00,Startup,Paid Search,PS-NonBrand,3
7443,2479,2026-08-01 01:10:00,Startup,Paid Search,PS-NonBrand,4
7444,2480,2026-06-03 11:49:00,SMB,Display,DISPLAY-Retargeting,1
7445,2480,2026-06-08 16:07:00,SMB,Email,EMAIL-Reactivation,2
7446,2480,2026-06-09 02:42:00,SMB,Paid Search,PS-Brand,3
7447,2480,2026-06-22 20:27:00,SMB,Referral,REF-Partner,4
7448,2481,2026-04-06 20:52:00,SMB,Organic Search,SEO-Content,1
7449,2482,2026-05-11 14:21:00,SMB,Paid Search,PS-Brand,1
7450,2482,2026-05-18 16:13:00,SMB,Paid Search,PS-Brand,2
7451,2482,2026-05-21 17:39:00,SMB,Paid Social,META-Prospecting,3
7452,2483,2026-04-27 05:37:00,SMB,Paid Search,PS-Brand,1
7453,2483,2026-05-02 07:26:00,SMB,Referral,REF-Customer,2
7454,2483,2026-05-10 21:30:00,SMB,Organic Search,SEO-Content,3
7455,2484,2026-03-11 03:05:00,SMB,Email,EMAIL-Reactivation,1
7456,2484,2026-03-19 22:13:00,SMB,Display,DISPLAY-Retargeting,2
7457,2484,2026-03-22 00:52:00,SMB,Paid Social,META-Retargeting,3
7458,2484,2026-03-30 21:56:00,SMB,Organic Search,SEO-Product,4
7459,2484,2026-04-03 17:42:00,SMB,Referral,REF-Customer,5
7460,2485,2025-12-06 00:18:00,Startup,Paid Search,PS-NonBrand,1
7461,2485,2025-12-15 14:51:00,Startup,Paid Social,META-Retargeting,2
7462,2485,2025-12-22 08:59:00,Startup,Referral,REF-Customer,3
7463,2486,2026-04-23 02:39:00,SMB,Paid Social,META-Retargeting,1
7464,2486,2026-05-01 15:16:00,SMB,Referral,REF-Customer,2
7465,2487,2026-04-06 11:17:00,SMB,Paid Search,PS-Brand,1
7466,2488,2025-10-27 11:33:00,Startup,Paid Search,PS-Brand,1
7467,2488,2025-10-29 06:16:00,Startup,Display,DISPLAY-Retargeting,2
7468,2488,2025-11-16 15:45:00,Startup,Organic Search,SEO-Product,3
7469,2489,2026-10-08 06:52:00,Freelancer,Paid Social,META-Prospecting,1
7470,2489,2026-10-09 08:47:00,Freelancer,Email,EMAIL-Reactivation,2
7471,2489,2026-10-09 10:01:00,Freelancer,Paid Social,META-Retargeting,3
7472,2489,2026-10-12 09:33:00,Freelancer,Paid Social,META-Retargeting,4
7473,2490,2026-06-21 00:15:00,SMB,Paid Social,META-Prospecting,1
7474,2491,2025-12-01 17:14:00,SMB,Paid Search,PS-NonBrand,1
7475,2492,2025-12-15 11:01:00,SMB,Paid Social,META-Retargeting,1
7476,2492,2025-12-22 08:51:00,SMB,Referral,REF-Customer,2
7477,2492,2025-12-24 21:48:00,SMB,Paid Social,META-Retargeting,3
7478,2492,2025-12-26 05:30:00,SMB,Paid Social,META-Retargeting,4
7479,2492,2025-12-26 12:14:00,SMB,Paid Search,PS-Brand,5
7480,2493,2026-04-28 08:57:00,Freelancer,Email,EMAIL-Reactivation,1
7481,2493,2026-05-04 12:52:00,Freelancer,Paid Social,META-Retargeting,2
7482,2493,2026-05-24 21:59:00,Freelancer,Paid Search,PS-NonBrand,3
7483,2494,2026-08-10 08:12:00,Freelancer,Paid Search,PS-NonBrand,1
7484,2494,2026-08-30 02:51:00,Freelancer,Paid Search,PS-NonBrand,2
7485,2495,2026-03-29 03:44:00,SMB,Paid Search,PS-Brand,1
7486,2495,2026-04-13 07:48:00,SMB,Paid Search,PS-Brand,2
7487,2496,2026-07-25 20:07:00,SMB,Display,DISPLAY-Prospecting,1
7488,2496,2026-08-01 15:03:00,SMB,Referral,REF-Partner,2
7489,2496,2026-08-15 10:41:00,SMB,Paid Social,META-Retargeting,3
7490,2497,2025-12-10 17:55:00,Startup,Paid Search,PS-Brand,1
7491,2497,2025-12-12 15:14:00,Startup,Paid Search,PS-NonBrand,2
7492,2498,2026-04-22 17:19:00,Startup,Referral,REF-Partner,1
7493,2498,2026-04-30 22:25:00,Startup,Organic Search,SEO-Product,2
7494,2498,2026-05-06 16:50:00,Startup,Referral,REF-Partner,3
7495,2498,2026-05-09 11:57:00,Startup,Referral,REF-Customer,4
7496,2498,2026-05-10 12:22:00,Startup,Paid Social,META-Retargeting,5
7497,2499,2026-07-30 02:57:00,SMB,Organic Search,SEO-Content,1
7498,2499,2026-08-16 20:33:00,SMB,Email,EMAIL-Nurture,2
7499,2499,2026-08-21 13:21:00,SMB,Paid Search,PS-NonBrand,3
7500,2499,2026-08-26 06:34:00,SMB,Organic Search,SEO-Content,4
7501,2500,2026-08-11 12:05:00,SMB,Paid Social,META-Retargeting,1
7502,2500,2026-08-12 10:34:00,SMB,Organic Search,SEO-Product,2
7503,2500,2026-08-20 17:57:00,SMB,Paid Search,PS-Brand,3
7504,2500,2026-08-26 05:22:00,SMB,Display,DISPLAY-Prospecting,4
7505,2501,2026-01-11 23:43:00,SMB,Referral,REF-Customer,1
7506,2502,2026-06-08 13:09:00,Startup,Display,DISPLAY-Retargeting,1
7507,2502,2026-06-14 05:30:00,Startup,Paid Search,PS-Brand,2
7508,2502,2026-06-14 05:30:00,Startup,Organic Search,SEO-Content,3
7509,2503,2025-10-19 07:22:00,Freelancer,Organic Search,SEO-Content,1
7510,2504,2025-11-27 16:50:00,SMB,Email,EMAIL-Nurture,1
7511,2504,2025-12-01 09:33:00,SMB,Paid Search,PS-NonBrand,2
7512,2504,2025-12-07 06:50:00,SMB,Organic Search,SEO-Content,3
7513,2504,2025-12-13 10:58:00,SMB,Paid Search,PS-Brand,4
7514,2505,2026-09-08 19:17:00,Freelancer,Referral,REF-Customer,1
7515,2505,2026-09-13 00:27:00,Freelancer,Email,EMAIL-Reactivation,2
7516,2506,2026-07-02 07:42:00,SMB,Paid Search,PS-Brand,1
7517,2507,2026-01-05 11:43:00,Startup,Paid Social,META-Retargeting,1
7518,2508,2026-10-16 11:43:00,Freelancer,Paid Search,PS-NonBrand,1
7519,2508,2026-10-26 09:03:00,Freelancer,Organic Search,SEO-Product,2
7520,2509,2026-09-29 19:04:00,Startup,Organic Search,SEO-Product,1
7521,2509,2026-09-30 04:40:00,Startup,Paid Social,META-Retargeting,2
7522,2509,2026-10-02 23:51:00,Startup,Paid Social,META-Prospecting,3
7523,2509,2026-10-09 15:29:00,Startup,Organic Search,SEO-Product,4
7524,2509,2026-10-23 00:25:00,Startup,Display,DISPLAY-Prospecting,5
7525,2510,2025-10-16 15:41:00,SMB,Email,EMAIL-Nurture,1
7526,2510,2025-10-27 18:04:00,SMB,Paid Search,PS-Brand,2
7527,2510,2025-11-05 16:53:00,SMB,Display,DISPLAY-Retargeting,3
7528,2511,2025-11-06 13:46:00,SMB,Referral,REF-Partner,1
7529,2512,2025-12-29 05:31:00,Startup,Paid Search,PS-NonBrand,1
7530,2512,2026-01-05 23:20:00,Startup,Paid Search,PS-Brand,2
7531,2512,2026-01-07 18:43:00,Startup,Paid Search,PS-NonBrand,3
7532,2512,2026-01-15 01:32:00,Startup,Email,EMAIL-Nurture,4
7533,2512,2026-01-19 14:09:00,Startup,Paid Search,PS-Brand,5
7534,2513,2026-07-24 12:18:00,Startup,Paid Search,PS-NonBrand,1
7535,2514,2026-05-30 07:00:00,SMB,Referral,REF-Customer,1
7536,2515,2026-04-29 04:50:00,Startup,Paid Search,PS-NonBrand,1
7537,2516,2026-03-02 14:39:00,SMB,Paid Social,META-Prospecting,1
7538,2516,2026-03-03 19:56:00,SMB,Organic Search,SEO-Content,2
7539,2516,2026-03-22 13:26:00,SMB,Paid Social,META-Retargeting,3
7540,2516,2026-03-24 19:12:00,SMB,Display,DISPLAY-Retargeting,4
7541,2517,2026-03-28 23:35:00,SMB,Email,EMAIL-Reactivation,1
7542,2517,2026-04-01 03:43:00,SMB,Paid Search,PS-Brand,2
7543,2517,2026-04-13 19:34:00,SMB,Organic Search,SEO-Product,3
7544,2517,2026-04-15 22:54:00,SMB,Email,EMAIL-Reactivation,4
7545,2517,2026-04-16 06:37:00,SMB,Paid Social,META-Retargeting,5
7546,2518,2026-06-01 11:52:00,Freelancer,Paid Social,META-Retargeting,1
7547,2518,2026-06-08 10:03:00,Freelancer,Paid Social,META-Retargeting,2
7548,2519,2025-11-02 18:08:00,SMB,Paid Social,META-Prospecting,1
7549,2519,2025-11-13 09:09:00,SMB,Display,DISPLAY-Prospecting,2
7550,2519,2025-11-21 20:14:00,SMB,Organic Search,SEO-Content,3
7551,2520,2026-05-19 23:12:00,SMB,Organic Search,SEO-Product,1
7552,2520,2026-05-24 20:58:00,SMB,Paid Search,PS-NonBrand,2
7553,2520,2026-05-29 21:42:00,SMB,Paid Search,PS-Brand,3
7554,2520,2026-05-31 23:15:00,SMB,Organic Search,SEO-Product,4
7555,2521,2025-12-29 22:08:00,SMB,Referral,REF-Partner,1
7556,2521,2026-01-01 20:08:00,SMB,Display,DISPLAY-Retargeting,2
7557,2521,2026-01-03 22:34:00,SMB,Paid Search,PS-NonBrand,3
7558,2521,2026-01-09 06:37:00,SMB,Email,EMAIL-Nurture,4
7559,2521,2026-01-17 10:32:00,SMB,Paid Search,PS-NonBrand,5
7560,2522,2026-08-01 17:31:00,Freelancer,Paid Search,PS-NonBrand,1
7561,2522,2026-08-12 09:39:00,Freelancer,Paid Search,PS-NonBrand,2
7562,2523,2025-12-16 08:16:00,SMB,Paid Search,PS-NonBrand,1
7563,2523,2025-12-31 17:37:00,SMB,Paid Social,META-Prospecting,2
7564,2524,2025-11-15 12:19:00,SMB,Paid Search,PS-Brand,1
7565,2525,2026-03-24 20:52:00,SMB,Email,EMAIL-Reactivation,1
7566,2526,2026-03-13 22:31:00,SMB,Paid Social,META-Prospecting,1
7567,2526,2026-03-17 15:32:00,SMB,Paid Social,META-Retargeting,2
7568,2526,2026-03-19 10:48:00,SMB,Organic Search,SEO-Product,3
7569,2526,2026-04-01 19:14:00,SMB,Paid Social,META-Retargeting,4
7570,2527,2026-04-18 04:57:00,SMB,Referral,REF-Customer,1
7571,2527,2026-04-28 02:45:00,SMB,Organic Search,SEO-Product,2
7572,2528,2026-08-10 08:30:00,SMB,Referral,REF-Customer,1
7573,2528,2026-08-14 08:28:00,SMB,Paid Search,PS-Brand,2
7574,2528,2026-08-16 07:48:00,SMB,Organic Search,SEO-Product,3
7575,2528,2026-08-19 02:13:00,SMB,Paid Social,META-Retargeting,4
7576,2528,2026-08-29 08:38:00,SMB,Paid Social,META-Prospecting,5
7577,2529,2026-06-14 06:25:00,SMB,Organic Search,SEO-Content,1
7578,2529,2026-06-30 10:01:00,SMB,Organic Search,SEO-Product,2
7579,2529,2026-06-30 23:07:00,SMB,Display,DISPLAY-Retargeting,3
7580,2529,2026-07-01 11:19:00,SMB,Display,DISPLAY-Prospecting,4
7581,2530,2026-02-16 08:56:00,Startup,Paid Social,META-Retargeting,1
7582,2530,2026-02-28 00:35:00,Startup,Paid Social,META-Prospecting,2
7583,2531,2026-07-01 00:55:00,SMB,Paid Social,META-Prospecting,1
7584,2531,2026-07-19 07:53:00,SMB,Paid Search,PS-Brand,2
7585,2531,2026-07-21 11:35:00,SMB,Paid Social,META-Retargeting,3
7586,2531,2026-07-22 17:20:00,SMB,Email,EMAIL-Reactivation,4
7587,2532,2026-04-06 10:22:00,SMB,Email,EMAIL-Nurture,1
7588,2532,2026-04-13 03:11:00,SMB,Paid Search,PS-NonBrand,2
7589,2532,2026-04-22 12:22:00,SMB,Email,EMAIL-Reactivation,3
7590,2532,2026-04-24 04:45:00,SMB,Paid Search,PS-Brand,4
7591,2532,2026-04-30 23:12:00,SMB,Paid Search,PS-Brand,5
7592,2533,2025-12-26 19:18:00,Startup,Email,EMAIL-Reactivation,1
7593,2533,2025-12-30 19:20:00,Startup,Paid Social,META-Retargeting,2
7594,2534,2025-10-24 17:18:00,SMB,Email,EMAIL-Reactivation,1
7595,2534,2025-10-28 00:10:00,SMB,Display,DISPLAY-Retargeting,2
7596,2534,2025-11-01 09:36:00,SMB,Email,EMAIL-Nurture,3
7597,2535,2025-10-23 20:15:00,SMB,Paid Search,PS-Brand,1
7598,2535,2025-10-28 01:27:00,SMB,Referral,REF-Partner,2
7599,2536,2026-01-16 00:41:00,Freelancer,Referral,REF-Partner,1
7600,2537,2026-08-24 15:50:00,Startup,Organic Search,SEO-Content,1
7601,2538,2026-03-23 17:50:00,Startup,Email,EMAIL-Reactivation,1
7602,2538,2026-03-28 00:31:00,Startup,Paid Search,PS-NonBrand,2
7603,2538,2026-03-28 08:01:00,Startup,Referral,REF-Customer,3
7604,2538,2026-04-03 19:33:00,Startup,Email,EMAIL-Reactivation,4
7605,2538,2026-04-14 07:02:00,Startup,Referral,REF-Partner,5
7606,2539,2026-03-31 14:16:00,Startup,Display,DISPLAY-Retargeting,1
7607,2540,2026-02-23 09:12:00,Freelancer,Email,EMAIL-Reactivation,1
7608,2540,2026-02-25 19:50:00,Freelancer,Display,DISPLAY-Retargeting,2
7609,2540,2026-03-02 04:56:00,Freelancer,Paid Search,PS-NonBrand,3
7610,2540,2026-03-05 04:43:00,Freelancer,Referral,REF-Customer,4
7611,2540,2026-03-07 22:03:00,Freelancer,Email,EMAIL-Reactivation,5
7612,2541,2026-01-10 20:22:00,SMB,Paid Social,META-Retargeting,1
7613,2541,2026-01-23 16:27:00,SMB,Organic Search,SEO-Product,2
7614,2542,2026-07-03 04:26:00,SMB,Paid Search,PS-NonBrand,1
7615,2542,2026-07-10 20:02:00,SMB,Email,EMAIL-Reactivation,2
7616,2542,2026-07-12 23:25:00,SMB,Referral,REF-Customer,3
7617,2542,2026-07-13 20:09:00,SMB,Paid Search,PS-Brand,4
7618,2543,2025-10-07 07:17:00,Startup,Paid Search,PS-Brand,1
7619,2543,2025-10-13 07:03:00,Startup,Paid Search,PS-Brand,2
7620,2543,2025-10-14 08:10:00,Startup,Paid Social,META-Retargeting,3
7621,2543,2025-10-14 08:26:00,Startup,Display,DISPLAY-Retargeting,4
7622,2543,2025-11-01 20:58:00,Startup,Paid Social,META-Retargeting,5
7623,2544,2026-05-19 05:34:00,SMB,Paid Social,META-Retargeting,1
7624,2544,2026-06-05 21:28:00,SMB,Email,EMAIL-Reactivation,2
7625,2545,2026-09-10 18:39:00,Startup,Display,DISPLAY-Retargeting,1
7626,2545,2026-09-12 04:33:00,Startup,Paid Social,META-Retargeting,2
7627,2545,2026-09-12 17:51:00,Startup,Email,EMAIL-Nurture,3
7628,2545,2026-09-28 00:16:00,Startup,Email,EMAIL-Reactivation,4
7629,2545,2026-09-28 08:13:00,Startup,Paid Search,PS-Brand,5
7630,2546,2026-08-26 09:01:00,SMB,Organic Search,SEO-Content,1
7631,2546,2026-08-26 15:19:00,SMB,Email,EMAIL-Nurture,2
7632,2546,2026-09-03 00:56:00,SMB,Paid Search,PS-NonBrand,3
7633,2547,2026-02-13 12:17:00,SMB,Paid Search,PS-NonBrand,1
7634,2547,2026-02-22 02:57:00,SMB,Paid Social,META-Retargeting,2
7635,2547,2026-03-12 02:14:00,SMB,Email,EMAIL-Reactivation,3
7636,2548,2026-08-27 22:56:00,Startup,Email,EMAIL-Reactivation,1
7637,2549,2025-12-27 12:54:00,Startup,Display,DISPLAY-Retargeting,1
7638,2549,2025-12-30 11:38:00,Startup,Paid Social,META-Retargeting,2
7639,2549,2026-01-10 12:20:00,Startup,Display,DISPLAY-Retargeting,3
7640,2549,2026-01-15 02:13:00,Startup,Display,DISPLAY-Retargeting,4
7641,2549,2026-01-23 08:30:00,Startup,Paid Search,PS-NonBrand,5
7642,2550,2026-01-01 10:47:00,Startup,Paid Social,META-Retargeting,1
7643,2550,2026-01-09 06:09:00,Startup,Paid Social,META-Retargeting,2
7644,2550,2026-01-12 15:05:00,Startup,Paid Search,PS-NonBrand,3
7645,2551,2026-02-05 20:07:00,SMB,Paid Search,PS-Brand,1
7646,2551,2026-02-11 15:49:00,SMB,Email,EMAIL-Reactivation,2
7647,2552,2025-10-24 00:33:00,SMB,Referral,REF-Partner,1
7648,2552,2025-10-24 15:17:00,SMB,Paid Social,META-Retargeting,2
7649,2552,2025-11-02 08:39:00,SMB,Paid Social,META-Prospecting,3
7650,2552,2025-11-05 06:10:00,SMB,Display,DISPLAY-Retargeting,4
7651,2553,2026-01-09 08:34:00,Startup,Paid Search,PS-NonBrand,1
7652,2553,2026-01-15 23:18:00,Startup,Paid Social,META-Retargeting,2
7653,2553,2026-01-30 08:37:00,Startup,Email,EMAIL-Nurture,3
7654,2554,2026-08-18 16:27:00,SMB,Paid Social,META-Retargeting,1
7655,2554,2026-08-19 15:17:00,SMB,Display,DISPLAY-Retargeting,2
7656,2554,2026-08-27 09:40:00,SMB,Email,EMAIL-Reactivation,3
7657,2554,2026-08-28 15:59:00,SMB,Paid Social,META-Prospecting,4
7658,2554,2026-09-01 19:37:00,SMB,Organic Search,SEO-Product,5
7659,2555,2026-07-10 19:53:00,Startup,Paid Social,META-Prospecting,1
7660,2555,2026-08-03 00:14:00,Startup,Organic Search,SEO-Content,2
7661,2556,2026-02-02 19:57:00,Startup,Paid Social,META-Prospecting,1
7662,2556,2026-02-09 10:20:00,Startup,Paid Social,META-Prospecting,2
7663,2556,2026-02-13 07:16:00,Startup,Paid Search,PS-Brand,3
7664,2556,2026-02-17 13:59:00,Startup,Paid Search,PS-NonBrand,4
7665,2556,2026-02-27 06:42:00,Startup,Paid Social,META-Retargeting,5
7666,2557,2026-01-28 15:47:00,SMB,Organic Search,SEO-Product,1
7667,2558,2026-02-08 03:52:00,SMB,Paid Social,META-Prospecting,1
7668,2558,2026-02-15 10:20:00,SMB,Display,DISPLAY-Prospecting,2
7669,2558,2026-03-04 18:06:00,SMB,Organic Search,SEO-Content,3
7670,2559,2025-12-10 18:46:00,Startup,Display,DISPLAY-Prospecting,1
7671,2560,2025-12-08 07:04:00,SMB,Display,DISPLAY-Prospecting,1
7672,2561,2026-10-02 08:44:00,SMB,Paid Search,PS-NonBrand,1
7673,2561,2026-10-10 12:20:00,SMB,Referral,REF-Partner,2
7674,2561,2026-10-20 23:50:00,SMB,Paid Social,META-Retargeting,3
7675,2562,2026-06-15 13:48:00,Freelancer,Paid Search,PS-Brand,1
7676,2562,2026-07-01 02:17:00,Freelancer,Email,EMAIL-Reactivation,2
7677,2563,2026-06-07 12:43:00,SMB,Paid Search,PS-NonBrand,1
7678,2563,2026-06-17 17:27:00,SMB,Referral,REF-Customer,2
7679,2563,2026-06-20 09:59:00,SMB,Paid Search,PS-NonBrand,3
7680,2563,2026-07-03 11:01:00,SMB,Paid Social,META-Retargeting,4
7681,2564,2026-01-12 04:35:00,Startup,Display,DISPLAY-Retargeting,1
7682,2564,2026-01-27 18:51:00,Startup,Paid Social,META-Retargeting,2
7683,2564,2026-01-30 19:18:00,Startup,Paid Search,PS-Brand,3
7684,2564,2026-02-01 07:25:00,Startup,Paid Social,META-Prospecting,4
7685,2565,2026-08-20 16:24:00,SMB,Paid Social,META-Retargeting,1
7686,2566,2025-12-08 23:54:00,SMB,Email,EMAIL-Reactivation,1
7687,2566,2026-01-01 23:55:00,SMB,Paid Search,PS-NonBrand,2
7688,2567,2026-10-07 11:15:00,Startup,Paid Social,META-Retargeting,1
7689,2568,2026-04-10 14:08:00,SMB,Referral,REF-Customer,1
7690,2569,2026-01-30 23:32:00,Startup,Organic Search,SEO-Product,1
7691,2570,2026-07-09 22:37:00,SMB,Display,DISPLAY-Retargeting,1
7692,2570,2026-07-11 10:21:00,SMB,Paid Social,META-Retargeting,2
7693,2571,2026-03-06 14:04:00,Startup,Paid Search,PS-NonBrand,1
7694,2571,2026-03-10 13:20:00,Startup,Paid Search,PS-NonBrand,2
7695,2571,2026-03-18 17:39:00,Startup,Email,EMAIL-Nurture,3
7696,2571,2026-03-29 09:08:00,Startup,Paid Social,META-Prospecting,4
7697,2572,2026-01-10 01:11:00,Startup,Referral,REF-Customer,1
7698,2572,2026-01-25 06:52:00,Startup,Paid Social,META-Prospecting,2
7699,2572,2026-01-28 05:33:00,Startup,Email,EMAIL-Nurture,3
7700,2572,2026-02-01 08:24:00,Startup,Paid Search,PS-Brand,4
7701,2573,2026-06-13 08:39:00,Startup,Referral,REF-Customer,1
7702,2574,2026-06-22 19:32:00,SMB,Paid Search,PS-NonBrand,1
7703,2574,2026-07-09 20:14:00,SMB,Email,EMAIL-Reactivation,2
7704,2574,2026-07-12 22:56:00,SMB,Paid Search,PS-NonBrand,3
7705,2575,2026-05-14 11:32:00,SMB,Referral,REF-Partner,1
7706,2575,2026-05-15 12:30:00,SMB,Organic Search,SEO-Product,2
7707,2575,2026-05-28 01:32:00,SMB,Referral,REF-Customer,3
7708,2575,2026-05-28 21:16:00,SMB,Paid Social,META-Retargeting,4
7709,2575,2026-05-29 15:15:00,SMB,Email,EMAIL-Reactivation,5
7710,2576,2026-03-19 13:22:00,SMB,Organic Search,SEO-Content,1
7711,2577,2026-02-05 10:14:00,Freelancer,Referral,REF-Customer,1
7712,2578,2026-03-08 13:29:00,Startup,Referral,REF-Partner,1
7713,2578,2026-03-24 22:22:00,Startup,Paid Search,PS-NonBrand,2
7714,2579,2026-08-23 13:51:00,Startup,Referral,REF-Customer,1
7715,2579,2026-08-27 22:00:00,Startup,Display,DISPLAY-Retargeting,2
7716,2579,2026-09-06 15:37:00,Startup,Referral,REF-Customer,3
7717,2580,2026-03-08 00:52:00,SMB,Paid Search,PS-Brand,1
7718,2581,2026-09-30 23:43:00,SMB,Organic Search,SEO-Product,1
7719,2581,2026-10-15 23:28:00,SMB,Email,EMAIL-Nurture,2
7720,2582,2025-11-24 16:09:00,SMB,Organic Search,SEO-Content,1
7721,2582,2025-11-26 07:39:00,SMB,Paid Search,PS-Brand,2
7722,2582,2025-12-20 04:40:00,SMB,Display,DISPLAY-Retargeting,3
7723,2583,2025-12-17 11:17:00,SMB,Paid Search,PS-NonBrand,1
7724,2584,2026-02-21 12:37:00,SMB,Organic Search,SEO-Product,1
7725,2584,2026-02-26 20:40:00,SMB,Email,EMAIL-Nurture,2
7726,2585,2025-10-14 14:15:00,SMB,Paid Search,PS-Brand,1
7727,2585,2025-10-28 20:57:00,SMB,Paid Search,PS-Brand,2
7728,2586,2026-08-22 06:02:00,SMB,Referral,REF-Customer,1
7729,2586,2026-08-24 03:06:00,SMB,Paid Search,PS-Brand,2
7730,2586,2026-08-26 07:34:00,SMB,Email,EMAIL-Nurture,3
7731,2586,2026-09-02 10:56:00,SMB,Organic Search,SEO-Content,4
7732,2587,2026-02-07 13:50:00,Startup,Paid Social,META-Retargeting,1
7733,2588,2025-11-08 21:21:00,SMB,Organic Search,SEO-Content,1
7734,2588,2025-11-09 16:14:00,SMB,Referral,REF-Customer,2
7735,2588,2025-11-10 06:07:00,SMB,Paid Search,PS-NonBrand,3
7736,2588,2025-11-23 08:55:00,SMB,Organic Search,SEO-Product,4
7737,2589,2026-05-18 22:32:00,SMB,Email,EMAIL-Nurture,1
7738,2590,2026-10-02 01:11:00,Startup,Organic Search,SEO-Content,1
7739,2590,2026-10-12 04:21:00,Startup,Paid Search,PS-Brand,2
7740,2590,2026-10-13 16:31:00,Startup,Organic Search,SEO-Content,3
7741,2591,2026-10-14 08:31:00,Startup,Paid Social,META-Retargeting,1
7742,2592,2025-11-20 01:35:00,SMB,Email,EMAIL-Nurture,1
7743,2592,2025-11-25 11:06:00,SMB,Paid Search,PS-NonBrand,2
7744,2593,2026-07-18 10:57:00,Startup,Display,DISPLAY-Prospecting,1
7745,2593,2026-07-18 12:20:00,Startup,Paid Social,META-Prospecting,2
7746,2593,2026-07-24 06:44:00,Startup,Paid Search,PS-Brand,3
7747,2593,2026-07-28 23:12:00,Startup,Paid Social,META-Prospecting,4
7748,2593,2026-08-04 06:45:00,Startup,Referral,REF-Partner,5
7749,2594,2026-02-12 18:14:00,Startup,Organic Search,SEO-Product,1
7750,2594,2026-02-25 15:58:00,Startup,Organic Search,SEO-Content,2
7751,2594,2026-03-06 03:36:00,Startup,Paid Search,PS-NonBrand,3
7752,2595,2026-08-06 18:55:00,Startup,Organic Search,SEO-Content,1
7753,2595,2026-08-21 10:10:00,Startup,Email,EMAIL-Nurture,2
7754,2595,2026-08-24 07:53:00,Startup,Paid Search,PS-Brand,3
7755,2595,2026-08-24 20:59:00,Startup,Paid Search,PS-Brand,4
7756,2595,2026-08-28 08:43:00,Startup,Email,EMAIL-Reactivation,5
7757,2596,2026-05-27 07:02:00,Freelancer,Organic Search,SEO-Product,1
7758,2597,2026-06-26 08:59:00,SMB,Email,EMAIL-Reactivation,1
7759,2598,2026-08-24 07:50:00,Startup,Organic Search,SEO-Content,1
7760,2599,2026-09-14 22:07:00,SMB,Paid Social,META-Retargeting,1
7761,2600,2025-11-29 18:19:00,SMB,Referral,REF-Customer,1
7762,2600,2025-12-01 03:02:00,SMB,Paid Search,PS-NonBrand,2
7763,2601,2026-07-07 06:02:00,SMB,Paid Search,PS-Brand,1
7764,2601,2026-07-16 12:05:00,SMB,Email,EMAIL-Reactivation,2
7765,2601,2026-07-19 22:59:00,SMB,Paid Search,PS-Brand,3
7766,2602,2025-12-06 23:38:00,SMB,Email,EMAIL-Reactivation,1
7767,2603,2026-09-12 10:36:00,SMB,Email,EMAIL-Reactivation,1
7768,2603,2026-09-14 14:53:00,SMB,Email,EMAIL-Nurture,2
7769,2603,2026-09-16 01:20:00,SMB,Paid Social,META-Prospecting,3
7770,2603,2026-09-17 11:45:00,SMB,Paid Social,META-Retargeting,4
7771,2603,2026-09-19 08:51:00,SMB,Paid Social,META-Prospecting,5
7772,2604,2026-05-30 09:30:00,Startup,Paid Search,PS-Brand,1
7773,2604,2026-06-16 12:35:00,Startup,Display,DISPLAY-Prospecting,2
7774,2605,2025-12-21 22:52:00,SMB,Display,DISPLAY-Prospecting,1
7775,2605,2025-12-26 11:21:00,SMB,Organic Search,SEO-Content,2
7776,2605,2026-01-05 11:30:00,SMB,Referral,REF-Customer,3
7777,2606,2026-01-29 06:27:00,SMB,Paid Search,PS-NonBrand,1
7778,2607,2026-09-19 18:58:00,SMB,Referral,REF-Customer,1
7779,2608,2026-05-30 02:47:00,SMB,Organic Search,SEO-Product,1
7780,2608,2026-06-02 05:00:00,SMB,Paid Social,META-Retargeting,2
7781,2608,2026-06-10 22:59:00,SMB,Referral,REF-Customer,3
7782,2609,2025-12-31 14:58:00,SMB,Paid Search,PS-Brand,1
7783,2609,2026-01-09 06:44:00,SMB,Paid Search,PS-NonBrand,2
7784,2609,2026-01-10 01:02:00,SMB,Organic Search,SEO-Product,3
7785,2610,2026-07-29 01:46:00,SMB,Paid Search,PS-NonBrand,1
7786,2611,2026-07-12 23:49:00,Startup,Paid Search,PS-Brand,1
7787,2611,2026-07-18 19:45:00,Startup,Referral,REF-Partner,2
7788,2612,2025-10-30 00:54:00,Freelancer,Referral,REF-Customer,1
7789,2612,2025-11-07 12:52:00,Freelancer,Referral,REF-Customer,2
7790,2612,2025-11-07 23:17:00,Freelancer,Email,EMAIL-Nurture,3
7791,2612,2025-11-18 04:56:00,Freelancer,Referral,REF-Partner,4
7792,2612,2025-11-20 15:46:00,Freelancer,Display,DISPLAY-Prospecting,5
7793,2613,2026-01-24 02:58:00,SMB,Paid Search,PS-NonBrand,1
7794,2613,2026-02-02 08:48:00,SMB,Paid Search,PS-NonBrand,2
7795,2614,2026-08-05 01:43:00,SMB,Paid Search,PS-Brand,1
7796,2614,2026-08-06 11:21:00,SMB,Paid Social,META-Retargeting,2
7797,2614,2026-08-07 03:05:00,SMB,Organic Search,SEO-Content,3
7798,2614,2026-08-25 18:13:00,SMB,Referral,REF-Partner,4
7799,2614,2026-09-01 01:35:00,SMB,Organic Search,SEO-Content,5
7800,2615,2026-02-12 05:57:00,Freelancer,Paid Search,PS-NonBrand,1
7801,2615,2026-02-28 15:08:00,Freelancer,Email,EMAIL-Reactivation,2
7802,2615,2026-02-28 18:13:00,Freelancer,Paid Search,PS-Brand,3
7803,2616,2025-10-18 23:36:00,Startup,Organic Search,SEO-Content,1
7804,2616,2025-10-26 05:29:00,Startup,Email,EMAIL-Reactivation,2
7805,2616,2025-11-05 00:55:00,Startup,Paid Social,META-Prospecting,3
7806,2616,2025-11-06 17:51:00,Startup,Email,EMAIL-Reactivation,4
7807,2617,2026-05-09 15:09:00,Freelancer,Paid Social,META-Prospecting,1
7808,2617,2026-05-19 16:38:00,Freelancer,Paid Search,PS-NonBrand,2
7809,2617,2026-05-20 00:13:00,Freelancer,Paid Search,PS-Brand,3
7810,2617,2026-06-04 22:07:00,Freelancer,Paid Social,META-Retargeting,4
7811,2618,2026-08-31 07:42:00,Startup,Display,DISPLAY-Retargeting,1
7812,2618,2026-09-06 04:29:00,Startup,Paid Social,META-Prospecting,2
7813,2618,2026-09-06 08:52:00,Startup,Paid Search,PS-NonBrand,3
7814,2618,2026-09-10 22:39:00,Startup,Paid Social,META-Retargeting,4
7815,2619,2026-04-26 10:23:00,Startup,Paid Search,PS-NonBrand,1
7816,2620,2026-10-03 04:26:00,SMB,Paid Search,PS-Brand,1
7817,2620,2026-10-09 01:32:00,SMB,Paid Search,PS-Brand,2
7818,2620,2026-10-16 18:34:00,SMB,Email,EMAIL-Reactivation,3
7819,2620,2026-10-17 08:59:00,SMB,Paid Social,META-Retargeting,4
7820,2621,2025-11-25 06:51:00,SMB,Paid Social,META-Prospecting,1
7821,2622,2026-06-09 14:03:00,Startup,Paid Search,PS-Brand,1
7822,2622,2026-06-09 16:16:00,Startup,Paid Search,PS-Brand,2
7823,2622,2026-06-19 18:45:00,Startup,Organic Search,SEO-Content,3
7824,2622,2026-06-23 09:42:00,Startup,Organic Search,SEO-Content,4
7825,2622,2026-06-26 03:24:00,Startup,Paid Social,META-Retargeting,5
7826,2623,2026-06-03 18:55:00,Startup,Email,EMAIL-Reactivation,1
7827,2623,2026-06-05 01:29:00,Startup,Organic Search,SEO-Product,2
7828,2623,2026-06-16 03:32:00,Startup,Paid Social,META-Retargeting,3
7829,2623,2026-06-21 01:53:00,Startup,Paid Social,META-Retargeting,4
7830,2623,2026-06-21 17:54:00,Startup,Paid Search,PS-Brand,5
7831,2624,2026-10-12 20:38:00,Startup,Referral,REF-Partner,1
7832,2624,2026-10-19 10:51:00,Startup,Paid Social,META-Retargeting,2
7833,2625,2026-04-13 14:48:00,Freelancer,Paid Social,META-Prospecting,1
7834,2625,2026-04-26 20:18:00,Freelancer,Email,EMAIL-Reactivation,2
7835,2625,2026-05-03 18:41:00,Freelancer,Referral,REF-Customer,3
7836,2626,2026-08-07 18:43:00,SMB,Paid Search,PS-Brand,1
7837,2626,2026-08-24 05:48:00,SMB,Display,DISPLAY-Retargeting,2
7838,2627,2025-12-01 08:58:00,SMB,Paid Search,PS-NonBrand,1
7839,2627,2025-12-06 22:45:00,SMB,Paid Search,PS-Brand,2
7840,2627,2025-12-15 20:19:00,SMB,Paid Search,PS-Brand,3
7841,2628,2025-10-26 21:52:00,Freelancer,Paid Social,META-Retargeting,1
7842,2628,2025-11-05 06:06:00,Freelancer,Organic Search,SEO-Product,2
7843,2629,2026-06-19 13:26:00,Freelancer,Paid Social,META-Retargeting,1
7844,2629,2026-06-26 06:40:00,Freelancer,Email,EMAIL-Nurture,2
7845,2629,2026-06-29 18:11:00,Freelancer,Referral,REF-Customer,3
7846,2629,2026-07-01 21:51:00,Freelancer,Paid Search,PS-NonBrand,4
7847,2630,2025-10-07 16:35:00,Startup,Email,EMAIL-Reactivation,1
7848,2631,2026-08-30 03:25:00,Startup,Paid Social,META-Prospecting,1
7849,2632,2025-10-17 13:05:00,Freelancer,Email,EMAIL-Reactivation,1
7850,2632,2025-10-28 15:31:00,Freelancer,Paid Search,PS-Brand,2
7851,2633,2026-06-11 09:12:00,SMB,Referral,REF-Customer,1
7852,2633,2026-06-29 03:26:00,SMB,Organic Search,SEO-Product,2
7853,2633,2026-06-30 10:15:00,SMB,Paid Search,PS-Brand,3
7854,2633,2026-07-05 00:31:00,SMB,Paid Social,META-Retargeting,4
7855,2633,2026-07-07 00:42:00,SMB,Organic Search,SEO-Content,5
7856,2634,2026-03-23 21:15:00,SMB,Referral,REF-Customer,1
7857,2634,2026-03-24 17:41:00,SMB,Paid Search,PS-NonBrand,2
7858,2634,2026-04-11 22:40:00,SMB,Organic Search,SEO-Product,3
7859,2635,2026-06-05 13:53:00,SMB,Paid Search,PS-NonBrand,1
7860,2635,2026-06-16 03:54:00,SMB,Email,EMAIL-Reactivation,2
7861,2636,2026-05-26 23:23:00,SMB,Organic Search,SEO-Product,1
7862,2636,2026-06-02 13:13:00,SMB,Referral,REF-Customer,2
7863,2637,2026-03-28 19:25:00,Startup,Email,EMAIL-Nurture,1
7864,2637,2026-04-10 10:58:00,Startup,Paid Social,META-Retargeting,2
7865,2638,2026-03-26 11:18:00,SMB,Email,EMAIL-Reactivation,1
7866,2638,2026-03-31 11:53:00,SMB,Paid Search,PS-NonBrand,2
7867,2638,2026-04-02 10:22:00,SMB,Referral,REF-Customer,3
7868,2638,2026-04-04 10:38:00,SMB,Paid Social,META-Prospecting,4
7869,2638,2026-04-16 22:15:00,SMB,Email,EMAIL-Reactivation,5
7870,2639,2026-04-02 05:17:00,Startup,Paid Search,PS-NonBrand,1
7871,2639,2026-04-02 11:26:00,Startup,Paid Search,PS-NonBrand,2
7872,2639,2026-04-05 07:14:00,Startup,Paid Social,META-Retargeting,3
7873,2639,2026-04-07 10:53:00,Startup,Paid Search,PS-NonBrand,4
7874,2639,2026-04-25 04:13:00,Startup,Paid Search,PS-Brand,5
7875,2640,2026-06-12 03:59:00,SMB,Paid Search,PS-NonBrand,1
7876,2640,2026-06-22 20:26:00,SMB,Paid Social,META-Retargeting,2
7877,2640,2026-06-23 14:33:00,SMB,Paid Social,META-Retargeting,3
7878,2640,2026-06-25 07:34:00,SMB,Paid Social,META-Retargeting,4
7879,2640,2026-06-27 18:36:00,SMB,Paid Search,PS-Brand,5
7880,2641,2026-06-18 00:43:00,Startup,Display,DISPLAY-Retargeting,1
7881,2641,2026-06-20 21:30:00,Startup,Email,EMAIL-Reactivation,2
7882,2641,2026-06-29 11:46:00,Startup,Paid Social,META-Prospecting,3
7883,2641,2026-07-01 18:16:00,Startup,Paid Social,META-Retargeting,4
7884,2642,2026-03-16 15:44:00,SMB,Paid Search,PS-NonBrand,1
7885,2642,2026-03-21 09:12:00,SMB,Paid Social,META-Retargeting,2
7886,2642,2026-03-22 07:17:00,SMB,Email,EMAIL-Nurture,3
7887,2642,2026-03-23 08:13:00,SMB,Paid Search,PS-Brand,4
7888,2643,2026-02-06 14:27:00,Startup,Paid Social,META-Retargeting,1
7889,2643,2026-03-04 00:07:00,Startup,Paid Search,PS-Brand,2
7890,2644,2025-10-26 16:05:00,SMB,Organic Search,SEO-Content,1
7891,2644,2025-10-28 04:05:00,SMB,Organic Search,SEO-Product,2
7892,2644,2025-10-28 14:12:00,SMB,Paid Social,META-Retargeting,3
7893,2644,2025-10-28 21:28:00,SMB,Organic Search,SEO-Product,4
7894,2645,2026-07-12 22:12:00,SMB,Email,EMAIL-Reactivation,1
7895,2645,2026-07-22 05:43:00,SMB,Email,EMAIL-Reactivation,2
7896,2645,2026-07-23 17:35:00,SMB,Email,EMAIL-Reactivation,3
7897,2645,2026-08-01 16:50:00,SMB,Display,DISPLAY-Retargeting,4
7898,2645,2026-08-09 11:36:00,SMB,Referral,REF-Customer,5
7899,2646,2025-12-28 01:22:00,SMB,Paid Social,META-Prospecting,1
7900,2646,2025-12-31 14:08:00,SMB,Paid Social,META-Retargeting,2
7901,2646,2026-01-01 06:22:00,SMB,Referral,REF-Customer,3
7902,2647,2026-03-11 20:45:00,Startup,Email,EMAIL-Reactivation,1
7903,2647,2026-03-30 09:48:00,Startup,Email,EMAIL-Reactivation,2
7904,2647,2026-04-05 16:25:00,Startup,Paid Search,PS-NonBrand,3
7905,2648,2026-09-29 23:37:00,Startup,Paid Search,PS-NonBrand,1
7906,2648,2026-10-23 08:30:00,Startup,Display,DISPLAY-Retargeting,2
7907,2649,2026-07-31 22:07:00,Freelancer,Paid Social,META-Retargeting,1
7908,2649,2026-08-10 18:23:00,Freelancer,Referral,REF-Partner,2
7909,2650,2026-02-10 19:53:00,Freelancer,Paid Social,META-Retargeting,1
7910,2650,2026-02-14 14:21:00,Freelancer,Paid Social,META-Retargeting,2
7911,2650,2026-02-27 04:09:00,Freelancer,Email,EMAIL-Reactivation,3
7912,2650,2026-03-01 14:27:00,Freelancer,Referral,REF-Customer,4
7913,2650,2026-03-05 15:55:00,Freelancer,Paid Search,PS-NonBrand,5
7914,2651,2026-03-25 23:07:00,SMB,Organic Search,SEO-Product,1
7915,2651,2026-03-28 08:34:00,SMB,Paid Search,PS-NonBrand,2
7916,2651,2026-03-28 13:43:00,SMB,Paid Social,META-Retargeting,3
7917,2651,2026-03-29 08:27:00,SMB,Paid Social,META-Prospecting,4
7918,2651,2026-04-04 21:28:00,SMB,Paid Social,META-Retargeting,5
7919,2652,2026-02-07 04:47:00,SMB,Paid Search,PS-Brand,1
7920,2653,2026-06-07 03:37:00,SMB,Paid Social,META-Prospecting,1
7921,2654,2025-12-18 11:43:00,SMB,Email,EMAIL-Nurture,1
7922,2655,2026-09-27 12:03:00,SMB,Display,DISPLAY-Prospecting,1
7923,2655,2026-10-02 08:04:00,SMB,Email,EMAIL-Reactivation,2
7924,2656,2026-09-28 11:02:00,Freelancer,Paid Search,PS-NonBrand,1
7925,2657,2026-01-18 08:24:00,Freelancer,Email,EMAIL-Nurture,1
7926,2657,2026-02-04 16:33:00,Freelancer,Referral,REF-Customer,2
7927,2658,2026-01-18 05:33:00,SMB,Email,EMAIL-Nurture,1
7928,2658,2026-01-18 14:48:00,SMB,Paid Search,PS-Brand,2
7929,2659,2026-04-15 13:22:00,Startup,Paid Social,META-Prospecting,1
7930,2659,2026-04-25 18:19:00,Startup,Paid Search,PS-NonBrand,2
7931,2659,2026-05-03 13:25:00,Startup,Paid Search,PS-Brand,3
7932,2659,2026-05-04 11:05:00,Startup,Organic Search,SEO-Product,4
7933,2660,2026-06-01 04:26:00,Freelancer,Referral,REF-Customer,1
7934,2660,2026-06-09 18:52:00,Freelancer,Paid Search,PS-NonBrand,2
7935,2660,2026-06-15 05:24:00,Freelancer,Email,EMAIL-Reactivation,3
7936,2660,2026-06-20 07:23:00,Freelancer,Paid Social,META-Retargeting,4
7937,2661,2026-05-28 15:42:00,SMB,Paid Search,PS-Brand,1
7938,2661,2026-06-08 17:00:00,SMB,Paid Search,PS-NonBrand,2
7939,2661,2026-06-12 08:10:00,SMB,Referral,REF-Customer,3
7940,2662,2025-10-27 05:10:00,Freelancer,Organic Search,SEO-Product,1
7941,2662,2025-11-01 09:46:00,Freelancer,Organic Search,SEO-Content,2
7942,2662,2025-11-05 15:57:00,Freelancer,Email,EMAIL-Reactivation,3
7943,2662,2025-11-06 02:17:00,Freelancer,Referral,REF-Customer,4
7944,2663,2026-06-18 05:12:00,Freelancer,Referral,REF-Customer,1
7945,2663,2026-06-20 18:51:00,Freelancer,Email,EMAIL-Reactivation,2
7946,2663,2026-07-12 08:42:00,Freelancer,Email,EMAIL-Reactivation,3
7947,2663,2026-07-13 15:34:00,Freelancer,Paid Social,META-Prospecting,4
7948,2664,2025-11-02 14:49:00,Freelancer,Paid Social,META-Retargeting,1
7949,2664,2025-11-12 04:50:00,Freelancer,Email,EMAIL-Nurture,2
7950,2664,2025-11-19 05:59:00,Freelancer,Paid Social,META-Retargeting,3
7951,2665,2026-02-07 07:51:00,Startup,Paid Search,PS-NonBrand,1
7952,2665,2026-02-11 17:50:00,Startup,Paid Social,META-Retargeting,2
7953,2665,2026-02-12 23:15:00,Startup,Paid Social,META-Retargeting,3
7954,2666,2026-06-24 02:25:00,SMB,Organic Search,SEO-Product,1
7955,2666,2026-06-30 08:22:00,SMB,Organic Search,SEO-Content,2
7956,2666,2026-07-03 02:55:00,SMB,Email,EMAIL-Nurture,3
7957,2667,2026-09-10 10:15:00,SMB,Paid Social,META-Prospecting,1
7958,2668,2026-05-27 22:40:00,Freelancer,Email,EMAIL-Nurture,1
7959,2668,2026-06-17 02:47:00,Freelancer,Organic Search,SEO-Content,2
7960,2668,2026-06-18 09:21:00,Freelancer,Paid Search,PS-Brand,3
7961,2669,2025-12-03 08:29:00,SMB,Email,EMAIL-Nurture,1
7962,2669,2025-12-12 00:54:00,SMB,Paid Social,META-Retargeting,2
7963,2670,2026-06-14 05:10:00,SMB,Paid Search,PS-Brand,1
7964,2670,2026-06-21 00:02:00,SMB,Paid Search,PS-Brand,2
7965,2670,2026-06-23 19:13:00,SMB,Referral,REF-Customer,3
7966,2670,2026-06-25 10:21:00,SMB,Paid Search,PS-Brand,4
7967,2671,2025-10-25 21:34:00,SMB,Paid Search,PS-NonBrand,1
7968,2671,2025-10-30 12:54:00,SMB,Email,EMAIL-Reactivation,2
7969,2671,2025-11-03 13:37:00,SMB,Paid Search,PS-NonBrand,3
7970,2671,2025-11-07 06:37:00,SMB,Referral,REF-Customer,4
7971,2671,2025-11-09 12:01:00,SMB,Paid Social,META-Retargeting,5
7972,2672,2025-12-27 07:23:00,Startup,Paid Search,PS-Brand,1
7973,2672,2026-01-13 04:13:00,Startup,Referral,REF-Customer,2
7974,2672,2026-01-14 12:01:00,Startup,Paid Search,PS-NonBrand,3
7975,2673,2025-11-23 14:33:00,SMB,Organic Search,SEO-Product,1
7976,2673,2025-11-26 07:38:00,SMB,Email,EMAIL-Reactivation,2
7977,2673,2025-12-08 21:41:00,SMB,Paid Search,PS-Brand,3
7978,2673,2025-12-09 12:59:00,SMB,Referral,REF-Partner,4
7979,2673,2025-12-13 08:51:00,SMB,Paid Social,META-Retargeting,5
7980,2674,2026-09-29 15:22:00,Startup,Paid Social,META-Retargeting,1
7981,2674,2026-10-15 22:44:00,Startup,Email,EMAIL-Reactivation,2
7982,2674,2026-10-23 09:09:00,Startup,Paid Search,PS-NonBrand,3
7983,2675,2026-02-16 05:26:00,Startup,Email,EMAIL-Nurture,1
7984,2675,2026-02-21 19:16:00,Startup,Organic Search,SEO-Product,2
7985,2675,2026-03-05 06:46:00,Startup,Organic Search,SEO-Content,3
7986,2676,2026-04-26 11:45:00,SMB,Email,EMAIL-Reactivation,1
7987,2676,2026-04-30 19:49:00,SMB,Paid Search,PS-Brand,2
7988,2676,2026-04-30 20:01:00,SMB,Display,DISPLAY-Retargeting,3
7989,2676,2026-05-02 00:16:00,SMB,Organic Search,SEO-Product,4
7990,2676,2026-05-09 22:40:00,SMB,Organic Search,SEO-Content,5
7991,2677,2026-07-19 14:07:00,SMB,Paid Search,PS-NonBrand,1
7992,2677,2026-07-22 21:16:00,SMB,Referral,REF-Customer,2
7993,2678,2026-10-13 02:27:00,Startup,Paid Search,PS-NonBrand,1
7994,2679,2026-10-14 03:22:00,Startup,Paid Search,PS-Brand,1
7995,2679,2026-10-18 11:45:00,Startup,Referral,REF-Partner,2
7996,2680,2025-12-02 09:27:00,Freelancer,Referral,REF-Partner,1
7997,2680,2025-12-12 20:29:00,Freelancer,Organic Search,SEO-Content,2
7998,2680,2025-12-27 19:51:00,Freelancer,Paid Search,PS-NonBrand,3
7999,2681,2026-03-20 03:01:00,Freelancer,Referral,REF-Partner,1
8000,2682,2026-03-05 03:49:00,SMB,Paid Social,META-Retargeting,1
8001,2682,2026-03-11 18:40:00,SMB,Email,EMAIL-Nurture,2
8002,2682,2026-03-12 08:42:00,SMB,Paid Social,META-Retargeting,3
8003,2682,2026-03-25 11:19:00,SMB,Organic Search,SEO-Content,4
8004,2683,2026-08-01 02:06:00,Freelancer,Email,EMAIL-Reactivation,1
8005,2683,2026-08-08 12:54:00,Freelancer,Paid Search,PS-NonBrand,2
8006,2683,2026-08-15 13:21:00,Freelancer,Referral,REF-Partner,3
8007,2684,2026-02-12 10:38:00,Startup,Paid Social,META-Retargeting,1
8008,2684,2026-03-01 07:57:00,Startup,Referral,REF-Customer,2
8009,2685,2026-01-01 02:42:00,Startup,Email,EMAIL-Nurture,1
8010,2685,2026-01-09 16:26:00,Startup,Display,DISPLAY-Retargeting,2
8011,2685,2026-01-18 21:28:00,Startup,Email,EMAIL-Nurture,3
8012,2685,2026-01-22 09:07:00,Startup,Paid Social,META-Retargeting,4
8013,2686,2026-07-12 16:06:00,Startup,Referral,REF-Customer,1
8014,2686,2026-07-13 06:13:00,Startup,Paid Social,META-Retargeting,2
8015,2686,2026-07-18 05:52:00,Startup,Paid Search,PS-Brand,3
8016,2686,2026-07-24 06:43:00,Startup,Paid Search,PS-NonBrand,4
8017,2687,2026-04-07 11:17:00,SMB,Paid Search,PS-Brand,1
8018,2687,2026-04-12 10:59:00,SMB,Organic Search,SEO-Product,2
8019,2687,2026-04-17 07:49:00,SMB,Paid Search,PS-Brand,3
8020,2687,2026-04-23 11:41:00,SMB,Organic Search,SEO-Product,4
8021,2687,2026-04-25 16:20:00,SMB,Referral,REF-Customer,5
8022,2688,2026-07-03 17:32:00,Startup,Organic Search,SEO-Product,1
8023,2688,2026-07-24 16:37:00,Startup,Paid Social,META-Retargeting,2
8024,2689,2026-02-19 01:28:00,Startup,Organic Search,SEO-Product,1
8025,2689,2026-03-12 09:43:00,Startup,Referral,REF-Customer,2
8026,2690,2026-03-28 12:08:00,SMB,Referral,REF-Partner,1
8027,2690,2026-04-07 11:19:00,SMB,Paid Social,META-Retargeting,2
8028,2690,2026-04-10 05:14:00,SMB,Paid Search,PS-NonBrand,3
8029,2690,2026-04-11 11:34:00,SMB,Paid Social,META-Retargeting,4
8030,2690,2026-04-19 10:54:00,SMB,Email,EMAIL-Reactivation,5
8031,2691,2025-10-17 10:02:00,Startup,Email,EMAIL-Reactivation,1
8032,2691,2025-10-24 13:26:00,Startup,Organic Search,SEO-Content,2
8033,2691,2025-10-26 00:21:00,Startup,Display,DISPLAY-Retargeting,3
8034,2691,2025-10-29 22:57:00,Startup,Organic Search,SEO-Product,4
8035,2691,2025-10-30 01:38:00,Startup,Organic Search,SEO-Content,5
8036,2692,2025-10-07 21:04:00,SMB,Organic Search,SEO-Content,1
8037,2692,2025-11-03 15:23:00,SMB,Organic Search,SEO-Content,2
8038,2693,2025-10-02 00:35:00,Startup,Paid Search,PS-NonBrand,1
8039,2693,2025-10-06 08:32:00,Startup,Referral,REF-Customer,2
8040,2693,2025-10-11 06:48:00,Startup,Paid Social,META-Retargeting,3
8041,2694,2026-01-01 03:24:00,Freelancer,Organic Search,SEO-Content,1
8042,2695,2026-02-14 14:43:00,SMB,Paid Social,META-Retargeting,1
8043,2695,2026-02-21 06:28:00,SMB,Paid Search,PS-Brand,2
8044,2696,2025-10-27 13:17:00,SMB,Paid Social,META-Prospecting,1
8045,2697,2025-12-04 13:11:00,Startup,Paid Social,META-Retargeting,1
8046,2698,2026-08-12 22:34:00,SMB,Display,DISPLAY-Retargeting,1
8047,2698,2026-08-17 09:22:00,SMB,Organic Search,SEO-Product,2
8048,2698,2026-08-31 04:19:00,SMB,Referral,REF-Customer,3
8049,2698,2026-09-02 16:24:00,SMB,Referral,REF-Partner,4
8050,2699,2026-08-29 21:12:00,SMB,Paid Search,PS-NonBrand,1
8051,2699,2026-08-31 07:26:00,SMB,Paid Search,PS-NonBrand,2
8052,2700,2026-01-29 07:14:00,Startup,Paid Social,META-Retargeting,1
8053,2701,2026-09-22 20:41:00,SMB,Organic Search,SEO-Content,1
8054,2701,2026-09-23 01:57:00,SMB,Referral,REF-Customer,2
8055,2701,2026-10-06 07:34:00,SMB,Paid Search,PS-Brand,3
8056,2702,2025-11-25 04:26:00,Startup,Paid Search,PS-NonBrand,1
8057,2703,2025-10-24 01:34:00,SMB,Paid Social,META-Prospecting,1
8058,2703,2025-10-27 09:45:00,SMB,Paid Social,META-Retargeting,2
8059,2703,2025-10-30 05:42:00,SMB,Paid Search,PS-NonBrand,3
8060,2704,2026-02-11 13:24:00,SMB,Paid Social,META-Retargeting,1
8061,2704,2026-03-06 23:16:00,SMB,Display,DISPLAY-Retargeting,2
8062,2705,2026-01-07 00:36:00,SMB,Referral,REF-Partner,1
8063,2705,2026-01-22 14:33:00,SMB,Paid Social,META-Retargeting,2
8064,2705,2026-02-02 17:39:00,SMB,Paid Search,PS-Brand,3
8065,2706,2025-10-29 14:18:00,Freelancer,Display,DISPLAY-Prospecting,1
8066,2706,2025-11-10 12:25:00,Freelancer,Display,DISPLAY-Prospecting,2
8067,2706,2025-11-19 06:07:00,Freelancer,Organic Search,SEO-Product,3
8068,2707,2026-08-13 18:37:00,Startup,Referral,REF-Customer,1
8069,2708,2026-10-05 03:40:00,SMB,Email,EMAIL-Reactivation,1
8070,2708,2026-10-05 18:34:00,SMB,Paid Search,PS-NonBrand,2
8071,2708,2026-10-05 20:21:00,SMB,Paid Search,PS-Brand,3
8072,2708,2026-10-07 12:48:00,SMB,Organic Search,SEO-Product,4
8073,2708,2026-10-10 00:19:00,SMB,Display,DISPLAY-Retargeting,5
8074,2709,2026-01-07 07:38:00,SMB,Display,DISPLAY-Prospecting,1
8075,2709,2026-01-25 23:13:00,SMB,Referral,REF-Customer,2
8076,2709,2026-01-28 17:00:00,SMB,Display,DISPLAY-Retargeting,3
8077,2709,2026-02-03 18:22:00,SMB,Paid Social,META-Retargeting,4
8078,2709,2026-02-05 16:47:00,SMB,Organic Search,SEO-Content,5
8079,2710,2026-02-02 07:17:00,Startup,Paid Search,PS-NonBrand,1
8080,2710,2026-02-07 21:32:00,Startup,Paid Search,PS-Brand,2
8081,2711,2026-07-01 08:43:00,Startup,Paid Search,PS-Brand,1
8082,2711,2026-07-02 12:20:00,Startup,Organic Search,SEO-Product,2
8083,2712,2026-09-15 13:36:00,SMB,Organic Search,SEO-Product,1
8084,2712,2026-09-29 21:47:00,SMB,Organic Search,SEO-Product,2
8085,2713,2026-02-11 20:42:00,SMB,Referral,REF-Customer,1
8086,2714,2026-06-17 04:31:00,Startup,Email,EMAIL-Reactivation,1
8087,2714,2026-06-26 07:44:00,Startup,Paid Search,PS-NonBrand,2
8088,2714,2026-06-27 13:33:00,Startup,Paid Social,META-Retargeting,3
8089,2715,2025-10-16 09:14:00,Startup,Display,DISPLAY-Retargeting,1
8090,2715,2025-10-18 20:13:00,Startup,Display,DISPLAY-Prospecting,2
8091,2715,2025-10-20 20:41:00,Startup,Display,DISPLAY-Retargeting,3
8092,2716,2026-04-29 15:18:00,Startup,Paid Social,META-Prospecting,1
8093,2716,2026-05-16 09:43:00,Startup,Organic Search,SEO-Content,2
8094,2716,2026-05-24 03:27:00,Startup,Paid Social,META-Retargeting,3
8095,2717,2026-10-03 07:14:00,Startup,Paid Search,PS-Brand,1
8096,2717,2026-10-10 07:30:00,Startup,Email,EMAIL-Reactivation,2
8097,2717,2026-10-22 05:28:00,Startup,Paid Social,META-Retargeting,3
8098,2717,2026-10-22 07:04:00,Startup,Organic Search,SEO-Content,4
8099,2718,2026-03-27 00:21:00,Startup,Organic Search,SEO-Product,1
8100,2718,2026-04-10 06:29:00,Startup,Paid Social,META-Retargeting,2
8101,2718,2026-04-18 14:33:00,Startup,Referral,REF-Customer,3
8102,2718,2026-04-20 08:47:00,Startup,Paid Social,META-Retargeting,4
8103,2719,2026-06-03 17:46:00,Startup,Referral,REF-Customer,1
8104,2719,2026-06-07 18:36:00,Startup,Display,DISPLAY-Retargeting,2
8105,2719,2026-06-09 02:27:00,Startup,Paid Search,PS-Brand,3
8106,2719,2026-06-20 07:42:00,Startup,Referral,REF-Partner,4
8107,2719,2026-06-21 05:49:00,Startup,Paid Social,META-Prospecting,5
8108,2720,2026-06-17 19:40:00,Startup,Organic Search,SEO-Content,1
8109,2720,2026-07-05 13:29:00,Startup,Paid Social,META-Retargeting,2
8110,2720,2026-07-05 22:04:00,Startup,Paid Social,META-Retargeting,3
8111,2721,2026-05-25 19:05:00,Startup,Paid Social,META-Retargeting,1
8112,2721,2026-05-29 17:05:00,Startup,Referral,REF-Customer,2
8113,2721,2026-06-15 10:13:00,Startup,Paid Social,META-Retargeting,3
8114,2721,2026-06-16 00:49:00,Startup,Display,DISPLAY-Prospecting,4
8115,2722,2026-06-27 10:58:00,SMB,Paid Search,PS-Brand,1
8116,2723,2026-09-12 04:54:00,Freelancer,Paid Social,META-Prospecting,1
8117,2724,2025-10-08 08:58:00,SMB,Paid Search,PS-NonBrand,1
8118,2724,2025-10-14 22:31:00,SMB,Paid Search,PS-NonBrand,2
8119,2724,2025-10-21 10:54:00,SMB,Paid Social,META-Retargeting,3
8120,2724,2025-10-22 16:15:00,SMB,Email,EMAIL-Reactivation,4
8121,2725,2026-08-27 13:10:00,Startup,Email,EMAIL-Nurture,1
8122,2726,2026-09-02 21:35:00,Startup,Paid Social,META-Prospecting,1
8123,2727,2026-08-29 21:03:00,Freelancer,Referral,REF-Partner,1
8124,2727,2026-08-31 08:51:00,Freelancer,Referral,REF-Customer,2
8125,2727,2026-09-07 13:54:00,Freelancer,Paid Social,META-Prospecting,3
8126,2727,2026-09-09 04:17:00,Freelancer,Paid Social,META-Retargeting,4
8127,2727,2026-09-18 09:54:00,Freelancer,Paid Search,PS-NonBrand,5
8128,2728,2026-02-13 21:07:00,SMB,Paid Social,META-Retargeting,1
8129,2728,2026-02-22 00:09:00,SMB,Display,DISPLAY-Retargeting,2
8130,2728,2026-02-24 11:03:00,SMB,Paid Social,META-Prospecting,3
8131,2728,2026-03-09 13:53:00,SMB,Paid Search,PS-Brand,4
8132,2728,2026-03-13 13:20:00,SMB,Paid Search,PS-NonBrand,5
8133,2729,2026-05-08 14:03:00,Freelancer,Paid Search,PS-NonBrand,1
8134,2729,2026-05-25 06:00:00,Freelancer,Referral,REF-Partner,2
8135,2730,2026-02-15 15:03:00,SMB,Paid Social,META-Prospecting,1
8136,2730,2026-02-22 09:35:00,SMB,Referral,REF-Customer,2
8137,2730,2026-02-23 09:40:00,SMB,Paid Social,META-Retargeting,3
8138,2730,2026-02-24 12:45:00,SMB,Paid Search,PS-NonBrand,4
8139,2731,2026-08-29 03:26:00,SMB,Organic Search,SEO-Content,1
8140,2731,2026-09-01 21:37:00,SMB,Paid Search,PS-Brand,2
8141,2732,2026-03-01 01:48:00,Freelancer,Display,DISPLAY-Retargeting,1
8142,2733,2026-02-03 02:47:00,SMB,Referral,REF-Customer,1
8143,2733,2026-02-13 08:01:00,SMB,Paid Search,PS-Brand,2
8144,2733,2026-02-14 22:46:00,SMB,Organic Search,SEO-Product,3
8145,2734,2026-06-08 00:43:00,Startup,Display,DISPLAY-Prospecting,1
8146,2734,2026-06-28 01:43:00,Startup,Paid Social,META-Retargeting,2
8147,2735,2025-10-28 15:54:00,SMB,Referral,REF-Customer,1
8148,2735,2025-11-03 13:48:00,SMB,Organic Search,SEO-Content,2
8149,2735,2025-11-04 04:30:00,SMB,Referral,REF-Customer,3
8150,2735,2025-11-15 23:50:00,SMB,Organic Search,SEO-Product,4
8151,2736,2026-02-18 02:41:00,Freelancer,Paid Search,PS-NonBrand,1
8152,2736,2026-02-19 06:41:00,Freelancer,Display,DISPLAY-Prospecting,2
8153,2736,2026-03-11 03:52:00,Freelancer,Display,DISPLAY-Retargeting,3
8154,2736,2026-03-11 20:43:00,Freelancer,Email,EMAIL-Reactivation,4
8155,2737,2025-12-31 06:04:00,Startup,Organic Search,SEO-Product,1
8156,2738,2026-03-03 11:07:00,SMB,Referral,REF-Partner,1
8157,2738,2026-03-04 05:33:00,SMB,Paid Search,PS-NonBrand,2
8158,2738,2026-03-09 09:53:00,SMB,Referral,REF-Partner,3
8159,2738,2026-03-12 20:35:00,SMB,Referral,REF-Customer,4
8160,2739,2026-04-07 11:43:00,Startup,Referral,REF-Customer,1
8161,2740,2025-10-28 09:44:00,SMB,Email,EMAIL-Reactivation,1
8162,2740,2025-11-06 14:42:00,SMB,Paid Search,PS-Brand,2
8163,2740,2025-11-15 13:22:00,SMB,Organic Search,SEO-Product,3
8164,2741,2026-08-28 00:06:00,Startup,Organic Search,SEO-Content,1
8165,2741,2026-09-05 21:46:00,Startup,Paid Social,META-Retargeting,2
8166,2742,2026-03-10 05:23:00,Startup,Paid Search,PS-Brand,1
8167,2742,2026-03-13 13:28:00,Startup,Organic Search,SEO-Product,2
8168,2743,2026-02-16 22:37:00,Startup,Paid Social,META-Retargeting,1
8169,2743,2026-02-26 12:31:00,Startup,Referral,REF-Partner,2
8170,2743,2026-02-28 17:35:00,Startup,Email,EMAIL-Reactivation,3
8171,2743,2026-03-07 05:07:00,Startup,Paid Social,META-Retargeting,4
8172,2744,2025-11-24 21:21:00,Startup,Organic Search,SEO-Product,1
8173,2744,2025-11-27 07:20:00,Startup,Paid Social,META-Retargeting,2
8174,2744,2025-12-05 20:02:00,Startup,Paid Social,META-Prospecting,3
8175,2744,2025-12-12 03:02:00,Startup,Organic Search,SEO-Content,4
8176,2744,2025-12-16 22:57:00,Startup,Paid Search,PS-Brand,5
8177,2745,2026-10-02 07:08:00,Freelancer,Organic Search,SEO-Product,1
8178,2745,2026-10-14 12:45:00,Freelancer,Paid Social,META-Prospecting,2
8179,2745,2026-10-22 18:45:00,Freelancer,Paid Search,PS-Brand,3
8180,2745,2026-10-22 20:46:00,Freelancer,Email,EMAIL-Nurture,4
8181,2745,2026-10-22 22:46:00,Freelancer,Paid Social,META-Retargeting,5
8182,2746,2026-08-20 08:31:00,Startup,Email,EMAIL-Reactivation,1
8183,2746,2026-08-24 03:03:00,Startup,Paid Social,META-Prospecting,2
8184,2746,2026-08-29 10:27:00,Startup,Paid Social,META-Prospecting,3
8185,2747,2026-04-03 07:24:00,Freelancer,Email,EMAIL-Reactivation,1
8186,2747,2026-04-23 13:42:00,Freelancer,Display,DISPLAY-Prospecting,2
8187,2748,2026-02-05 16:53:00,SMB,Paid Search,PS-NonBrand,1
8188,2748,2026-02-09 09:06:00,SMB,Organic Search,SEO-Content,2
8189,2748,2026-02-10 07:19:00,SMB,Paid Social,META-Retargeting,3
8190,2748,2026-02-28 08:16:00,SMB,Paid Social,META-Retargeting,4
8191,2749,2026-03-21 14:28:00,SMB,Display,DISPLAY-Retargeting,1
8192,2749,2026-04-02 12:14:00,SMB,Display,DISPLAY-Retargeting,2
8193,2749,2026-04-02 23:04:00,SMB,Paid Social,META-Retargeting,3
8194,2749,2026-04-07 05:23:00,SMB,Referral,REF-Partner,4
8195,2749,2026-04-14 19:28:00,SMB,Organic Search,SEO-Content,5
8196,2750,2026-09-24 00:15:00,Startup,Paid Social,META-Retargeting,1
8197,2750,2026-09-24 06:01:00,Startup,Paid Social,META-Retargeting,2
8198,2750,2026-09-30 11:30:00,Startup,Referral,REF-Customer,3
8199,2751,2025-12-20 05:43:00,SMB,Display,DISPLAY-Prospecting,1
8200,2751,2025-12-22 02:03:00,SMB,Paid Search,PS-Brand,2
8201,2751,2026-01-08 02:14:00,SMB,Display,DISPLAY-Retargeting,3
8202,2752,2026-06-17 06:32:00,SMB,Paid Social,META-Retargeting,1
8203,2752,2026-06-18 02:38:00,SMB,Referral,REF-Partner,2
8204,2752,2026-07-04 02:45:00,SMB,Organic Search,SEO-Product,3
8205,2753,2026-09-04 06:57:00,Startup,Paid Search,PS-Brand,1
8206,2753,2026-09-23 11:48:00,Startup,Paid Search,PS-Brand,2
8207,2754,2026-07-06 04:55:00,Startup,Organic Search,SEO-Content,1
8208,2755,2026-09-02 04:20:00,SMB,Paid Search,PS-NonBrand,1
8209,2755,2026-09-05 22:50:00,SMB,Organic Search,SEO-Content,2
8210,2755,2026-09-07 19:22:00,SMB,Referral,REF-Partner,3
8211,2755,2026-09-11 20:47:00,SMB,Paid Search,PS-NonBrand,4
8212,2756,2026-09-22 03:00:00,SMB,Paid Social,META-Prospecting,1
8213,2756,2026-09-25 05:32:00,SMB,Display,DISPLAY-Retargeting,2
8214,2756,2026-10-04 19:40:00,SMB,Paid Search,PS-Brand,3
8215,2756,2026-10-10 21:32:00,SMB,Paid Search,PS-Brand,4
8216,2757,2025-10-24 04:49:00,SMB,Referral,REF-Partner,1
8217,2757,2025-10-31 23:09:00,SMB,Referral,REF-Partner,2
8218,2757,2025-11-17 03:37:00,SMB,Email,EMAIL-Reactivation,3
8219,2757,2025-11-18 21:14:00,SMB,Referral,REF-Customer,4
8220,2757,2025-11-20 05:02:00,SMB,Email,EMAIL-Reactivation,5
8221,2758,2025-12-31 05:03:00,SMB,Paid Search,PS-Brand,1
8222,2758,2026-01-05 13:10:00,SMB,Paid Search,PS-Brand,2
8223,2759,2025-11-22 11:35:00,SMB,Referral,REF-Partner,1
8224,2759,2025-11-30 01:08:00,SMB,Organic Search,SEO-Product,2
8225,2759,2025-12-03 06:47:00,SMB,Display,DISPLAY-Retargeting,3
8226,2759,2025-12-15 21:48:00,SMB,Referral,REF-Customer,4
8227,2759,2025-12-19 10:23:00,SMB,Paid Search,PS-Brand,5
8228,2760,2026-05-02 14:43:00,Freelancer,Organic Search,SEO-Product,1
8229,2760,2026-05-05 21:03:00,Freelancer,Organic Search,SEO-Content,2
8230,2760,2026-05-13 16:21:00,Freelancer,Email,EMAIL-Reactivation,3
8231,2760,2026-05-19 19:09:00,Freelancer,Organic Search,SEO-Product,4
8232,2761,2026-02-27 10:58:00,SMB,Paid Social,META-Retargeting,1
8233,2761,2026-03-15 13:07:00,SMB,Display,DISPLAY-Retargeting,2
8234,2761,2026-03-18 19:08:00,SMB,Email,EMAIL-Reactivation,3
8235,2761,2026-03-24 13:23:00,SMB,Paid Social,META-Prospecting,4
8236,2762,2025-10-15 01:12:00,Startup,Organic Search,SEO-Content,1
8237,2763,2026-05-10 09:56:00,Freelancer,Organic Search,SEO-Content,1
8238,2763,2026-05-16 18:50:00,Freelancer,Display,DISPLAY-Prospecting,2
8239,2763,2026-05-18 09:09:00,Freelancer,Paid Social,META-Retargeting,3
8240,2763,2026-05-21 10:10:00,Freelancer,Paid Search,PS-Brand,4
8241,2764,2025-11-21 19:47:00,SMB,Paid Social,META-Prospecting,1
8242,2764,2025-11-22 14:22:00,SMB,Email,EMAIL-Reactivation,2
8243,2764,2025-11-30 19:57:00,SMB,Paid Search,PS-Brand,3
8244,2764,2025-12-05 11:25:00,SMB,Paid Search,PS-Brand,4
8245,2765,2026-03-04 22:53:00,Freelancer,Paid Social,META-Prospecting,1
8246,2765,2026-03-21 11:53:00,Freelancer,Paid Search,PS-Brand,2
8247,2766,2026-02-16 20:09:00,SMB,Paid Social,META-Prospecting,1
8248,2767,2026-09-06 10:21:00,Startup,Paid Search,PS-NonBrand,1
8249,2767,2026-09-11 12:23:00,Startup,Paid Search,PS-Brand,2
8250,2767,2026-09-11 14:17:00,Startup,Paid Social,META-Prospecting,3
8251,2768,2026-06-12 14:33:00,Freelancer,Display,DISPLAY-Prospecting,1
8252,2768,2026-07-02 20:37:00,Freelancer,Referral,REF-Customer,2
8253,2768,2026-07-04 01:38:00,Freelancer,Email,EMAIL-Nurture,3
8254,2769,2026-05-16 12:28:00,Startup,Organic Search,SEO-Content,1
8255,2769,2026-05-27 08:14:00,Startup,Paid Social,META-Prospecting,2
8256,2769,2026-06-01 19:10:00,Startup,Display,DISPLAY-Retargeting,3
8257,2769,2026-06-04 21:45:00,Startup,Paid Search,PS-Brand,4
8258,2770,2026-08-07 03:59:00,SMB,Paid Social,META-Prospecting,1
8259,2770,2026-08-13 13:06:00,SMB,Paid Search,PS-Brand,2
8260,2770,2026-08-16 20:04:00,SMB,Email,EMAIL-Reactivation,3
8261,2770,2026-08-17 18:39:00,SMB,Paid Social,META-Retargeting,4
8262,2771,2025-12-19 08:05:00,SMB,Organic Search,SEO-Product,1
8263,2771,2025-12-30 20:05:00,SMB,Paid Search,PS-NonBrand,2
8264,2771,2026-01-01 09:08:00,SMB,Organic Search,SEO-Content,3
8265,2771,2026-01-03 16:37:00,SMB,Referral,REF-Partner,4
8266,2772,2026-01-26 02:39:00,SMB,Paid Search,PS-Brand,1
8267,2773,2026-07-21 19:29:00,Freelancer,Organic Search,SEO-Content,1
8268,2774,2026-07-08 02:36:00,SMB,Email,EMAIL-Reactivation,1
8269,2774,2026-07-10 02:55:00,SMB,Organic Search,SEO-Product,2
8270,2775,2025-10-15 09:43:00,Startup,Paid Social,META-Retargeting,1
8271,2775,2025-11-01 06:05:00,Startup,Email,EMAIL-Reactivation,2
8272,2776,2025-12-24 17:20:00,SMB,Organic Search,SEO-Product,1
8273,2776,2025-12-26 20:03:00,SMB,Referral,REF-Customer,2
8274,2776,2026-01-12 23:00:00,SMB,Paid Social,META-Retargeting,3
8275,2777,2026-01-05 08:18:00,SMB,Paid Social,META-Prospecting,1
8276,2777,2026-01-11 03:34:00,SMB,Organic Search,SEO-Product,2
8277,2777,2026-01-19 01:06:00,SMB,Email,EMAIL-Reactivation,3
8278,2778,2025-10-26 16:11:00,SMB,Referral,REF-Customer,1
8279,2779,2026-06-02 16:21:00,SMB,Referral,REF-Customer,1
8280,2780,2025-11-06 23:22:00,Startup,Paid Search,PS-NonBrand,1
8281,2781,2026-08-14 12:51:00,SMB,Email,EMAIL-Reactivation,1
8282,2781,2026-08-19 11:14:00,SMB,Organic Search,SEO-Content,2
8283,2781,2026-08-28 02:11:00,SMB,Referral,REF-Customer,3
8284,2781,2026-08-31 09:11:00,SMB,Organic Search,SEO-Product,4
8285,2782,2026-05-03 07:55:00,SMB,Display,DISPLAY-Retargeting,1
8286,2782,2026-05-23 17:32:00,SMB,Paid Search,PS-Brand,2
8287,2782,2026-05-30 02:32:00,SMB,Referral,REF-Partner,3
8288,2783,2026-07-14 03:38:00,Startup,Paid Social,META-Retargeting,1
8289,2783,2026-07-23 10:11:00,Startup,Paid Social,META-Retargeting,2
8290,2784,2026-04-06 12:38:00,SMB,Organic Search,SEO-Product,1
8291,2784,2026-04-07 10:38:00,SMB,Display,DISPLAY-Retargeting,2
8292,2784,2026-04-23 11:09:00,SMB,Paid Social,META-Retargeting,3
8293,2785,2026-09-28 12:17:00,Startup,Referral,REF-Partner,1
8294,2785,2026-10-01 01:39:00,Startup,Organic Search,SEO-Content,2
8295,2785,2026-10-01 05:07:00,Startup,Paid Social,META-Prospecting,3
8296,2785,2026-10-04 09:36:00,Startup,Paid Social,META-Retargeting,4
8297,2786,2026-01-22 22:34:00,Startup,Email,EMAIL-Nurture,1
8298,2787,2026-05-01 23:54:00,Startup,Referral,REF-Customer,1
8299,2787,2026-05-09 16:42:00,Startup,Paid Social,META-Retargeting,2
8300,2788,2025-10-20 17:50:00,SMB,Paid Social,META-Retargeting,1
8301,2789,2026-08-20 01:37:00,SMB,Paid Search,PS-Brand,1
8302,2789,2026-08-21 16:13:00,SMB,Paid Search,PS-Brand,2
8303,2790,2026-05-10 23:05:00,Startup,Paid Social,META-Prospecting,1
8304,2791,2025-12-12 13:41:00,Freelancer,Email,EMAIL-Reactivation,1
8305,2792,2026-08-04 23:40:00,SMB,Organic Search,SEO-Content,1
8306,2792,2026-08-18 10:29:00,SMB,Organic Search,SEO-Product,2
8307,2792,2026-08-19 09:50:00,SMB,Email,EMAIL-Nurture,3
8308,2793,2026-09-28 19:32:00,SMB,Paid Search,PS-Brand,1
8309,2793,2026-10-06 03:09:00,SMB,Paid Search,PS-Brand,2
8310,2793,2026-10-11 09:16:00,SMB,Referral,REF-Partner,3
8311,2793,2026-10-20 00:12:00,SMB,Display,DISPLAY-Retargeting,4
8312,2794,2025-11-16 04:41:00,SMB,Referral,REF-Partner,1
8313,2795,2026-08-12 20:41:00,Startup,Paid Search,PS-NonBrand,1
8314,2795,2026-08-14 04:15:00,Startup,Paid Search,PS-Brand,2
8315,2796,2026-07-10 21:24:00,SMB,Paid Search,PS-Brand,1
8316,2797,2026-02-14 01:34:00,Freelancer,Paid Search,PS-Brand,1
8317,2797,2026-02-16 16:20:00,Freelancer,Paid Social,META-Retargeting,2
8318,2797,2026-02-23 07:07:00,Freelancer,Paid Social,META-Retargeting,3
8319,2797,2026-02-23 08:24:00,Freelancer,Referral,REF-Partner,4
8320,2797,2026-02-27 18:17:00,Freelancer,Referral,REF-Customer,5
8321,2798,2026-06-12 02:25:00,SMB,Email,EMAIL-Nurture,1
8322,2799,2026-07-19 02:06:00,Freelancer,Paid Search,PS-Brand,1
8323,2799,2026-07-20 20:55:00,Freelancer,Referral,REF-Partner,2
8324,2799,2026-08-06 14:03:00,Freelancer,Referral,REF-Partner,3
8325,2799,2026-08-12 14:25:00,Freelancer,Email,EMAIL-Nurture,4
8326,2800,2026-04-10 06:43:00,SMB,Organic Search,SEO-Product,1
8327,2800,2026-04-11 02:05:00,SMB,Paid Social,META-Retargeting,2
8328,2800,2026-04-15 08:19:00,SMB,Paid Social,META-Retargeting,3
8329,2801,2026-06-10 20:38:00,SMB,Email,EMAIL-Reactivation,1
8330,2802,2025-11-03 08:06:00,SMB,Referral,REF-Partner,1
8331,2802,2025-11-14 15:09:00,SMB,Paid Social,META-Prospecting,2
8332,2803,2026-09-10 05:11:00,SMB,Paid Social,META-Retargeting,1
8333,2803,2026-09-15 02:44:00,SMB,Paid Social,META-Prospecting,2
8334,2803,2026-09-18 03:51:00,SMB,Referral,REF-Customer,3
8335,2803,2026-09-21 15:49:00,SMB,Paid Search,PS-Brand,4
8336,2803,2026-09-21 23:16:00,SMB,Paid Social,META-Prospecting,5
8337,2804,2026-09-05 05:34:00,Freelancer,Referral,REF-Customer,1
8338,2804,2026-09-06 18:40:00,Freelancer,Paid Search,PS-Brand,2
8339,2804,2026-09-17 18:03:00,Freelancer,Display,DISPLAY-Retargeting,3
8340,2804,2026-09-27 04:15:00,Freelancer,Organic Search,SEO-Content,4
8341,2804,2026-10-01 11:14:00,Freelancer,Email,EMAIL-Nurture,5
8342,2805,2025-12-18 23:46:00,SMB,Paid Search,PS-NonBrand,1
8343,2806,2026-04-11 10:33:00,SMB,Organic Search,SEO-Product,1
8344,2806,2026-04-12 23:07:00,SMB,Organic Search,SEO-Content,2
8345,2807,2026-01-02 09:57:00,Freelancer,Organic Search,SEO-Content,1
8346,2807,2026-01-09 03:21:00,Freelancer,Email,EMAIL-Reactivation,2
8347,2807,2026-01-15 23:55:00,Freelancer,Organic Search,SEO-Product,3
8348,2807,2026-01-16 18:29:00,Freelancer,Paid Search,PS-NonBrand,4
8349,2807,2026-01-18 20:59:00,Freelancer,Paid Social,META-Retargeting,5
8350,2808,2026-03-05 17:56:00,SMB,Display,DISPLAY-Retargeting,1
8351,2808,2026-03-08 11:43:00,SMB,Paid Search,PS-Brand,2
8352,2808,2026-03-12 22:09:00,SMB,Paid Search,PS-NonBrand,3
8353,2808,2026-03-18 02:52:00,SMB,Referral,REF-Customer,4
8354,2809,2026-01-13 22:52:00,SMB,Referral,REF-Partner,1
8355,2809,2026-01-16 15:59:00,SMB,Organic Search,SEO-Product,2
8356,2809,2026-01-29 15:52:00,SMB,Paid Search,PS-NonBrand,3
8357,2809,2026-01-31 23:28:00,SMB,Referral,REF-Customer,4
8358,2809,2026-02-01 16:50:00,SMB,Paid Social,META-Retargeting,5
8359,2810,2026-08-20 17:24:00,SMB,Referral,REF-Customer,1
8360,2810,2026-08-26 19:38:00,SMB,Referral,REF-Customer,2
8361,2810,2026-08-31 20:39:00,SMB,Referral,REF-Customer,3
8362,2810,2026-09-03 11:10:00,SMB,Referral,REF-Partner,4
8363,2811,2026-06-23 22:32:00,SMB,Paid Social,META-Retargeting,1
8364,2811,2026-07-08 13:29:00,SMB,Paid Search,PS-Brand,2
8365,2812,2026-08-17 06:22:00,Freelancer,Email,EMAIL-Nurture,1
8366,2812,2026-08-20 00:34:00,Freelancer,Organic Search,SEO-Content,2
8367,2812,2026-08-25 14:24:00,Freelancer,Paid Search,PS-Brand,3
8368,2813,2026-07-26 00:18:00,SMB,Paid Search,PS-NonBrand,1
8369,2813,2026-08-13 20:26:00,SMB,Paid Search,PS-Brand,2
8370,2814,2026-06-24 22:42:00,Startup,Email,EMAIL-Nurture,1
8371,2814,2026-07-01 18:08:00,Startup,Paid Search,PS-Brand,2
8372,2815,2025-12-29 22:18:00,SMB,Referral,REF-Partner,1
8373,2816,2026-08-02 14:57:00,SMB,Referral,REF-Partner,1
8374,2816,2026-08-06 16:09:00,SMB,Paid Search,PS-NonBrand,2
8375,2817,2026-07-22 15:15:00,Startup,Paid Social,META-Retargeting,1
8376,2817,2026-07-24 17:32:00,Startup,Organic Search,SEO-Content,2
8377,2817,2026-07-30 15:25:00,Startup,Paid Search,PS-NonBrand,3
8378,2818,2025-11-19 11:25:00,Startup,Paid Social,META-Retargeting,1
8379,2818,2025-12-02 21:42:00,Startup,Email,EMAIL-Nurture,2
8380,2818,2025-12-03 18:51:00,Startup,Referral,REF-Customer,3
8381,2818,2025-12-05 01:54:00,Startup,Organic Search,SEO-Product,4
8382,2819,2025-11-02 16:45:00,Startup,Paid Search,PS-NonBrand,1
8383,2819,2025-11-10 02:21:00,Startup,Referral,REF-Customer,2
8384,2819,2025-11-13 20:02:00,Startup,Paid Search,PS-Brand,3
8385,2819,2025-11-24 06:39:00,Startup,Paid Social,META-Retargeting,4
8386,2819,2025-11-30 09:35:00,Startup,Referral,REF-Customer,5
8387,2820,2026-07-11 04:00:00,SMB,Organic Search,SEO-Content,1
8388,2820,2026-07-20 07:56:00,SMB,Paid Social,META-Retargeting,2
8389,2820,2026-07-24 14:22:00,SMB,Paid Social,META-Retargeting,3
8390,2821,2026-02-22 05:16:00,SMB,Organic Search,SEO-Product,1
8391,2821,2026-02-27 10:09:00,SMB,Paid Social,META-Retargeting,2
8392,2821,2026-03-02 03:22:00,SMB,Display,DISPLAY-Retargeting,3
8393,2821,2026-03-16 20:49:00,SMB,Paid Search,PS-NonBrand,4
8394,2822,2026-02-13 20:10:00,Startup,Organic Search,SEO-Content,1
8395,2822,2026-02-25 14:41:00,Startup,Organic Search,SEO-Content,2
8396,2823,2026-03-01 08:01:00,Startup,Paid Search,PS-Brand,1
8397,2823,2026-03-08 10:13:00,Startup,Paid Search,PS-Brand,2
8398,2824,2026-08-14 12:36:00,SMB,Paid Social,META-Prospecting,1
8399,2824,2026-09-06 08:53:00,SMB,Paid Social,META-Prospecting,2
8400,2825,2026-02-23 23:42:00,SMB,Paid Search,PS-Brand,1
8401,2825,2026-02-27 23:56:00,SMB,Email,EMAIL-Nurture,2
8402,2825,2026-03-05 05:21:00,SMB,Organic Search,SEO-Content,3
8403,2826,2026-02-21 18:05:00,Startup,Referral,REF-Customer,1
8404,2826,2026-02-25 00:28:00,Startup,Paid Search,PS-NonBrand,2
8405,2827,2026-03-02 01:43:00,SMB,Email,EMAIL-Nurture,1
8406,2827,2026-03-02 09:40:00,SMB,Paid Social,META-Retargeting,2
8407,2827,2026-03-04 08:37:00,SMB,Email,EMAIL-Reactivation,3
8408,2827,2026-03-22 07:57:00,SMB,Organic Search,SEO-Content,4
8409,2827,2026-03-22 09:27:00,SMB,Paid Search,PS-Brand,5
8410,2828,2025-11-04 18:36:00,Startup,Paid Social,META-Retargeting,1
8411,2829,2025-10-14 11:39:00,Startup,Organic Search,SEO-Content,1
8412,2829,2025-10-21 08:30:00,Startup,Referral,REF-Customer,2
8413,2829,2025-11-08 15:29:00,Startup,Paid Search,PS-Brand,3
8414,2829,2025-11-11 05:23:00,Startup,Organic Search,SEO-Content,4
8415,2830,2026-03-09 18:39:00,SMB,Paid Search,PS-NonBrand,1
8416,2830,2026-03-13 01:53:00,SMB,Organic Search,SEO-Product,2
8417,2831,2025-10-17 06:25:00,Startup,Paid Search,PS-NonBrand,1
8418,2831,2025-10-20 16:43:00,Startup,Display,DISPLAY-Retargeting,2
8419,2831,2025-10-22 04:54:00,Startup,Referral,REF-Customer,3
8420,2832,2026-07-07 08:15:00,Startup,Display,DISPLAY-Retargeting,1
8421,2832,2026-07-11 01:50:00,Startup,Display,DISPLAY-Retargeting,2
8422,2832,2026-07-21 06:55:00,Startup,Paid Search,PS-Brand,3
8423,2832,2026-07-26 10:11:00,Startup,Display,DISPLAY-Prospecting,4
8424,2832,2026-07-30 17:11:00,Startup,Paid Search,PS-Brand,5
8425,2833,2026-03-11 01:54:00,Startup,Referral,REF-Customer,1
8426,2833,2026-03-19 04:20:00,Startup,Organic Search,SEO-Product,2
8427,2834,2026-04-07 23:14:00,Freelancer,Email,EMAIL-Reactivation,1
8428,2834,2026-04-25 06:59:00,Freelancer,Paid Social,META-Retargeting,2
8429,2834,2026-04-25 19:35:00,Freelancer,Paid Search,PS-Brand,3
8430,2835,2026-02-05 18:22:00,Startup,Organic Search,SEO-Content,1
8431,2835,2026-02-15 22:04:00,Startup,Organic Search,SEO-Product,2
8432,2835,2026-02-20 14:24:00,Startup,Paid Search,PS-Brand,3
8433,2836,2026-07-22 10:11:00,SMB,Referral,REF-Partner,1
8434,2836,2026-08-01 03:24:00,SMB,Email,EMAIL-Nurture,2
8435,2836,2026-08-03 03:24:00,SMB,Paid Social,META-Prospecting,3
8436,2837,2026-03-14 09:26:00,SMB,Paid Search,PS-NonBrand,1
8437,2837,2026-04-01 19:53:00,SMB,Display,DISPLAY-Prospecting,2
8438,2838,2025-10-22 19:07:00,Startup,Referral,REF-Customer,1
8439,2838,2025-10-25 00:27:00,Startup,Paid Social,META-Retargeting,2
8440,2838,2025-11-03 18:24:00,Startup,Paid Search,PS-NonBrand,3
8441,2839,2026-04-06 16:25:00,SMB,Paid Search,PS-Brand,1
8442,2840,2025-12-14 10:23:00,Startup,Display,DISPLAY-Prospecting,1
8443,2840,2025-12-21 10:56:00,Startup,Organic Search,SEO-Content,2
8444,2840,2025-12-27 05:28:00,Startup,Email,EMAIL-Reactivation,3
8445,2840,2025-12-29 10:08:00,Startup,Organic Search,SEO-Content,4
8446,2840,2025-12-29 15:31:00,Startup,Paid Social,META-Retargeting,5
8447,2841,2026-05-13 03:20:00,SMB,Paid Search,PS-NonBrand,1
8448,2841,2026-05-24 12:20:00,SMB,Organic Search,SEO-Content,2
8449,2841,2026-05-27 19:50:00,SMB,Paid Search,PS-NonBrand,3
8450,2841,2026-05-29 11:43:00,SMB,Organic Search,SEO-Product,4
8451,2841,2026-05-31 20:53:00,SMB,Paid Social,META-Retargeting,5
8452,2842,2026-04-28 14:24:00,SMB,Paid Search,PS-NonBrand,1
8453,2842,2026-04-28 23:30:00,SMB,Organic Search,SEO-Content,2
8454,2842,2026-05-15 23:50:00,SMB,Email,EMAIL-Reactivation,3
8455,2842,2026-05-17 18:56:00,SMB,Display,DISPLAY-Retargeting,4
8456,2843,2026-03-28 01:00:00,SMB,Organic Search,SEO-Content,1
8457,2843,2026-03-28 05:03:00,SMB,Paid Search,PS-NonBrand,2
8458,2843,2026-04-06 04:00:00,SMB,Organic Search,SEO-Product,3
8459,2843,2026-04-09 01:14:00,SMB,Paid Search,PS-Brand,4
8460,2843,2026-04-09 14:21:00,SMB,Referral,REF-Partner,5
8461,2844,2026-03-05 17:38:00,Freelancer,Organic Search,SEO-Product,1
8462,2844,2026-03-05 19:00:00,Freelancer,Paid Search,PS-NonBrand,2
8463,2844,2026-03-17 18:29:00,Freelancer,Email,EMAIL-Nurture,3
8464,2845,2026-05-11 23:49:00,Startup,Paid Social,META-Prospecting,1
8465,2845,2026-05-27 05:03:00,Startup,Paid Social,META-Retargeting,2
8466,2845,2026-05-27 10:30:00,Startup,Paid Search,PS-NonBrand,3
8467,2845,2026-06-01 01:13:00,Startup,Organic Search,SEO-Product,4
8468,2846,2026-06-07 19:40:00,Startup,Referral,REF-Customer,1
8469,2846,2026-06-16 09:05:00,Startup,Email,EMAIL-Reactivation,2
8470,2846,2026-06-23 09:05:00,Startup,Paid Social,META-Retargeting,3
8471,2846,2026-06-27 11:56:00,Startup,Paid Search,PS-NonBrand,4
8472,2847,2026-09-04 14:55:00,SMB,Organic Search,SEO-Content,1
8473,2848,2026-10-01 15:41:00,Freelancer,Display,DISPLAY-Prospecting,1
8474,2849,2025-11-25 07:34:00,Freelancer,Paid Search,PS-NonBrand,1
8475,2850,2026-06-03 16:10:00,SMB,Paid Social,META-Prospecting,1
8476,2850,2026-06-04 01:12:00,SMB,Referral,REF-Customer,2
8477,2850,2026-06-17 11:13:00,SMB,Email,EMAIL-Reactivation,3
8478,2850,2026-06-18 15:56:00,SMB,Email,EMAIL-Nurture,4
8479,2850,2026-06-21 03:30:00,SMB,Referral,REF-Customer,5
8480,2851,2025-11-05 12:02:00,Startup,Referral,REF-Partner,1
8481,2851,2025-11-07 06:50:00,Startup,Email,EMAIL-Reactivation,2
8482,2851,2025-11-11 22:53:00,Startup,Organic Search,SEO-Content,3
8483,2851,2025-11-13 02:34:00,Startup,Email,EMAIL-Reactivation,4
8484,2851,2025-11-19 17:32:00,Startup,Email,EMAIL-Reactivation,5
8485,2852,2026-03-12 17:18:00,Freelancer,Referral,REF-Partner,1
8486,2853,2026-07-01 21:56:00,SMB,Organic Search,SEO-Product,1
8487,2853,2026-07-06 03:30:00,SMB,Email,EMAIL-Reactivation,2
8488,2853,2026-07-07 16:51:00,SMB,Email,EMAIL-Reactivation,3
8489,2853,2026-07-14 11:45:00,SMB,Referral,REF-Customer,4
8490,2854,2026-04-24 09:15:00,SMB,Paid Social,META-Prospecting,1
8491,2854,2026-05-08 07:39:00,SMB,Paid Search,PS-Brand,2
8492,2855,2026-08-15 16:40:00,Startup,Referral,REF-Customer,1
8493,2855,2026-08-16 00:49:00,Startup,Paid Search,PS-NonBrand,2
8494,2856,2026-09-25 13:08:00,SMB,Paid Search,PS-Brand,1
8495,2857,2026-09-29 00:55:00,Startup,Organic Search,SEO-Content,1
8496,2857,2026-10-01 18:09:00,Startup,Display,DISPLAY-Retargeting,2
8497,2857,2026-10-05 04:27:00,Startup,Paid Search,PS-Brand,3
8498,2857,2026-10-06 14:13:00,Startup,Email,EMAIL-Reactivation,4
8499,2857,2026-10-17 11:42:00,Startup,Paid Search,PS-Brand,5
8500,2858,2026-06-03 07:18:00,Startup,Paid Search,PS-NonBrand,1
8501,2858,2026-06-07 00:56:00,Startup,Paid Search,PS-NonBrand,2
8502,2858,2026-06-17 03:22:00,Startup,Paid Social,META-Retargeting,3
8503,2858,2026-06-22 21:46:00,Startup,Display,DISPLAY-Prospecting,4
8504,2858,2026-06-25 07:31:00,Startup,Display,DISPLAY-Retargeting,5
8505,2859,2026-06-03 15:32:00,SMB,Email,EMAIL-Reactivation,1
8506,2860,2026-07-23 14:05:00,SMB,Display,DISPLAY-Retargeting,1
8507,2860,2026-07-29 00:26:00,SMB,Paid Social,META-Retargeting,2
8508,2860,2026-07-30 14:31:00,SMB,Paid Social,META-Prospecting,3
8509,2860,2026-08-19 02:38:00,SMB,Referral,REF-Customer,4
8510,2861,2026-01-04 17:54:00,Startup,Organic Search,SEO-Product,1
8511,2861,2026-01-06 05:16:00,Startup,Email,EMAIL-Reactivation,2
8512,2861,2026-01-11 08:05:00,Startup,Paid Search,PS-NonBrand,3
8513,2861,2026-01-19 09:17:00,Startup,Paid Search,PS-Brand,4
8514,2862,2026-01-31 21:26:00,SMB,Paid Social,META-Retargeting,1
8515,2862,2026-02-01 13:04:00,SMB,Email,EMAIL-Reactivation,2
8516,2862,2026-02-12 19:22:00,SMB,Paid Social,META-Prospecting,3
8517,2863,2026-02-08 12:48:00,SMB,Paid Social,META-Prospecting,1
8518,2863,2026-02-18 10:17:00,SMB,Paid Search,PS-Brand,2
8519,2863,2026-02-19 18:47:00,SMB,Organic Search,SEO-Product,3
8520,2863,2026-03-03 18:29:00,SMB,Email,EMAIL-Nurture,4
8521,2864,2026-07-11 23:47:00,SMB,Referral,REF-Customer,1
8522,2864,2026-07-25 03:57:00,SMB,Email,EMAIL-Nurture,2
8523,2865,2026-02-06 23:35:00,Freelancer,Organic Search,SEO-Content,1
8524,2865,2026-02-14 03:05:00,Freelancer,Organic Search,SEO-Product,2
8525,2865,2026-02-17 13:35:00,Freelancer,Paid Social,META-Prospecting,3
8526,2865,2026-02-17 15:39:00,Freelancer,Paid Search,PS-Brand,4
8527,2865,2026-02-27 22:09:00,Freelancer,Referral,REF-Customer,5
8528,2866,2025-11-22 14:43:00,SMB,Organic Search,SEO-Product,1
8529,2866,2025-12-07 11:47:00,SMB,Referral,REF-Customer,2
8530,2866,2025-12-11 13:02:00,SMB,Paid Social,META-Prospecting,3
8531,2867,2026-07-23 14:48:00,SMB,Paid Search,PS-NonBrand,1
8532,2867,2026-07-24 06:34:00,SMB,Referral,REF-Customer,2
8533,2867,2026-08-10 03:53:00,SMB,Organic Search,SEO-Content,3
8534,2868,2026-07-04 20:03:00,Startup,Email,EMAIL-Reactivation,1
8535,2869,2026-05-15 03:04:00,SMB,Organic Search,SEO-Product,1
8536,2869,2026-05-24 09:32:00,SMB,Paid Search,PS-Brand,2
8537,2869,2026-06-01 17:56:00,SMB,Paid Search,PS-Brand,3
8538,2870,2026-09-02 14:04:00,Startup,Paid Search,PS-NonBrand,1
8539,2871,2026-07-29 15:24:00,SMB,Referral,REF-Customer,1
8540,2871,2026-08-04 08:19:00,SMB,Organic Search,SEO-Content,2
8541,2872,2026-08-27 07:59:00,Freelancer,Display,DISPLAY-Retargeting,1
8542,2872,2026-09-17 14:25:00,Freelancer,Referral,REF-Customer,2
8543,2872,2026-09-17 22:03:00,Freelancer,Paid Social,META-Retargeting,3
8544,2872,2026-09-20 11:41:00,Freelancer,Referral,REF-Partner,4
8545,2872,2026-09-23 15:36:00,Freelancer,Email,EMAIL-Nurture,5
8546,2873,2026-01-12 11:17:00,SMB,Display,DISPLAY-Retargeting,1
8547,2873,2026-01-17 02:20:00,SMB,Paid Search,PS-NonBrand,2
8548,2873,2026-01-24 22:45:00,SMB,Paid Social,META-Retargeting,3
8549,2874,2025-11-21 21:12:00,SMB,Paid Search,PS-Brand,1
8550,2874,2025-11-27 14:50:00,SMB,Paid Social,META-Retargeting,2
8551,2874,2025-12-02 02:56:00,SMB,Paid Search,PS-Brand,3
8552,2874,2025-12-05 08:32:00,SMB,Paid Search,PS-NonBrand,4
8553,2874,2025-12-05 10:47:00,SMB,Paid Social,META-Prospecting,5
8554,2875,2026-02-13 02:17:00,SMB,Paid Search,PS-Brand,1
8555,2875,2026-02-20 01:38:00,SMB,Display,DISPLAY-Prospecting,2
8556,2875,2026-02-21 19:28:00,SMB,Display,DISPLAY-Retargeting,3
8557,2876,2026-07-31 21:27:00,Freelancer,Paid Search,PS-Brand,1
8558,2876,2026-08-08 03:03:00,Freelancer,Paid Search,PS-Brand,2
8559,2876,2026-08-22 14:58:00,Freelancer,Organic Search,SEO-Content,3
8560,2876,2026-08-24 05:10:00,Freelancer,Paid Social,META-Retargeting,4
8561,2876,2026-08-28 09:22:00,Freelancer,Paid Search,PS-Brand,5
8562,2877,2026-09-06 10:53:00,Freelancer,Email,EMAIL-Nurture,1
8563,2878,2025-11-24 20:00:00,SMB,Paid Search,PS-Brand,1
8564,2878,2025-12-06 22:47:00,SMB,Paid Search,PS-Brand,2
8565,2879,2026-08-09 18:34:00,SMB,Paid Search,PS-Brand,1
8566,2879,2026-08-11 20:01:00,SMB,Display,DISPLAY-Prospecting,2
8567,2879,2026-08-16 07:26:00,SMB,Paid Search,PS-NonBrand,3
8568,2879,2026-08-17 10:38:00,SMB,Paid Search,PS-NonBrand,4
8569,2879,2026-08-31 21:06:00,SMB,Organic Search,SEO-Content,5
8570,2880,2026-03-28 19:39:00,SMB,Email,EMAIL-Nurture,1
8571,2880,2026-03-29 12:43:00,SMB,Display,DISPLAY-Retargeting,2
8572,2880,2026-04-02 10:39:00,SMB,Paid Search,PS-Brand,3
8573,2880,2026-04-08 22:42:00,SMB,Organic Search,SEO-Product,4
8574,2881,2026-08-11 15:38:00,SMB,Paid Social,META-Retargeting,1
8575,2881,2026-08-19 08:49:00,SMB,Paid Social,META-Retargeting,2
8576,2882,2026-06-11 10:16:00,SMB,Referral,REF-Partner,1
8577,2882,2026-06-14 07:54:00,SMB,Referral,REF-Customer,2
8578,2882,2026-06-19 17:15:00,SMB,Paid Social,META-Prospecting,3
8579,2882,2026-06-22 19:27:00,SMB,Organic Search,SEO-Product,4
8580,2882,2026-06-23 00:08:00,SMB,Paid Search,PS-NonBrand,5
8581,2883,2025-11-19 07:46:00,Freelancer,Paid Search,PS-Brand,1
8582,2884,2026-03-31 18:50:00,SMB,Referral,REF-Partner,1
8583,2884,2026-04-12 04:29:00,SMB,Referral,REF-Customer,2
8584,2884,2026-04-24 00:54:00,SMB,Paid Social,META-Retargeting,3
8585,2885,2025-11-07 18:21:00,Freelancer,Organic Search,SEO-Content,1
8586,2885,2025-11-13 14:52:00,Freelancer,Paid Search,PS-Brand,2
8587,2886,2026-02-04 04:50:00,SMB,Paid Social,META-Prospecting,1
8588,2886,2026-02-16 22:14:00,SMB,Organic Search,SEO-Content,2
8589,2886,2026-02-17 04:13:00,SMB,Paid Social,META-Retargeting,3
8590,2886,2026-03-02 15:53:00,SMB,Paid Search,PS-Brand,4
8591,2887,2026-07-11 12:10:00,Freelancer,Paid Social,META-Prospecting,1
8592,2887,2026-07-12 16:33:00,Freelancer,Email,EMAIL-Nurture,2
8593,2887,2026-07-16 02:58:00,Freelancer,Referral,REF-Partner,3
8594,2888,2026-06-16 20:23:00,SMB,Email,EMAIL-Reactivation,1
8595,2888,2026-06-24 10:04:00,SMB,Email,EMAIL-Nurture,2
8596,2888,2026-06-28 12:24:00,SMB,Paid Social,META-Retargeting,3
8597,2888,2026-06-30 17:43:00,SMB,Paid Social,META-Retargeting,4
8598,2889,2026-06-19 12:20:00,SMB,Organic Search,SEO-Content,1
8599,2889,2026-07-10 21:06:00,SMB,Paid Search,PS-Brand,2
8600,2890,2026-06-04 10:12:00,Startup,Organic Search,SEO-Product,1
8601,2891,2025-10-18 05:19:00,SMB,Paid Search,PS-Brand,1
8602,2892,2026-05-09 16:01:00,Freelancer,Paid Social,META-Retargeting,1
8603,2892,2026-05-13 21:06:00,Freelancer,Paid Search,PS-NonBrand,2
8604,2892,2026-05-18 14:21:00,Freelancer,Referral,REF-Customer,3
8605,2892,2026-05-19 07:06:00,Freelancer,Paid Social,META-Prospecting,4
8606,2893,2026-04-12 09:46:00,Startup,Paid Social,META-Retargeting,1
8607,2894,2026-04-16 18:59:00,Freelancer,Referral,REF-Customer,1
8608,2894,2026-04-20 15:41:00,Freelancer,Paid Social,META-Retargeting,2
8609,2894,2026-05-03 09:46:00,Freelancer,Email,EMAIL-Nurture,3
8610,2895,2025-12-31 15:08:00,Freelancer,Email,EMAIL-Reactivation,1
8611,2896,2026-06-18 02:17:00,SMB,Paid Social,META-Retargeting,1
8612,2896,2026-06-19 03:47:00,SMB,Email,EMAIL-Reactivation,2
8613,2896,2026-06-30 04:29:00,SMB,Paid Social,META-Retargeting,3
8614,2896,2026-07-10 10:28:00,SMB,Organic Search,SEO-Content,4
8615,2897,2026-05-16 21:54:00,SMB,Paid Search,PS-NonBrand,1
8616,2897,2026-06-06 03:07:00,SMB,Organic Search,SEO-Product,2
8617,2898,2026-02-28 12:32:00,Startup,Paid Search,PS-NonBrand,1
8618,2898,2026-03-01 09:49:00,Startup,Paid Social,META-Retargeting,2
8619,2898,2026-03-06 22:06:00,Startup,Referral,REF-Customer,3
8620,2898,2026-03-08 08:42:00,Startup,Paid Social,META-Retargeting,4
8621,2898,2026-03-19 08:32:00,Startup,Organic Search,SEO-Content,5
8622,2899,2025-10-23 09:39:00,SMB,Referral,REF-Customer,1
8623,2899,2025-10-28 08:34:00,SMB,Paid Search,PS-Brand,2
8624,2899,2025-11-07 04:24:00,SMB,Email,EMAIL-Nurture,3
8625,2899,2025-11-12 06:38:00,SMB,Paid Social,META-Retargeting,4
8626,2899,2025-11-16 08:46:00,SMB,Organic Search,SEO-Product,5
8627,2900,2025-11-01 05:10:00,Startup,Email,EMAIL-Reactivation,1
8628,2900,2025-11-15 19:36:00,Startup,Display,DISPLAY-Retargeting,2
8629,2901,2026-02-27 05:11:00,SMB,Paid Search,PS-NonBrand,1
8630,2901,2026-03-01 01:12:00,SMB,Organic Search,SEO-Content,2
8631,2901,2026-03-06 20:10:00,SMB,Paid Search,PS-NonBrand,3
8632,2901,2026-03-08 12:07:00,SMB,Email,EMAIL-Nurture,4
8633,2902,2026-05-12 22:10:00,Startup,Paid Search,PS-NonBrand,1
8634,2903,2026-10-08 20:39:00,SMB,Referral,REF-Partner,1
8635,2904,2026-06-27 14:43:00,SMB,Paid Search,PS-NonBrand,1
8636,2904,2026-07-03 08:53:00,SMB,Paid Search,PS-NonBrand,2
8637,2904,2026-07-04 01:31:00,SMB,Paid Search,PS-Brand,3
8638,2904,2026-07-05 19:26:00,SMB,Email,EMAIL-Nurture,4
8639,2904,2026-07-14 06:37:00,SMB,Paid Search,PS-Brand,5
8640,2905,2026-03-30 22:56:00,Freelancer,Referral,REF-Partner,1
8641,2905,2026-04-03 23:03:00,Freelancer,Referral,REF-Partner,2
8642,2906,2026-01-20 06:07:00,Freelancer,Paid Search,PS-Brand,1
8643,2907,2025-12-11 13:24:00,SMB,Paid Search,PS-NonBrand,1
8644,2907,2025-12-12 08:05:00,SMB,Paid Social,META-Retargeting,2
8645,2907,2025-12-12 16:24:00,SMB,Referral,REF-Partner,3
8646,2908,2025-12-01 08:02:00,SMB,Organic Search,SEO-Content,1
8647,2908,2025-12-01 08:11:00,SMB,Paid Social,META-Retargeting,2
8648,2908,2025-12-04 10:35:00,SMB,Email,EMAIL-Reactivation,3
8649,2908,2025-12-06 06:00:00,SMB,Organic Search,SEO-Product,4
8650,2908,2025-12-15 06:18:00,SMB,Email,EMAIL-Nurture,5
8651,2909,2025-11-14 01:35:00,Startup,Referral,REF-Customer,1
8652,2909,2025-11-14 14:33:00,Startup,Paid Social,META-Retargeting,2
8653,2909,2025-11-16 05:05:00,Startup,Referral,REF-Customer,3
8654,2909,2025-11-25 15:40:00,Startup,Paid Search,PS-NonBrand,4
8655,2910,2026-09-24 07:41:00,SMB,Paid Search,PS-Brand,1
8656,2911,2025-10-06 07:06:00,Startup,Paid Social,META-Retargeting,1
8657,2911,2025-10-24 10:46:00,Startup,Paid Search,PS-Brand,2
8658,2911,2025-10-25 23:34:00,Startup,Paid Search,PS-Brand,3
8659,2911,2025-10-27 08:03:00,Startup,Paid Social,META-Retargeting,4
8660,2912,2026-08-20 16:35:00,Startup,Organic Search,SEO-Product,1
8661,2912,2026-08-25 21:53:00,Startup,Paid Search,PS-NonBrand,2
8662,2913,2026-05-11 16:17:00,SMB,Email,EMAIL-Reactivation,1
8663,2914,2026-05-26 14:04:00,SMB,Referral,REF-Partner,1
8664,2914,2026-06-01 07:14:00,SMB,Paid Search,PS-Brand,2
8665,2914,2026-06-06 01:45:00,SMB,Organic Search,SEO-Product,3
8666,2914,2026-06-07 13:23:00,SMB,Display,DISPLAY-Retargeting,4
8667,2914,2026-06-09 03:29:00,SMB,Paid Search,PS-NonBrand,5
8668,2915,2026-09-20 06:50:00,SMB,Organic Search,SEO-Product,1
8669,2915,2026-10-03 11:57:00,SMB,Organic Search,SEO-Product,2
8670,2915,2026-10-13 20:11:00,SMB,Paid Search,PS-Brand,3
8671,2916,2026-08-13 02:32:00,SMB,Paid Search,PS-NonBrand,1
8672,2917,2025-12-11 00:23:00,Startup,Referral,REF-Partner,1
8673,2917,2025-12-19 10:26:00,Startup,Display,DISPLAY-Retargeting,2
8674,2918,2026-09-22 20:51:00,SMB,Paid Social,META-Prospecting,1
8675,2918,2026-09-25 23:36:00,SMB,Referral,REF-Customer,2
8676,2918,2026-09-26 14:41:00,SMB,Organic Search,SEO-Content,3
8677,2918,2026-10-05 03:33:00,SMB,Organic Search,SEO-Product,4
8678,2919,2025-12-04 04:25:00,Freelancer,Email,EMAIL-Reactivation,1
8679,2920,2026-05-07 13:35:00,Startup,Display,DISPLAY-Prospecting,1
8680,2921,2026-05-28 23:28:00,SMB,Organic Search,SEO-Content,1
8681,2921,2026-05-31 01:17:00,SMB,Paid Search,PS-Brand,2
8682,2921,2026-06-07 22:54:00,SMB,Paid Social,META-Retargeting,3
8683,2921,2026-06-08 02:48:00,SMB,Referral,REF-Partner,4
8684,2922,2026-01-03 13:13:00,Startup,Paid Search,PS-Brand,1
8685,2922,2026-01-07 02:53:00,Startup,Paid Search,PS-NonBrand,2
8686,2922,2026-01-09 14:54:00,Startup,Paid Social,META-Retargeting,3
8687,2923,2026-06-11 08:15:00,SMB,Paid Search,PS-Brand,1
8688,2923,2026-06-17 08:30:00,SMB,Email,EMAIL-Nurture,2
8689,2923,2026-06-17 19:44:00,SMB,Referral,REF-Customer,3
8690,2924,2026-06-01 16:37:00,SMB,Referral,REF-Customer,1
8691,2924,2026-06-01 19:27:00,SMB,Referral,REF-Customer,2
8692,2924,2026-06-09 11:14:00,SMB,Paid Social,META-Prospecting,3
8693,2925,2026-09-28 03:57:00,Startup,Paid Search,PS-NonBrand,1
8694,2925,2026-10-02 01:09:00,Startup,Organic Search,SEO-Product,2
8695,2925,2026-10-04 13:56:00,Startup,Paid Social,META-Prospecting,3
8696,2925,2026-10-21 10:22:00,Startup,Organic Search,SEO-Content,4
8697,2926,2026-09-01 00:12:00,SMB,Referral,REF-Customer,1
8698,2926,2026-09-05 13:59:00,SMB,Email,EMAIL-Reactivation,2
8699,2926,2026-09-06 09:40:00,SMB,Referral,REF-Customer,3
8700,2926,2026-09-23 16:46:00,SMB,Referral,REF-Customer,4
8701,2927,2026-03-15 02:13:00,SMB,Paid Search,PS-Brand,1
8702,2928,2026-06-16 02:04:00,SMB,Paid Search,PS-NonBrand,1
8703,2928,2026-06-29 09:47:00,SMB,Email,EMAIL-Reactivation,2
8704,2929,2026-08-05 11:30:00,SMB,Paid Social,META-Prospecting,1
8705,2930,2025-10-23 06:23:00,Startup,Paid Search,PS-NonBrand,1
8706,2930,2025-10-24 07:44:00,Startup,Email,EMAIL-Nurture,2
8707,2930,2025-10-28 10:39:00,Startup,Paid Search,PS-NonBrand,3
8708,2930,2025-10-28 13:51:00,Startup,Paid Search,PS-Brand,4
8709,2931,2026-06-07 22:08:00,Freelancer,Paid Social,META-Prospecting,1
8710,2931,2026-07-03 00:58:00,Freelancer,Paid Social,META-Retargeting,2
8711,2931,2026-07-04 05:49:00,Freelancer,Paid Social,META-Retargeting,3
8712,2932,2026-08-31 20:13:00,Startup,Organic Search,SEO-Product,1
8713,2932,2026-09-19 03:44:00,Startup,Paid Social,META-Retargeting,2
8714,2932,2026-09-23 07:30:00,Startup,Paid Search,PS-NonBrand,3
8715,2932,2026-09-26 05:37:00,Startup,Display,DISPLAY-Retargeting,4
8716,2933,2025-12-03 23:54:00,Freelancer,Organic Search,SEO-Content,1
8717,2934,2026-07-03 14:25:00,Startup,Paid Search,PS-NonBrand,1
8718,2934,2026-07-18 09:55:00,Startup,Paid Social,META-Retargeting,2
8719,2934,2026-07-26 15:24:00,Startup,Paid Social,META-Retargeting,3
8720,2934,2026-08-01 22:44:00,Startup,Paid Search,PS-Brand,4
8721,2935,2025-10-24 11:11:00,SMB,Organic Search,SEO-Product,1
8722,2935,2025-10-26 11:55:00,SMB,Referral,REF-Customer,2
8723,2935,2025-11-09 18:29:00,SMB,Paid Search,PS-Brand,3
8724,2936,2026-02-25 01:18:00,Freelancer,Paid Search,PS-NonBrand,1
8725,2936,2026-02-27 21:23:00,Freelancer,Paid Social,META-Retargeting,2
8726,2936,2026-03-03 05:31:00,Freelancer,Paid Social,META-Retargeting,3
8727,2936,2026-03-10 18:38:00,Freelancer,Email,EMAIL-Nurture,4
8728,2936,2026-03-25 09:37:00,Freelancer,Display,DISPLAY-Retargeting,5
8729,2937,2026-08-02 12:55:00,SMB,Paid Search,PS-Brand,1
8730,2938,2026-09-26 07:02:00,SMB,Paid Social,META-Retargeting,1
8731,2938,2026-10-09 23:40:00,SMB,Paid Search,PS-NonBrand,2
8732,2938,2026-10-14 16:31:00,SMB,Paid Search,PS-Brand,3
8733,2938,2026-10-20 04:02:00,SMB,Referral,REF-Customer,4
8734,2938,2026-10-21 03:10:00,SMB,Display,DISPLAY-Retargeting,5
8735,2939,2026-07-03 13:18:00,Freelancer,Paid Social,META-Retargeting,1
8736,2940,2026-07-06 10:12:00,Startup,Paid Search,PS-Brand,1
8737,2940,2026-07-06 18:57:00,Startup,Paid Search,PS-Brand,2
8738,2940,2026-07-10 03:48:00,Startup,Organic Search,SEO-Content,3
8739,2941,2026-01-12 22:51:00,Freelancer,Paid Social,META-Prospecting,1
8740,2941,2026-01-27 09:53:00,Freelancer,Paid Social,META-Retargeting,2
8741,2942,2026-08-10 09:03:00,SMB,Paid Search,PS-NonBrand,1
8742,2943,2026-06-10 06:04:00,Startup,Referral,REF-Customer,1
8743,2943,2026-06-10 08:00:00,Startup,Paid Search,PS-NonBrand,2
8744,2944,2026-09-28 06:20:00,SMB,Display,DISPLAY-Retargeting,1
8745,2944,2026-09-29 07:57:00,SMB,Paid Search,PS-NonBrand,2
8746,2944,2026-10-03 12:36:00,SMB,Paid Search,PS-NonBrand,3
8747,2944,2026-10-07 06:01:00,SMB,Organic Search,SEO-Product,4
8748,2944,2026-10-08 11:36:00,SMB,Email,EMAIL-Nurture,5
8749,2945,2026-05-19 22:13:00,SMB,Paid Search,PS-NonBrand,1
8750,2945,2026-05-30 12:16:00,SMB,Paid Search,PS-Brand,2
8751,2945,2026-06-02 04:16:00,SMB,Display,DISPLAY-Prospecting,3
8752,2945,2026-06-04 15:56:00,SMB,Email,EMAIL-Reactivation,4
8753,2945,2026-06-05 03:40:00,SMB,Referral,REF-Customer,5
8754,2946,2025-10-26 06:06:00,Freelancer,Referral,REF-Customer,1
8755,2947,2026-04-17 14:34:00,SMB,Organic Search,SEO-Product,1
8756,2948,2026-07-30 13:17:00,Startup,Paid Search,PS-Brand,1
8757,2949,2026-07-21 18:19:00,Freelancer,Email,EMAIL-Reactivation,1
8758,2949,2026-08-07 11:51:00,Freelancer,Organic Search,SEO-Content,2
8759,2949,2026-08-11 22:44:00,Freelancer,Email,EMAIL-Nurture,3
8760,2949,2026-08-12 09:16:00,Freelancer,Referral,REF-Partner,4
8761,2950,2026-02-27 05:22:00,Freelancer,Paid Search,PS-NonBrand,1
8762,2950,2026-03-06 08:34:00,Freelancer,Display,DISPLAY-Prospecting,2
8763,2950,2026-03-19 06:16:00,Freelancer,Paid Search,PS-Brand,3
8764,2951,2025-12-07 04:16:00,SMB,Paid Social,META-Prospecting,1
8765,2951,2025-12-27 18:24:00,SMB,Referral,REF-Partner,2
8766,2951,2025-12-30 07:14:00,SMB,Paid Search,PS-Brand,3
8767,2952,2026-08-14 02:46:00,SMB,Referral,REF-Partner,1
8768,2952,2026-08-15 09:36:00,SMB,Paid Search,PS-NonBrand,2
8769,2952,2026-09-09 21:50:00,SMB,Paid Social,META-Retargeting,3
8770,2953,2026-08-17 20:34:00,Freelancer,Email,EMAIL-Nurture,1
8771,2954,2026-08-29 07:38:00,Startup,Referral,REF-Customer,1
8772,2954,2026-08-29 11:34:00,Startup,Paid Social,META-Retargeting,2
8773,2954,2026-09-10 01:47:00,Startup,Paid Social,META-Prospecting,3
8774,2955,2026-06-09 15:17:00,Startup,Paid Social,META-Prospecting,1
8775,2955,2026-06-09 22:27:00,Startup,Organic Search,SEO-Product,2
8776,2955,2026-06-15 09:01:00,Startup,Paid Social,META-Retargeting,3
8777,2955,2026-06-25 12:06:00,Startup,Paid Social,META-Prospecting,4
8778,2956,2026-07-30 08:29:00,SMB,Organic Search,SEO-Product,1
8779,2956,2026-08-01 22:33:00,SMB,Paid Social,META-Prospecting,2
8780,2956,2026-08-02 19:35:00,SMB,Paid Search,PS-Brand,3
8781,2956,2026-08-12 15:09:00,SMB,Organic Search,SEO-Product,4
8782,2957,2026-02-26 17:40:00,SMB,Email,EMAIL-Reactivation,1
8783,2957,2026-03-07 01:19:00,SMB,Display,DISPLAY-Retargeting,2
8784,2958,2026-07-20 19:17:00,Freelancer,Referral,REF-Partner,1
8785,2958,2026-07-27 04:54:00,Freelancer,Email,EMAIL-Nurture,2
8786,2958,2026-07-28 07:05:00,Freelancer,Paid Social,META-Prospecting,3
8787,2958,2026-08-02 17:44:00,Freelancer,Organic Search,SEO-Content,4
8788,2958,2026-08-06 09:28:00,Freelancer,Paid Search,PS-Brand,5
8789,2959,2026-04-02 17:33:00,SMB,Organic Search,SEO-Content,1
8790,2959,2026-04-14 17:26:00,SMB,Paid Search,PS-NonBrand,2
8791,2959,2026-04-21 10:05:00,SMB,Paid Search,PS-Brand,3
8792,2960,2026-07-18 04:27:00,Startup,Organic Search,SEO-Content,1
8793,2960,2026-07-26 23:50:00,Startup,Paid Search,PS-NonBrand,2
8794,2960,2026-08-11 02:35:00,Startup,Paid Social,META-Retargeting,3
8795,2961,2025-11-24 01:51:00,SMB,Organic Search,SEO-Content,1
8796,2961,2025-12-03 06:24:00,SMB,Paid Search,PS-NonBrand,2
8797,2961,2025-12-17 10:14:00,SMB,Paid Search,PS-NonBrand,3
8798,2961,2025-12-20 06:32:00,SMB,Paid Search,PS-Brand,4
8799,2962,2026-01-20 00:13:00,SMB,Paid Search,PS-NonBrand,1
8800,2962,2026-01-29 08:03:00,SMB,Referral,REF-Customer,2
8801,2962,2026-02-02 21:54:00,SMB,Paid Search,PS-NonBrand,3
8802,2962,2026-02-13 19:41:00,SMB,Paid Search,PS-NonBrand,4
8803,2963,2025-12-19 04:58:00,Startup,Display,DISPLAY-Prospecting,1
8804,2963,2026-01-13 15:43:00,Startup,Paid Search,PS-Brand,2
8805,2964,2026-02-27 12:14:00,Freelancer,Paid Search,PS-NonBrand,1
8806,2965,2026-08-01 02:02:00,SMB,Referral,REF-Customer,1
8807,2965,2026-08-03 23:00:00,SMB,Referral,REF-Customer,2
8808,2965,2026-08-12 02:20:00,SMB,Paid Search,PS-NonBrand,3
8809,2965,2026-08-20 11:03:00,SMB,Paid Search,PS-NonBrand,4
8810,2965,2026-08-22 00:24:00,SMB,Email,EMAIL-Nurture,5
8811,2966,2025-11-14 01:26:00,SMB,Paid Search,PS-NonBrand,1
8812,2966,2025-11-25 06:27:00,SMB,Email,EMAIL-Reactivation,2
8813,2966,2025-11-26 03:08:00,SMB,Paid Search,PS-Brand,3
8814,2967,2026-06-29 07:28:00,Startup,Email,EMAIL-Nurture,1
8815,2967,2026-07-04 00:19:00,Startup,Referral,REF-Customer,2
8816,2967,2026-07-12 10:28:00,Startup,Referral,REF-Partner,3
8817,2967,2026-07-22 16:18:00,Startup,Referral,REF-Customer,4
8818,2968,2026-08-07 18:27:00,SMB,Display,DISPLAY-Retargeting,1
8819,2968,2026-08-13 05:46:00,SMB,Email,EMAIL-Reactivation,2
8820,2968,2026-08-15 14:06:00,SMB,Paid Social,META-Prospecting,3
8821,2968,2026-08-16 14:47:00,SMB,Paid Search,PS-NonBrand,4
8822,2968,2026-08-19 10:07:00,SMB,Paid Search,PS-Brand,5
8823,2969,2026-06-10 17:50:00,SMB,Paid Social,META-Retargeting,1
8824,2969,2026-06-29 01:49:00,SMB,Paid Social,META-Prospecting,2
8825,2970,2026-06-13 03:02:00,Startup,Display,DISPLAY-Retargeting,1
8826,2970,2026-06-22 05:39:00,Startup,Paid Search,PS-NonBrand,2
8827,2970,2026-06-22 19:51:00,Startup,Paid Social,META-Retargeting,3
8828,2971,2025-12-16 08:07:00,SMB,Organic Search,SEO-Content,1
8829,2972,2026-05-14 06:57:00,Startup,Referral,REF-Partner,1
8830,2972,2026-05-22 06:05:00,Startup,Paid Social,META-Retargeting,2
8831,2973,2026-01-04 21:20:00,SMB,Referral,REF-Customer,1
8832,2973,2026-01-05 21:11:00,SMB,Email,EMAIL-Reactivation,2
8833,2974,2025-12-30 11:04:00,Startup,Email,EMAIL-Reactivation,1
8834,2974,2026-01-15 13:24:00,Startup,Referral,REF-Customer,2
8835,2974,2026-01-21 17:27:00,Startup,Paid Social,META-Retargeting,3
8836,2975,2026-08-11 14:33:00,Startup,Email,EMAIL-Reactivation,1
8837,2976,2026-06-01 07:32:00,Freelancer,Organic Search,SEO-Product,1
8838,2977,2026-10-05 16:15:00,Startup,Organic Search,SEO-Product,1
8839,2977,2026-10-10 12:25:00,Startup,Referral,REF-Customer,2
8840,2977,2026-10-17 00:20:00,Startup,Display,DISPLAY-Retargeting,3
8841,2977,2026-10-23 20:04:00,Startup,Organic Search,SEO-Product,4
8842,2977,2026-10-26 05:07:00,Startup,Paid Social,META-Retargeting,5
8843,2978,2026-03-15 06:20:00,Startup,Paid Social,META-Retargeting,1
8844,2978,2026-03-20 03:15:00,Startup,Referral,REF-Partner,2
8845,2978,2026-03-23 14:10:00,Startup,Paid Social,META-Retargeting,3
8846,2978,2026-03-25 12:40:00,Startup,Paid Social,META-Prospecting,4
8847,2978,2026-04-02 15:37:00,Startup,Email,EMAIL-Nurture,5
8848,2979,2026-02-15 07:37:00,SMB,Email,EMAIL-Reactivation,1
8849,2979,2026-02-25 05:54:00,SMB,Referral,REF-Customer,2
8850,2980,2026-10-05 00:46:00,SMB,Email,EMAIL-Reactivation,1
8851,2980,2026-10-07 01:22:00,SMB,Organic Search,SEO-Content,2
8852,2980,2026-10-07 11:36:00,SMB,Referral,REF-Customer,3
8853,2981,2026-05-25 08:37:00,SMB,Email,EMAIL-Nurture,1
8854,2981,2026-05-27 01:15:00,SMB,Paid Social,META-Retargeting,2
8855,2981,2026-05-27 10:43:00,SMB,Email,EMAIL-Nurture,3
8856,2981,2026-06-03 06:07:00,SMB,Paid Search,PS-Brand,4
8857,2981,2026-06-04 11:14:00,SMB,Email,EMAIL-Reactivation,5
8858,2982,2026-08-17 09:22:00,Startup,Paid Search,PS-Brand,1
8859,2982,2026-09-01 16:26:00,Startup,Paid Search,PS-NonBrand,2
8860,2982,2026-09-02 12:01:00,Startup,Referral,REF-Customer,3
8861,2983,2025-10-21 13:35:00,SMB,Paid Social,META-Prospecting,1
8862,2983,2025-11-01 18:34:00,SMB,Email,EMAIL-Nurture,2
8863,2983,2025-11-04 06:53:00,SMB,Paid Search,PS-Brand,3
8864,2983,2025-11-11 07:39:00,SMB,Email,EMAIL-Reactivation,4
8865,2983,2025-11-13 18:06:00,SMB,Referral,REF-Customer,5
8866,2984,2026-04-14 09:44:00,SMB,Paid Search,PS-NonBrand,1
8867,2984,2026-04-15 16:44:00,SMB,Paid Search,PS-NonBrand,2
8868,2984,2026-04-19 15:38:00,SMB,Email,EMAIL-Reactivation,3
8869,2985,2026-07-26 02:51:00,Startup,Paid Social,META-Prospecting,1
8870,2985,2026-08-17 03:33:00,Startup,Display,DISPLAY-Retargeting,2
8871,2985,2026-08-20 12:50:00,Startup,Paid Social,META-Retargeting,3
8872,2986,2026-07-26 10:05:00,Startup,Paid Social,META-Prospecting,1
8873,2986,2026-07-28 21:49:00,Startup,Email,EMAIL-Nurture,2
8874,2986,2026-07-31 06:27:00,Startup,Email,EMAIL-Nurture,3
8875,2986,2026-08-05 00:37:00,Startup,Paid Social,META-Retargeting,4
8876,2986,2026-08-08 04:11:00,Startup,Paid Search,PS-Brand,5
8877,2987,2026-07-05 11:18:00,SMB,Referral,REF-Customer,1
8878,2987,2026-07-15 16:44:00,SMB,Referral,REF-Customer,2
8879,2988,2025-12-10 08:28:00,SMB,Paid Social,META-Prospecting,1
8880,2988,2025-12-11 17:01:00,SMB,Paid Search,PS-Brand,2
8881,2988,2025-12-12 02:20:00,SMB,Referral,REF-Customer,3
8882,2988,2025-12-18 15:15:00,SMB,Paid Search,PS-NonBrand,4
8883,2989,2026-04-24 00:54:00,Startup,Organic Search,SEO-Product,1
8884,2989,2026-05-03 06:53:00,Startup,Display,DISPLAY-Retargeting,2
8885,2989,2026-05-05 06:41:00,Startup,Email,EMAIL-Nurture,3
8886,2990,2025-11-09 04:08:00,Freelancer,Paid Social,META-Retargeting,1
8887,2990,2025-11-20 08:51:00,Freelancer,Paid Social,META-Retargeting,2
8888,2990,2025-11-27 20:53:00,Freelancer,Organic Search,SEO-Content,3
8889,2990,2025-12-02 22:02:00,Freelancer,Display,DISPLAY-Retargeting,4
8890,2991,2026-07-20 10:17:00,Startup,Paid Search,PS-Brand,1
8891,2991,2026-07-31 01:49:00,Startup,Referral,REF-Customer,2
8892,2991,2026-08-02 15:16:00,Startup,Paid Social,META-Retargeting,3
8893,2991,2026-08-13 16:45:00,Startup,Paid Social,META-Retargeting,4
8894,2992,2026-06-07 13:37:00,SMB,Paid Search,PS-NonBrand,1
8895,2993,2025-12-17 07:57:00,Freelancer,Paid Social,META-Retargeting,1
8896,2993,2025-12-22 08:57:00,Freelancer,Paid Social,META-Retargeting,2
8897,2993,2025-12-25 21:46:00,Freelancer,Organic Search,SEO-Product,3
8898,2993,2025-12-26 14:30:00,Freelancer,Referral,REF-Customer,4
8899,2993,2025-12-30 16:15:00,Freelancer,Referral,REF-Partner,5
8900,2994,2026-06-23 06:05:00,SMB,Email,EMAIL-Nurture,1
8901,2994,2026-06-24 04:21:00,SMB,Paid Social,META-Prospecting,2
8902,2994,2026-06-30 01:22:00,SMB,Paid Search,PS-Brand,3
8903,2994,2026-07-04 07:28:00,SMB,Email,EMAIL-Reactivation,4
8904,2995,2026-06-25 08:54:00,SMB,Paid Search,PS-Brand,1
8905,2995,2026-06-26 06:36:00,SMB,Referral,REF-Customer,2
8906,2995,2026-07-09 10:02:00,SMB,Display,DISPLAY-Retargeting,3
8907,2995,2026-07-10 17:17:00,SMB,Paid Social,META-Prospecting,4
8908,2996,2025-10-26 23:08:00,SMB,Paid Search,PS-Brand,1
8909,2996,2025-10-27 11:54:00,SMB,Email,EMAIL-Reactivation,2
8910,2996,2025-11-02 07:27:00,SMB,Email,EMAIL-Reactivation,3
8911,2996,2025-11-17 21:01:00,SMB,Paid Social,META-Retargeting,4
8912,2997,2025-11-04 18:31:00,SMB,Email,EMAIL-Nurture,1
8913,2997,2025-11-05 08:49:00,SMB,Email,EMAIL-Nurture,2
8914,2997,2025-11-20 09:19:00,SMB,Paid Search,PS-NonBrand,3
8915,2997,2025-11-26 06:54:00,SMB,Paid Search,PS-Brand,4
8916,2997,2025-11-27 18:25:00,SMB,Email,EMAIL-Nurture,5
8917,2998,2025-12-23 15:31:00,Startup,Paid Search,PS-NonBrand,1
8918,2998,2025-12-27 12:45:00,Startup,Paid Search,PS-NonBrand,2
8919,2998,2025-12-28 00:13:00,Startup,Paid Search,PS-Brand,3
8920,2998,2025-12-31 05:00:00,Startup,Paid Social,META-Retargeting,4
8921,2998,2026-01-06 07:47:00,Startup,Display,DISPLAY-Retargeting,5
8922,2999,2025-10-30 23:46:00,Startup,Paid Search,PS-Brand,1
8923,2999,2025-10-31 00:38:00,Startup,Paid Social,META-Prospecting,2
8924,2999,2025-11-06 12:35:00,Startup,Referral,REF-Partner,3
8925,3000,2026-04-27 18:54:00,Startup,Organic Search,SEO-Product,1
8926,3000,2026-05-03 17:36:00,Startup,Paid Search,PS-Brand,2
8927,3001,2026-08-21 07:36:00,Startup,Referral,REF-Customer,1
8928,3001,2026-09-08 19:04:00,Startup,Email,EMAIL-Nurture,2
8929,3001,2026-09-14 01:32:00,Startup,Paid Search,PS-Brand,3
8930,3002,2025-10-26 04:21:00,SMB,Display,DISPLAY-Prospecting,1
8931,3002,2025-11-03 12:14:00,SMB,Referral,REF-Partner,2
8932,3002,2025-11-17 04:15:00,SMB,Referral,REF-Customer,3
8933,3003,2026-06-01 08:33:00,Startup,Referral,REF-Partner,1
8934,3003,2026-06-09 00:10:00,Startup,Paid Social,META-Retargeting,2
8935,3004,2026-03-04 03:05:00,Startup,Organic Search,SEO-Product,1
8936,3004,2026-03-22 23:13:00,Startup,Display,DISPLAY-Retargeting,2
8937,3004,2026-03-27 17:27:00,Startup,Display,DISPLAY-Prospecting,3
8938,3005,2026-08-02 19:56:00,Startup,Paid Search,PS-Brand,1
8939,3005,2026-08-06 09:39:00,Startup,Referral,REF-Partner,2
8940,3005,2026-08-06 17:36:00,Startup,Display,DISPLAY-Retargeting,3
8941,3005,2026-08-21 04:17:00,Startup,Paid Social,META-Prospecting,4
8942,3006,2026-03-31 11:26:00,SMB,Paid Search,PS-Brand,1
8943,3006,2026-04-07 08:18:00,SMB,Email,EMAIL-Nurture,2
8944,3006,2026-04-19 14:58:00,SMB,Paid Social,META-Prospecting,3
8945,3007,2026-06-04 00:06:00,Startup,Paid Social,META-Prospecting,1
8946,3007,2026-06-07 03:04:00,Startup,Display,DISPLAY-Retargeting,2
8947,3007,2026-06-10 21:48:00,Startup,Organic Search,SEO-Content,3
8948,3007,2026-06-14 07:33:00,Startup,Referral,REF-Partner,4
8949,3007,2026-06-17 05:36:00,Startup,Display,DISPLAY-Retargeting,5
8950,3008,2026-09-06 14:34:00,Startup,Paid Social,META-Retargeting,1
8951,3008,2026-09-14 09:49:00,Startup,Organic Search,SEO-Product,2
8952,3008,2026-09-29 19:57:00,Startup,Paid Social,META-Retargeting,3
8953,3008,2026-10-01 12:02:00,Startup,Organic Search,SEO-Product,4
8954,3009,2025-11-21 14:07:00,SMB,Paid Search,PS-Brand,1
8955,3009,2025-12-04 23:27:00,SMB,Organic Search,SEO-Content,2
8956,3009,2025-12-07 04:57:00,SMB,Organic Search,SEO-Product,3
8957,3009,2025-12-18 07:03:00,SMB,Paid Search,PS-NonBrand,4
8958,3010,2026-01-25 22:44:00,Freelancer,Paid Social,META-Retargeting,1
8959,3010,2026-01-27 16:31:00,Freelancer,Organic Search,SEO-Product,2
8960,3011,2026-01-15 01:30:00,SMB,Paid Search,PS-NonBrand,1
8961,3011,2026-01-17 17:23:00,SMB,Paid Search,PS-NonBrand,2
8962,3011,2026-01-28 20:45:00,SMB,Organic Search,SEO-Content,3
8963,3012,2025-12-01 04:48:00,SMB,Display,DISPLAY-Retargeting,1
8964,3012,2025-12-03 15:43:00,SMB,Organic Search,SEO-Content,2
8965,3012,2025-12-05 16:36:00,SMB,Referral,REF-Partner,3
8966,3012,2025-12-21 01:32:00,SMB,Paid Social,META-Prospecting,4
8967,3013,2026-05-30 10:44:00,Startup,Paid Social,META-Retargeting,1
8968,3013,2026-06-07 22:17:00,Startup,Display,DISPLAY-Prospecting,2
8969,3013,2026-06-13 11:45:00,Startup,Referral,REF-Customer,3
8970,3013,2026-06-13 23:24:00,Startup,Organic Search,SEO-Product,4
8971,3014,2025-10-20 07:47:00,Freelancer,Email,EMAIL-Nurture,1
8972,3014,2025-10-20 23:50:00,Freelancer,Paid Social,META-Retargeting,2
8973,3014,2025-10-27 04:01:00,Freelancer,Paid Search,PS-Brand,3
8974,3015,2026-02-20 20:32:00,Startup,Paid Social,META-Prospecting,1
8975,3015,2026-03-08 07:24:00,Startup,Paid Social,META-Retargeting,2
8976,3016,2025-11-18 13:55:00,SMB,Paid Search,PS-Brand,1
8977,3016,2025-11-22 17:37:00,SMB,Paid Social,META-Retargeting,2
8978,3016,2025-11-26 17:32:00,SMB,Paid Search,PS-Brand,3
8979,3017,2026-05-20 14:21:00,Freelancer,Referral,REF-Customer,1
8980,3017,2026-05-24 02:09:00,Freelancer,Organic Search,SEO-Product,2
8981,3018,2026-07-02 16:16:00,SMB,Paid Search,PS-Brand,1
8982,3018,2026-07-20 01:15:00,SMB,Email,EMAIL-Nurture,2
8983,3018,2026-07-27 15:29:00,SMB,Organic Search,SEO-Content,3
8984,3018,2026-07-30 00:57:00,SMB,Referral,REF-Partner,4
8985,3019,2026-04-04 13:42:00,SMB,Display,DISPLAY-Prospecting,1
8986,3019,2026-04-08 12:17:00,SMB,Email,EMAIL-Nurture,2
8987,3019,2026-04-09 21:08:00,SMB,Referral,REF-Partner,3
8988,3020,2026-03-25 09:13:00,Startup,Referral,REF-Partner,1
8989,3020,2026-03-25 09:39:00,Startup,Display,DISPLAY-Retargeting,2
8990,3020,2026-03-29 21:01:00,Startup,Paid Search,PS-Brand,3
8991,3020,2026-03-31 15:43:00,Startup,Organic Search,SEO-Content,4
8992,3020,2026-04-09 04:25:00,Startup,Email,EMAIL-Reactivation,5
8993,3021,2026-03-30 05:12:00,SMB,Referral,REF-Partner,1
8994,3022,2025-12-12 09:17:00,Startup,Display,DISPLAY-Prospecting,1
8995,3022,2025-12-29 20:35:00,Startup,Referral,REF-Partner,2
8996,3022,2025-12-30 12:06:00,Startup,Paid Social,META-Prospecting,3
8997,3022,2026-01-04 06:49:00,Startup,Display,DISPLAY-Prospecting,4
8998,3022,2026-01-10 07:27:00,Startup,Paid Search,PS-Brand,5
8999,3023,2026-02-28 06:33:00,Freelancer,Paid Social,META-Prospecting,1
9000,3024,2026-09-08 14:15:00,SMB,Email,EMAIL-Reactivation,1
9001,3024,2026-09-13 19:17:00,SMB,Referral,REF-Partner,2
9002,3024,2026-09-14 05:55:00,SMB,Email,EMAIL-Nurture,3
9003,3024,2026-09-28 01:20:00,SMB,Referral,REF-Customer,4
9004,3024,2026-09-29 18:36:00,SMB,Organic Search,SEO-Content,5
9005,3025,2025-10-19 02:16:00,SMB,Email,EMAIL-Reactivation,1
9006,3025,2025-10-21 07:19:00,SMB,Paid Search,PS-NonBrand,2
9007,3025,2025-10-26 01:18:00,SMB,Paid Social,META-Retargeting,3
9008,3025,2025-10-29 03:26:00,SMB,Paid Search,PS-NonBrand,4
9009,3025,2025-11-14 11:19:00,SMB,Display,DISPLAY-Prospecting,5
9010,3026,2026-07-18 06:24:00,SMB,Organic Search,SEO-Product,1
9011,3026,2026-07-27 00:23:00,SMB,Paid Search,PS-NonBrand,2
9012,3027,2025-12-13 14:53:00,Startup,Paid Social,META-Prospecting,1
9013,3027,2025-12-15 17:45:00,Startup,Referral,REF-Customer,2
9014,3027,2025-12-17 08:26:00,Startup,Organic Search,SEO-Content,3
9015,3028,2025-11-14 19:08:00,Startup,Paid Social,META-Retargeting,1
9016,3028,2025-11-15 14:31:00,Startup,Paid Search,PS-NonBrand,2
9017,3028,2025-11-22 07:08:00,Startup,Referral,REF-Customer,3
9018,3028,2025-12-09 00:55:00,Startup,Email,EMAIL-Nurture,4
9019,3028,2025-12-09 23:03:00,Startup,Paid Search,PS-Brand,5
9020,3029,2026-01-18 13:04:00,Freelancer,Display,DISPLAY-Retargeting,1
9021,3029,2026-01-25 15:15:00,Freelancer,Paid Search,PS-NonBrand,2
9022,3029,2026-01-28 04:47:00,Freelancer,Referral,REF-Customer,3
9023,3029,2026-01-29 10:24:00,Freelancer,Paid Social,META-Retargeting,4
9024,3029,2026-02-01 04:25:00,Freelancer,Organic Search,SEO-Product,5
9025,3030,2026-01-19 14:43:00,Startup,Paid Search,PS-Brand,1
9026,3030,2026-01-31 13:03:00,Startup,Organic Search,SEO-Product,2
9027,3030,2026-02-04 20:17:00,Startup,Referral,REF-Customer,3
9028,3030,2026-02-05 17:29:00,Startup,Organic Search,SEO-Product,4
9029,3031,2026-02-14 04:05:00,Freelancer,Paid Search,PS-Brand,1
9030,3032,2026-08-11 01:30:00,SMB,Referral,REF-Customer,1
9031,3032,2026-08-16 11:11:00,SMB,Paid Social,META-Prospecting,2
9032,3032,2026-09-05 07:36:00,SMB,Organic Search,SEO-Content,3
9033,3032,2026-09-05 08:56:00,SMB,Paid Search,PS-NonBrand,4
9034,3033,2026-08-29 10:15:00,SMB,Referral,REF-Partner,1
9035,3033,2026-09-22 20:58:00,SMB,Email,EMAIL-Nurture,2
9036,3034,2026-06-18 15:10:00,SMB,Paid Search,PS-NonBrand,1
9037,3034,2026-06-25 10:37:00,SMB,Organic Search,SEO-Product,2
9038,3034,2026-06-29 07:53:00,SMB,Referral,REF-Partner,3
9039,3034,2026-07-03 20:00:00,SMB,Paid Search,PS-Brand,4
9040,3034,2026-07-07 08:50:00,SMB,Email,EMAIL-Reactivation,5
9041,3035,2025-12-04 17:40:00,Startup,Paid Search,PS-NonBrand,1
9042,3035,2025-12-04 21:20:00,Startup,Paid Search,PS-NonBrand,2
9043,3035,2025-12-05 22:10:00,Startup,Paid Search,PS-NonBrand,3
9044,3035,2025-12-06 22:25:00,Startup,Organic Search,SEO-Product,4
9045,3036,2026-10-06 12:27:00,SMB,Paid Social,META-Retargeting,1
9046,3037,2026-08-13 07:36:00,SMB,Paid Social,META-Retargeting,1
9047,3037,2026-08-14 22:14:00,SMB,Paid Search,PS-NonBrand,2
9048,3037,2026-08-24 15:47:00,SMB,Organic Search,SEO-Product,3
9049,3038,2025-11-05 14:57:00,SMB,Organic Search,SEO-Content,1
9050,3038,2025-11-14 09:34:00,SMB,Paid Social,META-Prospecting,2
9051,3039,2026-02-20 20:27:00,SMB,Paid Social,META-Prospecting,1
9052,3039,2026-02-25 00:23:00,SMB,Referral,REF-Partner,2
9053,3039,2026-03-20 09:27:00,SMB,Referral,REF-Customer,3
9054,3040,2026-07-18 17:04:00,Startup,Email,EMAIL-Reactivation,1
9055,3040,2026-07-21 11:55:00,Startup,Paid Search,PS-Brand,2
9056,3040,2026-07-23 04:35:00,Startup,Email,EMAIL-Reactivation,3
9057,3040,2026-07-25 14:58:00,Startup,Referral,REF-Customer,4
9058,3040,2026-07-30 14:23:00,Startup,Organic Search,SEO-Product,5
9059,3041,2025-11-03 08:57:00,Freelancer,Email,EMAIL-Reactivation,1
9060,3041,2025-11-04 11:12:00,Freelancer,Paid Search,PS-NonBrand,2
9061,3042,2025-10-30 00:50:00,SMB,Referral,REF-Customer,1
9062,3042,2025-11-03 17:14:00,SMB,Paid Social,META-Prospecting,2
9063,3042,2025-11-04 17:12:00,SMB,Paid Social,META-Retargeting,3
9064,3042,2025-11-26 11:31:00,SMB,Display,DISPLAY-Retargeting,4
9065,3043,2026-05-16 23:00:00,Startup,Referral,REF-Customer,1
9066,3043,2026-05-25 11:37:00,Startup,Paid Social,META-Retargeting,2
9067,3044,2026-02-01 11:28:00,SMB,Referral,REF-Partner,1
9068,3044,2026-02-06 03:04:00,SMB,Organic Search,SEO-Content,2
9069,3044,2026-02-08 17:25:00,SMB,Display,DISPLAY-Retargeting,3
9070,3044,2026-02-15 13:01:00,SMB,Email,EMAIL-Nurture,4
9071,3044,2026-02-19 06:41:00,SMB,Organic Search,SEO-Content,5
9072,3045,2026-03-18 21:57:00,SMB,Organic Search,SEO-Product,1
9073,3045,2026-03-25 04:57:00,SMB,Paid Search,PS-Brand,2
9074,3045,2026-04-04 19:52:00,SMB,Paid Social,META-Retargeting,3
9075,3046,2026-07-04 16:42:00,SMB,Email,EMAIL-Nurture,1
9076,3046,2026-07-16 19:18:00,SMB,Paid Search,PS-Brand,2
9077,3046,2026-07-23 00:56:00,SMB,Paid Search,PS-Brand,3
9078,3047,2026-04-18 03:34:00,Startup,Paid Search,PS-Brand,1
9079,3047,2026-04-25 08:06:00,Startup,Referral,REF-Partner,2
9080,3047,2026-04-26 20:44:00,Startup,Paid Search,PS-NonBrand,3
9081,3047,2026-05-11 10:47:00,Startup,Organic Search,SEO-Product,4
9082,3048,2026-07-11 08:52:00,Startup,Referral,REF-Partner,1
9083,3048,2026-07-15 13:55:00,Startup,Paid Social,META-Retargeting,2
9084,3049,2025-11-23 15:59:00,Startup,Email,EMAIL-Reactivation,1
9085,3049,2025-11-26 16:56:00,Startup,Email,EMAIL-Nurture,2
9086,3049,2025-11-27 03:03:00,Startup,Paid Social,META-Retargeting,3
9087,3049,2025-12-12 09:45:00,Startup,Display,DISPLAY-Prospecting,4
9088,3050,2025-10-01 13:08:00,Startup,Paid Search,PS-NonBrand,1
9089,3050,2025-10-06 10:47:00,Startup,Organic Search,SEO-Product,2
9090,3050,2025-10-29 08:36:00,Startup,Paid Social,META-Retargeting,3
9091,3051,2026-01-09 17:47:00,SMB,Referral,REF-Customer,1
9092,3052,2025-12-15 19:05:00,Startup,Paid Social,META-Retargeting,1
9093,3052,2025-12-22 07:20:00,Startup,Paid Social,META-Retargeting,2
9094,3052,2026-01-01 17:51:00,Startup,Paid Search,PS-Brand,3
9095,3053,2026-02-08 10:56:00,Startup,Organic Search,SEO-Product,1
9096,3053,2026-02-13 22:16:00,Startup,Referral,REF-Partner,2
9097,3053,2026-02-19 14:54:00,Startup,Email,EMAIL-Reactivation,3
9098,3053,2026-02-19 22:01:00,Startup,Referral,REF-Customer,4
9099,3054,2026-07-31 09:07:00,SMB,Paid Search,PS-NonBrand,1
9100,3055,2025-11-26 19:37:00,SMB,Paid Social,META-Retargeting,1
9101,3055,2025-12-13 20:58:00,SMB,Paid Social,META-Retargeting,2
9102,3055,2025-12-16 08:38:00,SMB,Referral,REF-Customer,3
9103,3056,2025-12-02 06:18:00,SMB,Referral,REF-Customer,1
9104,3057,2025-12-21 23:16:00,SMB,Paid Social,META-Retargeting,1
9105,3057,2025-12-23 08:08:00,SMB,Organic Search,SEO-Product,2
9106,3057,2025-12-24 01:35:00,SMB,Referral,REF-Customer,3
9107,3058,2026-02-02 16:02:00,SMB,Paid Social,META-Prospecting,1
9108,3058,2026-02-03 03:44:00,SMB,Paid Social,META-Prospecting,2
9109,3058,2026-02-15 02:51:00,SMB,Paid Social,META-Retargeting,3
9110,3058,2026-02-16 10:39:00,SMB,Paid Search,PS-Brand,4
9111,3059,2025-12-29 00:02:00,SMB,Paid Search,PS-NonBrand,1
9112,3060,2025-12-10 11:27:00,Freelancer,Organic Search,SEO-Content,1
9113,3061,2026-05-01 13:30:00,Freelancer,Paid Search,PS-Brand,1
9114,3061,2026-05-03 17:08:00,Freelancer,Paid Social,META-Retargeting,2
9115,3061,2026-05-22 14:18:00,Freelancer,Display,DISPLAY-Retargeting,3
9116,3062,2025-11-27 11:16:00,Startup,Paid Social,META-Retargeting,1
9117,3062,2025-11-29 13:09:00,Startup,Referral,REF-Customer,2
9118,3062,2025-12-06 04:49:00,Startup,Display,DISPLAY-Retargeting,3
9119,3063,2025-12-10 04:11:00,Startup,Paid Search,PS-NonBrand,1
9120,3063,2025-12-23 06:40:00,Startup,Paid Search,PS-NonBrand,2
9121,3064,2026-08-21 19:38:00,Freelancer,Paid Social,META-Prospecting,1
9122,3065,2025-10-09 09:19:00,SMB,Email,EMAIL-Reactivation,1
9123,3065,2025-10-23 18:21:00,SMB,Referral,REF-Customer,2
9124,3065,2025-10-27 09:29:00,SMB,Paid Search,PS-NonBrand,3
9125,3065,2025-11-03 05:07:00,SMB,Paid Search,PS-NonBrand,4
9126,3066,2025-11-04 19:58:00,Startup,Paid Social,META-Retargeting,1
9127,3066,2025-11-12 13:40:00,Startup,Paid Search,PS-Brand,2
9128,3066,2025-11-18 19:02:00,Startup,Paid Social,META-Retargeting,3
9129,3067,2025-10-26 04:46:00,Startup,Display,DISPLAY-Retargeting,1
9130,3067,2025-11-01 23:38:00,Startup,Paid Social,META-Retargeting,2
9131,3067,2025-11-03 14:51:00,Startup,Paid Search,PS-NonBrand,3
9132,3067,2025-11-12 02:41:00,Startup,Paid Social,META-Retargeting,4
9133,3067,2025-11-23 14:29:00,Startup,Referral,REF-Partner,5
9134,3068,2026-04-21 09:31:00,Freelancer,Email,EMAIL-Nurture,1
9135,3068,2026-04-27 11:00:00,Freelancer,Paid Social,META-Retargeting,2
9136,3068,2026-05-10 09:18:00,Freelancer,Email,EMAIL-Nurture,3
9137,3068,2026-05-12 07:00:00,Freelancer,Paid Social,META-Retargeting,4
9138,3069,2026-06-23 09:13:00,Startup,Email,EMAIL-Nurture,1
9139,3069,2026-06-30 08:20:00,Startup,Paid Search,PS-NonBrand,2
9140,3069,2026-07-02 10:44:00,Startup,Organic Search,SEO-Content,3
9141,3069,2026-07-03 11:58:00,Startup,Paid Search,PS-NonBrand,4
9142,3069,2026-07-07 16:12:00,Startup,Paid Search,PS-Brand,5
9143,3070,2026-06-12 22:54:00,SMB,Display,DISPLAY-Prospecting,1
9144,3070,2026-06-20 08:42:00,SMB,Paid Search,PS-NonBrand,2
9145,3070,2026-06-23 21:09:00,SMB,Email,EMAIL-Reactivation,3
9146,3070,2026-06-27 05:21:00,SMB,Paid Search,PS-Brand,4
9147,3070,2026-06-29 14:39:00,SMB,Paid Search,PS-NonBrand,5
9148,3071,2026-06-12 21:01:00,Startup,Paid Search,PS-Brand,1
9149,3071,2026-06-15 20:11:00,Startup,Paid Social,META-Prospecting,2
9150,3071,2026-06-19 19:38:00,Startup,Organic Search,SEO-Product,3
9151,3071,2026-06-26 15:33:00,Startup,Paid Social,META-Retargeting,4
9152,3071,2026-06-29 10:38:00,Startup,Paid Search,PS-Brand,5
9153,3072,2025-10-31 07:57:00,SMB,Paid Search,PS-NonBrand,1
9154,3072,2025-11-03 02:46:00,SMB,Paid Social,META-Prospecting,2
9155,3072,2025-11-10 12:40:00,SMB,Paid Search,PS-NonBrand,3
9156,3072,2025-11-17 11:02:00,SMB,Referral,REF-Partner,4
9157,3072,2025-11-17 12:13:00,SMB,Paid Social,META-Retargeting,5
9158,3073,2026-02-04 18:12:00,SMB,Referral,REF-Partner,1
9159,3073,2026-02-23 18:05:00,SMB,Paid Social,META-Retargeting,2
9160,3074,2026-05-24 07:51:00,Startup,Email,EMAIL-Reactivation,1
9161,3074,2026-05-31 13:38:00,Startup,Referral,REF-Customer,2
9162,3074,2026-06-09 16:47:00,Startup,Paid Social,META-Retargeting,3
9163,3074,2026-06-17 00:42:00,Startup,Email,EMAIL-Nurture,4
9164,3075,2026-07-04 00:31:00,Startup,Email,EMAIL-Nurture,1
9165,3076,2026-02-21 19:39:00,SMB,Paid Search,PS-Brand,1
9166,3077,2026-08-07 04:50:00,SMB,Paid Social,META-Retargeting,1
9167,3077,2026-08-18 03:34:00,SMB,Paid Social,META-Retargeting,2
9168,3077,2026-08-24 16:33:00,SMB,Paid Social,META-Retargeting,3
9169,3078,2026-08-03 02:25:00,Startup,Referral,REF-Customer,1
9170,3078,2026-08-04 21:56:00,Startup,Email,EMAIL-Reactivation,2
9171,3078,2026-08-08 19:59:00,Startup,Display,DISPLAY-Retargeting,3
9172,3078,2026-08-13 03:30:00,Startup,Email,EMAIL-Reactivation,4
9173,3079,2026-07-18 06:43:00,SMB,Email,EMAIL-Reactivation,1
9174,3080,2026-07-21 08:21:00,Freelancer,Referral,REF-Partner,1
9175,3080,2026-07-23 20:37:00,Freelancer,Email,EMAIL-Reactivation,2
9176,3080,2026-08-07 00:52:00,Freelancer,Paid Search,PS-Brand,3
9177,3080,2026-08-11 21:43:00,Freelancer,Paid Search,PS-Brand,4
9178,3081,2026-09-22 15:06:00,SMB,Email,EMAIL-Reactivation,1
9179,3081,2026-09-30 22:21:00,SMB,Paid Search,PS-NonBrand,2
9180,3081,2026-10-05 19:28:00,SMB,Email,EMAIL-Nurture,3
9181,3081,2026-10-17 00:07:00,SMB,Referral,REF-Partner,4
9182,3081,2026-10-17 15:06:00,SMB,Email,EMAIL-Reactivation,5
9183,3082,2026-07-23 19:13:00,Startup,Email,EMAIL-Nurture,1
9184,3082,2026-07-31 10:23:00,Startup,Display,DISPLAY-Retargeting,2
9185,3082,2026-08-01 02:52:00,Startup,Referral,REF-Customer,3
9186,3082,2026-08-05 06:14:00,Startup,Paid Social,META-Retargeting,4
9187,3082,2026-08-05 18:11:00,Startup,Display,DISPLAY-Prospecting,5
9188,3083,2026-05-02 17:10:00,SMB,Organic Search,SEO-Product,1
9189,3083,2026-05-03 21:21:00,SMB,Organic Search,SEO-Product,2
9190,3083,2026-05-05 02:07:00,SMB,Paid Social,META-Prospecting,3
9191,3083,2026-05-12 02:29:00,SMB,Paid Search,PS-NonBrand,4
9192,3084,2026-03-02 14:23:00,Freelancer,Referral,REF-Customer,1
9193,3084,2026-03-10 03:35:00,Freelancer,Organic Search,SEO-Content,2
9194,3085,2026-02-13 06:29:00,Freelancer,Organic Search,SEO-Content,1
9195,3085,2026-03-06 19:06:00,Freelancer,Display,DISPLAY-Retargeting,2
9196,3086,2026-08-12 06:57:00,SMB,Paid Social,META-Prospecting,1
9197,3087,2026-01-22 20:11:00,Startup,Paid Search,PS-NonBrand,1
9198,3087,2026-02-05 18:28:00,Startup,Paid Search,PS-Brand,2
9199,3088,2026-05-21 03:10:00,Startup,Referral,REF-Customer,1
9200,3088,2026-06-04 20:59:00,Startup,Organic Search,SEO-Content,2
9201,3088,2026-06-08 07:24:00,Startup,Referral,REF-Partner,3
9202,3089,2026-04-12 01:15:00,SMB,Paid Social,META-Retargeting,1
9203,3089,2026-04-19 01:46:00,SMB,Paid Social,META-Retargeting,2
9204,3090,2026-02-18 10:15:00,Startup,Paid Search,PS-NonBrand,1
9205,3090,2026-02-28 06:40:00,Startup,Email,EMAIL-Reactivation,2
9206,3090,2026-02-28 09:51:00,Startup,Paid Social,META-Prospecting,3
9207,3090,2026-03-16 16:26:00,Startup,Paid Search,PS-Brand,4
9208,3091,2026-03-21 12:09:00,Freelancer,Organic Search,SEO-Content,1
9209,3091,2026-03-29 11:18:00,Freelancer,Paid Search,PS-NonBrand,2
9210,3092,2025-11-04 00:11:00,Startup,Paid Social,META-Retargeting,1
9211,3092,2025-11-04 02:45:00,Startup,Referral,REF-Partner,2
9212,3093,2026-06-16 06:32:00,Freelancer,Organic Search,SEO-Product,1
9213,3093,2026-06-24 14:48:00,Freelancer,Referral,REF-Customer,2
9214,3093,2026-07-08 01:02:00,Freelancer,Paid Social,META-Retargeting,3
9215,3093,2026-07-10 16:20:00,Freelancer,Email,EMAIL-Nurture,4
9216,3093,2026-07-10 23:52:00,Freelancer,Organic Search,SEO-Product,5
9217,3094,2025-11-20 10:41:00,SMB,Organic Search,SEO-Product,1
9218,3095,2025-11-01 22:09:00,Freelancer,Paid Social,META-Retargeting,1
9219,3095,2025-11-08 19:30:00,Freelancer,Organic Search,SEO-Product,2
9220,3095,2025-11-09 06:16:00,Freelancer,Paid Social,META-Retargeting,3
9221,3095,2025-11-14 23:09:00,Freelancer,Email,EMAIL-Reactivation,4
9222,3095,2025-11-23 16:24:00,Freelancer,Display,DISPLAY-Retargeting,5
9223,3096,2026-01-04 21:32:00,Freelancer,Display,DISPLAY-Retargeting,1
9224,3096,2026-01-16 09:02:00,Freelancer,Paid Social,META-Retargeting,2
9225,3096,2026-01-23 16:13:00,Freelancer,Organic Search,SEO-Content,3
9226,3096,2026-01-29 06:03:00,Freelancer,Organic Search,SEO-Product,4
9227,3097,2026-05-11 12:03:00,SMB,Organic Search,SEO-Product,1
9228,3098,2026-02-05 23:52:00,SMB,Referral,REF-Customer,1
9229,3099,2026-09-01 21:52:00,Startup,Organic Search,SEO-Product,1
9230,3100,2026-09-06 23:48:00,Freelancer,Paid Search,PS-Brand,1
9231,3100,2026-09-16 04:23:00,Freelancer,Paid Search,PS-NonBrand,2
9232,3101,2026-02-24 13:18:00,SMB,Paid Search,PS-NonBrand,1
9233,3101,2026-02-27 07:22:00,SMB,Paid Search,PS-Brand,2
9234,3101,2026-03-07 09:48:00,SMB,Paid Social,META-Retargeting,3
9235,3102,2026-10-09 19:23:00,SMB,Paid Search,PS-Brand,1
9236,3102,2026-10-22 05:01:00,SMB,Email,EMAIL-Reactivation,2
9237,3102,2026-10-25 13:57:00,SMB,Organic Search,SEO-Content,3
9238,3103,2025-11-28 00:12:00,Startup,Email,EMAIL-Nurture,1
9239,3103,2025-11-28 02:38:00,Startup,Paid Social,META-Retargeting,2
9240,3103,2025-12-01 13:17:00,Startup,Paid Search,PS-Brand,3
9241,3104,2025-11-23 15:06:00,SMB,Email,EMAIL-Reactivation,1
9242,3104,2025-11-26 12:30:00,SMB,Referral,REF-Customer,2
9243,3104,2025-11-28 02:46:00,SMB,Paid Social,META-Prospecting,3
9244,3105,2026-02-10 07:15:00,Startup,Display,DISPLAY-Retargeting,1
9245,3105,2026-02-12 02:51:00,Startup,Referral,REF-Customer,2
9246,3105,2026-02-23 04:30:00,Startup,Paid Social,META-Retargeting,3
9247,3105,2026-03-01 23:08:00,Startup,Organic Search,SEO-Product,4
9248,3106,2026-09-26 15:55:00,Startup,Paid Social,META-Retargeting,1
9249,3106,2026-09-27 17:55:00,Startup,Organic Search,SEO-Product,2
9250,3106,2026-10-02 08:58:00,Startup,Referral,REF-Customer,3
9251,3107,2026-04-02 05:22:00,Freelancer,Email,EMAIL-Nurture,1
9252,3107,2026-04-04 11:11:00,Freelancer,Paid Search,PS-Brand,2
9253,3107,2026-04-20 13:22:00,Freelancer,Email,EMAIL-Reactivation,3
9254,3107,2026-04-30 15:13:00,Freelancer,Paid Search,PS-Brand,4
9255,3107,2026-05-01 23:03:00,Freelancer,Paid Social,META-Retargeting,5
9256,3108,2026-06-16 04:39:00,SMB,Referral,REF-Customer,1
9257,3108,2026-06-17 08:15:00,SMB,Paid Search,PS-NonBrand,2
9258,3108,2026-06-28 14:04:00,SMB,Paid Social,META-Retargeting,3
9259,3108,2026-06-28 14:43:00,SMB,Referral,REF-Customer,4
9260,3108,2026-07-05 11:42:00,SMB,Paid Search,PS-NonBrand,5
9261,3109,2026-05-31 10:45:00,Freelancer,Email,EMAIL-Nurture,1
9262,3109,2026-06-10 11:09:00,Freelancer,Paid Search,PS-NonBrand,2
9263,3109,2026-06-12 17:58:00,Freelancer,Paid Social,META-Retargeting,3
9264,3109,2026-06-13 06:09:00,Freelancer,Email,EMAIL-Reactivation,4
9265,3110,2026-04-09 04:37:00,Startup,Display,DISPLAY-Retargeting,1
9266,3111,2026-09-27 20:13:00,Freelancer,Display,DISPLAY-Retargeting,1
9267,3111,2026-09-28 12:28:00,Freelancer,Organic Search,SEO-Content,2
9268,3111,2026-10-04 20:11:00,Freelancer,Display,DISPLAY-Retargeting,3
9269,3111,2026-10-04 20:36:00,Freelancer,Paid Search,PS-NonBrand,4
9270,3112,2026-09-15 08:31:00,SMB,Email,EMAIL-Nurture,1
9271,3112,2026-10-02 03:31:00,SMB,Referral,REF-Customer,2
9272,3112,2026-10-09 13:08:00,SMB,Paid Search,PS-Brand,3
9273,3113,2026-03-28 19:19:00,Startup,Paid Search,PS-Brand,1
9274,3113,2026-04-01 02:51:00,Startup,Organic Search,SEO-Content,2
9275,3113,2026-04-03 02:40:00,Startup,Paid Social,META-Prospecting,3
9276,3114,2026-06-23 09:59:00,Freelancer,Organic Search,SEO-Product,1
9277,3114,2026-06-25 08:35:00,Freelancer,Email,EMAIL-Nurture,2
9278,3114,2026-07-05 00:04:00,Freelancer,Organic Search,SEO-Content,3
9279,3114,2026-07-05 14:46:00,Freelancer,Organic Search,SEO-Product,4
9280,3115,2026-05-28 09:09:00,Startup,Paid Social,META-Prospecting,1
9281,3116,2026-05-19 10:44:00,SMB,Paid Social,META-Retargeting,1
9282,3116,2026-05-25 14:51:00,SMB,Paid Social,META-Retargeting,2
9283,3116,2026-05-26 22:01:00,SMB,Email,EMAIL-Reactivation,3
9284,3117,2025-11-21 21:02:00,SMB,Paid Search,PS-NonBrand,1
9285,3117,2025-11-25 21:27:00,SMB,Organic Search,SEO-Content,2
9286,3117,2025-11-28 17:08:00,SMB,Email,EMAIL-Reactivation,3
9287,3118,2025-12-28 15:04:00,SMB,Email,EMAIL-Nurture,1
9288,3118,2026-01-10 15:04:00,SMB,Referral,REF-Customer,2
9289,3118,2026-01-11 10:30:00,SMB,Referral,REF-Customer,3
9290,3118,2026-01-13 06:04:00,SMB,Paid Social,META-Retargeting,4
9291,3119,2026-10-02 10:27:00,SMB,Paid Social,META-Retargeting,1
9292,3119,2026-10-05 09:57:00,SMB,Organic Search,SEO-Product,2
9293,3119,2026-10-15 00:59:00,SMB,Paid Social,META-Retargeting,3
9294,3119,2026-10-16 08:31:00,SMB,Email,EMAIL-Nurture,4
9295,3119,2026-10-20 21:37:00,SMB,Paid Social,META-Retargeting,5
9296,3120,2026-01-01 02:26:00,Startup,Email,EMAIL-Nurture,1
9297,3120,2026-01-01 13:40:00,Startup,Paid Search,PS-Brand,2
9298,3120,2026-01-08 01:20:00,Startup,Display,DISPLAY-Retargeting,3
9299,3120,2026-01-16 23:34:00,Startup,Paid Search,PS-NonBrand,4
9300,3121,2026-05-28 20:45:00,Freelancer,Paid Search,PS-Brand,1
9301,3121,2026-06-15 11:25:00,Freelancer,Referral,REF-Customer,2
9302,3121,2026-06-18 10:17:00,Freelancer,Email,EMAIL-Reactivation,3
9303,3121,2026-06-18 12:32:00,Freelancer,Email,EMAIL-Reactivation,4
9304,3121,2026-06-24 18:16:00,Freelancer,Display,DISPLAY-Retargeting,5
9305,3122,2026-09-11 16:48:00,Startup,Organic Search,SEO-Product,1
9306,3122,2026-09-17 07:52:00,Startup,Organic Search,SEO-Content,2
9307,3122,2026-09-27 17:51:00,Startup,Organic Search,SEO-Product,3
9308,3123,2026-05-19 13:56:00,SMB,Referral,REF-Partner,1
9309,3123,2026-05-29 03:52:00,SMB,Paid Search,PS-Brand,2
9310,3123,2026-05-29 23:50:00,SMB,Email,EMAIL-Reactivation,3
9311,3123,2026-06-01 10:18:00,SMB,Email,EMAIL-Nurture,4
9312,3123,2026-06-03 06:13:00,SMB,Email,EMAIL-Reactivation,5
9313,3124,2025-12-24 13:02:00,SMB,Paid Search,PS-Brand,1
9314,3124,2026-01-02 23:16:00,SMB,Display,DISPLAY-Retargeting,2
9315,3125,2026-08-14 04:57:00,SMB,Paid Social,META-Prospecting,1
9316,3125,2026-08-14 23:16:00,SMB,Paid Search,PS-NonBrand,2
9317,3125,2026-08-15 11:53:00,SMB,Paid Social,META-Retargeting,3
9318,3125,2026-08-16 11:03:00,SMB,Paid Search,PS-NonBrand,4
9319,3125,2026-08-18 14:32:00,SMB,Organic Search,SEO-Product,5
9320,3126,2025-10-23 03:42:00,SMB,Email,EMAIL-Nurture,1
9321,3126,2025-11-05 15:55:00,SMB,Referral,REF-Partner,2
9322,3127,2026-06-27 10:57:00,Freelancer,Paid Social,META-Retargeting,1
9323,3127,2026-07-19 04:44:00,Freelancer,Referral,REF-Customer,2
9324,3128,2026-01-17 21:04:00,SMB,Paid Social,META-Retargeting,1
9325,3128,2026-01-19 11:14:00,SMB,Organic Search,SEO-Content,2
9326,3128,2026-01-26 17:25:00,SMB,Organic Search,SEO-Product,3
9327,3128,2026-02-02 20:09:00,SMB,Email,EMAIL-Nurture,4
9328,3129,2026-06-02 22:43:00,SMB,Email,EMAIL-Reactivation,1
9329,3129,2026-06-05 22:04:00,SMB,Email,EMAIL-Reactivation,2
9330,3129,2026-06-08 08:37:00,SMB,Paid Social,META-Retargeting,3
9331,3129,2026-06-14 03:15:00,SMB,Email,EMAIL-Nurture,4
9332,3129,2026-06-18 01:52:00,SMB,Paid Search,PS-Brand,5
9333,3130,2026-03-30 12:24:00,Startup,Paid Social,META-Retargeting,1
9334,3130,2026-03-31 22:39:00,Startup,Referral,REF-Customer,2
9335,3130,2026-04-15 01:58:00,Startup,Display,DISPLAY-Prospecting,3
9336,3130,2026-04-15 14:48:00,Startup,Display,DISPLAY-Prospecting,4
9337,3131,2026-05-11 20:14:00,SMB,Display,DISPLAY-Prospecting,1
9338,3131,2026-05-12 21:38:00,SMB,Paid Search,PS-Brand,2
9339,3132,2026-02-17 16:57:00,SMB,Paid Social,META-Prospecting,1
9340,3132,2026-03-03 15:00:00,SMB,Display,DISPLAY-Retargeting,2
9341,3133,2026-04-13 14:59:00,Startup,Email,EMAIL-Reactivation,1
9342,3133,2026-04-21 11:07:00,Startup,Paid Search,PS-NonBrand,2
9343,3133,2026-04-26 23:58:00,Startup,Paid Search,PS-NonBrand,3
9344,3133,2026-05-01 05:48:00,Startup,Paid Search,PS-NonBrand,4
9345,3133,2026-05-08 05:31:00,Startup,Paid Search,PS-Brand,5
9346,3134,2026-09-07 18:00:00,SMB,Paid Search,PS-Brand,1
9347,3134,2026-10-04 23:36:00,SMB,Paid Search,PS-Brand,2
9348,3135,2026-08-01 14:21:00,Startup,Paid Social,META-Retargeting,1
9349,3135,2026-08-14 06:27:00,Startup,Email,EMAIL-Nurture,2
9350,3135,2026-08-14 17:13:00,Startup,Paid Social,META-Retargeting,3
9351,3135,2026-08-18 15:13:00,Startup,Paid Social,META-Retargeting,4
9352,3135,2026-08-23 21:53:00,Startup,Paid Search,PS-NonBrand,5
9353,3136,2026-03-05 00:42:00,Startup,Paid Social,META-Prospecting,1
9354,3136,2026-03-06 10:34:00,Startup,Display,DISPLAY-Prospecting,2
9355,3136,2026-03-14 23:27:00,Startup,Paid Social,META-Retargeting,3
9356,3136,2026-03-28 07:29:00,Startup,Paid Social,META-Retargeting,4
9357,3136,2026-03-30 06:57:00,Startup,Paid Social,META-Retargeting,5
9358,3137,2026-09-10 14:08:00,Startup,Paid Search,PS-Brand,1
9359,3137,2026-09-10 21:44:00,Startup,Organic Search,SEO-Product,2
9360,3137,2026-09-16 09:07:00,Startup,Paid Social,META-Retargeting,3
9361,3137,2026-09-23 08:58:00,Startup,Paid Social,META-Prospecting,4
9362,3138,2026-09-04 09:14:00,SMB,Paid Search,PS-NonBrand,1
9363,3138,2026-09-13 03:06:00,SMB,Paid Social,META-Retargeting,2
9364,3138,2026-09-13 21:37:00,SMB,Organic Search,SEO-Content,3
9365,3138,2026-09-16 16:07:00,SMB,Paid Search,PS-Brand,4
9366,3139,2026-05-27 02:41:00,SMB,Paid Social,META-Prospecting,1
9367,3139,2026-05-27 06:27:00,SMB,Display,DISPLAY-Retargeting,2
9368,3139,2026-05-27 17:34:00,SMB,Organic Search,SEO-Product,3
9369,3139,2026-05-28 00:34:00,SMB,Paid Social,META-Prospecting,4
9370,3139,2026-06-07 17:15:00,SMB,Paid Search,PS-Brand,5
9371,3140,2026-05-26 00:39:00,Startup,Paid Social,META-Retargeting,1
9372,3140,2026-05-26 09:19:00,Startup,Referral,REF-Partner,2
9373,3141,2025-11-09 06:07:00,SMB,Organic Search,SEO-Content,1
9374,3142,2026-04-11 01:34:00,SMB,Paid Search,PS-Brand,1
9375,3142,2026-04-11 07:46:00,SMB,Organic Search,SEO-Product,2
9376,3142,2026-04-21 00:17:00,SMB,Organic Search,SEO-Content,3
9377,3142,2026-05-04 00:39:00,SMB,Paid Social,META-Retargeting,4
9378,3142,2026-05-05 18:50:00,SMB,Referral,REF-Customer,5
9379,3143,2025-12-21 11:11:00,SMB,Email,EMAIL-Nurture,1
9380,3143,2026-01-11 16:32:00,SMB,Paid Search,PS-Brand,2
9381,3143,2026-01-13 13:01:00,SMB,Referral,REF-Customer,3
9382,3144,2025-12-03 08:34:00,SMB,Paid Search,PS-Brand,1
9383,3144,2025-12-10 13:38:00,SMB,Paid Social,META-Retargeting,2
9384,3144,2025-12-13 09:44:00,SMB,Organic Search,SEO-Product,3
9385,3144,2025-12-15 17:41:00,SMB,Paid Social,META-Retargeting,4
9386,3144,2025-12-27 09:32:00,SMB,Display,DISPLAY-Retargeting,5
9387,3145,2026-09-03 07:51:00,SMB,Paid Social,META-Retargeting,1
9388,3146,2026-02-01 08:38:00,Freelancer,Organic Search,SEO-Product,1
9389,3147,2026-05-25 07:11:00,SMB,Paid Search,PS-Brand,1
9390,3147,2026-06-01 23:30:00,SMB,Email,EMAIL-Nurture,2
9391,3148,2026-08-14 03:41:00,Startup,Paid Search,PS-NonBrand,1
9392,3148,2026-08-19 15:05:00,Startup,Paid Social,META-Retargeting,2
9393,3148,2026-09-08 06:28:00,Startup,Paid Social,META-Prospecting,3
9394,3148,2026-09-09 02:21:00,Startup,Organic Search,SEO-Product,4
9395,3149,2026-05-07 23:32:00,SMB,Organic Search,SEO-Content,1
9396,3149,2026-05-22 02:03:00,SMB,Display,DISPLAY-Retargeting,2
9397,3149,2026-05-23 14:28:00,SMB,Organic Search,SEO-Product,3
9398,3149,2026-05-25 15:20:00,SMB,Display,DISPLAY-Retargeting,4
9399,3150,2026-07-20 06:42:00,SMB,Organic Search,SEO-Product,1
9400,3150,2026-07-25 21:32:00,SMB,Email,EMAIL-Reactivation,2
9401,3151,2026-07-12 14:09:00,Startup,Paid Search,PS-Brand,1
9402,3152,2026-03-21 12:01:00,Startup,Paid Search,PS-Brand,1
9403,3152,2026-03-29 06:15:00,Startup,Referral,REF-Partner,2
9404,3152,2026-04-02 13:24:00,Startup,Paid Search,PS-NonBrand,3
9405,3152,2026-04-07 13:59:00,Startup,Paid Social,META-Retargeting,4
9406,3152,2026-04-11 09:35:00,Startup,Paid Search,PS-Brand,5
9407,3153,2026-09-05 06:45:00,Freelancer,Display,DISPLAY-Prospecting,1
9408,3153,2026-09-11 15:56:00,Freelancer,Paid Social,META-Prospecting,2
9409,3153,2026-09-25 07:25:00,Freelancer,Paid Search,PS-Brand,3
9410,3153,2026-09-28 09:23:00,Freelancer,Email,EMAIL-Nurture,4
9411,3154,2026-08-28 17:32:00,SMB,Email,EMAIL-Nurture,1
9412,3155,2026-02-03 11:39:00,SMB,Organic Search,SEO-Content,1
9413,3155,2026-02-24 04:06:00,SMB,Paid Social,META-Prospecting,2
9414,3155,2026-02-25 08:52:00,SMB,Email,EMAIL-Reactivation,3
9415,3155,2026-02-25 18:01:00,SMB,Organic Search,SEO-Content,4
9416,3155,2026-02-25 22:31:00,SMB,Paid Social,META-Retargeting,5
9417,3156,2026-08-07 15:55:00,Startup,Paid Social,META-Retargeting,1
9418,3156,2026-08-13 03:56:00,Startup,Paid Social,META-Retargeting,2
9419,3156,2026-08-14 06:58:00,Startup,Organic Search,SEO-Product,3
9420,3156,2026-08-18 03:45:00,Startup,Paid Social,META-Retargeting,4
9421,3156,2026-08-19 23:28:00,Startup,Email,EMAIL-Reactivation,5
9422,3157,2025-12-12 04:55:00,SMB,Referral,REF-Partner,1
9423,3157,2025-12-14 20:07:00,SMB,Referral,REF-Customer,2
9424,3157,2025-12-17 21:48:00,SMB,Paid Social,META-Retargeting,3
9425,3157,2025-12-28 02:16:00,SMB,Display,DISPLAY-Retargeting,4
9426,3157,2025-12-28 18:17:00,SMB,Referral,REF-Customer,5
9427,3158,2025-11-30 21:14:00,SMB,Email,EMAIL-Reactivation,1
9428,3159,2026-04-18 21:18:00,SMB,Paid Search,PS-Brand,1
9429,3159,2026-05-03 00:07:00,SMB,Paid Social,META-Prospecting,2
9430,3160,2026-05-15 06:15:00,SMB,Organic Search,SEO-Content,1
9431,3160,2026-05-18 14:22:00,SMB,Paid Search,PS-NonBrand,2
9432,3160,2026-05-22 14:12:00,SMB,Paid Social,META-Retargeting,3
9433,3160,2026-06-01 07:01:00,SMB,Paid Search,PS-NonBrand,4
9434,3160,2026-06-04 18:10:00,SMB,Paid Social,META-Retargeting,5
9435,3161,2026-05-13 20:04:00,Freelancer,Email,EMAIL-Nurture,1
9436,3161,2026-05-17 20:04:00,Freelancer,Email,EMAIL-Nurture,2
9437,3161,2026-05-26 01:42:00,Freelancer,Organic Search,SEO-Product,3
9438,3162,2026-07-19 13:07:00,Freelancer,Paid Social,META-Prospecting,1
9439,3162,2026-07-19 13:16:00,Freelancer,Paid Social,META-Retargeting,2
9440,3162,2026-08-07 22:01:00,Freelancer,Paid Social,META-Retargeting,3
9441,3162,2026-08-08 21:08:00,Freelancer,Referral,REF-Customer,4
9442,3162,2026-08-09 21:39:00,Freelancer,Email,EMAIL-Nurture,5
9443,3163,2026-02-22 16:56:00,Startup,Referral,REF-Customer,1
9444,3163,2026-03-04 04:05:00,Startup,Paid Social,META-Retargeting,2
9445,3163,2026-03-06 19:39:00,Startup,Email,EMAIL-Nurture,3
9446,3163,2026-03-13 12:01:00,Startup,Email,EMAIL-Reactivation,4
9447,3163,2026-03-18 19:39:00,Startup,Email,EMAIL-Nurture,5
9448,3164,2026-07-30 20:23:00,SMB,Paid Search,PS-Brand,1
9449,3164,2026-08-01 08:12:00,SMB,Paid Search,PS-Brand,2
9450,3164,2026-08-10 20:42:00,SMB,Paid Social,META-Retargeting,3
9451,3164,2026-08-19 17:43:00,SMB,Display,DISPLAY-Retargeting,4
9452,3165,2026-09-10 04:06:00,Startup,Paid Social,META-Prospecting,1
9453,3166,2025-11-09 06:15:00,Startup,Paid Social,META-Prospecting,1
9454,3166,2025-11-24 20:58:00,Startup,Referral,REF-Customer,2
9455,3166,2025-11-28 18:56:00,Startup,Paid Social,META-Retargeting,3
9456,3166,2025-11-28 19:50:00,Startup,Paid Search,PS-NonBrand,4
9457,3167,2026-03-26 12:45:00,Startup,Display,DISPLAY-Retargeting,1
9458,3167,2026-03-31 15:09:00,Startup,Email,EMAIL-Reactivation,2
9459,3168,2025-12-29 08:46:00,Startup,Organic Search,SEO-Content,1
9460,3168,2026-01-01 11:48:00,Startup,Display,DISPLAY-Retargeting,2
9461,3169,2026-05-31 19:50:00,Freelancer,Organic Search,SEO-Product,1
9462,3170,2026-03-18 20:57:00,SMB,Paid Social,META-Retargeting,1
9463,3170,2026-03-22 16:56:00,SMB,Email,EMAIL-Reactivation,2
9464,3171,2026-01-21 10:12:00,Startup,Paid Search,PS-NonBrand,1
9465,3171,2026-01-22 21:49:00,Startup,Paid Search,PS-Brand,2
9466,3171,2026-01-31 08:50:00,Startup,Display,DISPLAY-Retargeting,3
9467,3171,2026-02-05 20:43:00,Startup,Email,EMAIL-Reactivation,4
9468,3172,2026-01-27 01:36:00,Startup,Paid Social,META-Prospecting,1
9469,3172,2026-01-28 07:47:00,Startup,Organic Search,SEO-Content,2
9470,3173,2026-02-11 01:12:00,Freelancer,Email,EMAIL-Nurture,1
9471,3174,2025-11-11 20:49:00,Freelancer,Paid Search,PS-NonBrand,1
9472,3174,2025-11-27 19:27:00,Freelancer,Paid Social,META-Retargeting,2
9473,3174,2025-12-07 00:21:00,Freelancer,Paid Social,META-Retargeting,3
9474,3175,2025-11-22 21:35:00,SMB,Paid Search,PS-Brand,1
9475,3175,2025-11-24 09:53:00,SMB,Paid Search,PS-NonBrand,2
9476,3176,2026-05-25 05:32:00,Startup,Referral,REF-Customer,1
9477,3176,2026-06-04 15:19:00,Startup,Paid Social,META-Retargeting,2
9478,3177,2026-10-02 17:18:00,SMB,Email,EMAIL-Reactivation,1
9479,3177,2026-10-05 12:13:00,SMB,Paid Search,PS-NonBrand,2
9480,3177,2026-10-08 00:37:00,SMB,Paid Search,PS-Brand,3
9481,3178,2026-04-05 04:07:00,Startup,Organic Search,SEO-Product,1
9482,3178,2026-04-15 07:40:00,Startup,Paid Search,PS-NonBrand,2
9483,3178,2026-04-24 11:21:00,Startup,Organic Search,SEO-Product,3
9484,3178,2026-04-30 00:41:00,Startup,Paid Social,META-Retargeting,4
9485,3179,2026-09-14 13:51:00,SMB,Email,EMAIL-Nurture,1
9486,3179,2026-09-24 16:19:00,SMB,Paid Search,PS-Brand,2
9487,3180,2025-11-29 18:03:00,SMB,Paid Social,META-Prospecting,1
9488,3181,2026-10-12 03:43:00,Freelancer,Organic Search,SEO-Product,1
9489,3182,2026-05-04 07:49:00,Startup,Paid Social,META-Retargeting,1
9490,3182,2026-05-19 06:20:00,Startup,Paid Search,PS-Brand,2
9491,3183,2026-06-29 10:24:00,Startup,Paid Social,META-Prospecting,1
9492,3184,2025-10-30 08:05:00,SMB,Paid Search,PS-NonBrand,1
9493,3184,2025-11-10 22:21:00,SMB,Organic Search,SEO-Product,2
9494,3184,2025-11-21 13:40:00,SMB,Organic Search,SEO-Product,3
9495,3185,2026-05-19 07:36:00,SMB,Organic Search,SEO-Product,1
9496,3185,2026-05-21 15:58:00,SMB,Paid Social,META-Retargeting,2
9497,3185,2026-05-28 09:16:00,SMB,Paid Search,PS-Brand,3
9498,3185,2026-05-31 02:32:00,SMB,Email,EMAIL-Nurture,4
9499,3185,2026-06-06 06:12:00,SMB,Paid Social,META-Prospecting,5
9500,3186,2026-02-25 10:47:00,SMB,Paid Social,META-Retargeting,1
9501,3186,2026-02-28 04:36:00,SMB,Organic Search,SEO-Content,2
9502,3186,2026-02-28 17:32:00,SMB,Display,DISPLAY-Prospecting,3
9503,3186,2026-03-02 12:08:00,SMB,Referral,REF-Customer,4
9504,3186,2026-03-16 03:34:00,SMB,Email,EMAIL-Nurture,5
9505,3187,2026-08-27 08:56:00,SMB,Email,EMAIL-Nurture,1
9506,3187,2026-08-31 02:43:00,SMB,Paid Search,PS-Brand,2
9507,3187,2026-09-04 13:57:00,SMB,Referral,REF-Partner,3
9508,3187,2026-09-14 22:38:00,SMB,Display,DISPLAY-Retargeting,4
9509,3188,2026-07-26 09:53:00,Freelancer,Referral,REF-Partner,1
9510,3188,2026-08-13 06:17:00,Freelancer,Referral,REF-Partner,2
9511,3189,2026-08-15 03:30:00,Startup,Paid Social,META-Prospecting,1
9512,3189,2026-09-02 07:04:00,Startup,Paid Social,META-Prospecting,2
9513,3189,2026-09-03 12:39:00,Startup,Paid Search,PS-Brand,3
9514,3190,2026-08-25 13:36:00,SMB,Paid Search,PS-NonBrand,1
9515,3190,2026-09-11 19:08:00,SMB,Paid Search,PS-Brand,2
9516,3190,2026-09-14 03:10:00,SMB,Referral,REF-Partner,3
9517,3190,2026-09-15 06:45:00,SMB,Referral,REF-Customer,4
9518,3190,2026-09-15 16:11:00,SMB,Paid Social,META-Retargeting,5
9519,3191,2026-06-27 00:57:00,Startup,Display,DISPLAY-Prospecting,1
9520,3191,2026-07-08 21:50:00,Startup,Paid Social,META-Prospecting,2
9521,3191,2026-07-11 13:36:00,Startup,Paid Social,META-Retargeting,3
9522,3192,2026-01-11 04:15:00,SMB,Organic Search,SEO-Content,1
9523,3192,2026-01-24 04:37:00,SMB,Paid Search,PS-Brand,2
9524,3193,2026-01-12 02:01:00,SMB,Display,DISPLAY-Retargeting,1
9525,3193,2026-01-31 10:32:00,SMB,Referral,REF-Customer,2
9526,3193,2026-02-08 06:13:00,SMB,Paid Search,PS-NonBrand,3
9527,3194,2026-08-16 15:11:00,SMB,Display,DISPLAY-Retargeting,1
9528,3194,2026-08-19 09:11:00,SMB,Organic Search,SEO-Product,2
9529,3194,2026-09-07 08:53:00,SMB,Referral,REF-Partner,3
9530,3195,2026-05-20 01:10:00,SMB,Paid Social,META-Prospecting,1
9531,3195,2026-05-21 16:32:00,SMB,Organic Search,SEO-Content,2
9532,3195,2026-05-26 02:19:00,SMB,Paid Social,META-Retargeting,3
9533,3195,2026-06-02 07:01:00,SMB,Email,EMAIL-Reactivation,4
9534,3195,2026-06-03 18:37:00,SMB,Display,DISPLAY-Retargeting,5
9535,3196,2026-09-05 22:38:00,Startup,Paid Search,PS-Brand,1
9536,3196,2026-09-10 20:19:00,Startup,Referral,REF-Customer,2
9537,3197,2026-07-19 06:04:00,Startup,Organic Search,SEO-Content,1
9538,3197,2026-07-19 10:09:00,Startup,Paid Social,META-Retargeting,2
9539,3197,2026-08-08 18:50:00,Startup,Paid Social,META-Retargeting,3
9540,3197,2026-08-13 16:22:00,Startup,Paid Search,PS-Brand,4
9541,3197,2026-08-15 17:06:00,Startup,Email,EMAIL-Reactivation,5
9542,3198,2026-05-11 05:42:00,Startup,Paid Search,PS-NonBrand,1
9543,3198,2026-06-05 06:22:00,Startup,Paid Social,META-Retargeting,2
9544,3198,2026-06-07 19:38:00,Startup,Email,EMAIL-Nurture,3
9545,3199,2025-12-02 09:20:00,Freelancer,Organic Search,SEO-Product,1
9546,3199,2025-12-15 11:40:00,Freelancer,Paid Search,PS-NonBrand,2
9547,3200,2026-09-25 12:41:00,Freelancer,Organic Search,SEO-Content,1
9548,3200,2026-10-01 14:48:00,Freelancer,Paid Search,PS-NonBrand,2
9549,3200,2026-10-02 12:56:00,Freelancer,Organic Search,SEO-Product,3
9550,3200,2026-10-09 23:28:00,Freelancer,Email,EMAIL-Reactivation,4
9551,3201,2026-01-06 23:29:00,Startup,Referral,REF-Partner,1
9552,3202,2026-01-04 17:37:00,Freelancer,Referral,REF-Partner,1
9553,3202,2026-01-15 02:36:00,Freelancer,Email,EMAIL-Nurture,2
9554,3202,2026-01-17 00:36:00,Freelancer,Paid Social,META-Retargeting,3
9555,3203,2025-11-23 18:44:00,Freelancer,Organic Search,SEO-Product,1
9556,3203,2025-12-05 18:05:00,Freelancer,Paid Social,META-Prospecting,2
9557,3203,2025-12-08 04:25:00,Freelancer,Paid Search,PS-NonBrand,3
9558,3203,2025-12-09 12:13:00,Freelancer,Paid Social,META-Retargeting,4
9559,3203,2025-12-15 10:46:00,Freelancer,Paid Social,META-Retargeting,5
9560,3204,2025-10-26 13:39:00,Freelancer,Paid Search,PS-NonBrand,1
9561,3204,2025-10-31 14:14:00,Freelancer,Referral,REF-Customer,2
9562,3204,2025-11-01 06:56:00,Freelancer,Paid Search,PS-Brand,3
9563,3204,2025-11-11 16:03:00,Freelancer,Organic Search,SEO-Product,4
9564,3204,2025-11-14 23:47:00,Freelancer,Paid Search,PS-NonBrand,5
9565,3205,2026-03-03 00:28:00,SMB,Paid Social,META-Prospecting,1
9566,3205,2026-03-03 20:12:00,SMB,Paid Social,META-Retargeting,2
9567,3205,2026-03-15 20:18:00,SMB,Email,EMAIL-Reactivation,3
9568,3206,2026-08-05 22:47:00,SMB,Referral,REF-Customer,1
9569,3206,2026-08-12 10:19:00,SMB,Paid Search,PS-NonBrand,2
9570,3206,2026-08-19 15:44:00,SMB,Paid Social,META-Retargeting,3
9571,3207,2026-08-29 01:29:00,Startup,Display,DISPLAY-Prospecting,1
9572,3207,2026-09-05 03:07:00,Startup,Referral,REF-Customer,2
9573,3207,2026-09-07 03:04:00,Startup,Paid Social,META-Prospecting,3
9574,3207,2026-09-09 10:39:00,Startup,Paid Search,PS-Brand,4
9575,3208,2026-04-10 00:40:00,Freelancer,Organic Search,SEO-Content,1
9576,3208,2026-04-10 04:16:00,Freelancer,Referral,REF-Customer,2
9577,3208,2026-04-17 17:14:00,Freelancer,Organic Search,SEO-Product,3
9578,3208,2026-04-19 21:09:00,Freelancer,Paid Search,PS-NonBrand,4
9579,3208,2026-04-27 14:41:00,Freelancer,Email,EMAIL-Reactivation,5
9580,3209,2026-01-24 12:00:00,Freelancer,Organic Search,SEO-Product,1
9581,3209,2026-01-25 13:52:00,Freelancer,Paid Social,META-Retargeting,2
9582,3209,2026-02-16 06:18:00,Freelancer,Paid Search,PS-Brand,3
9583,3209,2026-02-20 16:21:00,Freelancer,Paid Search,PS-NonBrand,4
9584,3210,2026-02-11 19:12:00,Startup,Paid Search,PS-Brand,1
9585,3210,2026-02-14 07:56:00,Startup,Email,EMAIL-Nurture,2
9586,3210,2026-02-16 20:38:00,Startup,Referral,REF-Customer,3
9587,3210,2026-02-20 07:32:00,Startup,Paid Social,META-Retargeting,4
9588,3210,2026-02-26 20:14:00,Startup,Referral,REF-Partner,5
9589,3211,2026-09-04 18:19:00,Freelancer,Referral,REF-Customer,1
9590,3211,2026-09-11 11:56:00,Freelancer,Referral,REF-Customer,2
9591,3211,2026-09-24 16:22:00,Freelancer,Display,DISPLAY-Retargeting,3
9592,3211,2026-09-24 23:26:00,Freelancer,Paid Social,META-Retargeting,4
9593,3212,2025-10-26 20:28:00,Startup,Referral,REF-Partner,1
9594,3212,2025-10-30 10:18:00,Startup,Paid Search,PS-NonBrand,2
9595,3212,2025-11-14 08:23:00,Startup,Paid Social,META-Retargeting,3
9596,3212,2025-11-16 19:27:00,Startup,Paid Social,META-Prospecting,4
9597,3213,2025-11-13 18:30:00,Startup,Paid Social,META-Prospecting,1
9598,3214,2025-11-01 20:02:00,SMB,Display,DISPLAY-Prospecting,1
9599,3214,2025-11-05 13:46:00,SMB,Paid Search,PS-NonBrand,2
9600,3214,2025-11-10 07:21:00,SMB,Paid Social,META-Retargeting,3
9601,3215,2026-08-25 10:33:00,SMB,Display,DISPLAY-Retargeting,1
9602,3215,2026-09-12 08:10:00,SMB,Paid Social,META-Retargeting,2
9603,3215,2026-09-12 12:08:00,SMB,Paid Social,META-Retargeting,3
9604,3215,2026-09-13 12:34:00,SMB,Paid Search,PS-Brand,4
9605,3216,2025-11-16 12:48:00,SMB,Organic Search,SEO-Product,1
9606,3216,2025-11-21 06:48:00,SMB,Paid Social,META-Retargeting,2
9607,3216,2025-11-21 13:51:00,SMB,Paid Search,PS-Brand,3
9608,3217,2026-09-16 09:00:00,SMB,Organic Search,SEO-Product,1
9609,3217,2026-09-26 01:07:00,SMB,Organic Search,SEO-Product,2
9610,3217,2026-10-01 11:22:00,SMB,Referral,REF-Customer,3
9611,3217,2026-10-02 11:36:00,SMB,Paid Social,META-Prospecting,4
9612,3217,2026-10-03 22:34:00,SMB,Organic Search,SEO-Content,5
9613,3218,2025-12-13 12:48:00,Startup,Referral,REF-Customer,1
9614,3219,2026-05-08 00:17:00,SMB,Paid Search,PS-Brand,1
9615,3219,2026-05-10 13:14:00,SMB,Paid Search,PS-Brand,2
9616,3219,2026-05-11 07:01:00,SMB,Organic Search,SEO-Content,3
9617,3220,2026-09-22 08:52:00,Freelancer,Organic Search,SEO-Content,1
9618,3220,2026-10-10 07:41:00,Freelancer,Paid Social,META-Retargeting,2
9619,3220,2026-10-14 00:52:00,Freelancer,Email,EMAIL-Reactivation,3
9620,3221,2025-11-16 03:09:00,SMB,Paid Social,META-Prospecting,1
9621,3221,2025-11-20 22:23:00,SMB,Display,DISPLAY-Retargeting,2
9622,3221,2025-11-21 07:53:00,SMB,Paid Search,PS-NonBrand,3
9623,3221,2025-12-01 16:10:00,SMB,Paid Search,PS-Brand,4
9624,3221,2025-12-02 05:29:00,SMB,Paid Social,META-Prospecting,5
9625,3222,2026-01-16 15:56:00,Startup,Display,DISPLAY-Prospecting,1
9626,3222,2026-01-19 23:38:00,Startup,Organic Search,SEO-Product,2
9627,3222,2026-01-20 13:52:00,Startup,Paid Social,META-Retargeting,3
9628,3222,2026-01-29 05:25:00,Startup,Paid Search,PS-NonBrand,4
9629,3222,2026-02-04 15:53:00,Startup,Paid Search,PS-Brand,5
9630,3223,2026-07-02 09:17:00,SMB,Paid Search,PS-Brand,1
9631,3223,2026-07-04 19:53:00,SMB,Referral,REF-Customer,2
9632,3223,2026-07-10 20:32:00,SMB,Paid Search,PS-Brand,3
9633,3223,2026-07-16 11:21:00,SMB,Paid Social,META-Prospecting,4
9634,3223,2026-07-21 10:32:00,SMB,Referral,REF-Customer,5
9635,3224,2026-08-08 10:05:00,Freelancer,Referral,REF-Partner,1
9636,3224,2026-08-13 01:58:00,Freelancer,Display,DISPLAY-Retargeting,2
9637,3224,2026-08-21 16:33:00,Freelancer,Display,DISPLAY-Prospecting,3
9638,3225,2026-08-31 18:59:00,SMB,Referral,REF-Customer,1
9639,3225,2026-09-04 02:16:00,SMB,Paid Search,PS-Brand,2
9640,3225,2026-09-15 16:37:00,SMB,Paid Social,META-Prospecting,3
9641,3225,2026-09-26 08:47:00,SMB,Organic Search,SEO-Product,4
9642,3226,2025-10-08 15:12:00,Startup,Referral,REF-Partner,1
9643,3226,2025-10-22 01:55:00,Startup,Organic Search,SEO-Content,2
9644,3226,2025-10-28 01:44:00,Startup,Paid Search,PS-Brand,3
9645,3226,2025-11-01 04:48:00,Startup,Paid Search,PS-Brand,4
9646,3227,2026-07-14 20:20:00,Startup,Paid Search,PS-Brand,1
9647,3227,2026-07-21 10:09:00,Startup,Paid Search,PS-NonBrand,2
9648,3227,2026-07-21 13:53:00,Startup,Email,EMAIL-Reactivation,3
9649,3228,2026-02-07 13:04:00,Startup,Paid Social,META-Retargeting,1
9650,3229,2026-04-25 13:17:00,Startup,Email,EMAIL-Reactivation,1
9651,3229,2026-05-02 11:36:00,Startup,Paid Social,META-Prospecting,2
9652,3229,2026-05-05 21:00:00,Startup,Paid Social,META-Prospecting,3
9653,3229,2026-05-08 15:32:00,Startup,Paid Social,META-Retargeting,4
9654,3229,2026-05-21 20:35:00,Startup,Paid Search,PS-Brand,5
9655,3230,2026-08-30 19:59:00,Startup,Email,EMAIL-Nurture,1
9656,3230,2026-09-03 01:19:00,Startup,Paid Social,META-Retargeting,2
9657,3230,2026-09-06 06:32:00,Startup,Referral,REF-Customer,3
9658,3230,2026-09-11 19:13:00,Startup,Organic Search,SEO-Content,4
9659,3230,2026-09-18 02:13:00,Startup,Paid Search,PS-Brand,5
9660,3231,2026-09-01 06:09:00,Startup,Organic Search,SEO-Product,1
9661,3231,2026-09-15 06:31:00,Startup,Paid Search,PS-NonBrand,2
9662,3232,2025-12-07 02:41:00,SMB,Paid Social,META-Prospecting,1
9663,3232,2025-12-13 18:11:00,SMB,Organic Search,SEO-Product,2
9664,3232,2025-12-27 12:52:00,SMB,Display,DISPLAY-Retargeting,3
9665,3233,2026-03-23 09:07:00,Freelancer,Paid Social,META-Prospecting,1
9666,3234,2026-01-18 16:28:00,SMB,Paid Social,META-Retargeting,1
9667,3234,2026-02-04 03:49:00,SMB,Paid Social,META-Retargeting,2
9668,3235,2026-05-22 16:03:00,SMB,Email,EMAIL-Reactivation,1
9669,3235,2026-06-04 18:24:00,SMB,Paid Search,PS-NonBrand,2
9670,3235,2026-06-08 09:48:00,SMB,Paid Social,META-Retargeting,3
9671,3235,2026-06-11 23:01:00,SMB,Email,EMAIL-Reactivation,4
9672,3236,2026-07-30 02:37:00,SMB,Paid Search,PS-Brand,1
9673,3236,2026-07-30 22:03:00,SMB,Paid Social,META-Retargeting,2
9674,3236,2026-08-02 11:09:00,SMB,Display,DISPLAY-Prospecting,3
9675,3236,2026-08-03 11:04:00,SMB,Organic Search,SEO-Content,4
9676,3237,2026-02-05 10:47:00,SMB,Paid Search,PS-Brand,1
9677,3238,2025-11-15 22:57:00,SMB,Paid Search,PS-NonBrand,1
9678,3238,2025-11-16 20:53:00,SMB,Paid Search,PS-Brand,2
9679,3238,2025-12-08 02:18:00,SMB,Paid Search,PS-NonBrand,3
9680,3238,2025-12-10 17:47:00,SMB,Referral,REF-Partner,4
9681,3239,2025-11-11 05:24:00,Freelancer,Paid Search,PS-NonBrand,1
9682,3239,2025-11-16 23:01:00,Freelancer,Organic Search,SEO-Content,2
9683,3240,2025-10-23 05:56:00,Startup,Referral,REF-Partner,1
9684,3240,2025-10-25 04:55:00,Startup,Paid Social,META-Prospecting,2
9685,3240,2025-10-31 15:59:00,Startup,Email,EMAIL-Nurture,3
9686,3240,2025-11-13 17:10:00,Startup,Paid Search,PS-Brand,4
9687,3241,2026-02-16 08:44:00,Freelancer,Referral,REF-Customer,1
9688,3241,2026-02-21 21:34:00,Freelancer,Paid Social,META-Retargeting,2
9689,3241,2026-02-22 14:05:00,Freelancer,Paid Search,PS-Brand,3
9690,3241,2026-03-08 06:43:00,Freelancer,Display,DISPLAY-Retargeting,4
9691,3242,2026-09-19 07:48:00,SMB,Paid Social,META-Retargeting,1
9692,3242,2026-09-22 12:40:00,SMB,Email,EMAIL-Reactivation,2
9693,3242,2026-09-25 14:38:00,SMB,Paid Search,PS-Brand,3
9694,3242,2026-10-05 18:55:00,SMB,Paid Search,PS-Brand,4
9695,3242,2026-10-10 00:12:00,SMB,Referral,REF-Customer,5
9696,3243,2026-01-01 09:00:00,Startup,Email,EMAIL-Reactivation,1
9697,3243,2026-01-03 09:01:00,Startup,Paid Search,PS-Brand,2
9698,3243,2026-01-06 09:54:00,Startup,Organic Search,SEO-Product,3
9699,3243,2026-01-14 15:37:00,Startup,Paid Social,META-Retargeting,4
9700,3243,2026-01-28 22:48:00,Startup,Paid Social,META-Retargeting,5
9701,3244,2026-02-25 20:46:00,SMB,Email,EMAIL-Reactivation,1
9702,3245,2026-06-22 14:49:00,SMB,Email,EMAIL-Nurture,1
9703,3245,2026-07-03 22:41:00,SMB,Email,EMAIL-Reactivation,2
9704,3246,2026-06-06 09:02:00,SMB,Organic Search,SEO-Product,1
9705,3246,2026-06-14 19:48:00,SMB,Paid Search,PS-NonBrand,2
9706,3246,2026-06-22 00:37:00,SMB,Referral,REF-Customer,3
9707,3246,2026-06-23 17:18:00,SMB,Referral,REF-Partner,4
9708,3247,2026-01-17 12:23:00,Startup,Organic Search,SEO-Content,1
9709,3247,2026-01-26 08:53:00,Startup,Display,DISPLAY-Retargeting,2
9710,3248,2025-11-21 20:36:00,Startup,Email,EMAIL-Nurture,1
9711,3248,2025-12-12 14:21:00,Startup,Organic Search,SEO-Content,2
9712,3249,2025-12-08 05:46:00,SMB,Email,EMAIL-Nurture,1
9713,3249,2025-12-15 21:05:00,SMB,Paid Search,PS-Brand,2
9714,3249,2025-12-18 09:46:00,SMB,Paid Social,META-Retargeting,3
9715,3249,2025-12-19 15:32:00,SMB,Email,EMAIL-Reactivation,4
9716,3250,2026-01-01 04:04:00,SMB,Referral,REF-Customer,1
9717,3250,2026-01-04 11:17:00,SMB,Organic Search,SEO-Content,2
9718,3250,2026-01-10 20:35:00,SMB,Display,DISPLAY-Prospecting,3
9719,3250,2026-01-14 16:29:00,SMB,Display,DISPLAY-Prospecting,4
9720,3251,2025-11-08 18:15:00,SMB,Email,EMAIL-Reactivation,1
9721,3251,2025-11-08 22:47:00,SMB,Organic Search,SEO-Content,2
9722,3251,2025-11-19 23:07:00,SMB,Email,EMAIL-Reactivation,3
9723,3251,2025-11-24 16:23:00,SMB,Paid Search,PS-Brand,4
9724,3251,2025-11-26 17:46:00,SMB,Display,DISPLAY-Retargeting,5
9725,3252,2026-03-18 08:04:00,SMB,Paid Search,PS-NonBrand,1
9726,3252,2026-03-28 12:21:00,SMB,Paid Social,META-Retargeting,2
9727,3252,2026-03-31 06:13:00,SMB,Organic Search,SEO-Product,3
9728,3252,2026-04-04 17:29:00,SMB,Paid Search,PS-NonBrand,4
9729,3252,2026-04-05 05:20:00,SMB,Paid Search,PS-NonBrand,5
9730,3253,2026-05-29 11:59:00,Startup,Paid Search,PS-NonBrand,1
9731,3253,2026-05-30 07:23:00,Startup,Paid Search,PS-NonBrand,2
9732,3253,2026-06-08 14:26:00,Startup,Paid Search,PS-Brand,3
9733,3253,2026-06-11 04:56:00,Startup,Referral,REF-Customer,4
9734,3253,2026-06-17 16:42:00,Startup,Paid Search,PS-Brand,5
9735,3254,2026-06-22 20:50:00,Startup,Email,EMAIL-Nurture,1
9736,3255,2026-09-01 04:31:00,Freelancer,Paid Social,META-Prospecting,1
9737,3255,2026-09-08 00:53:00,Freelancer,Paid Search,PS-NonBrand,2
9738,3255,2026-09-16 03:05:00,Freelancer,Organic Search,SEO-Content,3
9739,3255,2026-09-17 21:47:00,Freelancer,Paid Search,PS-Brand,4
9740,3255,2026-09-26 03:58:00,Freelancer,Paid Social,META-Retargeting,5
9741,3256,2026-01-22 09:37:00,Freelancer,Referral,REF-Customer,1
9742,3256,2026-02-07 16:58:00,Freelancer,Organic Search,SEO-Content,2
9743,3256,2026-02-13 22:33:00,Freelancer,Referral,REF-Customer,3
9744,3257,2026-06-18 05:44:00,SMB,Email,EMAIL-Reactivation,1
9745,3258,2026-08-23 16:13:00,Freelancer,Paid Social,META-Retargeting,1
9746,3258,2026-08-31 22:34:00,Freelancer,Email,EMAIL-Nurture,2
9747,3258,2026-09-16 13:46:00,Freelancer,Organic Search,SEO-Product,3
9748,3259,2025-10-15 03:28:00,Startup,Organic Search,SEO-Content,1
9749,3259,2025-10-18 19:41:00,Startup,Organic Search,SEO-Content,2
9750,3259,2025-10-19 01:41:00,Startup,Paid Social,META-Prospecting,3
9751,3259,2025-10-23 09:43:00,Startup,Organic Search,SEO-Content,4
9752,3260,2026-07-20 09:13:00,SMB,Referral,REF-Partner,1
9753,3260,2026-07-23 00:25:00,SMB,Paid Social,META-Retargeting,2
9754,3260,2026-07-28 16:51:00,SMB,Organic Search,SEO-Content,3
9755,3260,2026-08-11 00:23:00,SMB,Referral,REF-Partner,4
9756,3261,2025-11-10 02:52:00,Freelancer,Organic Search,SEO-Product,1
9757,3261,2025-11-10 07:15:00,Freelancer,Display,DISPLAY-Prospecting,2
9758,3261,2025-11-17 14:34:00,Freelancer,Paid Social,META-Retargeting,3
9759,3261,2025-11-22 09:40:00,Freelancer,Organic Search,SEO-Content,4
9760,3261,2025-12-01 23:16:00,Freelancer,Email,EMAIL-Reactivation,5
9761,3262,2026-05-01 11:48:00,Startup,Paid Search,PS-Brand,1
9762,3262,2026-05-05 20:33:00,Startup,Paid Search,PS-NonBrand,2
9763,3262,2026-05-10 12:22:00,Startup,Paid Search,PS-Brand,3
9764,3262,2026-05-16 03:44:00,Startup,Paid Social,META-Prospecting,4
9765,3263,2026-07-31 13:50:00,Startup,Paid Search,PS-Brand,1
9766,3263,2026-08-14 08:44:00,Startup,Email,EMAIL-Reactivation,2
9767,3264,2026-03-26 18:42:00,Startup,Paid Search,PS-NonBrand,1
9768,3264,2026-03-31 10:07:00,Startup,Referral,REF-Partner,2
9769,3264,2026-04-02 23:21:00,Startup,Referral,REF-Customer,3
9770,3265,2026-04-23 19:19:00,Freelancer,Paid Social,META-Prospecting,1
9771,3265,2026-04-30 14:22:00,Freelancer,Paid Search,PS-NonBrand,2
9772,3265,2026-05-05 11:26:00,Freelancer,Paid Social,META-Retargeting,3
9773,3265,2026-05-15 22:08:00,Freelancer,Organic Search,SEO-Product,4
9774,3265,2026-05-20 08:58:00,Freelancer,Paid Social,META-Prospecting,5
9775,3266,2026-05-16 01:48:00,Startup,Display,DISPLAY-Retargeting,1
9776,3266,2026-05-16 12:16:00,Startup,Referral,REF-Partner,2
9777,3266,2026-05-17 18:22:00,Startup,Organic Search,SEO-Content,3
9778,3266,2026-05-27 13:53:00,Startup,Paid Social,META-Prospecting,4
9779,3266,2026-06-02 16:48:00,Startup,Display,DISPLAY-Prospecting,5
9780,3267,2026-05-08 00:44:00,Freelancer,Organic Search,SEO-Product,1
9781,3267,2026-05-23 22:31:00,Freelancer,Organic Search,SEO-Product,2
9782,3268,2026-06-25 04:15:00,SMB,Paid Social,META-Retargeting,1
9783,3268,2026-06-26 20:10:00,SMB,Display,DISPLAY-Retargeting,2
9784,3268,2026-07-17 17:05:00,SMB,Organic Search,SEO-Content,3
9785,3268,2026-07-19 23:55:00,SMB,Referral,REF-Partner,4
9786,3269,2026-08-11 09:17:00,Freelancer,Display,DISPLAY-Prospecting,1
9787,3269,2026-08-15 12:09:00,Freelancer,Paid Social,META-Prospecting,2
9788,3269,2026-08-21 04:44:00,Freelancer,Paid Search,PS-NonBrand,3
9789,3269,2026-08-24 20:12:00,Freelancer,Paid Social,META-Retargeting,4
9790,3269,2026-08-30 22:00:00,Freelancer,Paid Search,PS-Brand,5
9791,3270,2025-11-23 15:19:00,Startup,Paid Social,META-Retargeting,1
9792,3270,2025-11-23 20:20:00,Startup,Paid Social,META-Retargeting,2
9793,3270,2025-11-28 08:42:00,Startup,Paid Social,META-Retargeting,3
9794,3270,2025-12-06 08:47:00,Startup,Paid Search,PS-NonBrand,4
9795,3270,2025-12-09 17:28:00,Startup,Paid Search,PS-Brand,5
9796,3271,2026-03-04 08:01:00,Startup,Email,EMAIL-Nurture,1
9797,3271,2026-03-10 06:57:00,Startup,Organic Search,SEO-Product,2
9798,3271,2026-03-15 22:22:00,Startup,Display,DISPLAY-Prospecting,3
9799,3271,2026-03-29 04:43:00,Startup,Display,DISPLAY-Prospecting,4
9800,3272,2026-09-03 21:24:00,Freelancer,Organic Search,SEO-Content,1
9801,3273,2026-02-17 15:19:00,SMB,Paid Search,PS-NonBrand,1
9802,3273,2026-02-20 06:17:00,SMB,Paid Search,PS-NonBrand,2
9803,3273,2026-02-26 03:56:00,SMB,Paid Social,META-Prospecting,3
9804,3273,2026-03-06 11:20:00,SMB,Paid Search,PS-Brand,4
9805,3274,2026-03-31 18:06:00,SMB,Paid Search,PS-NonBrand,1
9806,3274,2026-04-03 01:21:00,SMB,Paid Social,META-Retargeting,2
9807,3274,2026-04-04 22:18:00,SMB,Paid Search,PS-NonBrand,3
9808,3274,2026-04-12 17:03:00,SMB,Paid Search,PS-NonBrand,4
9809,3274,2026-04-22 18:21:00,SMB,Display,DISPLAY-Prospecting,5
9810,3275,2026-07-27 22:27:00,Freelancer,Display,DISPLAY-Retargeting,1
9811,3276,2026-09-26 11:31:00,Freelancer,Paid Social,META-Prospecting,1
9812,3276,2026-09-30 18:39:00,Freelancer,Display,DISPLAY-Retargeting,2
9813,3276,2026-10-01 09:07:00,Freelancer,Organic Search,SEO-Product,3
9814,3276,2026-10-04 00:37:00,Freelancer,Paid Search,PS-Brand,4
9815,3276,2026-10-06 02:26:00,Freelancer,Organic Search,SEO-Content,5
9816,3277,2026-01-01 10:18:00,Startup,Referral,REF-Customer,1
9817,3277,2026-01-06 10:02:00,Startup,Email,EMAIL-Nurture,2
9818,3277,2026-01-10 12:52:00,Startup,Referral,REF-Partner,3
9819,3277,2026-01-16 12:01:00,Startup,Paid Search,PS-NonBrand,4
9820,3278,2026-10-04 06:50:00,Startup,Paid Search,PS-NonBrand,1
9821,3278,2026-10-09 08:59:00,Startup,Paid Social,META-Retargeting,2
9822,3279,2026-06-23 04:19:00,SMB,Organic Search,SEO-Product,1
9823,3279,2026-06-28 01:06:00,SMB,Paid Search,PS-NonBrand,2
9824,3279,2026-06-28 12:24:00,SMB,Organic Search,SEO-Content,3
9825,3279,2026-07-12 19:26:00,SMB,Paid Search,PS-Brand,4
9826,3280,2025-10-21 06:30:00,Startup,Paid Search,PS-NonBrand,1
9827,3280,2025-10-23 18:59:00,Startup,Display,DISPLAY-Retargeting,2
9828,3280,2025-10-30 01:41:00,Startup,Paid Social,META-Prospecting,3
9829,3281,2026-08-13 19:26:00,SMB,Paid Search,PS-Brand,1
9830,3281,2026-09-06 00:35:00,SMB,Organic Search,SEO-Content,2
9831,3281,2026-09-09 12:20:00,SMB,Paid Social,META-Retargeting,3
9832,3282,2026-03-11 10:24:00,Freelancer,Paid Social,META-Retargeting,1
9833,3283,2026-02-01 17:56:00,Startup,Paid Social,META-Prospecting,1
9834,3284,2026-04-13 09:10:00,SMB,Organic Search,SEO-Content,1
9835,3284,2026-04-29 16:24:00,SMB,Referral,REF-Customer,2
9836,3285,2026-05-08 05:07:00,Startup,Referral,REF-Customer,1
9837,3285,2026-05-18 01:58:00,Startup,Email,EMAIL-Reactivation,2
9838,3286,2026-04-20 19:28:00,Freelancer,Organic Search,SEO-Product,1
9839,3286,2026-04-21 16:24:00,Freelancer,Organic Search,SEO-Content,2
9840,3286,2026-04-24 06:56:00,Freelancer,Paid Search,PS-Brand,3
9841,3286,2026-05-10 13:31:00,Freelancer,Organic Search,SEO-Content,4
9842,3286,2026-05-11 02:47:00,Freelancer,Paid Social,META-Retargeting,5
9843,3287,2025-10-30 22:04:00,Startup,Referral,REF-Partner,1
9844,3287,2025-11-01 11:39:00,Startup,Email,EMAIL-Reactivation,2
9845,3287,2025-11-01 16:17:00,Startup,Paid Search,PS-Brand,3
9846,3287,2025-11-06 22:48:00,Startup,Paid Search,PS-NonBrand,4
9847,3288,2026-08-13 09:05:00,SMB,Organic Search,SEO-Product,1
9848,3289,2026-02-10 01:51:00,Startup,Referral,REF-Partner,1
9849,3289,2026-02-20 09:36:00,Startup,Organic Search,SEO-Content,2
9850,3289,2026-02-27 21:55:00,Startup,Paid Social,META-Retargeting,3
9851,3290,2025-12-02 06:39:00,SMB,Organic Search,SEO-Content,1
9852,3291,2026-04-29 17:40:00,SMB,Referral,REF-Partner,1
9853,3291,2026-05-10 22:37:00,SMB,Email,EMAIL-Reactivation,2
9854,3291,2026-05-24 15:31:00,SMB,Paid Search,PS-NonBrand,3
9855,3292,2026-06-02 16:02:00,Startup,Paid Social,META-Retargeting,1
9856,3293,2025-11-13 12:49:00,SMB,Organic Search,SEO-Product,1
9857,3294,2026-09-23 02:55:00,Startup,Paid Search,PS-NonBrand,1
9858,3294,2026-10-05 00:57:00,Startup,Referral,REF-Customer,2
9859,3295,2026-05-31 14:36:00,SMB,Display,DISPLAY-Prospecting,1
9860,3296,2026-09-30 00:33:00,SMB,Paid Social,META-Retargeting,1
9861,3296,2026-10-04 03:57:00,SMB,Email,EMAIL-Nurture,2
9862,3296,2026-10-27 23:52:00,SMB,Paid Search,PS-NonBrand,3
9863,3297,2026-06-08 03:00:00,Startup,Referral,REF-Customer,1
9864,3297,2026-06-22 01:47:00,Startup,Paid Search,PS-NonBrand,2
9865,3297,2026-06-29 13:13:00,Startup,Organic Search,SEO-Content,3
9866,3298,2025-10-06 12:53:00,Startup,Paid Social,META-Retargeting,1
9867,3298,2025-10-12 19:17:00,Startup,Organic Search,SEO-Product,2
9868,3298,2025-10-25 16:33:00,Startup,Paid Search,PS-NonBrand,3
9869,3298,2025-10-29 10:24:00,Startup,Organic Search,SEO-Content,4
9870,3298,2025-10-30 08:35:00,Startup,Referral,REF-Customer,5
9871,3299,2025-12-30 22:17:00,SMB,Organic Search,SEO-Product,1
9872,3299,2026-01-05 00:49:00,SMB,Display,DISPLAY-Retargeting,2
9873,3300,2026-10-09 09:45:00,SMB,Paid Social,META-Retargeting,1
9874,3301,2026-05-09 02:02:00,Startup,Paid Social,META-Retargeting,1
9875,3301,2026-05-09 19:49:00,Startup,Email,EMAIL-Reactivation,2
9876,3301,2026-05-11 11:40:00,Startup,Organic Search,SEO-Content,3
9877,3301,2026-05-17 04:22:00,Startup,Email,EMAIL-Reactivation,4
9878,3301,2026-05-17 13:06:00,Startup,Paid Search,PS-Brand,5
9879,3302,2025-11-30 02:33:00,Freelancer,Referral,REF-Partner,1
9880,3302,2025-11-30 04:27:00,Freelancer,Email,EMAIL-Nurture,2
9881,3302,2025-12-01 12:41:00,Freelancer,Paid Social,META-Prospecting,3
9882,3302,2025-12-02 09:23:00,Freelancer,Display,DISPLAY-Retargeting,4
9883,3302,2025-12-05 04:13:00,Freelancer,Paid Social,META-Prospecting,5
9884,3303,2025-10-30 03:26:00,SMB,Paid Search,PS-NonBrand,1
9885,3303,2025-11-02 04:47:00,SMB,Organic Search,SEO-Content,2
9886,3303,2025-11-04 13:11:00,SMB,Display,DISPLAY-Retargeting,3
9887,3303,2025-11-15 06:43:00,SMB,Paid Social,META-Retargeting,4
9888,3304,2026-04-15 00:03:00,SMB,Referral,REF-Customer,1
9889,3304,2026-04-18 03:44:00,SMB,Organic Search,SEO-Content,2
9890,3304,2026-05-01 06:52:00,SMB,Paid Social,META-Retargeting,3
9891,3304,2026-05-04 04:14:00,SMB,Organic Search,SEO-Product,4
9892,3304,2026-05-07 00:24:00,SMB,Paid Search,PS-NonBrand,5
9893,3305,2026-05-11 11:06:00,Freelancer,Referral,REF-Customer,1
9894,3305,2026-05-11 23:39:00,Freelancer,Paid Search,PS-NonBrand,2
9895,3305,2026-06-03 13:33:00,Freelancer,Organic Search,SEO-Product,3
9896,3306,2026-01-11 02:34:00,SMB,Referral,REF-Customer,1
9897,3306,2026-01-17 02:55:00,SMB,Paid Social,META-Retargeting,2
9898,3307,2025-12-26 01:49:00,Freelancer,Email,EMAIL-Reactivation,1
9899,3307,2025-12-27 20:56:00,Freelancer,Paid Social,META-Retargeting,2
9900,3307,2026-01-01 11:22:00,Freelancer,Paid Search,PS-Brand,3
9901,3307,2026-01-07 12:19:00,Freelancer,Paid Social,META-Retargeting,4
9902,3307,2026-01-08 18:39:00,Freelancer,Display,DISPLAY-Prospecting,5
9903,3308,2026-05-18 07:29:00,Freelancer,Email,EMAIL-Reactivation,1
9904,3308,2026-05-19 02:50:00,Freelancer,Email,EMAIL-Nurture,2
9905,3308,2026-05-20 06:57:00,Freelancer,Paid Search,PS-NonBrand,3
9906,3309,2026-03-15 09:27:00,SMB,Organic Search,SEO-Content,1
9907,3309,2026-03-19 02:16:00,SMB,Email,EMAIL-Nurture,2
9908,3310,2025-10-22 02:12:00,SMB,Display,DISPLAY-Retargeting,1
9909,3310,2025-10-26 05:11:00,SMB,Referral,REF-Customer,2
9910,3310,2025-10-28 10:19:00,SMB,Organic Search,SEO-Content,3
9911,3311,2025-10-22 07:22:00,Freelancer,Organic Search,SEO-Content,1
9912,3311,2025-11-07 16:19:00,Freelancer,Paid Social,META-Prospecting,2
9913,3312,2026-01-04 09:11:00,SMB,Paid Search,PS-NonBrand,1
9914,3313,2026-04-24 10:58:00,Startup,Paid Search,PS-Brand,1
9915,3313,2026-04-24 13:29:00,Startup,Organic Search,SEO-Product,2
9916,3313,2026-04-30 14:53:00,Startup,Paid Social,META-Retargeting,3
9917,3313,2026-05-12 18:15:00,Startup,Organic Search,SEO-Product,4
9918,3313,2026-05-16 03:00:00,Startup,Email,EMAIL-Reactivation,5
9919,3314,2026-01-27 05:45:00,SMB,Email,EMAIL-Reactivation,1
9920,3314,2026-01-28 17:55:00,SMB,Paid Social,META-Retargeting,2
9921,3314,2026-02-16 02:08:00,SMB,Paid Search,PS-Brand,3
9922,3315,2025-10-10 07:12:00,Startup,Paid Search,PS-Brand,1
9923,3315,2025-10-15 16:19:00,Startup,Paid Search,PS-Brand,2
9924,3315,2025-10-24 01:26:00,Startup,Paid Search,PS-Brand,3
9925,3315,2025-10-29 20:47:00,Startup,Display,DISPLAY-Retargeting,4
9926,3315,2025-10-30 14:00:00,Startup,Paid Search,PS-Brand,5
9927,3316,2026-09-11 19:56:00,Freelancer,Referral,REF-Customer,1
9928,3316,2026-09-26 19:24:00,Freelancer,Organic Search,SEO-Product,2
9929,3316,2026-09-27 04:02:00,Freelancer,Referral,REF-Customer,3
9930,3317,2026-06-11 08:31:00,Startup,Organic Search,SEO-Product,1
9931,3317,2026-06-22 05:30:00,Startup,Email,EMAIL-Nurture,2
9932,3317,2026-06-28 20:10:00,Startup,Paid Social,META-Prospecting,3
9933,3318,2026-05-27 16:15:00,SMB,Organic Search,SEO-Content,1
9934,3319,2026-01-11 01:24:00,Startup,Display,DISPLAY-Prospecting,1
9935,3319,2026-01-15 18:44:00,Startup,Paid Search,PS-Brand,2
9936,3319,2026-01-16 17:36:00,Startup,Paid Social,META-Retargeting,3
9937,3320,2026-06-23 12:08:00,Startup,Referral,REF-Partner,1
9938,3320,2026-07-06 11:10:00,Startup,Email,EMAIL-Reactivation,2
9939,3321,2026-09-15 13:06:00,SMB,Paid Search,PS-NonBrand,1
9940,3321,2026-09-22 01:40:00,SMB,Paid Search,PS-NonBrand,2
9941,3321,2026-09-25 13:38:00,SMB,Organic Search,SEO-Content,3
9942,3321,2026-09-25 20:08:00,SMB,Paid Search,PS-NonBrand,4
9943,3321,2026-10-04 15:38:00,SMB,Paid Social,META-Retargeting,5
9944,3322,2026-06-14 03:25:00,Startup,Paid Search,PS-Brand,1
9945,3322,2026-06-14 04:21:00,Startup,Paid Search,PS-NonBrand,2
9946,3322,2026-06-17 05:26:00,Startup,Paid Search,PS-Brand,3
9947,3322,2026-06-25 13:58:00,Startup,Paid Search,PS-NonBrand,4
9948,3323,2026-01-19 12:52:00,Startup,Paid Search,PS-Brand,1
9949,3323,2026-01-23 01:12:00,Startup,Paid Social,META-Retargeting,2
9950,3323,2026-02-06 11:40:00,Startup,Organic Search,SEO-Product,3
9951,3323,2026-02-07 13:05:00,Startup,Referral,REF-Partner,4
9952,3323,2026-02-09 00:46:00,Startup,Paid Search,PS-Brand,5
9953,3324,2026-02-21 04:55:00,SMB,Email,EMAIL-Reactivation,1
9954,3324,2026-03-10 13:12:00,SMB,Paid Search,PS-NonBrand,2
9955,3325,2026-09-15 09:17:00,Freelancer,Referral,REF-Partner,1
9956,3325,2026-09-15 13:14:00,Freelancer,Referral,REF-Partner,2
9957,3325,2026-09-27 15:06:00,Freelancer,Paid Social,META-Retargeting,3
9958,3326,2025-10-25 01:14:00,SMB,Paid Social,META-Prospecting,1
9959,3327,2025-12-22 00:04:00,SMB,Referral,REF-Customer,1
9960,3327,2025-12-28 00:41:00,SMB,Referral,REF-Customer,2
9961,3327,2026-01-09 21:14:00,SMB,Paid Social,META-Retargeting,3
9962,3327,2026-01-13 06:17:00,SMB,Organic Search,SEO-Product,4
9963,3327,2026-01-18 01:36:00,SMB,Paid Search,PS-Brand,5
9964,3328,2025-11-19 11:36:00,SMB,Email,EMAIL-Reactivation,1
9965,3329,2026-05-27 22:33:00,SMB,Organic Search,SEO-Content,1
9966,3330,2026-04-01 07:46:00,SMB,Organic Search,SEO-Product,1
9967,3330,2026-04-06 09:15:00,SMB,Referral,REF-Customer,2
9968,3330,2026-04-11 00:17:00,SMB,Paid Search,PS-NonBrand,3
9969,3330,2026-04-12 01:59:00,SMB,Referral,REF-Partner,4
9970,3330,2026-04-15 07:00:00,SMB,Referral,REF-Partner,5
9971,3331,2025-11-19 11:10:00,SMB,Email,EMAIL-Reactivation,1
9972,3331,2025-12-03 01:39:00,SMB,Organic Search,SEO-Product,2
9973,3331,2025-12-10 07:58:00,SMB,Paid Search,PS-NonBrand,3
9974,3331,2025-12-15 18:22:00,SMB,Paid Social,META-Retargeting,4
9975,3331,2025-12-16 11:36:00,SMB,Paid Search,PS-Brand,5
9976,3332,2026-10-07 16:10:00,Startup,Paid Search,PS-NonBrand,1
9977,3333,2026-04-21 16:52:00,Startup,Paid Search,PS-Brand,1
9978,3333,2026-04-24 17:01:00,Startup,Organic Search,SEO-Content,2
9979,3333,2026-04-26 03:48:00,Startup,Display,DISPLAY-Retargeting,3
9980,3333,2026-05-04 14:13:00,Startup,Paid Search,PS-NonBrand,4
9981,3333,2026-05-11 08:12:00,Startup,Paid Social,META-Retargeting,5
9982,3334,2026-01-02 21:50:00,SMB,Display,DISPLAY-Prospecting,1
9983,3334,2026-01-22 09:08:00,SMB,Paid Search,PS-Brand,2
9984,3334,2026-01-25 04:07:00,SMB,Paid Social,META-Retargeting,3
9985,3335,2026-09-15 10:44:00,Startup,Email,EMAIL-Reactivation,1
9986,3335,2026-09-27 03:01:00,Startup,Display,DISPLAY-Prospecting,2
9987,3335,2026-10-05 02:51:00,Startup,Referral,REF-Customer,3
9988,3335,2026-10-10 08:57:00,Startup,Organic Search,SEO-Product,4
9989,3335,2026-10-10 20:38:00,Startup,Paid Search,PS-NonBrand,5
9990,3336,2026-06-27 15:11:00,Startup,Paid Social,META-Prospecting,1
9991,3336,2026-06-30 15:09:00,Startup,Display,DISPLAY-Retargeting,2
9992,3336,2026-07-01 12:25:00,Startup,Paid Search,PS-NonBrand,3
9993,3336,2026-07-04 13:21:00,Startup,Referral,REF-Partner,4
9994,3336,2026-07-11 17:32:00,Startup,Email,EMAIL-Reactivation,5
9995,3337,2025-11-23 16:40:00,Startup,Paid Social,META-Prospecting,1
9996,3338,2026-08-07 06:34:00,Freelancer,Paid Social,META-Prospecting,1
9997,3338,2026-08-09 14:02:00,Freelancer,Paid Social,META-Prospecting,2
9998,3338,2026-08-19 11:30:00,Freelancer,Paid Search,PS-NonBrand,3
9999,3339,2025-10-31 02:35:00,SMB,Display,DISPLAY-Retargeting,1
10000,3340,2026-09-07 06:44:00,SMB,Paid Search,PS-Brand,1
10001,3340,2026-09-11 12:50:00,SMB,Paid Search,PS-NonBrand,2
10002,3340,2026-09-24 23:06:00,SMB,Organic Search,SEO-Product,3
10003,3341,2026-02-26 04:44:00,SMB,Paid Search,PS-NonBrand,1
10004,3341,2026-02-26 21:58:00,SMB,Organic Search,SEO-Product,2
10005,3341,2026-03-07 03:09:00,SMB,Paid Search,PS-Brand,3
10006,3341,2026-03-07 20:00:00,SMB,Paid Search,PS-NonBrand,4
10007,3342,2026-01-23 22:14:00,SMB,Paid Search,PS-NonBrand,1
10008,3342,2026-02-07 02:17:00,SMB,Email,EMAIL-Reactivation,2
10009,3343,2025-10-23 07:41:00,Startup,Paid Search,PS-Brand,1
10010,3343,2025-11-14 19:21:00,Startup,Display,DISPLAY-Retargeting,2
10011,3343,2025-11-17 02:16:00,Startup,Referral,REF-Customer,3
10012,3344,2026-09-18 09:53:00,SMB,Email,EMAIL-Reactivation,1
10013,3344,2026-09-28 10:53:00,SMB,Paid Search,PS-Brand,2
10014,3344,2026-10-04 05:27:00,SMB,Paid Search,PS-Brand,3
10015,3345,2026-04-23 09:27:00,Startup,Organic Search,SEO-Product,1
10016,3345,2026-05-01 07:25:00,Startup,Paid Social,META-Retargeting,2
10017,3345,2026-05-02 02:41:00,Startup,Paid Social,META-Prospecting,3
10018,3345,2026-05-13 23:46:00,Startup,Organic Search,SEO-Product,4
10019,3345,2026-05-19 12:28:00,Startup,Organic Search,SEO-Content,5
10020,3346,2026-05-16 00:25:00,Freelancer,Organic Search,SEO-Product,1
10021,3346,2026-05-22 12:21:00,Freelancer,Organic Search,SEO-Product,2
10022,3346,2026-05-27 07:16:00,Freelancer,Email,EMAIL-Reactivation,3
10023,3346,2026-05-31 07:46:00,Freelancer,Referral,REF-Customer,4
10024,3347,2026-08-08 03:10:00,Startup,Paid Search,PS-Brand,1
10025,3347,2026-08-09 17:31:00,Startup,Paid Social,META-Prospecting,2
10026,3347,2026-08-21 10:21:00,Startup,Paid Social,META-Retargeting,3
10027,3348,2026-04-13 07:13:00,Startup,Paid Search,PS-NonBrand,1
10028,3349,2026-01-17 06:24:00,Startup,Organic Search,SEO-Product,1
10029,3349,2026-01-31 11:23:00,Startup,Referral,REF-Customer,2
10030,3349,2026-02-11 16:14:00,Startup,Paid Social,META-Retargeting,3
10031,3350,2026-07-14 12:01:00,Startup,Paid Social,META-Retargeting,1
10032,3350,2026-07-23 06:26:00,Startup,Organic Search,SEO-Product,2
10033,3350,2026-08-02 17:25:00,Startup,Paid Social,META-Retargeting,3
10034,3351,2026-04-22 05:44:00,Startup,Paid Social,META-Prospecting,1
10035,3351,2026-04-24 03:24:00,Startup,Paid Social,META-Retargeting,2
10036,3351,2026-04-29 14:21:00,Startup,Organic Search,SEO-Content,3
10037,3351,2026-05-10 07:45:00,Startup,Paid Search,PS-NonBrand,4
10038,3352,2026-01-09 23:25:00,SMB,Paid Search,PS-Brand,1
10039,3352,2026-01-11 02:21:00,SMB,Email,EMAIL-Reactivation,2
10040,3352,2026-01-12 04:08:00,SMB,Display,DISPLAY-Retargeting,3
10041,3352,2026-01-23 02:04:00,SMB,Paid Social,META-Retargeting,4
10042,3353,2026-08-20 03:56:00,SMB,Display,DISPLAY-Retargeting,1
10043,3353,2026-09-01 18:29:00,SMB,Referral,REF-Customer,2
10044,3354,2026-07-27 00:59:00,SMB,Paid Search,PS-Brand,1
10045,3354,2026-08-03 16:18:00,SMB,Display,DISPLAY-Prospecting,2
10046,3354,2026-08-19 15:15:00,SMB,Paid Search,PS-Brand,3
10047,3355,2026-01-09 19:11:00,Startup,Paid Search,PS-Brand,1
10048,3356,2026-05-27 11:50:00,SMB,Paid Social,META-Retargeting,1
10049,3356,2026-06-07 23:13:00,SMB,Paid Search,PS-Brand,2
10050,3356,2026-06-20 19:32:00,SMB,Paid Social,META-Prospecting,3
10051,3356,2026-06-22 10:55:00,SMB,Paid Search,PS-Brand,4
10052,3357,2026-09-06 02:31:00,SMB,Paid Search,PS-NonBrand,1
10053,3357,2026-09-13 19:07:00,SMB,Organic Search,SEO-Product,2
10054,3357,2026-09-17 03:23:00,SMB,Paid Search,PS-Brand,3
10055,3357,2026-09-19 23:55:00,SMB,Organic Search,SEO-Product,4
10056,3358,2026-08-05 22:01:00,SMB,Paid Social,META-Prospecting,1
10057,3358,2026-08-09 06:41:00,SMB,Organic Search,SEO-Product,2
10058,3359,2025-12-12 21:37:00,Startup,Paid Search,PS-Brand,1
10059,3359,2025-12-23 22:08:00,Startup,Display,DISPLAY-Retargeting,2
10060,3359,2026-01-07 20:51:00,Startup,Referral,REF-Partner,3
10061,3359,2026-01-09 11:01:00,Startup,Referral,REF-Customer,4
10062,3360,2026-08-14 06:03:00,SMB,Email,EMAIL-Reactivation,1
10063,3360,2026-08-15 13:20:00,SMB,Display,DISPLAY-Prospecting,2
10064,3360,2026-08-16 23:34:00,SMB,Paid Search,PS-Brand,3
10065,3360,2026-08-23 04:33:00,SMB,Referral,REF-Customer,4
10066,3360,2026-08-28 16:05:00,SMB,Referral,REF-Customer,5
10067,3361,2025-10-26 21:03:00,SMB,Paid Search,PS-Brand,1
10068,3361,2025-11-03 23:25:00,SMB,Organic Search,SEO-Content,2
10069,3361,2025-11-06 08:39:00,SMB,Organic Search,SEO-Product,3
10070,3362,2026-05-15 05:17:00,SMB,Paid Search,PS-Brand,1
10071,3363,2026-04-05 07:42:00,SMB,Display,DISPLAY-Prospecting,1
10072,3363,2026-04-18 05:24:00,SMB,Paid Social,META-Prospecting,2
10073,3363,2026-04-21 07:15:00,SMB,Paid Social,META-Prospecting,3
10074,3364,2025-10-22 01:33:00,Startup,Paid Search,PS-NonBrand,1
10075,3364,2025-10-23 13:03:00,Startup,Paid Social,META-Retargeting,2
10076,3364,2025-11-10 13:27:00,Startup,Paid Search,PS-Brand,3
10077,3364,2025-11-12 17:36:00,Startup,Display,DISPLAY-Prospecting,4
10078,3365,2026-06-23 03:27:00,SMB,Paid Search,PS-Brand,1
10079,3365,2026-06-26 19:01:00,SMB,Email,EMAIL-Nurture,2
10080,3365,2026-07-17 08:52:00,SMB,Referral,REF-Customer,3
10081,3366,2026-01-18 10:30:00,SMB,Email,EMAIL-Reactivation,1
10082,3366,2026-01-20 02:18:00,SMB,Organic Search,SEO-Content,2
10083,3366,2026-01-22 06:33:00,SMB,Display,DISPLAY-Prospecting,3
10084,3366,2026-01-30 08:51:00,SMB,Referral,REF-Customer,4
10085,3366,2026-02-05 20:06:00,SMB,Display,DISPLAY-Retargeting,5
10086,3367,2026-08-09 16:33:00,Freelancer,Email,EMAIL-Nurture,1
10087,3367,2026-08-19 21:44:00,Freelancer,Paid Social,META-Prospecting,2
10088,3367,2026-09-06 07:34:00,Freelancer,Paid Search,PS-NonBrand,3
10089,3368,2026-08-21 11:25:00,SMB,Paid Search,PS-Brand,1
10090,3368,2026-08-27 21:26:00,SMB,Paid Search,PS-Brand,2
10091,3368,2026-09-01 09:46:00,SMB,Organic Search,SEO-Content,3
10092,3368,2026-09-05 22:47:00,SMB,Paid Search,PS-Brand,4
10093,3368,2026-09-14 08:38:00,SMB,Paid Social,META-Retargeting,5
10094,3369,2026-05-14 16:30:00,Startup,Paid Social,META-Prospecting,1
10095,3370,2026-05-30 05:50:00,Startup,Email,EMAIL-Nurture,1
10096,3370,2026-06-13 19:34:00,Startup,Paid Search,PS-NonBrand,2
10097,3371,2025-10-25 20:14:00,SMB,Email,EMAIL-Reactivation,1
10098,3371,2025-10-29 23:41:00,SMB,Referral,REF-Customer,2
10099,3371,2025-10-31 01:34:00,SMB,Organic Search,SEO-Content,3
10100,3371,2025-11-05 11:04:00,SMB,Email,EMAIL-Nurture,4
10101,3371,2025-11-15 19:51:00,SMB,Email,EMAIL-Reactivation,5
10102,3372,2026-08-26 12:41:00,SMB,Email,EMAIL-Nurture,1
10103,3372,2026-08-30 19:58:00,SMB,Referral,REF-Partner,2
10104,3372,2026-09-10 04:23:00,SMB,Paid Search,PS-NonBrand,3
10105,3373,2026-06-16 19:03:00,SMB,Organic Search,SEO-Product,1
10106,3373,2026-06-24 21:01:00,SMB,Paid Search,PS-NonBrand,2
10107,3373,2026-06-28 03:40:00,SMB,Email,EMAIL-Nurture,3
10108,3374,2026-02-18 17:15:00,SMB,Paid Social,META-Prospecting,1
10109,3374,2026-02-27 22:41:00,SMB,Email,EMAIL-Reactivation,2
10110,3375,2025-11-05 23:10:00,SMB,Paid Search,PS-NonBrand,1
10111,3376,2026-04-07 21:04:00,Startup,Paid Search,PS-Brand,1
10112,3376,2026-04-10 08:46:00,Startup,Paid Social,META-Retargeting,2
10113,3376,2026-04-12 09:49:00,Startup,Organic Search,SEO-Product,3
10114,3376,2026-04-25 10:31:00,Startup,Paid Search,PS-NonBrand,4
10115,3377,2026-09-14 03:59:00,SMB,Paid Search,PS-NonBrand,1
10116,3377,2026-09-21 01:24:00,SMB,Paid Social,META-Retargeting,2
10117,3378,2026-08-13 11:35:00,SMB,Referral,REF-Customer,1
10118,3378,2026-08-14 21:56:00,SMB,Email,EMAIL-Nurture,2
10119,3378,2026-08-17 20:20:00,SMB,Display,DISPLAY-Prospecting,3
10120,3379,2025-11-13 14:32:00,Startup,Organic Search,SEO-Product,1
10121,3379,2025-11-20 00:59:00,Startup,Paid Social,META-Retargeting,2
10122,3379,2025-12-03 18:51:00,Startup,Display,DISPLAY-Retargeting,3
10123,3380,2026-07-15 13:32:00,SMB,Paid Search,PS-NonBrand,1
10124,3380,2026-07-19 04:05:00,SMB,Paid Social,META-Retargeting,2
10125,3381,2025-11-08 23:59:00,Startup,Organic Search,SEO-Content,1
10126,3381,2025-11-23 17:55:00,Startup,Display,DISPLAY-Retargeting,2
10127,3382,2026-02-16 07:19:00,SMB,Paid Search,PS-NonBrand,1
10128,3382,2026-02-16 15:21:00,SMB,Paid Social,META-Retargeting,2
10129,3382,2026-02-17 22:56:00,SMB,Paid Social,META-Retargeting,3
10130,3382,2026-02-19 02:23:00,SMB,Paid Social,META-Retargeting,4
10131,3382,2026-02-27 08:21:00,SMB,Display,DISPLAY-Prospecting,5
10132,3383,2026-03-17 03:44:00,Startup,Referral,REF-Partner,1
10133,3383,2026-03-20 09:27:00,Startup,Display,DISPLAY-Retargeting,2
10134,3383,2026-03-29 09:47:00,Startup,Paid Social,META-Prospecting,3
10135,3383,2026-03-30 12:37:00,Startup,Referral,REF-Customer,4
10136,3383,2026-03-31 17:59:00,Startup,Paid Search,PS-Brand,5
10137,3384,2025-10-10 07:37:00,Freelancer,Display,DISPLAY-Prospecting,1
10138,3384,2025-10-12 15:47:00,Freelancer,Referral,REF-Customer,2
10139,3384,2025-10-27 15:45:00,Freelancer,Referral,REF-Customer,3
10140,3384,2025-10-29 00:21:00,Freelancer,Paid Social,META-Retargeting,4
10141,3385,2025-11-27 12:29:00,Startup,Paid Social,META-Prospecting,1
10142,3385,2025-11-28 00:34:00,Startup,Paid Search,PS-NonBrand,2
10143,3385,2025-12-07 17:36:00,Startup,Organic Search,SEO-Content,3
10144,3385,2025-12-09 22:17:00,Startup,Paid Social,META-Retargeting,4
10145,3386,2026-08-20 08:02:00,Freelancer,Paid Social,META-Retargeting,1
10146,3386,2026-08-31 09:46:00,Freelancer,Paid Social,META-Prospecting,2
10147,3386,2026-09-05 20:57:00,Freelancer,Paid Social,META-Retargeting,3
10148,3386,2026-09-11 01:14:00,Freelancer,Paid Social,META-Prospecting,4
10149,3386,2026-09-13 11:36:00,Freelancer,Organic Search,SEO-Product,5
10150,3387,2026-05-20 22:53:00,SMB,Paid Social,META-Prospecting,1
10151,3387,2026-06-12 00:11:00,SMB,Paid Search,PS-Brand,2
10152,3388,2026-07-25 04:11:00,SMB,Paid Search,PS-NonBrand,1
10153,3388,2026-07-30 02:43:00,SMB,Paid Search,PS-Brand,2
10154,3388,2026-08-01 07:37:00,SMB,Email,EMAIL-Reactivation,3
10155,3388,2026-08-05 23:34:00,SMB,Email,EMAIL-Nurture,4
10156,3388,2026-08-10 12:42:00,SMB,Organic Search,SEO-Content,5
10157,3389,2026-05-23 00:21:00,SMB,Paid Search,PS-Brand,1
10158,3390,2026-03-29 01:18:00,SMB,Paid Search,PS-Brand,1
10159,3390,2026-04-06 00:53:00,SMB,Paid Social,META-Retargeting,2
10160,3391,2025-10-22 21:10:00,Freelancer,Paid Search,PS-NonBrand,1
10161,3391,2025-11-03 06:50:00,Freelancer,Paid Social,META-Retargeting,2
10162,3392,2026-04-19 19:01:00,SMB,Referral,REF-Customer,1
10163,3392,2026-04-27 16:48:00,SMB,Paid Social,META-Retargeting,2
10164,3392,2026-05-05 17:39:00,SMB,Paid Search,PS-NonBrand,3
10165,3392,2026-05-05 23:15:00,SMB,Paid Search,PS-Brand,4
10166,3392,2026-05-15 15:04:00,SMB,Paid Social,META-Retargeting,5
10167,3393,2026-07-31 06:10:00,SMB,Email,EMAIL-Reactivation,1
10168,3393,2026-08-06 03:44:00,SMB,Paid Search,PS-NonBrand,2
10169,3394,2025-12-18 14:25:00,Freelancer,Paid Social,META-Retargeting,1
10170,3394,2025-12-19 18:04:00,Freelancer,Organic Search,SEO-Product,2
10171,3394,2025-12-23 13:50:00,Freelancer,Organic Search,SEO-Product,3
10172,3394,2025-12-25 20:46:00,Freelancer,Paid Search,PS-NonBrand,4
10173,3394,2025-12-28 22:27:00,Freelancer,Paid Social,META-Retargeting,5
10174,3395,2026-04-10 09:21:00,SMB,Paid Search,PS-NonBrand,1
10175,3395,2026-04-23 10:06:00,SMB,Paid Search,PS-NonBrand,2
10176,3396,2026-03-03 15:55:00,Startup,Organic Search,SEO-Product,1
10177,3396,2026-03-13 22:25:00,Startup,Paid Social,META-Retargeting,2
10178,3396,2026-03-15 18:12:00,Startup,Organic Search,SEO-Content,3
10179,3396,2026-03-19 18:19:00,Startup,Paid Search,PS-Brand,4
10180,3397,2026-08-19 06:31:00,SMB,Referral,REF-Partner,1
10181,3397,2026-08-21 17:55:00,SMB,Paid Search,PS-Brand,2
10182,3397,2026-08-23 03:30:00,SMB,Paid Social,META-Prospecting,3
10183,3397,2026-09-07 22:39:00,SMB,Display,DISPLAY-Retargeting,4
10184,3397,2026-09-10 09:55:00,SMB,Paid Search,PS-Brand,5
10185,3398,2025-12-02 21:15:00,Freelancer,Display,DISPLAY-Prospecting,1
10186,3398,2025-12-19 00:35:00,Freelancer,Organic Search,SEO-Content,2
10187,3399,2025-11-15 20:28:00,SMB,Referral,REF-Partner,1
10188,3399,2025-12-03 04:25:00,SMB,Referral,REF-Customer,2
10189,3400,2025-12-27 04:06:00,Startup,Paid Search,PS-NonBrand,1
10190,3400,2025-12-31 00:26:00,Startup,Referral,REF-Customer,2
10191,3400,2025-12-31 05:06:00,Startup,Display,DISPLAY-Retargeting,3
10192,3400,2026-01-05 02:17:00,Startup,Paid Social,META-Retargeting,4
10193,3401,2025-11-28 07:18:00,Startup,Paid Search,PS-NonBrand,1
10194,3401,2025-12-10 11:29:00,Startup,Paid Social,META-Prospecting,2
10195,3401,2025-12-15 23:20:00,Startup,Paid Social,META-Retargeting,3
10196,3402,2026-08-10 16:50:00,Freelancer,Referral,REF-Partner,1
10197,3402,2026-08-31 03:24:00,Freelancer,Organic Search,SEO-Content,2
10198,3402,2026-09-02 23:42:00,Freelancer,Paid Search,PS-Brand,3
10199,3403,2026-01-06 14:20:00,Freelancer,Referral,REF-Customer,1
10200,3403,2026-01-27 09:21:00,Freelancer,Display,DISPLAY-Retargeting,2
10201,3403,2026-01-28 12:52:00,Freelancer,Paid Social,META-Retargeting,3
10202,3403,2026-01-29 14:58:00,Freelancer,Paid Social,META-Retargeting,4
10203,3403,2026-01-31 02:35:00,Freelancer,Paid Social,META-Retargeting,5
10204,3404,2026-02-28 19:09:00,Startup,Paid Social,META-Retargeting,1
10205,3404,2026-03-10 15:41:00,Startup,Referral,REF-Customer,2
10206,3405,2026-01-05 06:18:00,SMB,Paid Search,PS-NonBrand,1
10207,3405,2026-01-12 05:36:00,SMB,Referral,REF-Customer,2
10208,3405,2026-01-16 16:35:00,SMB,Paid Social,META-Retargeting,3
10209,3405,2026-01-26 22:32:00,SMB,Referral,REF-Customer,4
10210,3405,2026-01-27 03:21:00,SMB,Email,EMAIL-Nurture,5
10211,3406,2026-07-28 19:15:00,SMB,Paid Search,PS-Brand,1
10212,3406,2026-08-06 06:41:00,SMB,Display,DISPLAY-Retargeting,2
10213,3406,2026-08-12 00:49:00,SMB,Paid Social,META-Retargeting,3
10214,3406,2026-08-20 06:12:00,SMB,Paid Search,PS-Brand,4
10215,3407,2026-06-06 17:31:00,Freelancer,Paid Search,PS-NonBrand,1
10216,3407,2026-06-12 08:02:00,Freelancer,Organic Search,SEO-Content,2
10217,3407,2026-06-20 00:22:00,Freelancer,Email,EMAIL-Reactivation,3
10218,3407,2026-06-26 00:34:00,Freelancer,Organic Search,SEO-Product,4
10219,3408,2026-04-13 22:37:00,Startup,Referral,REF-Partner,1
10220,3409,2026-07-19 23:06:00,Freelancer,Paid Search,PS-NonBrand,1
10221,3409,2026-07-26 21:27:00,Freelancer,Organic Search,SEO-Content,2
10222,3409,2026-08-03 00:46:00,Freelancer,Paid Search,PS-NonBrand,3
10223,3409,2026-08-08 17:57:00,Freelancer,Paid Social,META-Retargeting,4
10224,3409,2026-08-09 14:38:00,Freelancer,Email,EMAIL-Nurture,5
10225,3410,2025-11-10 03:42:00,Startup,Display,DISPLAY-Retargeting,1
10226,3410,2025-11-17 22:25:00,Startup,Referral,REF-Partner,2
10227,3410,2025-11-19 18:05:00,Startup,Paid Search,PS-NonBrand,3
10228,3410,2025-11-24 17:15:00,Startup,Paid Search,PS-Brand,4
10229,3411,2026-06-18 01:32:00,SMB,Paid Search,PS-NonBrand,1
10230,3411,2026-06-22 15:00:00,SMB,Organic Search,SEO-Content,2
10231,3412,2026-02-11 10:29:00,SMB,Email,EMAIL-Reactivation,1
10232,3412,2026-02-12 22:55:00,SMB,Email,EMAIL-Nurture,2
10233,3412,2026-02-19 23:39:00,SMB,Paid Social,META-Retargeting,3
10234,3412,2026-03-04 07:56:00,SMB,Organic Search,SEO-Product,4
10235,3412,2026-03-06 16:39:00,SMB,Paid Social,META-Retargeting,5
10236,3413,2026-03-11 02:56:00,SMB,Paid Search,PS-Brand,1
10237,3413,2026-03-13 18:14:00,SMB,Paid Search,PS-NonBrand,2
10238,3413,2026-03-14 03:17:00,SMB,Display,DISPLAY-Retargeting,3
10239,3413,2026-03-16 16:31:00,SMB,Paid Social,META-Retargeting,4
10240,3414,2025-12-07 14:21:00,Startup,Referral,REF-Partner,1
10241,3414,2025-12-25 12:52:00,Startup,Paid Search,PS-NonBrand,2
10242,3415,2025-11-13 01:11:00,Startup,Email,EMAIL-Reactivation,1
10243,3415,2025-11-14 16:35:00,Startup,Paid Search,PS-Brand,2
10244,3416,2026-06-15 01:23:00,SMB,Organic Search,SEO-Content,1
10245,3417,2026-08-13 16:45:00,Startup,Paid Search,PS-NonBrand,1
10246,3417,2026-09-02 09:32:00,Startup,Paid Social,META-Retargeting,2
10247,3418,2026-09-02 01:20:00,SMB,Email,EMAIL-Reactivation,1
10248,3418,2026-09-04 16:47:00,SMB,Paid Search,PS-Brand,2
10249,3418,2026-09-10 09:56:00,SMB,Paid Social,META-Retargeting,3
10250,3418,2026-09-10 13:41:00,SMB,Referral,REF-Customer,4
10251,3418,2026-09-13 14:48:00,SMB,Referral,REF-Customer,5
10252,3419,2026-01-01 11:47:00,SMB,Organic Search,SEO-Content,1
10253,3419,2026-01-08 05:30:00,SMB,Organic Search,SEO-Product,2
10254,3419,2026-01-20 19:33:00,SMB,Organic Search,SEO-Content,3
10255,3419,2026-01-23 16:56:00,SMB,Organic Search,SEO-Content,4
10256,3420,2026-07-09 17:46:00,SMB,Paid Social,META-Prospecting,1
10257,3420,2026-07-15 23:08:00,SMB,Email,EMAIL-Reactivation,2
10258,3420,2026-07-21 09:15:00,SMB,Paid Search,PS-Brand,3
10259,3420,2026-07-23 15:42:00,SMB,Referral,REF-Customer,4
10260,3421,2025-11-15 15:42:00,Startup,Paid Social,META-Prospecting,1
10261,3421,2025-11-23 03:07:00,Startup,Referral,REF-Customer,2
10262,3421,2025-12-03 17:08:00,Startup,Paid Social,META-Retargeting,3
10263,3421,2025-12-04 11:33:00,Startup,Organic Search,SEO-Product,4
10264,3421,2025-12-09 16:22:00,Startup,Email,EMAIL-Reactivation,5
10265,3422,2026-07-13 19:45:00,SMB,Paid Search,PS-NonBrand,1
10266,3422,2026-07-19 11:02:00,SMB,Organic Search,SEO-Product,2
10267,3422,2026-07-31 10:46:00,SMB,Paid Search,PS-NonBrand,3
10268,3423,2026-04-30 19:00:00,Startup,Paid Search,PS-Brand,1
10269,3423,2026-05-01 21:45:00,Startup,Referral,REF-Customer,2
10270,3423,2026-05-06 10:51:00,Startup,Referral,REF-Customer,3
10271,3423,2026-05-18 19:28:00,Startup,Display,DISPLAY-Retargeting,4
10272,3424,2026-08-21 13:36:00,Freelancer,Paid Search,PS-Brand,1
10273,3425,2025-10-28 05:26:00,Startup,Paid Search,PS-NonBrand,1
10274,3425,2025-10-30 06:33:00,Startup,Paid Search,PS-NonBrand,2
10275,3425,2025-11-17 17:35:00,Startup,Referral,REF-Customer,3
10276,3425,2025-11-18 21:19:00,Startup,Referral,REF-Customer,4
10277,3425,2025-11-21 23:32:00,Startup,Referral,REF-Partner,5
10278,3426,2026-07-18 11:00:00,Freelancer,Referral,REF-Partner,1
10279,3426,2026-07-23 05:38:00,Freelancer,Referral,REF-Customer,2
10280,3426,2026-07-23 14:05:00,Freelancer,Paid Social,META-Retargeting,3
10281,3426,2026-07-25 06:21:00,Freelancer,Paid Social,META-Retargeting,4
10282,3426,2026-08-08 17:36:00,Freelancer,Paid Social,META-Retargeting,5
10283,3427,2026-03-31 08:21:00,SMB,Referral,REF-Customer,1
10284,3427,2026-03-31 21:17:00,SMB,Paid Search,PS-NonBrand,2
10285,3427,2026-04-02 00:05:00,SMB,Paid Social,META-Retargeting,3
10286,3427,2026-04-10 00:05:00,SMB,Paid Search,PS-NonBrand,4
10287,3427,2026-04-17 22:18:00,SMB,Display,DISPLAY-Retargeting,5
10288,3428,2026-04-27 06:23:00,SMB,Paid Social,META-Prospecting,1
10289,3428,2026-05-07 18:49:00,SMB,Organic Search,SEO-Content,2
10290,3429,2026-04-24 06:51:00,SMB,Paid Search,PS-Brand,1
10291,3429,2026-04-27 23:16:00,SMB,Paid Search,PS-Brand,2
10292,3429,2026-04-28 12:58:00,SMB,Referral,REF-Customer,3
10293,3429,2026-04-29 11:13:00,SMB,Display,DISPLAY-Retargeting,4
10294,3429,2026-05-14 21:28:00,SMB,Paid Search,PS-NonBrand,5
10295,3430,2026-06-27 03:41:00,Startup,Paid Search,PS-Brand,1
10296,3430,2026-07-09 22:34:00,Startup,Email,EMAIL-Nurture,2
10297,3431,2026-05-22 06:10:00,SMB,Organic Search,SEO-Content,1
10298,3431,2026-06-05 00:17:00,SMB,Paid Social,META-Retargeting,2
10299,3432,2026-03-01 15:11:00,Freelancer,Paid Social,META-Prospecting,1
10300,3432,2026-03-06 15:47:00,Freelancer,Email,EMAIL-Nurture,2
10301,3432,2026-03-23 20:03:00,Freelancer,Paid Search,PS-Brand,3
10302,3433,2026-03-09 10:24:00,Startup,Referral,REF-Customer,1
10303,3434,2025-10-31 08:37:00,Startup,Paid Search,PS-NonBrand,1
10304,3434,2025-11-01 15:11:00,Startup,Paid Search,PS-NonBrand,2
10305,3434,2025-11-18 02:10:00,Startup,Display,DISPLAY-Retargeting,3
10306,3434,2025-11-20 22:22:00,Startup,Referral,REF-Customer,4
10307,3434,2025-11-23 10:01:00,Startup,Email,EMAIL-Reactivation,5
10308,3435,2026-06-26 18:47:00,SMB,Paid Social,META-Prospecting,1
10309,3435,2026-06-27 13:16:00,SMB,Paid Social,META-Prospecting,2
10310,3435,2026-07-02 13:18:00,SMB,Paid Search,PS-NonBrand,3
10311,3435,2026-07-14 11:02:00,SMB,Paid Search,PS-Brand,4
10312,3436,2026-06-23 12:37:00,Startup,Organic Search,SEO-Content,1
10313,3436,2026-06-29 06:43:00,Startup,Paid Search,PS-NonBrand,2
10314,3436,2026-07-03 02:34:00,Startup,Organic Search,SEO-Content,3
10315,3436,2026-07-09 20:35:00,Startup,Paid Social,META-Retargeting,4
10316,3436,2026-07-11 06:32:00,Startup,Email,EMAIL-Reactivation,5
10317,3437,2026-05-03 10:25:00,SMB,Paid Social,META-Retargeting,1
10318,3438,2026-07-18 13:50:00,Startup,Paid Search,PS-Brand,1
10319,3438,2026-07-20 09:35:00,Startup,Paid Search,PS-Brand,2
10320,3439,2026-01-15 10:24:00,Startup,Paid Search,PS-NonBrand,1
10321,3439,2026-01-26 09:18:00,Startup,Paid Social,META-Retargeting,2
10322,3440,2025-12-25 00:55:00,SMB,Email,EMAIL-Reactivation,1
10323,3440,2025-12-27 07:40:00,SMB,Paid Social,META-Prospecting,2
10324,3441,2026-09-12 11:33:00,Freelancer,Organic Search,SEO-Product,1
10325,3441,2026-09-12 12:58:00,Freelancer,Organic Search,SEO-Product,2
10326,3442,2026-09-17 23:38:00,Startup,Paid Social,META-Retargeting,1
10327,3442,2026-09-24 16:51:00,Startup,Email,EMAIL-Reactivation,2
10328,3442,2026-09-26 23:21:00,Startup,Organic Search,SEO-Content,3
10329,3442,2026-10-01 13:24:00,Startup,Email,EMAIL-Nurture,4
10330,3442,2026-10-11 01:44:00,Startup,Organic Search,SEO-Content,5
10331,3443,2026-08-15 01:29:00,Startup,Email,EMAIL-Nurture,1
10332,3443,2026-08-17 09:05:00,Startup,Email,EMAIL-Nurture,2
10333,3443,2026-08-31 22:59:00,Startup,Paid Search,PS-Brand,3
10334,3444,2025-10-21 14:54:00,SMB,Paid Search,PS-Brand,1
10335,3444,2025-10-27 06:30:00,SMB,Organic Search,SEO-Content,2
10336,3445,2026-04-19 14:07:00,SMB,Paid Search,PS-Brand,1
10337,3445,2026-05-02 14:11:00,SMB,Organic Search,SEO-Product,2
10338,3445,2026-05-07 20:55:00,SMB,Paid Search,PS-NonBrand,3
10339,3446,2026-07-06 19:47:00,SMB,Referral,REF-Customer,1
10340,3446,2026-07-19 23:15:00,SMB,Paid Social,META-Prospecting,2
10341,3446,2026-07-22 14:11:00,SMB,Paid Search,PS-NonBrand,3
10342,3447,2025-10-22 10:45:00,Startup,Email,EMAIL-Nurture,1
10343,3447,2025-10-26 03:00:00,Startup,Organic Search,SEO-Product,2
10344,3447,2025-10-27 00:32:00,Startup,Paid Search,PS-Brand,3
10345,3447,2025-10-29 03:06:00,Startup,Paid Social,META-Retargeting,4
10346,3448,2026-09-22 04:36:00,SMB,Referral,REF-Customer,1
10347,3448,2026-09-30 17:06:00,SMB,Referral,REF-Customer,2
10348,3448,2026-10-13 07:48:00,SMB,Paid Search,PS-Brand,3
10349,3449,2026-07-20 23:29:00,Freelancer,Organic Search,SEO-Content,1
10350,3449,2026-07-23 14:58:00,Freelancer,Paid Social,META-Retargeting,2
10351,3449,2026-08-05 21:05:00,Freelancer,Display,DISPLAY-Retargeting,3
10352,3449,2026-08-13 16:55:00,Freelancer,Paid Social,META-Retargeting,4
10353,3450,2026-01-22 09:24:00,Freelancer,Email,EMAIL-Nurture,1
10354,3450,2026-01-28 15:58:00,Freelancer,Paid Search,PS-Brand,2
10355,3450,2026-02-02 01:59:00,Freelancer,Paid Social,META-Prospecting,3
10356,3451,2026-04-28 21:53:00,SMB,Paid Social,META-Prospecting,1
10357,3451,2026-04-29 20:26:00,SMB,Paid Search,PS-NonBrand,2
10358,3452,2026-09-01 05:46:00,Startup,Email,EMAIL-Nurture,1
10359,3452,2026-09-09 02:55:00,Startup,Organic Search,SEO-Content,2
10360,3452,2026-09-12 08:40:00,Startup,Paid Social,META-Retargeting,3
10361,3452,2026-09-13 18:36:00,Startup,Display,DISPLAY-Retargeting,4
10362,3452,2026-09-15 23:24:00,Startup,Display,DISPLAY-Retargeting,5
10363,3453,2026-08-12 03:43:00,SMB,Paid Search,PS-Brand,1
10364,3454,2026-08-12 00:04:00,SMB,Organic Search,SEO-Product,1
10365,3454,2026-08-19 05:09:00,SMB,Paid Social,META-Retargeting,2
10366,3454,2026-08-21 00:15:00,SMB,Email,EMAIL-Reactivation,3
10367,3454,2026-08-25 01:41:00,SMB,Email,EMAIL-Nurture,4
10368,3455,2026-10-08 15:57:00,SMB,Paid Social,META-Retargeting,1
10369,3455,2026-10-09 05:00:00,SMB,Referral,REF-Partner,2
10370,3455,2026-10-20 12:36:00,SMB,Paid Social,META-Prospecting,3
10371,3455,2026-10-24 03:24:00,SMB,Organic Search,SEO-Content,4
10372,3456,2026-07-11 11:58:00,Freelancer,Organic Search,SEO-Content,1
10373,3456,2026-07-16 12:06:00,Freelancer,Email,EMAIL-Nurture,2
10374,3456,2026-07-20 02:37:00,Freelancer,Paid Social,META-Prospecting,3
10375,3456,2026-07-21 22:50:00,Freelancer,Organic Search,SEO-Product,4
10376,3457,2026-09-13 15:48:00,Freelancer,Organic Search,SEO-Content,1
10377,3457,2026-09-28 23:19:00,Freelancer,Email,EMAIL-Reactivation,2
10378,3457,2026-10-05 19:17:00,Freelancer,Organic Search,SEO-Content,3
10379,3458,2026-09-18 02:26:00,SMB,Paid Search,PS-Brand,1
10380,3459,2025-10-08 05:50:00,SMB,Paid Search,PS-NonBrand,1
10381,3459,2025-10-23 00:43:00,SMB,Email,EMAIL-Nurture,2
10382,3459,2025-11-05 01:26:00,SMB,Organic Search,SEO-Product,3
10383,3460,2026-06-19 18:36:00,SMB,Email,EMAIL-Nurture,1
10384,3461,2026-02-02 03:38:00,Startup,Email,EMAIL-Nurture,1
10385,3461,2026-02-04 05:12:00,Startup,Organic Search,SEO-Product,2
10386,3461,2026-02-16 00:34:00,Startup,Display,DISPLAY-Retargeting,3
10387,3461,2026-02-20 16:28:00,Startup,Email,EMAIL-Reactivation,4
10388,3462,2026-04-13 14:46:00,SMB,Email,EMAIL-Nurture,1
10389,3462,2026-04-24 21:09:00,SMB,Referral,REF-Customer,2
10390,3462,2026-04-26 13:30:00,SMB,Paid Social,META-Prospecting,3
10391,3462,2026-04-28 01:40:00,SMB,Paid Search,PS-NonBrand,4
10392,3463,2025-12-08 16:32:00,Freelancer,Email,EMAIL-Nurture,1
10393,3464,2026-06-04 10:54:00,Freelancer,Organic Search,SEO-Product,1
10394,3464,2026-06-12 02:01:00,Freelancer,Display,DISPLAY-Retargeting,2
10395,3465,2026-08-10 01:30:00,SMB,Paid Search,PS-NonBrand,1
10396,3465,2026-08-29 20:44:00,SMB,Referral,REF-Customer,2
10397,3466,2026-03-01 01:09:00,Freelancer,Paid Social,META-Retargeting,1
10398,3466,2026-03-18 06:28:00,Freelancer,Organic Search,SEO-Content,2
10399,3466,2026-03-29 18:39:00,Freelancer,Display,DISPLAY-Retargeting,3
10400,3467,2026-06-30 19:34:00,Startup,Display,DISPLAY-Retargeting,1
10401,3467,2026-07-04 00:53:00,Startup,Organic Search,SEO-Product,2
10402,3468,2026-01-27 02:24:00,Startup,Display,DISPLAY-Prospecting,1
10403,3468,2026-02-17 09:07:00,Startup,Paid Search,PS-NonBrand,2
10404,3468,2026-02-21 07:53:00,Startup,Referral,REF-Partner,3
10405,3468,2026-02-21 12:05:00,Startup,Display,DISPLAY-Retargeting,4
10406,3469,2026-07-04 22:59:00,Startup,Display,DISPLAY-Prospecting,1
10407,3469,2026-07-06 14:26:00,Startup,Paid Search,PS-NonBrand,2
10408,3469,2026-07-07 00:57:00,Startup,Paid Search,PS-NonBrand,3
10409,3470,2025-10-31 10:39:00,SMB,Paid Social,META-Prospecting,1
10410,3470,2025-11-01 06:06:00,SMB,Referral,REF-Partner,2
10411,3470,2025-11-15 05:28:00,SMB,Email,EMAIL-Nurture,3
10412,3471,2026-09-01 18:30:00,Startup,Organic Search,SEO-Product,1
10413,3472,2026-02-20 14:36:00,SMB,Paid Search,PS-Brand,1
10414,3472,2026-03-06 08:40:00,SMB,Referral,REF-Customer,2
10415,3472,2026-03-13 22:36:00,SMB,Paid Social,META-Prospecting,3
10416,3473,2026-04-04 14:03:00,Startup,Paid Social,META-Retargeting,1
10417,3473,2026-04-07 02:14:00,Startup,Paid Search,PS-Brand,2
10418,3473,2026-04-13 17:20:00,Startup,Paid Social,META-Retargeting,3
10419,3473,2026-04-16 15:23:00,Startup,Referral,REF-Customer,4
10420,3474,2026-08-02 18:39:00,SMB,Organic Search,SEO-Product,1
10421,3475,2025-11-08 10:02:00,SMB,Paid Search,PS-NonBrand,1
10422,3476,2026-09-16 09:41:00,SMB,Paid Social,META-Prospecting,1
10423,3476,2026-10-08 17:30:00,SMB,Paid Social,META-Retargeting,2
10424,3477,2026-05-27 14:39:00,SMB,Organic Search,SEO-Product,1
10425,3477,2026-05-30 21:49:00,SMB,Paid Search,PS-NonBrand,2
10426,3477,2026-06-04 02:39:00,SMB,Paid Social,META-Prospecting,3
10427,3477,2026-06-07 17:59:00,SMB,Display,DISPLAY-Prospecting,4
10428,3478,2026-09-24 14:05:00,SMB,Paid Search,PS-Brand,1
10429,3478,2026-09-26 04:57:00,SMB,Organic Search,SEO-Product,2
10430,3479,2026-04-20 17:59:00,SMB,Email,EMAIL-Reactivation,1
10431,3479,2026-05-13 00:52:00,SMB,Paid Search,PS-Brand,2
10432,3479,2026-05-18 15:58:00,SMB,Paid Search,PS-Brand,3
10433,3480,2025-12-26 15:59:00,Freelancer,Email,EMAIL-Nurture,1
10434,3481,2026-05-24 21:54:00,Startup,Referral,REF-Customer,1
10435,3482,2026-05-20 00:29:00,SMB,Display,DISPLAY-Prospecting,1
10436,3482,2026-05-24 16:28:00,SMB,Paid Search,PS-Brand,2
10437,3482,2026-05-26 08:56:00,SMB,Paid Search,PS-Brand,3
10438,3483,2026-09-27 04:32:00,Freelancer,Email,EMAIL-Nurture,1
10439,3484,2026-05-10 17:33:00,Freelancer,Paid Search,PS-NonBrand,1
10440,3485,2026-02-26 06:31:00,SMB,Organic Search,SEO-Product,1
10441,3485,2026-03-10 18:28:00,SMB,Paid Search,PS-Brand,2
10442,3485,2026-03-15 05:46:00,SMB,Paid Search,PS-NonBrand,3
10443,3485,2026-03-17 03:49:00,SMB,Display,DISPLAY-Retargeting,4
10444,3486,2025-12-06 19:48:00,Startup,Paid Social,META-Retargeting,1
10445,3486,2025-12-29 19:45:00,Startup,Paid Social,META-Prospecting,2
10446,3487,2026-02-05 08:32:00,SMB,Referral,REF-Customer,1
10447,3487,2026-02-21 09:04:00,SMB,Paid Social,META-Prospecting,2
10448,3488,2026-05-18 00:45:00,Startup,Paid Search,PS-Brand,1
10449,3488,2026-05-18 05:42:00,Startup,Paid Search,PS-Brand,2
10450,3488,2026-05-19 20:01:00,Startup,Paid Social,META-Retargeting,3
10451,3488,2026-05-20 09:46:00,Startup,Organic Search,SEO-Product,4
10452,3488,2026-05-23 22:43:00,Startup,Paid Search,PS-Brand,5
10453,3489,2026-02-12 01:52:00,Startup,Paid Search,PS-NonBrand,1
10454,3489,2026-03-11 23:26:00,Startup,Paid Social,META-Retargeting,2
10455,3490,2026-02-10 03:59:00,SMB,Referral,REF-Customer,1
10456,3490,2026-03-01 08:35:00,SMB,Organic Search,SEO-Product,2
10457,3490,2026-03-03 02:23:00,SMB,Paid Search,PS-Brand,3
10458,3490,2026-03-04 06:25:00,SMB,Paid Search,PS-Brand,4
10459,3490,2026-03-04 07:20:00,SMB,Paid Search,PS-NonBrand,5
10460,3491,2025-10-12 18:25:00,Startup,Paid Social,META-Prospecting,1
10461,3491,2025-10-16 13:10:00,Startup,Paid Search,PS-Brand,2
10462,3491,2025-10-25 09:32:00,Startup,Paid Social,META-Prospecting,3
10463,3491,2025-10-26 20:58:00,Startup,Referral,REF-Customer,4
10464,3492,2026-09-12 12:32:00,SMB,Email,EMAIL-Nurture,1
10465,3492,2026-09-15 03:57:00,SMB,Paid Search,PS-Brand,2
10466,3492,2026-09-17 22:56:00,SMB,Display,DISPLAY-Prospecting,3
10467,3492,2026-09-20 11:59:00,SMB,Paid Search,PS-Brand,4
10468,3492,2026-10-02 04:06:00,SMB,Paid Social,META-Prospecting,5
10469,3493,2026-08-12 00:04:00,Startup,Paid Search,PS-Brand,1
10470,3493,2026-08-15 12:01:00,Startup,Paid Search,PS-Brand,2
10471,3493,2026-08-17 00:07:00,Startup,Paid Search,PS-Brand,3
10472,3493,2026-08-19 13:58:00,Startup,Email,EMAIL-Nurture,4
10473,3494,2026-01-04 08:52:00,SMB,Referral,REF-Partner,1
10474,3494,2026-01-06 19:36:00,SMB,Referral,REF-Customer,2
10475,3494,2026-01-10 12:13:00,SMB,Email,EMAIL-Reactivation,3
10476,3494,2026-01-11 07:02:00,SMB,Referral,REF-Customer,4
10477,3494,2026-01-21 18:24:00,SMB,Paid Search,PS-NonBrand,5
10478,3495,2025-11-20 08:18:00,Startup,Email,EMAIL-Reactivation,1
10479,3495,2025-11-30 08:51:00,Startup,Paid Social,META-Retargeting,2
10480,3495,2025-12-08 23:17:00,Startup,Paid Social,META-Prospecting,3
10481,3495,2025-12-12 11:16:00,Startup,Email,EMAIL-Reactivation,4
10482,3496,2026-08-15 00:06:00,Startup,Paid Search,PS-NonBrand,1
10483,3496,2026-08-15 09:46:00,Startup,Paid Search,PS-NonBrand,2
10484,3496,2026-08-23 01:05:00,Startup,Referral,REF-Customer,3
10485,3497,2026-08-06 02:37:00,SMB,Paid Search,PS-NonBrand,1
10486,3497,2026-08-10 05:39:00,SMB,Email,EMAIL-Reactivation,2
10487,3497,2026-08-21 08:22:00,SMB,Paid Social,META-Retargeting,3
10488,3497,2026-08-28 18:44:00,SMB,Paid Search,PS-Brand,4
10489,3497,2026-08-31 05:09:00,SMB,Organic Search,SEO-Product,5
10490,3498,2026-08-30 05:26:00,Startup,Paid Search,PS-NonBrand,1
10491,3499,2026-04-23 20:54:00,SMB,Referral,REF-Partner,1
10492,3500,2026-07-04 10:44:00,Startup,Paid Search,PS-NonBrand,1
10493,3500,2026-07-13 07:36:00,Startup,Display,DISPLAY-Retargeting,2
10494,3501,2026-06-29 21:48:00,Startup,Paid Search,PS-NonBrand,1
10495,3501,2026-07-05 05:58:00,Startup,Organic Search,SEO-Product,2
10496,3501,2026-07-09 14:45:00,Startup,Display,DISPLAY-Retargeting,3
10497,3502,2025-12-21 19:09:00,SMB,Paid Social,META-Retargeting,1
10498,3502,2025-12-28 13:49:00,SMB,Organic Search,SEO-Product,2
10499,3502,2025-12-29 06:21:00,SMB,Email,EMAIL-Nurture,3
10500,3502,2026-01-01 09:31:00,SMB,Paid Social,META-Retargeting,4
10501,3503,2026-04-26 12:18:00,SMB,Display,DISPLAY-Retargeting,1
10502,3503,2026-05-06 21:39:00,SMB,Organic Search,SEO-Content,2
10503,3504,2026-01-18 04:15:00,SMB,Organic Search,SEO-Product,1
10504,3504,2026-01-22 16:07:00,SMB,Display,DISPLAY-Prospecting,2
10505,3504,2026-01-23 11:53:00,SMB,Referral,REF-Customer,3
10506,3504,2026-01-26 10:33:00,SMB,Paid Search,PS-NonBrand,4
10507,3505,2026-07-30 04:25:00,Startup,Organic Search,SEO-Content,1
10508,3506,2026-09-30 20:16:00,Startup,Paid Social,META-Prospecting,1
10509,3506,2026-10-07 08:29:00,Startup,Paid Social,META-Retargeting,2
10510,3506,2026-10-11 09:31:00,Startup,Paid Search,PS-Brand,3
10511,3506,2026-10-18 05:13:00,Startup,Paid Search,PS-NonBrand,4
10512,3507,2025-11-08 07:59:00,SMB,Paid Search,PS-NonBrand,1
10513,3507,2025-11-09 10:58:00,SMB,Referral,REF-Customer,2
10514,3507,2025-11-19 00:05:00,SMB,Referral,REF-Customer,3
10515,3507,2025-11-20 21:21:00,SMB,Paid Search,PS-NonBrand,4
10516,3508,2025-10-29 14:03:00,SMB,Paid Search,PS-NonBrand,1
10517,3508,2025-11-01 20:08:00,SMB,Paid Social,META-Retargeting,2
10518,3508,2025-11-20 05:13:00,SMB,Paid Search,PS-NonBrand,3
10519,3509,2026-01-06 02:07:00,Freelancer,Organic Search,SEO-Content,1
10520,3510,2025-12-01 16:31:00,SMB,Email,EMAIL-Nurture,1
10521,3510,2025-12-08 14:02:00,SMB,Paid Search,PS-Brand,2
10522,3510,2025-12-10 04:31:00,SMB,Organic Search,SEO-Content,3
10523,3511,2025-10-04 04:32:00,SMB,Paid Social,META-Prospecting,1
10524,3511,2025-10-06 05:56:00,SMB,Email,EMAIL-Reactivation,2
10525,3511,2025-10-06 09:25:00,SMB,Paid Search,PS-NonBrand,3
10526,3511,2025-10-09 18:18:00,SMB,Referral,REF-Customer,4
10527,3511,2025-10-16 03:28:00,SMB,Paid Social,META-Retargeting,5
10528,3512,2026-09-25 12:54:00,Startup,Display,DISPLAY-Retargeting,1
10529,3512,2026-10-07 12:14:00,Startup,Email,EMAIL-Nurture,2
10530,3512,2026-10-11 15:43:00,Startup,Email,EMAIL-Nurture,3
10531,3512,2026-10-18 17:49:00,Startup,Paid Search,PS-Brand,4
10532,3513,2026-05-14 21:23:00,SMB,Email,EMAIL-Reactivation,1
10533,3513,2026-05-27 23:11:00,SMB,Paid Social,META-Retargeting,2
10534,3513,2026-05-30 15:42:00,SMB,Referral,REF-Partner,3
10535,3514,2026-07-16 08:30:00,Freelancer,Referral,REF-Customer,1
10536,3514,2026-07-16 09:25:00,Freelancer,Organic Search,SEO-Product,2
10537,3514,2026-07-21 17:59:00,Freelancer,Paid Social,META-Retargeting,3
10538,3514,2026-07-27 09:26:00,Freelancer,Organic Search,SEO-Product,4
10539,3514,2026-07-31 07:53:00,Freelancer,Paid Search,PS-NonBrand,5
10540,3515,2026-05-23 16:43:00,SMB,Paid Social,META-Prospecting,1
10541,3516,2026-07-05 14:47:00,Freelancer,Paid Social,META-Prospecting,1
10542,3516,2026-07-06 10:41:00,Freelancer,Referral,REF-Partner,2
10543,3516,2026-07-28 12:19:00,Freelancer,Organic Search,SEO-Product,3
10544,3516,2026-07-28 19:21:00,Freelancer,Paid Search,PS-NonBrand,4
10545,3517,2026-06-16 12:12:00,SMB,Display,DISPLAY-Prospecting,1
10546,3517,2026-06-29 05:02:00,SMB,Email,EMAIL-Nurture,2
10547,3517,2026-07-01 07:36:00,SMB,Paid Social,META-Retargeting,3
10548,3517,2026-07-04 21:25:00,SMB,Referral,REF-Customer,4
10549,3518,2025-11-30 05:06:00,SMB,Paid Social,META-Retargeting,1
10550,3518,2025-12-02 14:16:00,SMB,Organic Search,SEO-Product,2
10551,3518,2025-12-20 15:12:00,SMB,Referral,REF-Customer,3
10552,3519,2025-11-26 10:05:00,SMB,Paid Search,PS-Brand,1
10553,3519,2025-12-01 09:17:00,SMB,Referral,REF-Customer,2
10554,3519,2025-12-14 15:08:00,SMB,Organic Search,SEO-Product,3
10555,3519,2025-12-15 04:35:00,SMB,Organic Search,SEO-Product,4
10556,3519,2025-12-20 06:28:00,SMB,Referral,REF-Customer,5
10557,3520,2026-03-28 19:23:00,Freelancer,Paid Social,META-Prospecting,1
10558,3520,2026-04-01 15:53:00,Freelancer,Paid Social,META-Retargeting,2
10559,3520,2026-04-06 12:24:00,Freelancer,Referral,REF-Partner,3
10560,3520,2026-04-07 09:06:00,Freelancer,Paid Social,META-Retargeting,4
10561,3520,2026-04-23 19:48:00,Freelancer,Display,DISPLAY-Prospecting,5
10562,3521,2026-03-05 05:40:00,Startup,Referral,REF-Partner,1
10563,3521,2026-03-07 15:09:00,Startup,Paid Search,PS-NonBrand,2
10564,3522,2026-08-22 12:05:00,SMB,Email,EMAIL-Reactivation,1
10565,3523,2026-01-22 21:18:00,Freelancer,Display,DISPLAY-Prospecting,1
10566,3523,2026-01-23 08:32:00,Freelancer,Email,EMAIL-Reactivation,2
10567,3523,2026-02-06 16:36:00,Freelancer,Organic Search,SEO-Product,3
10568,3523,2026-02-18 14:34:00,Freelancer,Referral,REF-Partner,4
10569,3524,2026-02-02 11:51:00,SMB,Paid Search,PS-NonBrand,1
10570,3524,2026-02-20 00:41:00,SMB,Email,EMAIL-Reactivation,2
10571,3525,2026-04-19 05:09:00,SMB,Paid Social,META-Retargeting,1
10572,3525,2026-04-20 14:06:00,SMB,Paid Social,META-Retargeting,2
10573,3526,2025-12-21 22:35:00,SMB,Paid Search,PS-NonBrand,1
10574,3526,2025-12-24 11:10:00,SMB,Email,EMAIL-Nurture,2
10575,3526,2025-12-26 23:19:00,SMB,Email,EMAIL-Reactivation,3
10576,3526,2026-01-05 06:38:00,SMB,Organic Search,SEO-Content,4
10577,3526,2026-01-08 19:07:00,SMB,Organic Search,SEO-Content,5
10578,3527,2026-08-14 06:37:00,Freelancer,Organic Search,SEO-Content,1
10579,3528,2025-10-18 01:58:00,SMB,Display,DISPLAY-Prospecting,1
10580,3528,2025-10-25 23:21:00,SMB,Paid Search,PS-NonBrand,2
10581,3529,2026-08-24 11:39:00,SMB,Paid Search,PS-Brand,1
10582,3529,2026-08-28 16:55:00,SMB,Display,DISPLAY-Retargeting,2
10583,3529,2026-08-29 04:28:00,SMB,Organic Search,SEO-Product,3
10584,3529,2026-08-30 12:14:00,SMB,Referral,REF-Customer,4
10585,3529,2026-09-04 13:51:00,SMB,Paid Search,PS-NonBrand,5
10586,3530,2026-05-27 16:20:00,Freelancer,Paid Social,META-Retargeting,1
10587,3530,2026-06-13 09:22:00,Freelancer,Organic Search,SEO-Content,2
10588,3530,2026-06-13 11:32:00,Freelancer,Paid Social,META-Retargeting,3
10589,3531,2026-08-23 03:25:00,Startup,Paid Social,META-Prospecting,1
10590,3531,2026-08-27 19:15:00,Startup,Organic Search,SEO-Product,2
10591,3531,2026-09-13 18:16:00,Startup,Paid Social,META-Retargeting,3
10592,3531,2026-09-18 04:33:00,Startup,Email,EMAIL-Reactivation,4
10593,3532,2026-01-20 02:46:00,SMB,Organic Search,SEO-Product,1
10594,3532,2026-01-23 23:25:00,SMB,Organic Search,SEO-Content,2
10595,3532,2026-01-30 23:37:00,SMB,Paid Social,META-Retargeting,3
10596,3532,2026-02-03 16:40:00,SMB,Email,EMAIL-Reactivation,4
10597,3532,2026-02-10 20:22:00,SMB,Referral,REF-Customer,5
10598,3533,2026-09-18 22:36:00,Startup,Paid Search,PS-Brand,1
10599,3533,2026-09-23 11:47:00,Startup,Paid Social,META-Prospecting,2
10600,3533,2026-09-23 17:55:00,Startup,Paid Search,PS-Brand,3
10601,3534,2026-08-30 10:46:00,SMB,Paid Social,META-Retargeting,1
10602,3534,2026-09-01 03:03:00,SMB,Email,EMAIL-Reactivation,2
10603,3534,2026-09-03 14:14:00,SMB,Organic Search,SEO-Product,3
10604,3534,2026-09-09 19:36:00,SMB,Email,EMAIL-Nurture,4
10605,3535,2026-03-16 13:37:00,Startup,Display,DISPLAY-Prospecting,1
10606,3535,2026-03-20 02:07:00,Startup,Email,EMAIL-Reactivation,2
10607,3535,2026-04-13 08:09:00,Startup,Paid Social,META-Retargeting,3
10608,3536,2026-01-13 16:22:00,SMB,Paid Social,META-Prospecting,1
10609,3537,2025-12-11 07:12:00,Startup,Paid Search,PS-Brand,1
10610,3537,2025-12-12 10:21:00,Startup,Email,EMAIL-Reactivation,2
10611,3537,2025-12-16 12:36:00,Startup,Organic Search,SEO-Content,3
10612,3537,2025-12-18 13:11:00,Startup,Organic Search,SEO-Product,4
10613,3537,2025-12-26 10:56:00,Startup,Referral,REF-Customer,5
10614,3538,2025-12-08 05:16:00,Startup,Paid Search,PS-Brand,1
10615,3539,2026-05-22 00:25:00,SMB,Organic Search,SEO-Content,1
10616,3539,2026-05-23 01:25:00,SMB,Paid Search,PS-NonBrand,2
10617,3540,2026-10-02 01:13:00,SMB,Paid Social,META-Retargeting,1
10618,3541,2026-05-05 05:26:00,SMB,Referral,REF-Customer,1
10619,3541,2026-05-05 13:31:00,SMB,Referral,REF-Customer,2
10620,3541,2026-05-08 23:06:00,SMB,Paid Search,PS-NonBrand,3
10621,3541,2026-05-18 22:32:00,SMB,Referral,REF-Customer,4
10622,3541,2026-05-24 16:21:00,SMB,Email,EMAIL-Nurture,5
10623,3542,2026-09-23 19:18:00,Startup,Paid Social,META-Prospecting,1
10624,3542,2026-09-26 06:17:00,Startup,Paid Social,META-Retargeting,2
10625,3542,2026-09-30 18:35:00,Startup,Organic Search,SEO-Content,3
10626,3542,2026-10-03 07:04:00,Startup,Email,EMAIL-Nurture,4
10627,3543,2026-07-05 13:17:00,Startup,Paid Social,META-Retargeting,1
10628,3544,2026-06-12 00:59:00,Startup,Referral,REF-Partner,1
10629,3544,2026-06-15 15:22:00,Startup,Paid Social,META-Retargeting,2
10630,3544,2026-06-16 17:57:00,Startup,Email,EMAIL-Reactivation,3
10631,3544,2026-06-17 19:43:00,Startup,Email,EMAIL-Reactivation,4
10632,3544,2026-07-03 16:56:00,Startup,Paid Social,META-Retargeting,5
10633,3545,2026-07-08 02:42:00,Freelancer,Paid Social,META-Retargeting,1
10634,3545,2026-07-11 09:39:00,Freelancer,Organic Search,SEO-Product,2
10635,3545,2026-07-20 20:25:00,Freelancer,Paid Search,PS-Brand,3
10636,3546,2026-09-06 01:07:00,Freelancer,Paid Social,META-Prospecting,1
10637,3546,2026-09-15 02:01:00,Freelancer,Referral,REF-Customer,2
10638,3546,2026-09-25 14:08:00,Freelancer,Referral,REF-Partner,3
10639,3546,2026-09-26 11:07:00,Freelancer,Organic Search,SEO-Content,4
10640,3547,2026-08-19 01:11:00,Freelancer,Email,EMAIL-Nurture,1
10641,3547,2026-08-19 13:08:00,Freelancer,Paid Search,PS-Brand,2
10642,3548,2025-12-10 08:33:00,Startup,Paid Social,META-Retargeting,1
10643,3548,2025-12-19 11:13:00,Startup,Display,DISPLAY-Retargeting,2
10644,3549,2026-05-02 11:30:00,SMB,Organic Search,SEO-Content,1
10645,3549,2026-05-06 20:21:00,SMB,Paid Social,META-Retargeting,2
10646,3549,2026-05-18 03:18:00,SMB,Paid Social,META-Retargeting,3
10647,3549,2026-05-20 23:55:00,SMB,Organic Search,SEO-Content,4
10648,3549,2026-05-28 00:17:00,SMB,Paid Search,PS-NonBrand,5
10649,3550,2026-03-24 08:48:00,Startup,Email,EMAIL-Nurture,1
10650,3551,2026-08-24 14:02:00,SMB,Organic Search,SEO-Content,1
10651,3551,2026-08-28 09:32:00,SMB,Email,EMAIL-Nurture,2
10652,3551,2026-09-13 00:20:00,SMB,Paid Social,META-Retargeting,3
10653,3552,2025-12-14 14:48:00,SMB,Paid Social,META-Retargeting,1
10654,3552,2025-12-21 06:17:00,SMB,Paid Social,META-Retargeting,2
10655,3553,2026-08-06 08:27:00,SMB,Paid Social,META-Retargeting,1
10656,3553,2026-08-20 22:06:00,SMB,Paid Search,PS-Brand,2
10657,3553,2026-08-23 21:44:00,SMB,Email,EMAIL-Reactivation,3
10658,3554,2026-04-08 16:41:00,SMB,Email,EMAIL-Reactivation,1
10659,3554,2026-04-13 21:12:00,SMB,Paid Social,META-Retargeting,2
10660,3554,2026-04-17 14:42:00,SMB,Paid Search,PS-Brand,3
10661,3555,2026-09-13 16:55:00,Startup,Display,DISPLAY-Retargeting,1
10662,3555,2026-09-15 23:40:00,Startup,Paid Search,PS-NonBrand,2
10663,3555,2026-09-18 18:28:00,Startup,Paid Search,PS-NonBrand,3
10664,3555,2026-09-26 11:29:00,Startup,Email,EMAIL-Reactivation,4
10665,3556,2026-08-04 04:16:00,SMB,Display,DISPLAY-Prospecting,1
10666,3556,2026-08-06 22:03:00,SMB,Display,DISPLAY-Prospecting,2
10667,3556,2026-08-09 20:45:00,SMB,Paid Social,META-Retargeting,3
10668,3556,2026-08-11 15:01:00,SMB,Paid Search,PS-Brand,4
10669,3556,2026-08-13 10:15:00,SMB,Organic Search,SEO-Product,5
10670,3557,2026-02-15 11:32:00,SMB,Organic Search,SEO-Product,1
10671,3558,2026-08-05 10:56:00,Freelancer,Paid Search,PS-Brand,1
10672,3558,2026-08-11 05:16:00,Freelancer,Organic Search,SEO-Product,2
10673,3558,2026-08-12 04:16:00,Freelancer,Paid Search,PS-Brand,3
10674,3558,2026-08-24 21:37:00,Freelancer,Paid Search,PS-Brand,4
10675,3558,2026-08-28 18:35:00,Freelancer,Paid Social,META-Retargeting,5
10676,3559,2025-12-11 11:00:00,Startup,Display,DISPLAY-Retargeting,1
10677,3559,2025-12-12 06:37:00,Startup,Paid Social,META-Retargeting,2
10678,3559,2025-12-23 17:17:00,Startup,Paid Search,PS-NonBrand,3
10679,3559,2025-12-30 07:59:00,Startup,Paid Search,PS-Brand,4
10680,3560,2025-10-06 13:08:00,SMB,Paid Search,PS-NonBrand,1
10681,3560,2025-10-08 16:08:00,SMB,Organic Search,SEO-Product,2
10682,3560,2025-10-20 14:14:00,SMB,Paid Search,PS-NonBrand,3
10683,3560,2025-10-21 05:54:00,SMB,Referral,REF-Customer,4
10684,3560,2025-10-25 01:01:00,SMB,Email,EMAIL-Reactivation,5
10685,3561,2026-04-13 20:36:00,SMB,Paid Search,PS-NonBrand,1
10686,3562,2026-03-20 20:56:00,SMB,Paid Social,META-Prospecting,1
10687,3563,2025-12-02 17:24:00,Freelancer,Paid Search,PS-NonBrand,1
10688,3564,2026-09-29 21:19:00,SMB,Paid Search,PS-Brand,1
10689,3564,2026-10-02 18:48:00,SMB,Paid Social,META-Prospecting,2
10690,3564,2026-10-03 22:44:00,SMB,Referral,REF-Customer,3
10691,3564,2026-10-09 16:46:00,SMB,Paid Search,PS-NonBrand,4
10692,3564,2026-10-27 15:53:00,SMB,Referral,REF-Customer,5
10693,3565,2025-10-31 09:40:00,Freelancer,Organic Search,SEO-Product,1
10694,3566,2026-05-09 03:39:00,SMB,Organic Search,SEO-Product,1
10695,3566,2026-05-12 10:18:00,SMB,Paid Social,META-Retargeting,2
10696,3566,2026-05-20 08:28:00,SMB,Referral,REF-Customer,3
10697,3566,2026-05-27 22:19:00,SMB,Paid Search,PS-NonBrand,4
10698,3566,2026-05-31 08:26:00,SMB,Paid Search,PS-NonBrand,5
10699,3567,2026-01-04 04:39:00,Startup,Referral,REF-Customer,1
10700,3567,2026-01-16 22:52:00,Startup,Referral,REF-Customer,2
10701,3567,2026-01-21 04:39:00,Startup,Paid Social,META-Retargeting,3
10702,3568,2026-01-27 20:41:00,SMB,Paid Social,META-Retargeting,1
10703,3568,2026-02-14 01:17:00,SMB,Paid Social,META-Retargeting,2
10704,3569,2026-01-01 18:42:00,Startup,Paid Social,META-Prospecting,1
10705,3569,2026-01-07 20:29:00,Startup,Paid Social,META-Retargeting,2
10706,3570,2026-02-26 03:43:00,SMB,Email,EMAIL-Reactivation,1
10707,3570,2026-02-27 23:09:00,SMB,Paid Social,META-Retargeting,2
10708,3570,2026-03-12 02:29:00,SMB,Referral,REF-Customer,3
10709,3571,2026-06-14 19:53:00,SMB,Email,EMAIL-Nurture,1
10710,3571,2026-06-18 00:41:00,SMB,Paid Social,META-Retargeting,2
10711,3571,2026-06-30 04:17:00,SMB,Paid Social,META-Prospecting,3
10712,3571,2026-06-30 21:46:00,SMB,Paid Search,PS-Brand,4
10713,3572,2026-02-01 13:33:00,Freelancer,Email,EMAIL-Nurture,1
10714,3573,2026-06-23 07:05:00,Startup,Paid Social,META-Prospecting,1
10715,3573,2026-07-03 02:38:00,Startup,Paid Social,META-Retargeting,2
10716,3573,2026-07-05 23:36:00,Startup,Organic Search,SEO-Product,3
10717,3573,2026-07-18 21:39:00,Startup,Organic Search,SEO-Product,4
10718,3574,2026-03-19 16:19:00,SMB,Paid Social,META-Prospecting,1
10719,3574,2026-03-22 21:40:00,SMB,Paid Search,PS-NonBrand,2
10720,3575,2026-07-16 00:49:00,Startup,Paid Search,PS-Brand,1
10721,3575,2026-07-20 14:55:00,Startup,Paid Search,PS-NonBrand,2
10722,3576,2026-03-13 12:58:00,SMB,Display,DISPLAY-Retargeting,1
10723,3576,2026-03-18 15:34:00,SMB,Organic Search,SEO-Content,2
10724,3576,2026-04-05 08:20:00,SMB,Organic Search,SEO-Content,3
10725,3576,2026-04-07 02:32:00,SMB,Referral,REF-Customer,4
10726,3577,2026-02-20 02:02:00,Freelancer,Email,EMAIL-Nurture,1
10727,3577,2026-03-04 01:10:00,Freelancer,Organic Search,SEO-Content,2
10728,3577,2026-03-05 07:50:00,Freelancer,Email,EMAIL-Reactivation,3
10729,3577,2026-03-06 16:22:00,Freelancer,Paid Search,PS-NonBrand,4
10730,3577,2026-03-09 02:26:00,Freelancer,Paid Search,PS-NonBrand,5
10731,3578,2026-04-05 00:55:00,SMB,Paid Social,META-Prospecting,1
10732,3578,2026-04-25 21:38:00,SMB,Email,EMAIL-Reactivation,2
10733,3578,2026-04-30 04:56:00,SMB,Organic Search,SEO-Content,3
10734,3578,2026-05-01 10:28:00,SMB,Paid Search,PS-Brand,4
10735,3578,2026-05-03 14:59:00,SMB,Paid Search,PS-NonBrand,5
10736,3579,2026-06-14 00:37:00,SMB,Paid Search,PS-NonBrand,1
10737,3579,2026-06-22 06:27:00,SMB,Paid Search,PS-Brand,2
10738,3579,2026-06-27 15:42:00,SMB,Paid Search,PS-NonBrand,3
10739,3579,2026-07-01 12:20:00,SMB,Paid Search,PS-NonBrand,4
10740,3579,2026-07-04 01:20:00,SMB,Paid Search,PS-NonBrand,5
10741,3580,2026-03-23 02:10:00,SMB,Organic Search,SEO-Product,1
10742,3580,2026-04-02 15:24:00,SMB,Paid Search,PS-NonBrand,2
10743,3580,2026-04-16 14:44:00,SMB,Display,DISPLAY-Retargeting,3
10744,3581,2026-09-16 04:13:00,SMB,Paid Social,META-Prospecting,1
10745,3582,2026-04-08 05:37:00,Freelancer,Email,EMAIL-Reactivation,1
10746,3582,2026-04-30 10:26:00,Freelancer,Organic Search,SEO-Product,2
10747,3582,2026-05-02 13:12:00,Freelancer,Paid Search,PS-Brand,3
10748,3583,2026-02-05 15:25:00,SMB,Paid Search,PS-NonBrand,1
10749,3583,2026-02-10 13:18:00,SMB,Paid Social,META-Retargeting,2
10750,3584,2025-10-20 10:22:00,SMB,Paid Social,META-Retargeting,1
10751,3584,2025-11-02 04:43:00,SMB,Paid Search,PS-NonBrand,2
10752,3585,2026-02-24 21:51:00,Startup,Paid Search,PS-NonBrand,1
10753,3585,2026-02-25 14:38:00,Startup,Organic Search,SEO-Content,2
10754,3585,2026-03-02 04:02:00,Startup,Paid Search,PS-NonBrand,3
10755,3585,2026-03-15 00:14:00,Startup,Display,DISPLAY-Retargeting,4
10756,3585,2026-03-22 15:53:00,Startup,Paid Social,META-Prospecting,5
10757,3586,2025-10-22 03:09:00,SMB,Paid Search,PS-NonBrand,1
10758,3586,2025-10-31 04:30:00,SMB,Paid Search,PS-Brand,2
10759,3586,2025-11-07 16:36:00,SMB,Organic Search,SEO-Product,3
10760,3587,2025-10-18 19:34:00,SMB,Display,DISPLAY-Retargeting,1
10761,3587,2025-11-07 10:29:00,SMB,Paid Search,PS-Brand,2
10762,3587,2025-11-08 13:53:00,SMB,Organic Search,SEO-Product,3
10763,3588,2026-02-23 21:41:00,Startup,Display,DISPLAY-Retargeting,1
10764,3588,2026-02-26 23:01:00,Startup,Paid Social,META-Retargeting,2
10765,3589,2026-01-18 09:09:00,SMB,Organic Search,SEO-Content,1
10766,3589,2026-01-21 13:50:00,SMB,Referral,REF-Customer,2
10767,3589,2026-01-29 08:34:00,SMB,Paid Search,PS-NonBrand,3
10768,3589,2026-02-02 11:54:00,SMB,Paid Search,PS-NonBrand,4
10769,3590,2026-08-23 09:59:00,Freelancer,Referral,REF-Partner,1
10770,3590,2026-09-18 17:39:00,Freelancer,Paid Social,META-Prospecting,2
10771,3591,2026-07-09 17:34:00,Startup,Paid Search,PS-Brand,1
10772,3592,2026-07-29 18:53:00,SMB,Email,EMAIL-Reactivation,1
10773,3592,2026-08-07 00:03:00,SMB,Referral,REF-Partner,2
10774,3593,2026-05-01 11:46:00,SMB,Paid Search,PS-NonBrand,1
10775,3593,2026-05-09 04:33:00,SMB,Paid Social,META-Retargeting,2
10776,3593,2026-05-10 17:17:00,SMB,Paid Search,PS-Brand,3
10777,3593,2026-05-15 14:33:00,SMB,Paid Social,META-Retargeting,4
10778,3594,2025-11-21 18:27:00,SMB,Paid Search,PS-Brand,1
10779,3594,2025-11-29 03:14:00,SMB,Display,DISPLAY-Retargeting,2
10780,3594,2025-12-03 05:36:00,SMB,Paid Social,META-Retargeting,3
10781,3595,2026-08-21 06:12:00,Startup,Display,DISPLAY-Prospecting,1
10782,3595,2026-08-24 19:04:00,Startup,Email,EMAIL-Nurture,2
10783,3595,2026-08-31 06:47:00,Startup,Email,EMAIL-Reactivation,3
10784,3596,2026-04-08 16:48:00,Startup,Paid Search,PS-NonBrand,1
10785,3596,2026-04-08 22:48:00,Startup,Paid Search,PS-NonBrand,2
10786,3596,2026-04-11 12:38:00,Startup,Organic Search,SEO-Content,3
10787,3596,2026-04-19 17:17:00,Startup,Paid Search,PS-NonBrand,4
10788,3596,2026-04-22 16:39:00,Startup,Display,DISPLAY-Retargeting,5
10789,3597,2026-03-14 04:12:00,Startup,Referral,REF-Partner,1
10790,3597,2026-03-31 05:46:00,Startup,Referral,REF-Customer,2
10791,3598,2026-05-11 07:47:00,SMB,Organic Search,SEO-Content,1
10792,3598,2026-05-17 21:40:00,SMB,Referral,REF-Partner,2
10793,3598,2026-05-19 14:04:00,SMB,Paid Search,PS-NonBrand,3
10794,3598,2026-05-25 10:51:00,SMB,Referral,REF-Partner,4
10795,3598,2026-06-04 03:17:00,SMB,Paid Social,META-Retargeting,5
10796,3599,2025-12-21 10:04:00,Startup,Referral,REF-Customer,1
10797,3600,2026-04-05 19:49:00,SMB,Paid Search,PS-NonBrand,1
10798,3600,2026-04-21 05:36:00,SMB,Paid Search,PS-NonBrand,2
10799,3601,2026-05-12 06:30:00,Freelancer,Paid Search,PS-NonBrand,1
10800,3602,2026-07-01 10:37:00,SMB,Paid Search,PS-NonBrand,1
10801,3603,2026-04-01 23:18:00,Freelancer,Paid Search,PS-Brand,1
10802,3603,2026-04-20 22:54:00,Freelancer,Paid Social,META-Retargeting,2
10803,3603,2026-04-26 23:03:00,Freelancer,Paid Social,META-Prospecting,3
10804,3603,2026-04-27 15:13:00,Freelancer,Referral,REF-Customer,4
10805,3604,2026-10-25 05:14:00,Startup,Paid Search,PS-NonBrand,1
10806,3604,2026-10-28 16:05:00,Startup,Paid Search,PS-Brand,2
10807,3604,2026-10-28 17:48:00,Startup,Referral,REF-Partner,3
10808,3605,2026-10-01 15:01:00,SMB,Referral,REF-Partner,1
10809,3606,2025-11-25 17:42:00,SMB,Paid Social,META-Retargeting,1
10810,3607,2025-11-04 04:13:00,Freelancer,Email,EMAIL-Nurture,1
10811,3607,2025-11-20 14:11:00,Freelancer,Display,DISPLAY-Retargeting,2
10812,3607,2025-11-21 19:19:00,Freelancer,Paid Social,META-Retargeting,3
10813,3608,2026-04-08 10:26:00,Freelancer,Email,EMAIL-Reactivation,1
10814,3608,2026-04-08 14:29:00,Freelancer,Referral,REF-Customer,2
10815,3608,2026-04-21 14:03:00,Freelancer,Paid Search,PS-NonBrand,3
10816,3608,2026-04-22 07:11:00,Freelancer,Referral,REF-Customer,4
10817,3608,2026-04-26 07:09:00,Freelancer,Email,EMAIL-Nurture,5
10818,3609,2026-07-30 12:30:00,Startup,Referral,REF-Partner,1
10819,3609,2026-08-01 02:01:00,Startup,Paid Social,META-Retargeting,2
10820,3609,2026-08-17 04:44:00,Startup,Organic Search,SEO-Product,3
10821,3610,2026-04-08 10:58:00,SMB,Email,EMAIL-Nurture,1
10822,3610,2026-04-12 21:39:00,SMB,Paid Search,PS-Brand,2
10823,3610,2026-04-22 02:41:00,SMB,Paid Social,META-Prospecting,3
10824,3610,2026-04-24 19:57:00,SMB,Organic Search,SEO-Content,4
10825,3610,2026-05-04 19:52:00,SMB,Organic Search,SEO-Content,5
10826,3611,2025-12-27 09:16:00,Startup,Paid Social,META-Retargeting,1
10827,3611,2026-01-11 15:52:00,Startup,Paid Social,META-Retargeting,2
10828,3611,2026-01-16 05:35:00,Startup,Referral,REF-Customer,3
10829,3611,2026-01-16 18:15:00,Startup,Paid Search,PS-NonBrand,4
10830,3612,2026-05-02 22:58:00,SMB,Display,DISPLAY-Retargeting,1
10831,3612,2026-05-11 01:52:00,SMB,Email,EMAIL-Reactivation,2
10832,3612,2026-05-17 19:09:00,SMB,Display,DISPLAY-Prospecting,3
10833,3613,2026-09-11 11:20:00,Startup,Paid Social,META-Retargeting,1
10834,3613,2026-09-18 07:39:00,Startup,Paid Search,PS-NonBrand,2
10835,3613,2026-09-25 09:54:00,Startup,Referral,REF-Customer,3
10836,3613,2026-09-25 15:34:00,Startup,Paid Search,PS-NonBrand,4
10837,3613,2026-10-06 04:35:00,Startup,Paid Social,META-Prospecting,5
10838,3614,2025-12-26 15:41:00,SMB,Referral,REF-Customer,1
10839,3615,2026-03-22 22:12:00,Freelancer,Paid Social,META-Retargeting,1
10840,3615,2026-04-06 10:33:00,Freelancer,Paid Search,PS-Brand,2
10841,3616,2026-06-01 08:06:00,Startup,Referral,REF-Customer,1
10842,3616,2026-06-05 12:51:00,Startup,Organic Search,SEO-Product,2
10843,3616,2026-06-08 04:21:00,Startup,Display,DISPLAY-Retargeting,3
10844,3616,2026-06-10 20:52:00,Startup,Paid Social,META-Prospecting,4
10845,3616,2026-06-11 15:01:00,Startup,Paid Social,META-Prospecting,5
10846,3617,2026-03-08 13:45:00,SMB,Email,EMAIL-Nurture,1
10847,3617,2026-03-10 13:17:00,SMB,Paid Social,META-Retargeting,2
10848,3617,2026-03-13 22:05:00,SMB,Organic Search,SEO-Product,3
10849,3618,2025-10-25 15:26:00,Startup,Paid Social,META-Prospecting,1
10850,3618,2025-10-30 11:35:00,Startup,Paid Search,PS-Brand,2
10851,3618,2025-11-13 05:18:00,Startup,Referral,REF-Partner,3
10852,3619,2026-06-05 11:01:00,SMB,Display,DISPLAY-Prospecting,1
10853,3619,2026-06-16 01:01:00,SMB,Referral,REF-Customer,2
10854,3620,2026-06-29 05:18:00,SMB,Organic Search,SEO-Product,1
10855,3620,2026-07-11 04:26:00,SMB,Organic Search,SEO-Content,2
10856,3621,2026-05-28 22:38:00,SMB,Paid Search,PS-NonBrand,1
10857,3621,2026-06-07 02:20:00,SMB,Referral,REF-Customer,2
10858,3621,2026-06-21 15:26:00,SMB,Paid Search,PS-NonBrand,3
10859,3622,2026-06-13 14:26:00,SMB,Paid Social,META-Retargeting,1
10860,3622,2026-06-19 16:16:00,SMB,Referral,REF-Partner,2
10861,3622,2026-06-23 23:17:00,SMB,Display,DISPLAY-Prospecting,3
10862,3623,2026-05-29 07:39:00,SMB,Organic Search,SEO-Content,1
10863,3623,2026-05-30 11:42:00,SMB,Paid Social,META-Retargeting,2
10864,3623,2026-06-05 03:45:00,SMB,Email,EMAIL-Nurture,3
10865,3623,2026-06-05 10:31:00,SMB,Referral,REF-Customer,4
10866,3624,2026-01-31 00:58:00,Startup,Email,EMAIL-Nurture,1
10867,3624,2026-02-11 15:52:00,Startup,Paid Social,META-Prospecting,2
10868,3624,2026-02-21 20:23:00,Startup,Paid Search,PS-NonBrand,3
10869,3625,2025-10-11 14:57:00,Startup,Email,EMAIL-Nurture,1
10870,3626,2026-10-03 01:46:00,SMB,Paid Search,PS-NonBrand,1
10871,3627,2025-12-16 19:14:00,Freelancer,Organic Search,SEO-Content,1
10872,3627,2026-01-05 02:22:00,Freelancer,Paid Social,META-Retargeting,2
10873,3627,2026-01-07 16:35:00,Freelancer,Paid Search,PS-NonBrand,3
10874,3628,2026-08-06 09:44:00,Freelancer,Email,EMAIL-Reactivation,1
10875,3628,2026-08-13 04:13:00,Freelancer,Display,DISPLAY-Retargeting,2
10876,3628,2026-08-19 19:58:00,Freelancer,Email,EMAIL-Reactivation,3
10877,3628,2026-08-21 09:14:00,Freelancer,Display,DISPLAY-Retargeting,4
10878,3629,2026-04-16 02:38:00,SMB,Organic Search,SEO-Content,1
10879,3629,2026-04-24 12:30:00,SMB,Display,DISPLAY-Retargeting,2
10880,3629,2026-05-01 09:21:00,SMB,Paid Search,PS-NonBrand,3
10881,3629,2026-05-04 06:04:00,SMB,Email,EMAIL-Reactivation,4
10882,3629,2026-05-04 20:35:00,SMB,Referral,REF-Customer,5
10883,3630,2026-04-18 02:42:00,SMB,Email,EMAIL-Reactivation,1
10884,3630,2026-04-22 23:47:00,SMB,Display,DISPLAY-Retargeting,2
10885,3630,2026-04-23 23:22:00,SMB,Organic Search,SEO-Product,3
10886,3630,2026-04-29 16:09:00,SMB,Paid Search,PS-NonBrand,4
10887,3631,2025-10-26 15:14:00,Freelancer,Display,DISPLAY-Prospecting,1
10888,3631,2025-11-01 23:13:00,Freelancer,Email,EMAIL-Nurture,2
10889,3632,2026-10-03 14:34:00,SMB,Organic Search,SEO-Content,1
10890,3632,2026-10-12 23:15:00,SMB,Paid Search,PS-Brand,2
10891,3632,2026-10-17 22:52:00,SMB,Paid Search,PS-Brand,3
10892,3632,2026-10-23 10:12:00,SMB,Organic Search,SEO-Content,4
10893,3632,2026-10-23 11:06:00,SMB,Paid Search,PS-Brand,5
10894,3633,2026-04-16 11:36:00,SMB,Paid Search,PS-NonBrand,1
10895,3633,2026-05-08 16:40:00,SMB,Paid Social,META-Retargeting,2
10896,3634,2026-08-13 11:33:00,Freelancer,Paid Social,META-Prospecting,1
10897,3634,2026-08-14 13:28:00,Freelancer,Paid Social,META-Prospecting,2
10898,3635,2026-07-12 05:43:00,Startup,Display,DISPLAY-Prospecting,1
10899,3636,2025-11-23 23:55:00,Freelancer,Display,DISPLAY-Prospecting,1
10900,3636,2025-11-29 08:12:00,Freelancer,Organic Search,SEO-Product,2
10901,3636,2025-12-04 17:54:00,Freelancer,Paid Search,PS-Brand,3
10902,3636,2025-12-16 10:36:00,Freelancer,Paid Search,PS-Brand,4
10903,3637,2026-10-06 12:52:00,Freelancer,Email,EMAIL-Nurture,1
10904,3637,2026-10-10 00:54:00,Freelancer,Email,EMAIL-Reactivation,2
10905,3638,2026-05-05 19:58:00,SMB,Paid Search,PS-Brand,1
10906,3638,2026-05-12 19:55:00,SMB,Organic Search,SEO-Content,2
10907,3638,2026-05-23 04:56:00,SMB,Paid Search,PS-Brand,3
10908,3638,2026-05-24 20:45:00,SMB,Paid Social,META-Retargeting,4
10909,3639,2025-12-07 19:29:00,Startup,Paid Social,META-Retargeting,1
10910,3639,2025-12-16 20:44:00,Startup,Referral,REF-Partner,2
10911,3639,2025-12-23 16:43:00,Startup,Referral,REF-Partner,3
10912,3639,2025-12-26 12:42:00,Startup,Display,DISPLAY-Retargeting,4
10913,3639,2026-01-02 11:57:00,Startup,Organic Search,SEO-Product,5
10914,3640,2026-05-19 15:15:00,Startup,Organic Search,SEO-Content,1
10915,3640,2026-05-19 15:27:00,Startup,Paid Search,PS-Brand,2
10916,3640,2026-05-24 23:23:00,Startup,Paid Social,META-Retargeting,3
10917,3640,2026-05-26 01:39:00,Startup,Paid Social,META-Retargeting,4
10918,3641,2026-06-06 03:11:00,SMB,Display,DISPLAY-Retargeting,1
10919,3642,2026-06-03 05:57:00,SMB,Referral,REF-Partner,1
10920,3642,2026-06-03 06:53:00,SMB,Paid Social,META-Retargeting,2
10921,3642,2026-06-08 07:24:00,SMB,Organic Search,SEO-Content,3
10922,3642,2026-06-09 14:19:00,SMB,Paid Search,PS-NonBrand,4
10923,3642,2026-06-20 05:35:00,SMB,Paid Social,META-Retargeting,5
10924,3643,2026-01-26 21:01:00,SMB,Paid Search,PS-Brand,1
10925,3643,2026-02-02 23:21:00,SMB,Paid Social,META-Prospecting,2
10926,3643,2026-02-07 03:55:00,SMB,Paid Search,PS-Brand,3
10927,3643,2026-02-07 21:16:00,SMB,Paid Search,PS-NonBrand,4
10928,3643,2026-02-18 18:49:00,SMB,Paid Search,PS-Brand,5
10929,3644,2026-09-14 17:29:00,Startup,Paid Search,PS-NonBrand,1
10930,3644,2026-09-18 15:32:00,Startup,Paid Social,META-Prospecting,2
10931,3644,2026-09-22 20:18:00,Startup,Organic Search,SEO-Product,3
10932,3644,2026-09-22 22:50:00,Startup,Email,EMAIL-Reactivation,4
10933,3644,2026-09-28 11:24:00,Startup,Display,DISPLAY-Retargeting,5
10934,3645,2026-01-08 01:05:00,Startup,Paid Social,META-Prospecting,1
10935,3645,2026-01-09 07:16:00,Startup,Paid Search,PS-Brand,2
10936,3645,2026-01-12 22:51:00,Startup,Email,EMAIL-Nurture,3
10937,3645,2026-01-17 03:56:00,Startup,Referral,REF-Partner,4
10938,3645,2026-01-17 20:39:00,Startup,Organic Search,SEO-Content,5
10939,3646,2026-04-01 23:30:00,Freelancer,Paid Social,META-Prospecting,1
10940,3646,2026-04-04 22:40:00,Freelancer,Email,EMAIL-Nurture,2
10941,3646,2026-04-08 08:23:00,Freelancer,Display,DISPLAY-Prospecting,3
10942,3646,2026-04-24 16:21:00,Freelancer,Organic Search,SEO-Product,4
10943,3647,2026-08-12 02:20:00,SMB,Paid Social,META-Prospecting,1
10944,3647,2026-08-30 04:13:00,SMB,Email,EMAIL-Reactivation,2
10945,3647,2026-08-30 15:08:00,SMB,Paid Search,PS-Brand,3
10946,3647,2026-08-31 08:56:00,SMB,Referral,REF-Partner,4
10947,3648,2025-11-16 10:26:00,Startup,Referral,REF-Partner,1
10948,3649,2026-02-28 03:11:00,SMB,Paid Search,PS-NonBrand,1
10949,3649,2026-03-23 10:45:00,SMB,Paid Social,META-Retargeting,2
10950,3650,2026-03-29 03:58:00,Freelancer,Display,DISPLAY-Retargeting,1
10951,3651,2026-07-14 20:35:00,Startup,Email,EMAIL-Reactivation,1
10952,3652,2026-07-27 02:16:00,Startup,Organic Search,SEO-Content,1
10953,3652,2026-08-07 22:33:00,Startup,Paid Social,META-Retargeting,2
10954,3653,2026-07-20 08:28:00,SMB,Referral,REF-Partner,1
10955,3653,2026-07-26 17:13:00,SMB,Paid Search,PS-Brand,2
10956,3653,2026-08-01 02:07:00,SMB,Paid Search,PS-Brand,3
10957,3654,2026-02-21 07:39:00,SMB,Email,EMAIL-Nurture,1
10958,3655,2026-04-05 13:30:00,SMB,Organic Search,SEO-Product,1
10959,3655,2026-04-20 12:17:00,SMB,Display,DISPLAY-Prospecting,2
10960,3655,2026-04-26 10:26:00,SMB,Paid Search,PS-Brand,3
10961,3655,2026-04-26 16:57:00,SMB,Referral,REF-Customer,4
10962,3655,2026-04-27 11:35:00,SMB,Referral,REF-Customer,5
10963,3656,2025-10-26 18:47:00,Startup,Email,EMAIL-Nurture,1
10964,3656,2025-10-27 10:06:00,Startup,Email,EMAIL-Nurture,2
10965,3657,2026-07-31 04:23:00,SMB,Display,DISPLAY-Prospecting,1
10966,3657,2026-07-31 14:57:00,SMB,Paid Search,PS-Brand,2
10967,3657,2026-08-03 06:50:00,SMB,Display,DISPLAY-Retargeting,3
10968,3657,2026-08-18 08:53:00,SMB,Organic Search,SEO-Content,4
10969,3657,2026-08-21 02:35:00,SMB,Referral,REF-Customer,5
10970,3658,2026-02-06 03:04:00,Freelancer,Paid Social,META-Prospecting,1
10971,3658,2026-02-07 13:33:00,Freelancer,Paid Social,META-Prospecting,2
10972,3659,2026-03-21 06:19:00,SMB,Paid Social,META-Prospecting,1
10973,3659,2026-04-01 10:50:00,SMB,Paid Search,PS-Brand,2
10974,3659,2026-04-07 21:04:00,SMB,Paid Social,META-Prospecting,3
10975,3659,2026-04-09 00:22:00,SMB,Paid Search,PS-Brand,4
10976,3660,2026-06-08 15:53:00,Startup,Display,DISPLAY-Retargeting,1
10977,3660,2026-06-13 15:01:00,Startup,Email,EMAIL-Nurture,2
10978,3660,2026-07-04 05:06:00,Startup,Referral,REF-Partner,3
10979,3661,2026-07-16 05:16:00,SMB,Paid Social,META-Retargeting,1
10980,3661,2026-07-19 16:30:00,SMB,Paid Social,META-Prospecting,2
10981,3661,2026-07-22 11:03:00,SMB,Organic Search,SEO-Content,3
10982,3661,2026-07-25 23:34:00,SMB,Paid Search,PS-NonBrand,4
10983,3661,2026-08-09 17:28:00,SMB,Organic Search,SEO-Product,5
10984,3662,2025-11-10 14:21:00,SMB,Paid Social,META-Retargeting,1
10985,3662,2025-11-28 05:16:00,SMB,Paid Social,META-Retargeting,2
10986,3663,2026-07-13 23:32:00,Startup,Email,EMAIL-Reactivation,1
10987,3663,2026-07-15 18:33:00,Startup,Referral,REF-Customer,2
10988,3663,2026-07-16 10:58:00,Startup,Paid Search,PS-Brand,3
10989,3663,2026-07-24 00:07:00,Startup,Organic Search,SEO-Content,4
10990,3663,2026-07-31 17:28:00,Startup,Paid Search,PS-Brand,5
10991,3664,2026-03-02 10:41:00,SMB,Referral,REF-Customer,1
10992,3664,2026-03-14 19:19:00,SMB,Paid Search,PS-NonBrand,2
10993,3665,2026-03-17 00:58:00,SMB,Paid Search,PS-NonBrand,1
10994,3665,2026-03-30 15:44:00,SMB,Display,DISPLAY-Retargeting,2
10995,3665,2026-03-31 08:37:00,SMB,Email,EMAIL-Nurture,3
10996,3666,2025-12-12 14:46:00,Startup,Paid Search,PS-Brand,1
10997,3666,2025-12-13 21:20:00,Startup,Paid Social,META-Prospecting,2
10998,3667,2026-07-09 03:55:00,SMB,Organic Search,SEO-Product,1
10999,3667,2026-07-09 18:06:00,SMB,Paid Search,PS-NonBrand,2
11000,3667,2026-07-14 15:54:00,SMB,Display,DISPLAY-Retargeting,3
11001,3667,2026-07-15 23:38:00,SMB,Paid Search,PS-NonBrand,4
11002,3667,2026-07-18 11:51:00,SMB,Referral,REF-Customer,5
11003,3668,2026-03-26 10:40:00,Startup,Paid Social,META-Retargeting,1
11004,3668,2026-04-01 05:44:00,Startup,Paid Social,META-Prospecting,2
11005,3668,2026-04-02 08:59:00,Startup,Display,DISPLAY-Prospecting,3
11006,3668,2026-04-09 12:59:00,Startup,Organic Search,SEO-Product,4
11007,3668,2026-04-21 16:00:00,Startup,Paid Search,PS-NonBrand,5
11008,3669,2025-12-03 22:44:00,Startup,Email,EMAIL-Reactivation,1
11009,3670,2025-11-24 01:17:00,SMB,Paid Social,META-Retargeting,1
11010,3670,2025-11-25 01:01:00,SMB,Paid Search,PS-Brand,2
11011,3670,2025-12-16 19:24:00,SMB,Referral,REF-Customer,3
11012,3670,2025-12-19 01:18:00,SMB,Organic Search,SEO-Product,4
11013,3671,2026-06-26 10:29:00,SMB,Paid Social,META-Retargeting,1
11014,3671,2026-07-11 07:02:00,SMB,Display,DISPLAY-Retargeting,2
11015,3671,2026-07-11 16:22:00,SMB,Paid Social,META-Prospecting,3
11016,3671,2026-07-17 07:32:00,SMB,Paid Search,PS-Brand,4
11017,3671,2026-07-17 10:28:00,SMB,Paid Search,PS-NonBrand,5
11018,3672,2025-11-10 01:37:00,SMB,Paid Search,PS-NonBrand,1
11019,3672,2025-11-16 20:24:00,SMB,Referral,REF-Customer,2
11020,3672,2025-11-19 18:46:00,SMB,Paid Search,PS-NonBrand,3
11021,3672,2025-11-30 19:08:00,SMB,Referral,REF-Partner,4
11022,3672,2025-12-01 20:13:00,SMB,Email,EMAIL-Nurture,5
11023,3673,2026-04-12 15:02:00,SMB,Organic Search,SEO-Content,1
11024,3673,2026-04-22 03:44:00,SMB,Paid Social,META-Retargeting,2
11025,3673,2026-05-04 05:30:00,SMB,Paid Social,META-Retargeting,3
11026,3674,2026-06-17 02:11:00,SMB,Paid Social,META-Retargeting,1
11027,3674,2026-06-20 21:14:00,SMB,Paid Search,PS-NonBrand,2
11028,3674,2026-07-02 15:34:00,SMB,Paid Search,PS-NonBrand,3
11029,3675,2026-09-16 18:24:00,Startup,Referral,REF-Customer,1
11030,3675,2026-09-25 04:38:00,Startup,Paid Social,META-Retargeting,2
11031,3676,2025-11-28 19:33:00,SMB,Paid Search,PS-Brand,1
11032,3677,2026-02-07 19:55:00,Freelancer,Referral,REF-Customer,1
11033,3678,2025-12-07 23:01:00,Startup,Email,EMAIL-Reactivation,1
11034,3678,2025-12-14 21:20:00,Startup,Referral,REF-Customer,2
11035,3679,2026-08-21 07:49:00,SMB,Organic Search,SEO-Content,1
11036,3679,2026-08-25 19:23:00,SMB,Referral,REF-Customer,2
11037,3679,2026-08-26 08:27:00,SMB,Referral,REF-Customer,3
11038,3680,2026-05-06 15:21:00,Startup,Paid Social,META-Retargeting,1
11039,3680,2026-05-08 04:35:00,Startup,Paid Social,META-Prospecting,2
11040,3680,2026-05-28 00:37:00,Startup,Display,DISPLAY-Retargeting,3
11041,3680,2026-05-30 14:34:00,Startup,Email,EMAIL-Reactivation,4
11042,3680,2026-06-03 11:42:00,Startup,Referral,REF-Customer,5
11043,3681,2026-09-27 17:25:00,SMB,Referral,REF-Partner,1
11044,3681,2026-10-11 20:31:00,SMB,Paid Search,PS-Brand,2
11045,3681,2026-10-12 12:28:00,SMB,Referral,REF-Partner,3
11046,3682,2025-10-21 05:07:00,SMB,Referral,REF-Partner,1
11047,3682,2025-10-25 04:42:00,SMB,Referral,REF-Customer,2
11048,3683,2026-06-18 10:56:00,Freelancer,Paid Social,META-Retargeting,1
11049,3683,2026-07-07 08:45:00,Freelancer,Referral,REF-Customer,2
11050,3684,2025-10-15 03:02:00,SMB,Paid Social,META-Prospecting,1
11051,3684,2025-10-26 13:13:00,SMB,Paid Search,PS-NonBrand,2
11052,3684,2025-11-01 13:01:00,SMB,Organic Search,SEO-Product,3
11053,3684,2025-11-01 23:41:00,SMB,Paid Social,META-Prospecting,4
11054,3684,2025-11-10 09:00:00,SMB,Email,EMAIL-Nurture,5
11055,3685,2025-11-11 16:44:00,SMB,Paid Search,PS-Brand,1
11056,3686,2026-03-07 03:46:00,Freelancer,Email,EMAIL-Reactivation,1
11057,3686,2026-03-30 17:01:00,Freelancer,Paid Search,PS-Brand,2
11058,3686,2026-04-01 02:43:00,Freelancer,Referral,REF-Customer,3
11059,3686,2026-04-03 07:17:00,Freelancer,Display,DISPLAY-Retargeting,4
11060,3687,2026-02-13 16:24:00,Freelancer,Email,EMAIL-Nurture,1
11061,3687,2026-02-22 08:22:00,Freelancer,Organic Search,SEO-Product,2
11062,3687,2026-02-23 18:50:00,Freelancer,Referral,REF-Partner,3
11063,3687,2026-03-04 15:49:00,Freelancer,Email,EMAIL-Reactivation,4
11064,3687,2026-03-11 09:12:00,Freelancer,Paid Search,PS-Brand,5
11065,3688,2026-02-13 23:43:00,Startup,Paid Search,PS-NonBrand,1
11066,3688,2026-02-14 05:29:00,Startup,Paid Social,META-Retargeting,2
11067,3688,2026-02-14 19:03:00,Startup,Paid Search,PS-Brand,3
11068,3688,2026-03-09 17:03:00,Startup,Paid Search,PS-Brand,4
11069,3689,2025-10-29 11:16:00,Startup,Paid Social,META-Retargeting,1
11070,3689,2025-11-04 20:25:00,Startup,Paid Social,META-Prospecting,2
11071,3689,2025-11-16 13:13:00,Startup,Display,DISPLAY-Retargeting,3
11072,3689,2025-11-17 16:47:00,Startup,Paid Search,PS-Brand,4
11073,3690,2026-04-18 02:41:00,Startup,Paid Search,PS-Brand,1
11074,3690,2026-04-21 12:24:00,Startup,Paid Social,META-Retargeting,2
11075,3690,2026-04-22 07:59:00,Startup,Paid Search,PS-NonBrand,3
11076,3690,2026-04-28 17:39:00,Startup,Referral,REF-Customer,4
11077,3690,2026-05-16 00:34:00,Startup,Referral,REF-Partner,5
11078,3691,2026-02-02 23:09:00,Startup,Display,DISPLAY-Prospecting,1
11079,3691,2026-02-07 07:06:00,Startup,Email,EMAIL-Nurture,2
11080,3691,2026-02-17 08:30:00,Startup,Paid Social,META-Retargeting,3
11081,3691,2026-02-20 15:42:00,Startup,Referral,REF-Customer,4
11082,3691,2026-02-26 11:37:00,Startup,Referral,REF-Customer,5
11083,3692,2026-09-28 12:16:00,Startup,Organic Search,SEO-Product,1
11084,3692,2026-10-05 10:40:00,Startup,Paid Social,META-Retargeting,2
11085,3692,2026-10-18 06:47:00,Startup,Organic Search,SEO-Product,3
11086,3693,2026-07-25 08:08:00,Freelancer,Paid Social,META-Prospecting,1
11087,3693,2026-07-25 19:13:00,Freelancer,Referral,REF-Customer,2
11088,3694,2026-03-09 08:26:00,Startup,Paid Social,META-Retargeting,1
11089,3694,2026-03-13 06:45:00,Startup,Email,EMAIL-Nurture,2
11090,3694,2026-04-06 06:23:00,Startup,Paid Search,PS-Brand,3
11091,3695,2026-07-17 06:11:00,SMB,Paid Social,META-Prospecting,1
11092,3695,2026-07-19 07:29:00,SMB,Paid Social,META-Retargeting,2
11093,3695,2026-07-31 02:30:00,SMB,Paid Social,META-Retargeting,3
11094,3695,2026-08-01 03:43:00,SMB,Email,EMAIL-Reactivation,4
11095,3696,2026-05-04 06:11:00,SMB,Paid Social,META-Retargeting,1
11096,3697,2026-04-23 23:27:00,SMB,Referral,REF-Customer,1
11097,3698,2026-09-02 13:01:00,SMB,Referral,REF-Customer,1
11098,3698,2026-09-09 08:08:00,SMB,Paid Social,META-Retargeting,2
11099,3698,2026-09-11 10:07:00,SMB,Organic Search,SEO-Product,3
11100,3698,2026-09-16 07:48:00,SMB,Paid Social,META-Prospecting,4
11101,3698,2026-09-18 15:34:00,SMB,Paid Search,PS-Brand,5
11102,3699,2026-05-15 13:50:00,SMB,Paid Social,META-Prospecting,1
11103,3699,2026-05-22 06:12:00,SMB,Organic Search,SEO-Product,2
11104,3699,2026-05-26 03:51:00,SMB,Paid Search,PS-NonBrand,3
11105,3700,2026-03-27 12:54:00,SMB,Referral,REF-Customer,1
11106,3700,2026-03-30 19:29:00,SMB,Paid Search,PS-NonBrand,2
11107,3700,2026-04-11 11:31:00,SMB,Email,EMAIL-Nurture,3
11108,3700,2026-04-24 23:29:00,SMB,Paid Social,META-Retargeting,4
11109,3701,2026-05-04 02:51:00,Freelancer,Paid Search,PS-Brand,1
11110,3701,2026-05-04 16:47:00,Freelancer,Email,EMAIL-Nurture,2
11111,3702,2026-07-13 18:02:00,SMB,Paid Social,META-Prospecting,1
11112,3702,2026-07-17 09:33:00,SMB,Organic Search,SEO-Content,2
11113,3703,2026-07-02 17:34:00,SMB,Paid Search,PS-NonBrand,1
11114,3703,2026-07-27 15:21:00,SMB,Paid Social,META-Retargeting,2
11115,3704,2026-04-20 07:12:00,Freelancer,Referral,REF-Partner,1
11116,3704,2026-04-25 12:02:00,Freelancer,Organic Search,SEO-Product,2
11117,3704,2026-05-02 11:51:00,Freelancer,Organic Search,SEO-Content,3
11118,3704,2026-05-09 08:48:00,Freelancer,Paid Social,META-Prospecting,4
11119,3705,2025-12-04 10:42:00,SMB,Organic Search,SEO-Product,1
11120,3706,2026-06-01 07:20:00,Startup,Paid Social,META-Prospecting,1
11121,3706,2026-06-02 08:39:00,Startup,Paid Search,PS-NonBrand,2
11122,3706,2026-06-04 20:49:00,Startup,Display,DISPLAY-Retargeting,3
11123,3706,2026-06-14 01:47:00,Startup,Paid Social,META-Prospecting,4
11124,3706,2026-06-17 02:32:00,Startup,Referral,REF-Partner,5
11125,3707,2026-03-19 13:10:00,Startup,Paid Search,PS-NonBrand,1
11126,3707,2026-03-28 00:12:00,Startup,Organic Search,SEO-Product,2
11127,3707,2026-03-28 07:39:00,Startup,Paid Search,PS-Brand,3
11128,3707,2026-03-30 03:06:00,Startup,Paid Search,PS-NonBrand,4
11129,3707,2026-04-03 17:36:00,Startup,Paid Social,META-Prospecting,5
11130,3708,2026-10-04 06:07:00,Startup,Paid Social,META-Retargeting,1
11131,3709,2026-09-03 13:56:00,SMB,Referral,REF-Customer,1
11132,3709,2026-09-06 07:34:00,SMB,Email,EMAIL-Nurture,2
11133,3709,2026-09-16 10:16:00,SMB,Email,EMAIL-Nurture,3
11134,3709,2026-09-17 07:35:00,SMB,Paid Social,META-Retargeting,4
11135,3709,2026-09-19 17:16:00,SMB,Paid Search,PS-NonBrand,5
11136,3710,2025-10-02 21:22:00,SMB,Organic Search,SEO-Product,1
11137,3710,2025-10-12 03:33:00,SMB,Paid Search,PS-Brand,2
11138,3710,2025-10-16 02:50:00,SMB,Paid Search,PS-NonBrand,3
11139,3710,2025-10-19 18:56:00,SMB,Paid Search,PS-Brand,4
11140,3710,2025-10-28 13:35:00,SMB,Referral,REF-Customer,5
11141,3711,2026-10-19 20:29:00,Startup,Referral,REF-Partner,1
11142,3711,2026-10-24 01:14:00,Startup,Referral,REF-Customer,2
11143,3712,2026-08-31 04:06:00,SMB,Email,EMAIL-Nurture,1
11144,3712,2026-09-21 21:37:00,SMB,Paid Social,META-Retargeting,2
11145,3713,2026-08-30 05:19:00,SMB,Referral,REF-Partner,1
11146,3713,2026-09-13 16:29:00,SMB,Organic Search,SEO-Content,2
11147,3713,2026-09-14 17:47:00,SMB,Paid Search,PS-Brand,3
11148,3713,2026-09-16 04:17:00,SMB,Paid Social,META-Prospecting,4
11149,3713,2026-09-25 09:02:00,SMB,Paid Search,PS-Brand,5
11150,3714,2026-03-31 15:51:00,SMB,Display,DISPLAY-Prospecting,1
11151,3714,2026-04-05 15:36:00,SMB,Organic Search,SEO-Content,2
11152,3714,2026-04-17 15:34:00,SMB,Referral,REF-Customer,3
11153,3715,2026-01-11 00:56:00,Startup,Paid Search,PS-Brand,1
11154,3715,2026-01-14 01:19:00,Startup,Referral,REF-Customer,2
11155,3715,2026-01-14 11:51:00,Startup,Referral,REF-Customer,3
11156,3715,2026-01-25 20:43:00,Startup,Display,DISPLAY-Retargeting,4
11157,3716,2026-05-11 00:29:00,Startup,Paid Search,PS-Brand,1
11158,3716,2026-05-13 03:40:00,Startup,Paid Search,PS-NonBrand,2
11159,3716,2026-05-15 08:49:00,Startup,Paid Social,META-Retargeting,3
11160,3716,2026-05-20 16:56:00,Startup,Paid Social,META-Retargeting,4
11161,3716,2026-05-31 14:23:00,Startup,Display,DISPLAY-Retargeting,5
11162,3717,2026-08-29 13:46:00,Startup,Paid Social,META-Retargeting,1
11163,3718,2026-03-25 08:14:00,Startup,Referral,REF-Partner,1
11164,3719,2026-10-03 05:23:00,SMB,Referral,REF-Partner,1
11165,3719,2026-10-03 05:29:00,SMB,Referral,REF-Customer,2
11166,3719,2026-10-03 19:27:00,SMB,Paid Search,PS-NonBrand,3
11167,3719,2026-10-17 07:15:00,SMB,Paid Search,PS-NonBrand,4
11168,3719,2026-10-20 11:12:00,SMB,Paid Social,META-Retargeting,5
11169,3720,2026-01-13 02:46:00,Freelancer,Paid Search,PS-Brand,1
11170,3720,2026-01-14 12:51:00,Freelancer,Organic Search,SEO-Content,2
11171,3720,2026-01-18 22:16:00,Freelancer,Email,EMAIL-Reactivation,3
11172,3720,2026-01-20 20:37:00,Freelancer,Paid Social,META-Retargeting,4
11173,3721,2026-08-14 15:51:00,Freelancer,Organic Search,SEO-Product,1
11174,3721,2026-08-16 12:32:00,Freelancer,Paid Social,META-Retargeting,2
11175,3721,2026-08-23 02:41:00,Freelancer,Referral,REF-Customer,3
11176,3721,2026-08-27 20:45:00,Freelancer,Organic Search,SEO-Product,4
11177,3722,2025-11-05 16:09:00,SMB,Organic Search,SEO-Product,1
11178,3723,2026-08-14 20:43:00,Startup,Paid Search,PS-NonBrand,1
11179,3723,2026-08-16 08:32:00,Startup,Display,DISPLAY-Retargeting,2
11180,3723,2026-08-27 02:42:00,Startup,Paid Social,META-Retargeting,3
11181,3724,2026-09-30 07:04:00,SMB,Paid Social,META-Retargeting,1
11182,3724,2026-10-01 01:27:00,SMB,Email,EMAIL-Reactivation,2
11183,3724,2026-10-04 05:04:00,SMB,Email,EMAIL-Reactivation,3
11184,3725,2026-06-30 06:32:00,Freelancer,Organic Search,SEO-Product,1
11185,3725,2026-07-01 06:19:00,Freelancer,Email,EMAIL-Nurture,2
11186,3725,2026-07-11 09:27:00,Freelancer,Referral,REF-Customer,3
11187,3726,2026-06-02 07:37:00,SMB,Paid Social,META-Prospecting,1
11188,3727,2026-03-09 00:00:00,SMB,Organic Search,SEO-Content,1
11189,3727,2026-03-10 13:46:00,SMB,Paid Social,META-Prospecting,2
11190,3727,2026-03-23 22:41:00,SMB,Email,EMAIL-Nurture,3
11191,3728,2026-08-18 18:33:00,Freelancer,Paid Social,META-Prospecting,1
11192,3728,2026-08-19 21:41:00,Freelancer,Paid Search,PS-Brand,2
11193,3728,2026-08-20 22:50:00,Freelancer,Display,DISPLAY-Prospecting,3
11194,3728,2026-08-25 19:02:00,Freelancer,Paid Search,PS-NonBrand,4
11195,3728,2026-08-28 12:54:00,Freelancer,Organic Search,SEO-Content,5
11196,3729,2025-11-21 16:18:00,Startup,Paid Social,META-Retargeting,1
11197,3729,2025-11-26 14:35:00,Startup,Email,EMAIL-Nurture,2
11198,3729,2025-12-06 08:05:00,Startup,Paid Search,PS-NonBrand,3
11199,3729,2025-12-08 15:41:00,Startup,Referral,REF-Partner,4
11200,3729,2025-12-11 20:21:00,Startup,Paid Social,META-Retargeting,5
11201,3730,2026-01-16 23:12:00,SMB,Paid Search,PS-NonBrand,1
11202,3730,2026-02-09 08:40:00,SMB,Paid Social,META-Retargeting,2
11203,3731,2025-12-02 09:21:00,Startup,Organic Search,SEO-Content,1
11204,3732,2026-01-16 21:34:00,Startup,Paid Social,META-Retargeting,1
11205,3732,2026-01-20 00:41:00,Startup,Paid Search,PS-NonBrand,2
11206,3732,2026-01-23 21:53:00,Startup,Paid Social,META-Retargeting,3
11207,3732,2026-02-02 23:35:00,Startup,Paid Social,META-Retargeting,4
11208,3732,2026-02-07 20:35:00,Startup,Paid Social,META-Retargeting,5
11209,3733,2026-04-21 11:31:00,SMB,Paid Search,PS-Brand,1
11210,3733,2026-04-21 22:59:00,SMB,Paid Social,META-Retargeting,2
11211,3733,2026-05-01 02:43:00,SMB,Email,EMAIL-Reactivation,3
11212,3733,2026-05-03 01:18:00,SMB,Referral,REF-Partner,4
11213,3733,2026-05-05 20:20:00,SMB,Referral,REF-Customer,5
11214,3734,2026-02-01 13:20:00,Startup,Paid Social,META-Retargeting,1
11215,3734,2026-02-01 19:19:00,Startup,Display,DISPLAY-Retargeting,2
11216,3734,2026-02-21 22:31:00,Startup,Email,EMAIL-Nurture,3
11217,3735,2026-03-07 03:50:00,Startup,Email,EMAIL-Nurture,1
11218,3735,2026-03-10 14:04:00,Startup,Paid Search,PS-NonBrand,2
11219,3735,2026-03-12 20:56:00,Startup,Email,EMAIL-Reactivation,3
11220,3735,2026-03-18 07:01:00,Startup,Referral,REF-Customer,4
11221,3735,2026-03-20 05:51:00,Startup,Paid Search,PS-Brand,5
11222,3736,2025-12-31 09:03:00,Startup,Paid Social,META-Prospecting,1
11223,3736,2026-01-03 18:05:00,Startup,Display,DISPLAY-Retargeting,2
11224,3736,2026-01-13 09:48:00,Startup,Display,DISPLAY-Retargeting,3
11225,3736,2026-01-21 15:20:00,Startup,Paid Search,PS-NonBrand,4
11226,3736,2026-01-22 14:09:00,Startup,Paid Search,PS-NonBrand,5
11227,3737,2026-02-22 14:50:00,Freelancer,Display,DISPLAY-Retargeting,1
11228,3738,2026-04-04 20:07:00,Startup,Paid Social,META-Retargeting,1
11229,3738,2026-04-16 02:18:00,Startup,Display,DISPLAY-Prospecting,2
11230,3738,2026-04-16 16:11:00,Startup,Email,EMAIL-Reactivation,3
11231,3738,2026-04-22 00:29:00,Startup,Organic Search,SEO-Content,4
11232,3738,2026-04-27 19:22:00,Startup,Paid Search,PS-NonBrand,5
11233,3739,2025-12-24 04:52:00,Startup,Paid Search,PS-NonBrand,1
11234,3739,2026-01-06 14:53:00,Startup,Display,DISPLAY-Retargeting,2
11235,3739,2026-01-09 15:42:00,Startup,Email,EMAIL-Reactivation,3
11236,3739,2026-01-12 16:29:00,Startup,Referral,REF-Partner,4
11237,3739,2026-01-14 06:21:00,Startup,Paid Social,META-Retargeting,5
11238,3740,2026-09-23 02:40:00,Startup,Paid Social,META-Prospecting,1
11239,3740,2026-10-02 19:47:00,Startup,Paid Search,PS-Brand,2
11240,3741,2026-08-30 04:24:00,SMB,Paid Social,META-Prospecting,1
11241,3741,2026-09-04 23:35:00,SMB,Referral,REF-Customer,2
11242,3741,2026-09-08 01:15:00,SMB,Referral,REF-Partner,3
11243,3741,2026-09-17 14:43:00,SMB,Referral,REF-Partner,4
11244,3742,2026-08-17 21:19:00,SMB,Email,EMAIL-Nurture,1
11245,3742,2026-08-29 15:10:00,SMB,Referral,REF-Customer,2
11246,3743,2025-10-02 23:47:00,Freelancer,Paid Social,META-Retargeting,1
11247,3743,2025-10-10 20:24:00,Freelancer,Organic Search,SEO-Product,2
11248,3743,2025-10-12 05:22:00,Freelancer,Referral,REF-Customer,3
11249,3743,2025-10-25 10:35:00,Freelancer,Display,DISPLAY-Prospecting,4
11250,3744,2026-04-02 22:16:00,Startup,Paid Social,META-Retargeting,1
11251,3744,2026-04-22 17:24:00,Startup,Paid Search,PS-Brand,2
11252,3745,2026-07-29 09:32:00,SMB,Organic Search,SEO-Product,1
11253,3746,2026-03-03 18:11:00,SMB,Organic Search,SEO-Content,1
11254,3747,2025-12-25 01:57:00,SMB,Email,EMAIL-Nurture,1
11255,3747,2026-01-01 05:47:00,SMB,Organic Search,SEO-Content,2
11256,3747,2026-01-07 19:30:00,SMB,Paid Social,META-Retargeting,3
11257,3748,2026-05-26 22:22:00,SMB,Display,DISPLAY-Prospecting,1
11258,3749,2025-10-10 18:48:00,SMB,Email,EMAIL-Nurture,1
11259,3749,2025-10-20 11:02:00,SMB,Paid Search,PS-NonBrand,2
11260,3749,2025-10-25 16:13:00,SMB,Referral,REF-Customer,3
11261,3749,2025-10-26 15:05:00,SMB,Paid Search,PS-Brand,4
11262,3750,2026-05-19 22:29:00,Startup,Referral,REF-Customer,1
11263,3750,2026-05-22 16:44:00,Startup,Display,DISPLAY-Retargeting,2
11264,3750,2026-06-08 11:17:00,Startup,Paid Social,META-Prospecting,3
11265,3750,2026-06-09 13:47:00,Startup,Paid Social,META-Retargeting,4
11266,3751,2026-03-28 03:08:00,SMB,Display,DISPLAY-Prospecting,1
11267,3752,2026-06-25 14:37:00,Startup,Paid Search,PS-Brand,1
11268,3752,2026-07-01 05:47:00,Startup,Paid Search,PS-NonBrand,2
11269,3753,2026-06-08 19:19:00,Freelancer,Display,DISPLAY-Prospecting,1
11270,3753,2026-06-23 13:06:00,Freelancer,Paid Search,PS-NonBrand,2
11271,3753,2026-06-23 19:53:00,Freelancer,Organic Search,SEO-Content,3
11272,3753,2026-06-30 10:07:00,Freelancer,Organic Search,SEO-Product,4
11273,3753,2026-07-06 05:59:00,Freelancer,Paid Social,META-Retargeting,5
11274,3754,2026-04-14 12:54:00,Freelancer,Organic Search,SEO-Product,1
11275,3754,2026-04-18 14:39:00,Freelancer,Referral,REF-Customer,2
11276,3754,2026-04-24 20:14:00,Freelancer,Organic Search,SEO-Content,3
11277,3755,2026-05-05 21:17:00,Freelancer,Email,EMAIL-Reactivation,1
11278,3755,2026-05-11 22:01:00,Freelancer,Referral,REF-Partner,2
11279,3755,2026-05-15 07:52:00,Freelancer,Display,DISPLAY-Retargeting,3
11280,3755,2026-05-21 00:57:00,Freelancer,Paid Search,PS-NonBrand,4
11281,3756,2025-10-10 23:02:00,SMB,Referral,REF-Customer,1
11282,3756,2025-10-17 17:07:00,SMB,Display,DISPLAY-Prospecting,2
11283,3756,2025-10-25 18:12:00,SMB,Organic Search,SEO-Content,3
11284,3756,2025-11-07 02:19:00,SMB,Organic Search,SEO-Product,4
11285,3757,2026-10-08 07:45:00,Startup,Paid Social,META-Prospecting,1
11286,3757,2026-10-16 00:11:00,Startup,Paid Social,META-Prospecting,2
11287,3757,2026-10-17 13:22:00,Startup,Paid Social,META-Retargeting,3
11288,3757,2026-10-23 20:39:00,Startup,Paid Social,META-Retargeting,4
11289,3758,2025-11-10 19:05:00,Startup,Referral,REF-Customer,1
11290,3758,2025-11-14 18:51:00,Startup,Organic Search,SEO-Content,2
11291,3758,2025-11-16 03:56:00,Startup,Paid Social,META-Prospecting,3
11292,3758,2025-11-16 19:49:00,Startup,Paid Social,META-Prospecting,4
11293,3758,2025-11-21 00:10:00,Startup,Paid Search,PS-NonBrand,5
11294,3759,2026-10-04 18:51:00,SMB,Referral,REF-Customer,1
11295,3759,2026-10-08 15:22:00,SMB,Paid Social,META-Prospecting,2
11296,3759,2026-10-16 20:43:00,SMB,Email,EMAIL-Nurture,3
11297,3759,2026-10-17 03:05:00,SMB,Display,DISPLAY-Retargeting,4
11298,3759,2026-10-20 18:27:00,SMB,Paid Social,META-Prospecting,5
11299,3760,2026-09-28 07:21:00,Freelancer,Display,DISPLAY-Retargeting,1
11300,3761,2026-06-21 03:18:00,Startup,Paid Search,PS-NonBrand,1
11301,3761,2026-06-25 01:50:00,Startup,Paid Social,META-Prospecting,2
11302,3761,2026-06-27 19:07:00,Startup,Paid Search,PS-NonBrand,3
11303,3762,2026-07-01 08:58:00,Startup,Paid Social,META-Prospecting,1
11304,3762,2026-07-17 08:22:00,Startup,Paid Social,META-Retargeting,2
11305,3762,2026-07-18 03:08:00,Startup,Referral,REF-Customer,3
11306,3763,2025-10-13 21:42:00,SMB,Organic Search,SEO-Content,1
11307,3763,2025-10-22 14:28:00,SMB,Organic Search,SEO-Content,2
11308,3764,2026-09-24 14:00:00,SMB,Paid Search,PS-Brand,1
11309,3765,2026-04-28 11:28:00,Freelancer,Paid Search,PS-NonBrand,1
11310,3765,2026-04-28 14:22:00,Freelancer,Organic Search,SEO-Content,2
11311,3765,2026-04-29 11:30:00,Freelancer,Paid Social,META-Retargeting,3
11312,3766,2026-02-05 00:57:00,SMB,Organic Search,SEO-Content,1
11313,3766,2026-02-11 11:40:00,SMB,Referral,REF-Customer,2
11314,3766,2026-02-15 15:35:00,SMB,Paid Search,PS-Brand,3
11315,3766,2026-02-22 01:51:00,SMB,Paid Social,META-Retargeting,4
11316,3767,2026-06-21 01:00:00,SMB,Referral,REF-Partner,1
11317,3768,2026-04-16 13:19:00,Startup,Paid Search,PS-NonBrand,1
11318,3768,2026-04-18 22:17:00,Startup,Referral,REF-Customer,2
11319,3768,2026-04-30 22:45:00,Startup,Referral,REF-Customer,3
11320,3768,2026-05-04 20:02:00,Startup,Referral,REF-Partner,4
11321,3768,2026-05-09 06:26:00,Startup,Referral,REF-Customer,5
11322,3769,2026-02-12 20:25:00,Startup,Organic Search,SEO-Content,1
11323,3769,2026-02-17 02:13:00,Startup,Organic Search,SEO-Content,2
11324,3770,2026-02-02 13:21:00,SMB,Paid Social,META-Retargeting,1
11325,3770,2026-02-13 18:10:00,SMB,Organic Search,SEO-Product,2
11326,3771,2025-11-16 06:48:00,SMB,Paid Search,PS-NonBrand,1
11327,3771,2025-11-20 08:01:00,SMB,Display,DISPLAY-Retargeting,2
11328,3771,2025-11-27 18:17:00,SMB,Paid Search,PS-NonBrand,3
11329,3771,2025-12-08 08:07:00,SMB,Paid Search,PS-Brand,4
11330,3771,2025-12-10 22:43:00,SMB,Paid Search,PS-NonBrand,5
11331,3772,2026-08-30 07:07:00,Startup,Paid Social,META-Prospecting,1
11332,3772,2026-09-06 02:04:00,Startup,Paid Search,PS-Brand,2
11333,3772,2026-09-07 22:14:00,Startup,Referral,REF-Customer,3
11334,3772,2026-09-26 11:39:00,Startup,Paid Search,PS-Brand,4
11335,3772,2026-09-26 21:49:00,Startup,Paid Search,PS-NonBrand,5
11336,3773,2026-06-01 19:56:00,Freelancer,Email,EMAIL-Nurture,1
11337,3773,2026-06-08 10:47:00,Freelancer,Paid Search,PS-NonBrand,2
11338,3773,2026-06-11 14:52:00,Freelancer,Paid Social,META-Retargeting,3
11339,3773,2026-06-13 03:35:00,Freelancer,Referral,REF-Partner,4
11340,3774,2026-01-20 23:12:00,SMB,Display,DISPLAY-Retargeting,1
11341,3774,2026-01-25 10:02:00,SMB,Paid Search,PS-Brand,2
11342,3774,2026-02-12 12:13:00,SMB,Paid Social,META-Retargeting,3
11343,3775,2026-06-27 10:49:00,Startup,Paid Social,META-Prospecting,1
11344,3776,2026-06-21 18:50:00,SMB,Email,EMAIL-Reactivation,1
11345,3776,2026-06-29 21:14:00,SMB,Paid Social,META-Retargeting,2
11346,3776,2026-07-02 05:21:00,SMB,Paid Search,PS-NonBrand,3
11347,3776,2026-07-03 01:22:00,SMB,Email,EMAIL-Nurture,4
11348,3776,2026-07-08 06:01:00,SMB,Email,EMAIL-Reactivation,5
11349,3777,2025-12-01 22:01:00,Startup,Paid Social,META-Retargeting,1
11350,3777,2025-12-13 17:42:00,Startup,Email,EMAIL-Nurture,2
11351,3777,2025-12-20 21:15:00,Startup,Paid Social,META-Retargeting,3
11352,3778,2025-12-21 21:10:00,Startup,Paid Social,META-Prospecting,1
11353,3778,2025-12-27 15:25:00,Startup,Paid Search,PS-NonBrand,2
11354,3778,2025-12-28 11:09:00,Startup,Paid Search,PS-NonBrand,3
11355,3778,2025-12-30 15:04:00,Startup,Paid Social,META-Retargeting,4
11356,3778,2025-12-31 21:38:00,Startup,Email,EMAIL-Nurture,5
11357,3779,2025-12-30 06:27:00,Freelancer,Display,DISPLAY-Prospecting,1
11358,3779,2026-01-12 16:50:00,Freelancer,Paid Social,META-Retargeting,2
11359,3780,2025-11-10 21:36:00,Startup,Email,EMAIL-Nurture,1
11360,3780,2025-11-12 18:20:00,Startup,Paid Search,PS-NonBrand,2
11361,3780,2025-11-25 00:24:00,Startup,Paid Social,META-Retargeting,3
11362,3781,2026-07-28 23:14:00,SMB,Paid Social,META-Prospecting,1
11363,3781,2026-08-17 23:10:00,SMB,Display,DISPLAY-Retargeting,2
11364,3781,2026-08-20 22:43:00,SMB,Referral,REF-Partner,3
11365,3781,2026-08-21 10:08:00,SMB,Organic Search,SEO-Product,4
11366,3782,2025-12-02 23:32:00,SMB,Paid Social,META-Prospecting,1
11367,3782,2025-12-17 23:39:00,SMB,Paid Search,PS-Brand,2
11368,3783,2026-07-25 19:24:00,Startup,Paid Search,PS-NonBrand,1
11369,3783,2026-08-11 19:04:00,Startup,Paid Search,PS-Brand,2
11370,3784,2026-04-14 11:45:00,SMB,Paid Search,PS-NonBrand,1
11371,3784,2026-04-16 22:01:00,SMB,Email,EMAIL-Nurture,2
11372,3784,2026-04-18 15:29:00,SMB,Paid Search,PS-Brand,3
11373,3784,2026-04-23 08:54:00,SMB,Referral,REF-Customer,4
11374,3784,2026-05-05 18:37:00,SMB,Paid Search,PS-Brand,5
11375,3785,2025-11-24 20:03:00,Startup,Referral,REF-Partner,1
11376,3785,2025-11-27 14:38:00,Startup,Organic Search,SEO-Content,2
11377,3785,2025-12-11 03:10:00,Startup,Paid Search,PS-NonBrand,3
11378,3786,2026-08-26 11:35:00,SMB,Referral,REF-Customer,1
11379,3787,2025-12-19 13:55:00,SMB,Paid Search,PS-Brand,1
11380,3787,2025-12-22 16:11:00,SMB,Referral,REF-Customer,2
11381,3787,2025-12-25 23:47:00,SMB,Paid Search,PS-Brand,3
11382,3788,2026-10-11 00:00:00,Startup,Referral,REF-Customer,1
11383,3788,2026-10-16 02:36:00,Startup,Referral,REF-Customer,2
11384,3788,2026-10-17 11:47:00,Startup,Email,EMAIL-Nurture,3
11385,3788,2026-10-27 01:20:00,Startup,Paid Social,META-Retargeting,4
11386,3789,2025-10-09 02:15:00,Startup,Paid Social,META-Prospecting,1
11387,3789,2025-10-10 10:01:00,Startup,Paid Search,PS-Brand,2
11388,3789,2025-10-15 00:23:00,Startup,Organic Search,SEO-Product,3
11389,3789,2025-10-15 20:49:00,Startup,Paid Search,PS-NonBrand,4
11390,3789,2025-10-30 12:21:00,Startup,Email,EMAIL-Reactivation,5
11391,3790,2026-05-17 13:49:00,Freelancer,Paid Social,META-Retargeting,1
11392,3790,2026-05-21 13:43:00,Freelancer,Email,EMAIL-Reactivation,2
11393,3790,2026-05-25 14:15:00,Freelancer,Paid Search,PS-NonBrand,3
11394,3790,2026-06-02 02:44:00,Freelancer,Paid Search,PS-NonBrand,4
11395,3790,2026-06-12 10:33:00,Freelancer,Paid Social,META-Retargeting,5
11396,3791,2026-02-02 12:32:00,SMB,Paid Search,PS-Brand,1
11397,3791,2026-02-16 19:57:00,SMB,Paid Search,PS-NonBrand,2
11398,3792,2026-04-13 21:53:00,SMB,Paid Social,META-Prospecting,1
11399,3792,2026-04-21 03:28:00,SMB,Paid Social,META-Retargeting,2
11400,3792,2026-05-10 14:24:00,SMB,Organic Search,SEO-Product,3
11401,3793,2026-08-05 01:56:00,SMB,Email,EMAIL-Reactivation,1
11402,3793,2026-08-07 00:02:00,SMB,Email,EMAIL-Reactivation,2
11403,3794,2026-07-16 12:13:00,SMB,Email,EMAIL-Reactivation,1
11404,3794,2026-07-21 23:14:00,SMB,Referral,REF-Partner,2
11405,3794,2026-07-25 14:05:00,SMB,Referral,REF-Customer,3
11406,3795,2026-01-15 12:20:00,Startup,Display,DISPLAY-Prospecting,1
11407,3795,2026-01-19 20:44:00,Startup,Paid Search,PS-Brand,2
11408,3796,2025-10-28 07:10:00,SMB,Paid Social,META-Retargeting,1
11409,3797,2026-01-30 07:09:00,SMB,Paid Social,META-Retargeting,1
11410,3798,2026-08-13 10:39:00,Freelancer,Organic Search,SEO-Product,1
11411,3798,2026-08-13 23:57:00,Freelancer,Organic Search,SEO-Content,2
11412,3799,2026-04-23 16:00:00,SMB,Organic Search,SEO-Content,1
11413,3799,2026-04-30 05:07:00,SMB,Paid Search,PS-Brand,2
11414,3799,2026-05-02 10:10:00,SMB,Organic Search,SEO-Product,3
11415,3799,2026-05-06 16:43:00,SMB,Paid Social,META-Prospecting,4
11416,3800,2026-07-13 16:43:00,SMB,Email,EMAIL-Reactivation,1
11417,3800,2026-08-01 01:54:00,SMB,Referral,REF-Customer,2
11418,3801,2026-03-31 11:12:00,Freelancer,Paid Search,PS-Brand,1
11419,3801,2026-04-05 16:28:00,Freelancer,Email,EMAIL-Nurture,2
11420,3801,2026-04-19 23:41:00,Freelancer,Display,DISPLAY-Prospecting,3
11421,3802,2026-04-30 09:41:00,Startup,Referral,REF-Partner,1
11422,3803,2025-10-24 09:18:00,SMB,Paid Social,META-Prospecting,1
11423,3803,2025-10-29 23:02:00,SMB,Paid Search,PS-NonBrand,2
11424,3803,2025-11-17 08:57:00,SMB,Referral,REF-Customer,3
11425,3804,2025-10-26 01:29:00,Freelancer,Referral,REF-Customer,1
11426,3805,2026-06-24 22:43:00,Startup,Referral,REF-Partner,1
11427,3805,2026-06-25 23:56:00,Startup,Paid Search,PS-NonBrand,2
11428,3806,2025-12-20 09:06:00,SMB,Paid Search,PS-Brand,1
11429,3806,2025-12-22 22:45:00,SMB,Paid Social,META-Retargeting,2
11430,3806,2025-12-27 18:39:00,SMB,Email,EMAIL-Nurture,3
11431,3806,2025-12-29 14:49:00,SMB,Organic Search,SEO-Product,4
11432,3806,2026-01-03 01:55:00,SMB,Display,DISPLAY-Retargeting,5
11433,3807,2026-02-21 21:34:00,SMB,Referral,REF-Partner,1
11434,3807,2026-03-01 04:24:00,SMB,Paid Social,META-Prospecting,2
11435,3807,2026-03-02 06:18:00,SMB,Email,EMAIL-Nurture,3
11436,3807,2026-03-05 18:42:00,SMB,Organic Search,SEO-Product,4
11437,3808,2026-02-13 21:26:00,Freelancer,Paid Search,PS-Brand,1
11438,3808,2026-03-12 10:06:00,Freelancer,Paid Search,PS-NonBrand,2
11439,3808,2026-03-13 08:04:00,Freelancer,Referral,REF-Customer,3
11440,3808,2026-03-13 18:11:00,Freelancer,Organic Search,SEO-Content,4
11441,3809,2026-05-30 16:57:00,SMB,Organic Search,SEO-Content,1
11442,3810,2026-09-23 16:48:00,Startup,Paid Search,PS-Brand,1
11443,3811,2026-07-12 21:54:00,SMB,Paid Social,META-Retargeting,1
11444,3811,2026-07-16 13:33:00,SMB,Paid Social,META-Retargeting,2
11445,3811,2026-07-16 22:06:00,SMB,Organic Search,SEO-Content,3
11446,3812,2026-05-29 12:15:00,SMB,Referral,REF-Partner,1
11447,3812,2026-06-09 00:13:00,SMB,Organic Search,SEO-Content,2
11448,3812,2026-06-09 10:22:00,SMB,Email,EMAIL-Reactivation,3
11449,3813,2026-08-02 09:13:00,Freelancer,Referral,REF-Partner,1
11450,3813,2026-08-10 18:03:00,Freelancer,Email,EMAIL-Nurture,2
11451,3813,2026-08-21 17:58:00,Freelancer,Paid Search,PS-NonBrand,3
11452,3813,2026-08-28 02:15:00,Freelancer,Paid Search,PS-NonBrand,4
11453,3814,2026-04-10 06:55:00,Freelancer,Email,EMAIL-Nurture,1
11454,3814,2026-04-10 23:55:00,Freelancer,Display,DISPLAY-Retargeting,2
11455,3814,2026-04-13 00:58:00,Freelancer,Organic Search,SEO-Content,3
11456,3814,2026-04-14 12:51:00,Freelancer,Paid Social,META-Retargeting,4
11457,3814,2026-04-16 06:18:00,Freelancer,Email,EMAIL-Nurture,5
11458,3815,2025-11-24 07:11:00,SMB,Organic Search,SEO-Product,1
11459,3815,2025-11-27 09:15:00,SMB,Email,EMAIL-Nurture,2
11460,3815,2025-11-29 14:35:00,SMB,Paid Social,META-Prospecting,3
11461,3815,2025-12-19 06:30:00,SMB,Paid Social,META-Prospecting,4
11462,3816,2026-03-31 16:03:00,SMB,Paid Search,PS-NonBrand,1
11463,3816,2026-04-10 20:01:00,SMB,Paid Social,META-Retargeting,2
11464,3816,2026-04-16 09:42:00,SMB,Paid Social,META-Retargeting,3
11465,3816,2026-04-21 05:45:00,SMB,Referral,REF-Customer,4
11466,3817,2026-09-23 07:30:00,Startup,Paid Social,META-Retargeting,1
11467,3817,2026-09-29 22:21:00,Startup,Paid Social,META-Retargeting,2
11468,3817,2026-10-09 11:59:00,Startup,Referral,REF-Customer,3
11469,3818,2026-07-21 15:21:00,Startup,Email,EMAIL-Reactivation,1
11470,3818,2026-08-08 00:51:00,Startup,Paid Search,PS-NonBrand,2
11471,3819,2026-03-06 01:27:00,SMB,Email,EMAIL-Reactivation,1
11472,3820,2026-01-31 04:22:00,SMB,Paid Search,PS-NonBrand,1
11473,3820,2026-02-01 19:49:00,SMB,Organic Search,SEO-Content,2
11474,3820,2026-02-14 17:54:00,SMB,Paid Search,PS-Brand,3
11475,3821,2026-09-15 21:00:00,Freelancer,Organic Search,SEO-Content,1
11476,3821,2026-09-17 05:34:00,Freelancer,Paid Search,PS-NonBrand,2
11477,3822,2025-11-05 21:28:00,SMB,Paid Search,PS-NonBrand,1
11478,3822,2025-11-18 18:29:00,SMB,Referral,REF-Customer,2
11479,3822,2025-12-03 13:41:00,SMB,Email,EMAIL-Reactivation,3
11480,3823,2026-09-18 14:41:00,SMB,Paid Social,META-Prospecting,1
11481,3823,2026-09-20 21:28:00,SMB,Display,DISPLAY-Retargeting,2
11482,3824,2026-06-11 04:42:00,SMB,Referral,REF-Customer,1
11483,3824,2026-06-22 16:40:00,SMB,Paid Search,PS-Brand,2
11484,3825,2026-08-03 03:46:00,SMB,Organic Search,SEO-Content,1
11485,3825,2026-08-03 07:57:00,SMB,Organic Search,SEO-Product,2
11486,3826,2026-02-03 02:28:00,Startup,Paid Social,META-Prospecting,1
11487,3827,2026-06-03 16:56:00,SMB,Organic Search,SEO-Product,1
11488,3827,2026-06-07 10:38:00,SMB,Email,EMAIL-Reactivation,2
11489,3827,2026-06-10 06:53:00,SMB,Organic Search,SEO-Product,3
11490,3827,2026-06-11 04:09:00,SMB,Paid Search,PS-NonBrand,4
11491,3828,2026-01-30 13:49:00,Startup,Paid Search,PS-NonBrand,1
11492,3828,2026-02-09 07:39:00,Startup,Paid Search,PS-Brand,2
11493,3829,2025-10-16 22:22:00,SMB,Email,EMAIL-Reactivation,1
11494,3829,2025-10-28 15:12:00,SMB,Email,EMAIL-Reactivation,2
11495,3830,2026-03-21 10:08:00,SMB,Paid Search,PS-Brand,1
11496,3830,2026-03-26 06:02:00,SMB,Organic Search,SEO-Product,2
11497,3830,2026-03-29 17:41:00,SMB,Email,EMAIL-Nurture,3
11498,3831,2026-09-29 11:00:00,Freelancer,Organic Search,SEO-Product,1
11499,3831,2026-10-14 07:34:00,Freelancer,Referral,REF-Customer,2
11500,3831,2026-10-22 01:31:00,Freelancer,Organic Search,SEO-Content,3
11501,3832,2026-01-12 12:41:00,Startup,Referral,REF-Partner,1
11502,3832,2026-01-18 07:09:00,Startup,Paid Search,PS-Brand,2
11503,3832,2026-01-21 19:05:00,Startup,Organic Search,SEO-Product,3
11504,3832,2026-01-21 20:20:00,Startup,Paid Social,META-Retargeting,4
11505,3833,2025-12-18 14:46:00,SMB,Paid Search,PS-Brand,1
11506,3834,2026-09-03 13:54:00,SMB,Paid Social,META-Retargeting,1
11507,3834,2026-09-06 06:01:00,SMB,Paid Search,PS-NonBrand,2
11508,3834,2026-09-19 16:10:00,SMB,Referral,REF-Partner,3
11509,3834,2026-09-25 09:50:00,SMB,Paid Search,PS-NonBrand,4
11510,3835,2026-08-31 08:43:00,Startup,Paid Social,META-Prospecting,1
11511,3835,2026-09-16 13:01:00,Startup,Email,EMAIL-Reactivation,2
11512,3836,2026-08-06 17:19:00,Startup,Paid Social,META-Retargeting,1
11513,3836,2026-08-18 22:11:00,Startup,Email,EMAIL-Nurture,2
11514,3836,2026-08-18 22:55:00,Startup,Paid Social,META-Retargeting,3
11515,3836,2026-08-26 04:59:00,Startup,Paid Search,PS-Brand,4
11516,3837,2026-10-06 02:00:00,Startup,Referral,REF-Customer,1
11517,3837,2026-10-21 09:02:00,Startup,Organic Search,SEO-Content,2
11518,3838,2026-10-15 17:44:00,Startup,Organic Search,SEO-Content,1
11519,3839,2026-09-01 22:09:00,SMB,Organic Search,SEO-Content,1
11520,3839,2026-09-04 21:24:00,SMB,Paid Search,PS-NonBrand,2
11521,3839,2026-09-12 06:22:00,SMB,Paid Search,PS-Brand,3
11522,3839,2026-09-13 13:42:00,SMB,Paid Search,PS-NonBrand,4
11523,3840,2026-10-09 17:26:00,Freelancer,Paid Social,META-Retargeting,1
11524,3841,2026-07-01 12:37:00,SMB,Paid Search,PS-Brand,1
11525,3841,2026-07-06 16:21:00,SMB,Organic Search,SEO-Product,2
11526,3841,2026-07-26 00:28:00,SMB,Referral,REF-Customer,3
11527,3842,2026-02-13 06:25:00,SMB,Paid Search,PS-NonBrand,1
11528,3842,2026-02-13 08:59:00,SMB,Paid Search,PS-NonBrand,2
11529,3843,2026-04-11 06:29:00,Startup,Paid Search,PS-Brand,1
11530,3844,2026-03-06 11:59:00,SMB,Referral,REF-Customer,1
11531,3845,2026-04-17 21:54:00,SMB,Email,EMAIL-Reactivation,1
11532,3845,2026-04-23 05:32:00,SMB,Paid Search,PS-Brand,2
11533,3845,2026-04-25 06:34:00,SMB,Email,EMAIL-Reactivation,3
11534,3845,2026-04-26 11:03:00,SMB,Paid Social,META-Prospecting,4
11535,3845,2026-04-29 22:38:00,SMB,Organic Search,SEO-Content,5
11536,3846,2026-06-16 20:49:00,SMB,Display,DISPLAY-Retargeting,1
11537,3846,2026-06-18 18:52:00,SMB,Paid Search,PS-Brand,2
11538,3846,2026-06-22 12:06:00,SMB,Paid Social,META-Retargeting,3
11539,3846,2026-06-29 20:30:00,SMB,Paid Search,PS-Brand,4
11540,3847,2026-01-12 17:53:00,Startup,Organic Search,SEO-Product,1
11541,3847,2026-01-14 12:32:00,Startup,Display,DISPLAY-Retargeting,2
11542,3847,2026-01-16 00:04:00,Startup,Email,EMAIL-Reactivation,3
11543,3847,2026-01-25 04:31:00,Startup,Paid Social,META-Retargeting,4
11544,3848,2025-10-13 21:57:00,Startup,Email,EMAIL-Nurture,1
11545,3848,2025-10-28 18:44:00,Startup,Paid Search,PS-NonBrand,2
11546,3848,2025-10-28 21:51:00,Startup,Paid Social,META-Retargeting,3
11547,3849,2026-05-17 05:38:00,Startup,Paid Search,PS-NonBrand,1
11548,3849,2026-06-04 02:17:00,Startup,Paid Social,META-Retargeting,2
11549,3850,2026-09-28 07:56:00,SMB,Paid Social,META-Retargeting,1
11550,3850,2026-10-12 03:13:00,SMB,Organic Search,SEO-Product,2
11551,3850,2026-10-13 23:07:00,SMB,Organic Search,SEO-Content,3
11552,3850,2026-10-27 22:28:00,SMB,Paid Search,PS-Brand,4
11553,3851,2026-09-07 01:51:00,SMB,Organic Search,SEO-Product,1
11554,3852,2025-10-20 23:42:00,Freelancer,Organic Search,SEO-Content,1
11555,3852,2025-10-26 19:07:00,Freelancer,Organic Search,SEO-Content,2
11556,3852,2025-10-30 04:42:00,Freelancer,Email,EMAIL-Reactivation,3
11557,3853,2026-05-14 10:12:00,Startup,Organic Search,SEO-Product,1
11558,3854,2026-04-27 16:54:00,Startup,Organic Search,SEO-Product,1
11559,3854,2026-05-10 09:33:00,Startup,Organic Search,SEO-Product,2
11560,3855,2026-03-05 09:26:00,SMB,Referral,REF-Customer,1
11561,3855,2026-03-08 21:24:00,SMB,Display,DISPLAY-Retargeting,2
11562,3855,2026-03-09 05:08:00,SMB,Display,DISPLAY-Prospecting,3
11563,3855,2026-03-11 00:06:00,SMB,Organic Search,SEO-Content,4
11564,3855,2026-03-23 06:21:00,SMB,Referral,REF-Customer,5
11565,3856,2026-06-06 20:42:00,SMB,Referral,REF-Partner,1
11566,3856,2026-06-10 07:37:00,SMB,Referral,REF-Customer,2
11567,3856,2026-06-25 15:19:00,SMB,Paid Search,PS-NonBrand,3
11568,3856,2026-06-29 21:36:00,SMB,Organic Search,SEO-Product,4
11569,3857,2026-03-10 17:09:00,SMB,Display,DISPLAY-Prospecting,1
11570,3857,2026-03-11 05:07:00,SMB,Referral,REF-Customer,2
11571,3857,2026-03-27 06:08:00,SMB,Display,DISPLAY-Retargeting,3
11572,3858,2026-09-13 09:13:00,Startup,Paid Search,PS-NonBrand,1
11573,3858,2026-09-13 15:16:00,Startup,Paid Social,META-Retargeting,2
11574,3858,2026-09-14 05:56:00,Startup,Paid Search,PS-Brand,3
11575,3858,2026-09-19 03:34:00,Startup,Paid Social,META-Prospecting,4
11576,3858,2026-09-22 09:31:00,Startup,Paid Search,PS-Brand,5
11577,3859,2026-08-28 08:23:00,Freelancer,Email,EMAIL-Reactivation,1
11578,3859,2026-09-02 22:45:00,Freelancer,Paid Search,PS-NonBrand,2
11579,3859,2026-09-07 00:27:00,Freelancer,Display,DISPLAY-Retargeting,3
11580,3859,2026-09-10 21:17:00,Freelancer,Paid Search,PS-Brand,4
11581,3859,2026-09-20 21:46:00,Freelancer,Organic Search,SEO-Content,5
11582,3860,2026-05-24 19:28:00,Freelancer,Paid Social,META-Prospecting,1
11583,3860,2026-06-10 10:41:00,Freelancer,Paid Search,PS-Brand,2
11584,3860,2026-06-16 10:21:00,Freelancer,Paid Social,META-Prospecting,3
11585,3860,2026-06-17 08:26:00,Freelancer,Organic Search,SEO-Content,4
11586,3860,2026-06-18 12:59:00,Freelancer,Referral,REF-Customer,5
11587,3861,2026-03-25 16:07:00,SMB,Display,DISPLAY-Retargeting,1
11588,3861,2026-03-27 19:08:00,SMB,Organic Search,SEO-Product,2
11589,3861,2026-04-02 10:28:00,SMB,Paid Social,META-Retargeting,3
11590,3861,2026-04-03 09:37:00,SMB,Email,EMAIL-Reactivation,4
11591,3861,2026-04-05 06:22:00,SMB,Display,DISPLAY-Retargeting,5
11592,3862,2026-05-13 20:12:00,SMB,Email,EMAIL-Reactivation,1
11593,3863,2026-08-29 10:21:00,Startup,Display,DISPLAY-Retargeting,1
11594,3863,2026-09-22 18:22:00,Startup,Paid Social,META-Retargeting,2
11595,3864,2026-01-19 12:02:00,SMB,Paid Search,PS-Brand,1
11596,3864,2026-02-10 02:33:00,SMB,Organic Search,SEO-Product,2
11597,3864,2026-02-12 20:50:00,SMB,Paid Search,PS-NonBrand,3
11598,3864,2026-02-13 10:26:00,SMB,Paid Search,PS-Brand,4
11599,3864,2026-02-15 11:07:00,SMB,Paid Social,META-Retargeting,5
11600,3865,2026-08-17 06:30:00,Startup,Paid Search,PS-Brand,1
11601,3865,2026-08-21 19:45:00,Startup,Display,DISPLAY-Retargeting,2
11602,3866,2026-05-09 03:47:00,Startup,Paid Social,META-Prospecting,1
11603,3866,2026-05-19 18:21:00,Startup,Paid Search,PS-NonBrand,2
11604,3867,2025-11-06 05:23:00,SMB,Paid Social,META-Retargeting,1
11605,3867,2025-11-22 18:54:00,SMB,Email,EMAIL-Nurture,2
11606,3868,2026-07-06 01:33:00,SMB,Referral,REF-Customer,1
11607,3869,2025-12-27 01:53:00,SMB,Display,DISPLAY-Retargeting,1
11608,3869,2026-01-04 23:48:00,SMB,Organic Search,SEO-Content,2
11609,3870,2026-04-28 11:49:00,Startup,Email,EMAIL-Nurture,1
11610,3870,2026-05-04 06:29:00,Startup,Paid Social,META-Retargeting,2
11611,3871,2026-09-17 06:52:00,SMB,Email,EMAIL-Reactivation,1
11612,3871,2026-09-27 01:43:00,SMB,Paid Search,PS-Brand,2
11613,3871,2026-09-28 23:03:00,SMB,Paid Search,PS-NonBrand,3
11614,3871,2026-10-05 05:18:00,SMB,Paid Search,PS-Brand,4
11615,3871,2026-10-08 18:12:00,SMB,Paid Social,META-Retargeting,5
11616,3872,2026-07-14 06:41:00,SMB,Paid Social,META-Retargeting,1
11617,3872,2026-08-03 02:07:00,SMB,Paid Social,META-Prospecting,2
11618,3873,2026-06-13 02:46:00,SMB,Paid Social,META-Prospecting,1
11619,3873,2026-06-15 02:57:00,SMB,Paid Search,PS-NonBrand,2
11620,3873,2026-06-19 13:56:00,SMB,Paid Social,META-Retargeting,3
11621,3873,2026-06-29 15:41:00,SMB,Organic Search,SEO-Product,4
11622,3874,2025-11-03 20:04:00,Startup,Organic Search,SEO-Content,1
11623,3875,2026-08-14 01:48:00,Freelancer,Paid Search,PS-Brand,1
11624,3875,2026-09-01 09:37:00,Freelancer,Email,EMAIL-Reactivation,2
11625,3876,2026-02-04 00:01:00,Freelancer,Email,EMAIL-Nurture,1
11626,3876,2026-02-07 18:03:00,Freelancer,Organic Search,SEO-Product,2
11627,3876,2026-02-23 15:25:00,Freelancer,Email,EMAIL-Reactivation,3
11628,3877,2025-10-19 17:16:00,Freelancer,Paid Social,META-Retargeting,1
11629,3877,2025-10-20 17:40:00,Freelancer,Organic Search,SEO-Product,2
11630,3877,2025-11-10 15:20:00,Freelancer,Display,DISPLAY-Prospecting,3
11631,3877,2025-11-14 08:31:00,Freelancer,Email,EMAIL-Nurture,4
11632,3877,2025-11-15 07:31:00,Freelancer,Organic Search,SEO-Content,5
11633,3878,2026-09-24 21:28:00,SMB,Email,EMAIL-Reactivation,1
11634,3878,2026-09-30 04:04:00,SMB,Paid Social,META-Prospecting,2
11635,3878,2026-10-04 04:32:00,SMB,Paid Search,PS-NonBrand,3
11636,3878,2026-10-13 14:26:00,SMB,Paid Search,PS-Brand,4
11637,3879,2025-12-14 04:10:00,SMB,Organic Search,SEO-Product,1
11638,3879,2025-12-24 07:21:00,SMB,Paid Social,META-Prospecting,2
11639,3880,2026-01-30 10:17:00,Startup,Email,EMAIL-Reactivation,1
11640,3881,2025-11-22 10:36:00,Startup,Display,DISPLAY-Prospecting,1
11641,3881,2025-12-01 06:50:00,Startup,Paid Search,PS-Brand,2
11642,3881,2025-12-10 21:55:00,Startup,Paid Social,META-Retargeting,3
11643,3882,2026-05-19 15:39:00,Startup,Paid Social,META-Retargeting,1
11644,3882,2026-05-28 13:37:00,Startup,Organic Search,SEO-Content,2
11645,3882,2026-05-30 06:36:00,Startup,Organic Search,SEO-Product,3
11646,3882,2026-05-31 04:33:00,Startup,Paid Search,PS-NonBrand,4
11647,3882,2026-06-13 10:38:00,Startup,Organic Search,SEO-Product,5
11648,3883,2026-09-01 10:15:00,SMB,Paid Search,PS-Brand,1
11649,3883,2026-09-09 18:25:00,SMB,Paid Social,META-Prospecting,2
11650,3883,2026-09-09 19:56:00,SMB,Organic Search,SEO-Content,3
11651,3883,2026-09-10 17:19:00,SMB,Paid Search,PS-NonBrand,4
11652,3884,2026-04-13 12:15:00,Freelancer,Paid Social,META-Retargeting,1
11653,3884,2026-04-25 16:24:00,Freelancer,Paid Search,PS-Brand,2
11654,3884,2026-04-26 12:07:00,Freelancer,Email,EMAIL-Nurture,3
11655,3884,2026-05-03 10:11:00,Freelancer,Paid Social,META-Retargeting,4
11656,3884,2026-05-07 14:15:00,Freelancer,Paid Search,PS-Brand,5
11657,3885,2026-08-15 18:48:00,SMB,Paid Search,PS-Brand,1
11658,3885,2026-08-19 09:04:00,SMB,Paid Search,PS-NonBrand,2
11659,3886,2026-09-15 07:39:00,Startup,Email,EMAIL-Reactivation,1
11660,3886,2026-09-15 07:53:00,Startup,Paid Social,META-Retargeting,2
11661,3886,2026-10-01 05:40:00,Startup,Paid Social,META-Prospecting,3
11662,3886,2026-10-02 08:32:00,Startup,Organic Search,SEO-Content,4
11663,3887,2026-08-26 23:48:00,Freelancer,Paid Search,PS-Brand,1
11664,3887,2026-08-30 17:10:00,Freelancer,Paid Social,META-Retargeting,2
11665,3887,2026-09-01 15:30:00,Freelancer,Display,DISPLAY-Retargeting,3
11666,3887,2026-09-07 02:43:00,Freelancer,Email,EMAIL-Nurture,4
11667,3887,2026-09-07 12:28:00,Freelancer,Paid Social,META-Retargeting,5
11668,3888,2025-12-04 21:13:00,Startup,Paid Social,META-Prospecting,1
11669,3888,2025-12-08 10:11:00,Startup,Display,DISPLAY-Retargeting,2
11670,3889,2025-12-27 15:06:00,Startup,Organic Search,SEO-Product,1
11671,3889,2025-12-29 15:22:00,Startup,Referral,REF-Partner,2
11672,3889,2025-12-31 15:43:00,Startup,Display,DISPLAY-Retargeting,3
11673,3889,2026-01-07 23:38:00,Startup,Referral,REF-Customer,4
11674,3889,2026-01-08 00:56:00,Startup,Paid Search,PS-Brand,5
11675,3890,2026-01-29 14:52:00,Startup,Paid Social,META-Retargeting,1
11676,3890,2026-02-07 17:56:00,Startup,Paid Search,PS-Brand,2
11677,3890,2026-02-11 23:22:00,Startup,Referral,REF-Customer,3
11678,3890,2026-02-12 07:45:00,Startup,Paid Social,META-Retargeting,4
11679,3891,2026-06-02 22:01:00,Startup,Paid Search,PS-Brand,1
11680,3891,2026-06-07 22:22:00,Startup,Paid Social,META-Retargeting,2
11681,3892,2026-08-11 18:13:00,Startup,Display,DISPLAY-Retargeting,1
11682,3892,2026-09-01 12:19:00,Startup,Display,DISPLAY-Retargeting,2
11683,3893,2026-01-27 05:08:00,SMB,Paid Search,PS-Brand,1
11684,3894,2026-06-06 06:04:00,SMB,Paid Social,META-Prospecting,1
11685,3894,2026-06-08 03:24:00,SMB,Email,EMAIL-Nurture,2
11686,3894,2026-06-09 10:10:00,SMB,Paid Search,PS-NonBrand,3
11687,3894,2026-06-29 09:46:00,SMB,Organic Search,SEO-Product,4
11688,3895,2025-12-26 13:57:00,Startup,Display,DISPLAY-Retargeting,1
11689,3896,2026-05-11 05:14:00,Startup,Organic Search,SEO-Product,1
11690,3896,2026-05-12 01:51:00,Startup,Paid Social,META-Retargeting,2
11691,3896,2026-05-15 18:31:00,Startup,Paid Social,META-Retargeting,3
11692,3897,2026-07-17 14:16:00,Startup,Email,EMAIL-Reactivation,1
11693,3897,2026-07-17 18:59:00,Startup,Paid Social,META-Prospecting,2
11694,3897,2026-07-18 00:38:00,Startup,Paid Search,PS-Brand,3
11695,3897,2026-07-21 22:33:00,Startup,Email,EMAIL-Nurture,4
11696,3897,2026-08-04 09:31:00,Startup,Referral,REF-Customer,5
11697,3898,2026-03-10 09:35:00,SMB,Organic Search,SEO-Content,1
11698,3898,2026-03-12 13:53:00,SMB,Organic Search,SEO-Product,2
11699,3898,2026-03-19 01:31:00,SMB,Paid Search,PS-Brand,3
11700,3898,2026-03-23 01:56:00,SMB,Referral,REF-Customer,4
11701,3899,2025-11-30 10:07:00,SMB,Display,DISPLAY-Prospecting,1
11702,3899,2025-12-11 07:41:00,SMB,Email,EMAIL-Nurture,2
11703,3899,2025-12-17 04:51:00,SMB,Email,EMAIL-Nurture,3
11704,3899,2025-12-27 00:07:00,SMB,Paid Search,PS-NonBrand,4
11705,3900,2026-03-02 14:32:00,SMB,Organic Search,SEO-Product,1
11706,3900,2026-03-11 20:54:00,SMB,Paid Social,META-Retargeting,2
11707,3901,2026-07-07 05:12:00,Freelancer,Organic Search,SEO-Product,1
11708,3901,2026-07-10 10:17:00,Freelancer,Display,DISPLAY-Retargeting,2
11709,3901,2026-07-11 21:25:00,Freelancer,Referral,REF-Partner,3
11710,3901,2026-07-20 03:21:00,Freelancer,Organic Search,SEO-Content,4
11711,3901,2026-08-01 07:55:00,Freelancer,Referral,REF-Customer,5
11712,3902,2026-09-17 11:49:00,SMB,Organic Search,SEO-Content,1
11713,3902,2026-10-03 20:58:00,SMB,Paid Search,PS-Brand,2
11714,3902,2026-10-05 00:48:00,SMB,Display,DISPLAY-Prospecting,3
11715,3903,2026-05-20 18:04:00,SMB,Paid Search,PS-NonBrand,1
11716,3904,2026-06-17 11:55:00,SMB,Paid Search,PS-NonBrand,1
11717,3904,2026-06-20 18:56:00,SMB,Display,DISPLAY-Retargeting,2
11718,3904,2026-06-30 15:16:00,SMB,Email,EMAIL-Nurture,3
11719,3905,2026-03-11 05:51:00,Startup,Email,EMAIL-Reactivation,1
11720,3905,2026-03-14 11:49:00,Startup,Paid Search,PS-Brand,2
11721,3905,2026-03-21 18:13:00,Startup,Referral,REF-Customer,3
11722,3905,2026-03-31 13:09:00,Startup,Paid Social,META-Retargeting,4
11723,3905,2026-03-31 15:55:00,Startup,Display,DISPLAY-Retargeting,5
11724,3906,2026-09-06 21:08:00,SMB,Organic Search,SEO-Content,1
11725,3906,2026-09-07 09:48:00,SMB,Email,EMAIL-Nurture,2
11726,3906,2026-09-10 03:53:00,SMB,Paid Social,META-Retargeting,3
11727,3906,2026-09-15 09:08:00,SMB,Referral,REF-Customer,4
11728,3906,2026-09-25 23:48:00,SMB,Referral,REF-Partner,5
11729,3907,2026-08-20 13:59:00,Startup,Paid Search,PS-Brand,1
11730,3908,2026-09-22 20:00:00,SMB,Email,EMAIL-Reactivation,1
11731,3908,2026-09-29 15:29:00,SMB,Paid Search,PS-NonBrand,2
11732,3908,2026-10-06 08:48:00,SMB,Paid Search,PS-NonBrand,3
11733,3908,2026-10-10 16:15:00,SMB,Paid Social,META-Retargeting,4
11734,3908,2026-10-18 16:44:00,SMB,Paid Social,META-Retargeting,5
11735,3909,2026-08-13 17:49:00,SMB,Paid Search,PS-Brand,1
11736,3909,2026-08-28 01:33:00,SMB,Paid Search,PS-Brand,2
11737,3909,2026-09-05 07:05:00,SMB,Email,EMAIL-Nurture,3
11738,3910,2026-05-08 04:00:00,SMB,Organic Search,SEO-Product,1
11739,3910,2026-05-13 17:40:00,SMB,Paid Social,META-Retargeting,2
11740,3910,2026-05-17 12:35:00,SMB,Paid Search,PS-Brand,3
11741,3911,2026-09-20 06:10:00,SMB,Paid Social,META-Retargeting,1
11742,3911,2026-09-24 11:59:00,SMB,Paid Social,META-Retargeting,2
11743,3911,2026-09-25 00:28:00,SMB,Paid Social,META-Retargeting,3
11744,3911,2026-09-25 22:21:00,SMB,Paid Social,META-Retargeting,4
11745,3911,2026-10-07 08:27:00,SMB,Paid Social,META-Retargeting,5
11746,3912,2026-05-24 01:11:00,Startup,Paid Social,META-Prospecting,1
11747,3912,2026-06-04 12:16:00,Startup,Paid Search,PS-NonBrand,2
11748,3913,2026-05-17 05:37:00,Freelancer,Paid Search,PS-Brand,1
11749,3913,2026-05-28 08:58:00,Freelancer,Paid Social,META-Retargeting,2
11750,3914,2026-06-06 14:20:00,Startup,Email,EMAIL-Nurture,1
11751,3914,2026-06-12 08:00:00,Startup,Paid Search,PS-NonBrand,2
11752,3914,2026-06-13 23:41:00,Startup,Paid Social,META-Prospecting,3
11753,3914,2026-06-24 21:29:00,Startup,Paid Search,PS-NonBrand,4
11754,3915,2025-12-25 18:40:00,Freelancer,Organic Search,SEO-Product,1
11755,3915,2025-12-29 03:01:00,Freelancer,Email,EMAIL-Reactivation,2
11756,3916,2026-08-03 18:20:00,SMB,Paid Search,PS-NonBrand,1
11757,3916,2026-08-13 13:59:00,SMB,Email,EMAIL-Nurture,2
11758,3916,2026-08-20 15:18:00,SMB,Paid Social,META-Retargeting,3
11759,3916,2026-08-24 13:59:00,SMB,Paid Search,PS-NonBrand,4
11760,3917,2026-02-20 12:09:00,Freelancer,Referral,REF-Partner,1
11761,3918,2026-06-02 21:41:00,SMB,Paid Search,PS-NonBrand,1
11762,3918,2026-06-09 13:02:00,SMB,Organic Search,SEO-Product,2
11763,3918,2026-06-13 10:40:00,SMB,Paid Search,PS-Brand,3
11764,3919,2026-08-05 12:15:00,Startup,Paid Search,PS-NonBrand,1
11765,3920,2025-11-21 20:10:00,Startup,Email,EMAIL-Nurture,1
11766,3920,2025-11-27 09:25:00,Startup,Organic Search,SEO-Content,2
11767,3920,2025-12-02 11:56:00,Startup,Organic Search,SEO-Content,3
11768,3920,2025-12-03 11:14:00,Startup,Email,EMAIL-Nurture,4
11769,3920,2025-12-04 12:11:00,Startup,Email,EMAIL-Reactivation,5
11770,3921,2026-01-20 10:13:00,SMB,Organic Search,SEO-Product,1
11771,3921,2026-01-28 02:34:00,SMB,Email,EMAIL-Reactivation,2
11772,3921,2026-01-29 22:50:00,SMB,Paid Social,META-Prospecting,3
11773,3921,2026-02-05 04:48:00,SMB,Email,EMAIL-Nurture,4
11774,3921,2026-02-11 16:02:00,SMB,Paid Search,PS-NonBrand,5
11775,3922,2026-09-17 07:05:00,SMB,Paid Search,PS-NonBrand,1
11776,3922,2026-09-19 19:25:00,SMB,Referral,REF-Partner,2
11777,3922,2026-10-07 03:34:00,SMB,Organic Search,SEO-Product,3
11778,3922,2026-10-08 19:47:00,SMB,Referral,REF-Customer,4
11779,3923,2026-02-12 22:21:00,SMB,Paid Search,PS-Brand,1
11780,3923,2026-02-14 20:49:00,SMB,Paid Social,META-Prospecting,2
11781,3923,2026-03-02 02:47:00,SMB,Organic Search,SEO-Product,3
11782,3923,2026-03-07 05:42:00,SMB,Email,EMAIL-Reactivation,4
11783,3924,2026-06-04 02:03:00,SMB,Referral,REF-Partner,1
11784,3924,2026-06-12 08:06:00,SMB,Referral,REF-Customer,2
11785,3924,2026-06-15 05:25:00,SMB,Organic Search,SEO-Content,3
11786,3924,2026-06-22 08:27:00,SMB,Email,EMAIL-Nurture,4
11787,3924,2026-06-23 08:13:00,SMB,Email,EMAIL-Reactivation,5
11788,3925,2026-05-01 06:08:00,Startup,Paid Social,META-Retargeting,1
11789,3925,2026-05-19 14:39:00,Startup,Paid Social,META-Retargeting,2
11790,3926,2026-08-29 05:32:00,Freelancer,Organic Search,SEO-Product,1
11791,3926,2026-09-07 04:31:00,Freelancer,Paid Social,META-Retargeting,2
11792,3927,2026-04-12 08:21:00,SMB,Display,DISPLAY-Prospecting,1
11793,3927,2026-05-01 03:30:00,SMB,Referral,REF-Customer,2
11794,3928,2026-03-08 01:08:00,Startup,Email,EMAIL-Reactivation,1
11795,3928,2026-03-23 10:56:00,Startup,Email,EMAIL-Nurture,2
11796,3928,2026-03-24 19:10:00,Startup,Organic Search,SEO-Content,3
11797,3928,2026-03-31 20:34:00,Startup,Display,DISPLAY-Prospecting,4
11798,3929,2025-10-13 02:56:00,Startup,Paid Social,META-Retargeting,1
11799,3930,2026-04-10 23:56:00,SMB,Paid Search,PS-NonBrand,1
11800,3931,2026-05-03 01:29:00,SMB,Paid Social,META-Prospecting,1
11801,3931,2026-05-19 10:45:00,SMB,Paid Search,PS-Brand,2
11802,3931,2026-05-27 21:57:00,SMB,Organic Search,SEO-Product,3
11803,3931,2026-05-31 06:14:00,SMB,Paid Search,PS-Brand,4
11804,3932,2026-06-30 09:45:00,SMB,Paid Search,PS-Brand,1
11805,3933,2026-08-05 11:04:00,Startup,Paid Social,META-Prospecting,1
11806,3934,2026-07-16 15:36:00,SMB,Paid Social,META-Retargeting,1
11807,3934,2026-07-21 08:49:00,SMB,Referral,REF-Customer,2
11808,3935,2026-03-21 12:34:00,SMB,Referral,REF-Customer,1
11809,3935,2026-04-02 01:06:00,SMB,Display,DISPLAY-Retargeting,2
11810,3935,2026-04-08 19:57:00,SMB,Organic Search,SEO-Content,3
11811,3935,2026-04-10 05:27:00,SMB,Paid Search,PS-Brand,4
11812,3936,2025-10-30 06:19:00,SMB,Referral,REF-Partner,1
11813,3936,2025-11-14 02:44:00,SMB,Paid Social,META-Retargeting,2
11814,3936,2025-11-20 13:34:00,SMB,Paid Search,PS-Brand,3
11815,3937,2026-01-04 11:26:00,Freelancer,Paid Search,PS-NonBrand,1
11816,3937,2026-01-23 05:46:00,Freelancer,Paid Social,META-Prospecting,2
11817,3937,2026-01-26 06:22:00,Freelancer,Paid Social,META-Retargeting,3
11818,3937,2026-01-28 06:44:00,Freelancer,Referral,REF-Customer,4
11819,3937,2026-01-28 15:05:00,Freelancer,Paid Social,META-Retargeting,5
11820,3938,2026-02-26 22:37:00,Startup,Organic Search,SEO-Content,1
11821,3938,2026-03-01 23:45:00,Startup,Display,DISPLAY-Retargeting,2
11822,3938,2026-03-03 21:58:00,Startup,Paid Social,META-Prospecting,3
11823,3938,2026-03-17 22:06:00,Startup,Organic Search,SEO-Product,4
11824,3938,2026-03-22 11:55:00,Startup,Referral,REF-Partner,5
11825,3939,2026-09-27 06:00:00,SMB,Display,DISPLAY-Retargeting,1
11826,3939,2026-10-03 14:59:00,SMB,Display,DISPLAY-Retargeting,2
11827,3939,2026-10-10 04:29:00,SMB,Email,EMAIL-Reactivation,3
11828,3939,2026-10-12 19:45:00,SMB,Paid Search,PS-NonBrand,4
11829,3939,2026-10-17 00:28:00,SMB,Paid Social,META-Retargeting,5
11830,3940,2026-07-23 02:43:00,Startup,Paid Social,META-Prospecting,1
11831,3941,2026-08-30 16:15:00,Freelancer,Email,EMAIL-Nurture,1
11832,3941,2026-09-01 03:21:00,Freelancer,Paid Social,META-Prospecting,2
11833,3941,2026-09-04 23:59:00,Freelancer,Paid Search,PS-NonBrand,3
11834,3941,2026-09-05 04:29:00,Freelancer,Display,DISPLAY-Retargeting,4
11835,3941,2026-09-20 10:52:00,Freelancer,Paid Social,META-Retargeting,5
11836,3942,2026-09-29 05:19:00,SMB,Paid Search,PS-NonBrand,1
11837,3942,2026-09-30 10:53:00,SMB,Organic Search,SEO-Content,2
11838,3942,2026-10-04 07:48:00,SMB,Email,EMAIL-Reactivation,3
11839,3942,2026-10-11 08:08:00,SMB,Paid Search,PS-NonBrand,4
11840,3942,2026-10-23 22:22:00,SMB,Organic Search,SEO-Content,5
11841,3943,2025-11-24 17:51:00,SMB,Organic Search,SEO-Product,1
11842,3943,2025-11-27 11:02:00,SMB,Paid Social,META-Retargeting,2
11843,3943,2025-12-14 19:12:00,SMB,Email,EMAIL-Nurture,3
11844,3943,2025-12-17 12:47:00,SMB,Email,EMAIL-Nurture,4
11845,3944,2025-10-26 00:30:00,SMB,Referral,REF-Customer,1
11846,3944,2025-10-27 00:09:00,SMB,Paid Search,PS-NonBrand,2
11847,3944,2025-10-27 10:20:00,SMB,Paid Social,META-Prospecting,3
11848,3944,2025-11-02 20:27:00,SMB,Paid Search,PS-NonBrand,4
11849,3945,2026-05-11 10:43:00,SMB,Email,EMAIL-Nurture,1
11850,3945,2026-05-25 22:27:00,SMB,Paid Search,PS-NonBrand,2
11851,3945,2026-05-26 05:09:00,SMB,Referral,REF-Partner,3
11852,3946,2026-01-13 14:15:00,Startup,Paid Social,META-Prospecting,1
11853,3947,2026-08-16 21:25:00,Startup,Email,EMAIL-Nurture,1
11854,3947,2026-08-20 11:31:00,Startup,Paid Social,META-Retargeting,2
11855,3947,2026-08-23 10:47:00,Startup,Display,DISPLAY-Retargeting,3
11856,3947,2026-08-30 15:57:00,Startup,Email,EMAIL-Nurture,4
11857,3947,2026-09-10 10:12:00,Startup,Paid Social,META-Retargeting,5
11858,3948,2026-04-03 23:45:00,Startup,Referral,REF-Customer,1
11859,3948,2026-04-07 05:47:00,Startup,Paid Social,META-Retargeting,2
11860,3948,2026-04-11 06:15:00,Startup,Paid Search,PS-NonBrand,3
11861,3948,2026-04-14 10:55:00,Startup,Organic Search,SEO-Product,4
11862,3949,2025-10-21 00:15:00,SMB,Paid Social,META-Prospecting,1
11863,3949,2025-10-29 17:26:00,SMB,Paid Search,PS-Brand,2
11864,3950,2025-12-24 15:18:00,Startup,Paid Search,PS-Brand,1
11865,3950,2025-12-26 10:25:00,Startup,Display,DISPLAY-Prospecting,2
11866,3950,2025-12-29 13:57:00,Startup,Paid Search,PS-NonBrand,3
11867,3950,2026-01-08 10:50:00,Startup,Organic Search,SEO-Product,4
11868,3950,2026-01-17 16:34:00,Startup,Email,EMAIL-Nurture,5
11869,3951,2026-02-10 13:47:00,SMB,Email,EMAIL-Nurture,1
11870,3951,2026-02-15 17:24:00,SMB,Email,EMAIL-Reactivation,2
11871,3951,2026-03-02 07:16:00,SMB,Paid Search,PS-NonBrand,3
11872,3952,2025-10-11 07:01:00,SMB,Organic Search,SEO-Product,1
11873,3952,2025-10-27 00:46:00,SMB,Paid Search,PS-Brand,2
11874,3952,2025-10-28 07:59:00,SMB,Email,EMAIL-Reactivation,3
11875,3952,2025-10-31 07:35:00,SMB,Organic Search,SEO-Product,4
11876,3952,2025-11-06 15:08:00,SMB,Organic Search,SEO-Content,5
11877,3953,2026-02-18 22:46:00,SMB,Display,DISPLAY-Retargeting,1
11878,3954,2026-04-26 03:27:00,Freelancer,Paid Social,META-Retargeting,1
11879,3955,2026-08-27 02:55:00,Startup,Referral,REF-Partner,1
11880,3955,2026-08-31 17:08:00,Startup,Paid Social,META-Prospecting,2
11881,3955,2026-09-20 13:36:00,Startup,Paid Social,META-Retargeting,3
11882,3955,2026-09-21 08:29:00,Startup,Organic Search,SEO-Product,4
11883,3956,2026-06-07 22:46:00,Startup,Display,DISPLAY-Retargeting,1
11884,3956,2026-06-24 18:16:00,Startup,Paid Search,PS-NonBrand,2
11885,3957,2025-11-16 10:34:00,Startup,Paid Social,META-Prospecting,1
11886,3957,2025-11-16 13:41:00,Startup,Organic Search,SEO-Product,2
11887,3957,2025-11-22 13:50:00,Startup,Paid Social,META-Retargeting,3
11888,3957,2025-11-24 01:45:00,Startup,Paid Social,META-Retargeting,4
11889,3957,2025-11-26 02:19:00,Startup,Organic Search,SEO-Product,5
11890,3958,2026-03-05 23:23:00,SMB,Email,EMAIL-Reactivation,1
11891,3958,2026-03-10 03:18:00,SMB,Organic Search,SEO-Product,2
11892,3958,2026-03-11 12:12:00,SMB,Paid Search,PS-Brand,3
11893,3958,2026-03-25 00:41:00,SMB,Referral,REF-Customer,4
11894,3959,2026-07-08 21:49:00,SMB,Referral,REF-Partner,1
11895,3959,2026-07-14 12:57:00,SMB,Paid Social,META-Retargeting,2
11896,3959,2026-08-03 19:49:00,SMB,Paid Search,PS-Brand,3
11897,3960,2026-02-23 07:17:00,Startup,Paid Search,PS-Brand,1
11898,3960,2026-03-04 21:56:00,Startup,Email,EMAIL-Nurture,2
11899,3960,2026-03-08 15:03:00,Startup,Email,EMAIL-Reactivation,3
11900,3960,2026-03-11 19:09:00,Startup,Display,DISPLAY-Prospecting,4
11901,3960,2026-03-14 21:01:00,Startup,Email,EMAIL-Reactivation,5
11902,3961,2026-05-10 18:10:00,Freelancer,Email,EMAIL-Reactivation,1
11903,3961,2026-05-10 20:44:00,Freelancer,Referral,REF-Customer,2
11904,3961,2026-05-11 15:09:00,Freelancer,Display,DISPLAY-Retargeting,3
11905,3961,2026-05-20 23:08:00,Freelancer,Paid Search,PS-NonBrand,4
11906,3961,2026-05-21 12:01:00,Freelancer,Paid Search,PS-NonBrand,5
11907,3962,2026-10-10 21:25:00,Startup,Organic Search,SEO-Content,1
11908,3962,2026-10-16 18:49:00,Startup,Referral,REF-Customer,2
11909,3962,2026-10-21 08:55:00,Startup,Paid Search,PS-NonBrand,3
11910,3962,2026-10-22 13:27:00,Startup,Display,DISPLAY-Retargeting,4
11911,3963,2025-11-30 15:55:00,SMB,Paid Search,PS-NonBrand,1
11912,3963,2025-12-02 04:47:00,SMB,Referral,REF-Customer,2
11913,3963,2025-12-12 18:46:00,SMB,Paid Social,META-Retargeting,3
11914,3963,2025-12-16 11:21:00,SMB,Organic Search,SEO-Content,4
11915,3963,2025-12-17 19:38:00,SMB,Email,EMAIL-Nurture,5
11916,3964,2026-04-16 20:57:00,Freelancer,Paid Social,META-Prospecting,1
11917,3965,2026-05-17 09:54:00,SMB,Email,EMAIL-Reactivation,1
11918,3965,2026-05-22 22:49:00,SMB,Paid Search,PS-Brand,2
11919,3965,2026-05-26 04:05:00,SMB,Paid Search,PS-NonBrand,3
11920,3965,2026-06-08 14:19:00,SMB,Organic Search,SEO-Content,4
11921,3966,2026-07-22 05:48:00,SMB,Paid Social,META-Prospecting,1
11922,3966,2026-08-11 08:07:00,SMB,Paid Search,PS-Brand,2
11923,3966,2026-08-11 18:46:00,SMB,Referral,REF-Customer,3
11924,3966,2026-08-12 04:49:00,SMB,Email,EMAIL-Reactivation,4
11925,3967,2026-08-05 10:42:00,SMB,Display,DISPLAY-Prospecting,1
11926,3967,2026-08-09 12:21:00,SMB,Email,EMAIL-Reactivation,2
11927,3967,2026-08-17 11:49:00,SMB,Organic Search,SEO-Content,3
11928,3967,2026-08-18 16:20:00,SMB,Paid Search,PS-Brand,4
11929,3967,2026-08-20 22:22:00,SMB,Paid Search,PS-Brand,5
11930,3968,2026-01-13 22:49:00,SMB,Paid Search,PS-Brand,1
11931,3968,2026-01-17 02:27:00,SMB,Display,DISPLAY-Retargeting,2
11932,3968,2026-02-04 02:38:00,SMB,Paid Search,PS-Brand,3
11933,3968,2026-02-05 09:33:00,SMB,Paid Search,PS-NonBrand,4
11934,3968,2026-02-07 09:49:00,SMB,Paid Social,META-Prospecting,5
11935,3969,2026-03-30 12:12:00,Startup,Organic Search,SEO-Content,1
11936,3969,2026-04-05 04:57:00,Startup,Paid Social,META-Prospecting,2
11937,3970,2026-08-16 06:15:00,Startup,Paid Search,PS-Brand,1
11938,3970,2026-08-26 09:30:00,Startup,Paid Social,META-Retargeting,2
11939,3970,2026-08-29 06:56:00,Startup,Paid Social,META-Retargeting,3
11940,3970,2026-08-29 18:19:00,Startup,Organic Search,SEO-Product,4
11941,3971,2026-08-13 09:03:00,SMB,Paid Search,PS-Brand,1
11942,3971,2026-08-26 14:24:00,SMB,Paid Search,PS-NonBrand,2
11943,3971,2026-08-27 21:12:00,SMB,Referral,REF-Customer,3
11944,3972,2026-08-06 04:31:00,SMB,Display,DISPLAY-Prospecting,1
11945,3972,2026-08-16 09:59:00,SMB,Organic Search,SEO-Product,2
11946,3972,2026-08-19 07:25:00,SMB,Paid Social,META-Retargeting,3
11947,3972,2026-08-22 09:42:00,SMB,Organic Search,SEO-Product,4
11948,3972,2026-08-24 20:00:00,SMB,Referral,REF-Customer,5
11949,3973,2026-06-08 21:44:00,Startup,Organic Search,SEO-Product,1
11950,3973,2026-06-17 21:20:00,Startup,Display,DISPLAY-Retargeting,2
11951,3973,2026-06-20 13:50:00,Startup,Display,DISPLAY-Prospecting,3
11952,3973,2026-06-30 12:11:00,Startup,Organic Search,SEO-Product,4
11953,3974,2026-01-14 15:20:00,SMB,Paid Social,META-Prospecting,1
11954,3974,2026-02-04 22:23:00,SMB,Email,EMAIL-Nurture,2
11955,3975,2026-02-17 07:55:00,SMB,Paid Search,PS-NonBrand,1
11956,3975,2026-02-26 12:30:00,SMB,Paid Search,PS-Brand,2
11957,3975,2026-03-05 09:53:00,SMB,Email,EMAIL-Nurture,3
11958,3975,2026-03-05 20:10:00,SMB,Paid Search,PS-Brand,4
11959,3975,2026-03-11 22:32:00,SMB,Paid Search,PS-NonBrand,5
11960,3976,2026-06-05 08:29:00,SMB,Paid Search,PS-NonBrand,1
11961,3976,2026-06-11 09:51:00,SMB,Paid Social,META-Retargeting,2
11962,3976,2026-06-15 20:17:00,SMB,Paid Search,PS-NonBrand,3
11963,3977,2026-01-14 09:49:00,Freelancer,Email,EMAIL-Reactivation,1
11964,3977,2026-01-25 03:54:00,Freelancer,Paid Social,META-Retargeting,2
11965,3977,2026-01-25 18:04:00,Freelancer,Paid Search,PS-NonBrand,3
11966,3978,2026-06-13 13:05:00,Freelancer,Paid Social,META-Prospecting,1
11967,3978,2026-06-29 02:02:00,Freelancer,Organic Search,SEO-Product,2
11968,3978,2026-06-29 04:38:00,Freelancer,Paid Search,PS-NonBrand,3
11969,3978,2026-07-03 08:34:00,Freelancer,Paid Social,META-Prospecting,4
11970,3979,2026-04-28 21:55:00,SMB,Organic Search,SEO-Content,1
11971,3979,2026-05-03 00:27:00,SMB,Paid Social,META-Prospecting,2
11972,3980,2026-03-14 05:50:00,Startup,Paid Search,PS-NonBrand,1
11973,3980,2026-03-30 18:52:00,Startup,Paid Search,PS-Brand,2
11974,3980,2026-04-06 20:20:00,Startup,Paid Search,PS-NonBrand,3
11975,3981,2026-02-19 04:57:00,Freelancer,Paid Social,META-Prospecting,1
11976,3981,2026-02-27 21:13:00,Freelancer,Paid Social,META-Retargeting,2
11977,3982,2026-07-16 18:29:00,SMB,Paid Search,PS-Brand,1
11978,3982,2026-08-01 20:22:00,SMB,Paid Search,PS-NonBrand,2
11979,3982,2026-08-03 08:26:00,SMB,Referral,REF-Partner,3
11980,3982,2026-08-08 03:23:00,SMB,Paid Social,META-Retargeting,4
11981,3983,2026-04-01 05:31:00,Freelancer,Paid Social,META-Retargeting,1
11982,3984,2026-01-21 18:13:00,Startup,Paid Social,META-Retargeting,1
11983,3984,2026-01-24 05:18:00,Startup,Display,DISPLAY-Prospecting,2
11984,3984,2026-02-04 09:17:00,Startup,Email,EMAIL-Nurture,3
11985,3984,2026-02-09 04:35:00,Startup,Referral,REF-Customer,4
11986,3985,2026-03-01 06:22:00,Startup,Paid Search,PS-NonBrand,1
11987,3986,2026-04-07 16:15:00,Startup,Paid Social,META-Retargeting,1
11988,3986,2026-04-13 00:09:00,Startup,Paid Search,PS-NonBrand,2
11989,3987,2026-05-23 22:21:00,SMB,Paid Social,META-Prospecting,1
11990,3987,2026-05-24 05:06:00,SMB,Referral,REF-Customer,2
11991,3987,2026-05-26 01:25:00,SMB,Organic Search,SEO-Product,3
11992,3987,2026-05-31 10:11:00,SMB,Paid Search,PS-NonBrand,4
11993,3987,2026-06-10 08:37:00,SMB,Referral,REF-Customer,5
11994,3988,2026-10-08 22:16:00,Startup,Paid Social,META-Retargeting,1
11995,3988,2026-10-13 02:53:00,Startup,Paid Social,META-Retargeting,2
11996,3989,2026-02-03 11:34:00,Startup,Paid Search,PS-NonBrand,1
11997,3990,2025-12-18 14:05:00,SMB,Referral,REF-Customer,1
11998,3990,2025-12-19 11:04:00,SMB,Paid Social,META-Retargeting,2
11999,3990,2025-12-20 07:21:00,SMB,Paid Social,META-Retargeting,3
12000,3990,2025-12-22 10:07:00,SMB,Paid Search,PS-NonBrand,4
12001,3990,2025-12-29 23:48:00,SMB,Organic Search,SEO-Content,5
12002,3991,2026-09-26 01:13:00,Startup,Paid Social,META-Prospecting,1
12003,3991,2026-09-28 23:32:00,Startup,Organic Search,SEO-Content,2
12004,3991,2026-10-18 12:10:00,Startup,Paid Social,META-Prospecting,3
12005,3991,2026-10-21 06:03:00,Startup,Paid Social,META-Prospecting,4
12006,3992,2025-12-02 05:26:00,Freelancer,Email,EMAIL-Reactivation,1
12007,3993,2026-08-30 08:01:00,Freelancer,Email,EMAIL-Reactivation,1
12008,3994,2025-12-07 21:44:00,Startup,Email,EMAIL-Reactivation,1
12009,3994,2025-12-12 21:28:00,Startup,Organic Search,SEO-Content,2
12010,3995,2026-02-15 16:20:00,SMB,Display,DISPLAY-Retargeting,1
12011,3995,2026-02-16 23:21:00,SMB,Email,EMAIL-Nurture,2
12012,3995,2026-02-24 16:24:00,SMB,Paid Search,PS-Brand,3
12013,3995,2026-03-05 22:48:00,SMB,Paid Search,PS-Brand,4
12014,3996,2026-10-02 12:02:00,SMB,Paid Social,META-Retargeting,1
12015,3996,2026-10-11 02:15:00,SMB,Organic Search,SEO-Content,2
12016,3996,2026-10-11 06:23:00,SMB,Paid Search,PS-NonBrand,3
12017,3997,2025-12-10 01:11:00,SMB,Paid Social,META-Retargeting,1
12018,3997,2025-12-11 10:49:00,SMB,Referral,REF-Customer,2
12019,3998,2025-11-28 06:03:00,Freelancer,Organic Search,SEO-Product,1
12020,3998,2025-12-19 20:47:00,Freelancer,Display,DISPLAY-Retargeting,2
12021,3999,2026-06-08 05:17:00,Startup,Paid Social,META-Prospecting,1
12022,4000,2025-12-12 13:37:00,Freelancer,Paid Social,META-Prospecting,1
12023,4000,2025-12-30 15:18:00,Freelancer,Paid Social,META-Retargeting,2
12024,4001,2025-10-15 02:54:00,SMB,Referral,REF-Partner,1
12025,4001,2025-10-21 17:41:00,SMB,Paid Search,PS-Brand,2
12026,4001,2025-10-26 05:41:00,SMB,Paid Search,PS-NonBrand,3
12027,4001,2025-11-06 16:01:00,SMB,Paid Search,PS-NonBrand,4
12028,4001,2025-11-07 18:09:00,SMB,Email,EMAIL-Nurture,5
12029,4002,2026-06-12 01:08:00,Freelancer,Organic Search,SEO-Product,1
12030,4002,2026-06-30 20:52:00,Freelancer,Paid Social,META-Retargeting,2
12031,4003,2026-09-19 20:28:00,Freelancer,Referral,REF-Customer,1
12032,4004,2026-07-05 07:24:00,Startup,Paid Social,META-Retargeting,1
12033,4004,2026-07-29 15:52:00,Startup,Referral,REF-Customer,2
12034,4004,2026-07-31 21:41:00,Startup,Paid Search,PS-Brand,3
12035,4004,2026-08-01 19:25:00,Startup,Paid Search,PS-Brand,4
12036,4005,2026-09-24 11:45:00,Freelancer,Paid Social,META-Prospecting,1
12037,4005,2026-10-10 05:22:00,Freelancer,Paid Social,META-Retargeting,2
12038,4005,2026-10-12 03:07:00,Freelancer,Email,EMAIL-Nurture,3
12039,4005,2026-10-13 03:09:00,Freelancer,Organic Search,SEO-Content,4
12040,4005,2026-10-13 05:05:00,Freelancer,Paid Search,PS-Brand,5
12041,4006,2026-04-17 12:37:00,SMB,Organic Search,SEO-Content,1
12042,4006,2026-04-25 10:05:00,SMB,Paid Search,PS-NonBrand,2
12043,4006,2026-05-02 00:23:00,SMB,Paid Social,META-Prospecting,3
12044,4006,2026-05-10 10:04:00,SMB,Organic Search,SEO-Content,4
12045,4007,2026-05-14 04:57:00,SMB,Display,DISPLAY-Prospecting,1
12046,4007,2026-05-15 21:28:00,SMB,Paid Social,META-Retargeting,2
12047,4007,2026-05-18 03:32:00,SMB,Referral,REF-Customer,3
12048,4008,2026-09-29 11:04:00,SMB,Referral,REF-Customer,1
12049,4008,2026-10-02 11:13:00,SMB,Display,DISPLAY-Retargeting,2
12050,4008,2026-10-16 18:44:00,SMB,Paid Search,PS-Brand,3
12051,4009,2026-04-10 14:17:00,SMB,Organic Search,SEO-Product,1
12052,4009,2026-04-19 09:19:00,SMB,Paid Search,PS-NonBrand,2
12053,4009,2026-04-20 10:21:00,SMB,Paid Search,PS-Brand,3
12054,4010,2025-11-04 00:49:00,SMB,Organic Search,SEO-Product,1
12055,4010,2025-11-10 09:45:00,SMB,Paid Social,META-Retargeting,2
12056,4010,2025-11-12 06:13:00,SMB,Organic Search,SEO-Product,3
12057,4011,2026-01-08 01:17:00,Startup,Paid Social,META-Prospecting,1
12058,4011,2026-01-15 11:41:00,Startup,Organic Search,SEO-Product,2
12059,4011,2026-01-21 05:49:00,Startup,Paid Social,META-Prospecting,3
12060,4012,2026-05-30 04:36:00,SMB,Paid Social,META-Retargeting,1
12061,4013,2026-08-11 04:14:00,SMB,Referral,REF-Customer,1
12062,4013,2026-08-11 21:02:00,SMB,Paid Social,META-Retargeting,2
12063,4013,2026-08-19 12:19:00,SMB,Referral,REF-Partner,3
12064,4013,2026-08-26 17:37:00,SMB,Paid Search,PS-NonBrand,4
12065,4013,2026-09-01 07:49:00,SMB,Email,EMAIL-Nurture,5
12066,4014,2026-05-10 23:25:00,SMB,Organic Search,SEO-Content,1
12067,4014,2026-05-15 15:40:00,SMB,Paid Search,PS-Brand,2
12068,4014,2026-06-03 10:44:00,SMB,Paid Social,META-Retargeting,3
12069,4014,2026-06-05 00:12:00,SMB,Paid Search,PS-NonBrand,4
12070,4015,2026-02-28 10:57:00,Startup,Paid Search,PS-NonBrand,1
12071,4015,2026-03-06 07:48:00,Startup,Organic Search,SEO-Content,2
12072,4015,2026-03-20 19:07:00,Startup,Paid Search,PS-Brand,3
12073,4016,2026-02-14 18:36:00,Freelancer,Paid Search,PS-NonBrand,1
12074,4016,2026-02-17 19:08:00,Freelancer,Organic Search,SEO-Product,2
12075,4017,2026-06-17 03:27:00,SMB,Display,DISPLAY-Retargeting,1
12076,4017,2026-06-19 23:46:00,SMB,Paid Search,PS-Brand,2
12077,4017,2026-06-21 13:52:00,SMB,Paid Social,META-Prospecting,3
12078,4017,2026-06-29 17:26:00,SMB,Email,EMAIL-Nurture,4
12079,4017,2026-07-04 14:10:00,SMB,Email,EMAIL-Nurture,5
12080,4018,2026-08-26 12:22:00,Startup,Organic Search,SEO-Product,1
12081,4018,2026-09-07 21:14:00,Startup,Display,DISPLAY-Prospecting,2
12082,4018,2026-09-15 16:18:00,Startup,Referral,REF-Customer,3
12083,4019,2026-01-11 12:28:00,Freelancer,Display,DISPLAY-Prospecting,1
12084,4019,2026-01-15 22:07:00,Freelancer,Paid Social,META-Retargeting,2
12085,4019,2026-01-27 20:43:00,Freelancer,Paid Social,META-Prospecting,3
12086,4019,2026-02-04 01:58:00,Freelancer,Organic Search,SEO-Product,4
12087,4019,2026-02-08 06:52:00,Freelancer,Email,EMAIL-Nurture,5
12088,4020,2026-05-06 07:52:00,Startup,Paid Social,META-Retargeting,1
12089,4020,2026-05-14 02:32:00,Startup,Paid Search,PS-Brand,2
12090,4021,2026-03-18 21:08:00,Startup,Paid Search,PS-NonBrand,1
12091,4021,2026-03-26 00:02:00,Startup,Paid Social,META-Retargeting,2
12092,4021,2026-03-26 08:46:00,Startup,Paid Search,PS-Brand,3
12093,4021,2026-03-30 01:34:00,Startup,Paid Social,META-Retargeting,4
12094,4021,2026-03-31 08:27:00,Startup,Paid Social,META-Retargeting,5
12095,4022,2026-01-14 19:41:00,Startup,Organic Search,SEO-Product,1
12096,4022,2026-01-19 20:11:00,Startup,Paid Search,PS-NonBrand,2
12097,4023,2026-02-28 19:00:00,Freelancer,Referral,REF-Partner,1
12098,4023,2026-03-25 12:26:00,Freelancer,Paid Search,PS-Brand,2
12099,4024,2025-11-05 01:02:00,SMB,Display,DISPLAY-Prospecting,1
12100,4024,2025-11-07 10:12:00,SMB,Paid Search,PS-NonBrand,2
12101,4024,2025-11-19 09:12:00,SMB,Paid Search,PS-NonBrand,3
12102,4024,2025-12-01 22:59:00,SMB,Email,EMAIL-Reactivation,4
12103,4025,2026-04-20 02:34:00,Startup,Email,EMAIL-Reactivation,1
12104,4025,2026-04-28 23:55:00,Startup,Paid Social,META-Prospecting,2
12105,4026,2025-11-26 01:12:00,SMB,Email,EMAIL-Nurture,1
12106,4026,2025-11-28 04:03:00,SMB,Paid Search,PS-Brand,2
12107,4026,2025-11-30 08:58:00,SMB,Referral,REF-Customer,3
12108,4026,2025-12-01 08:47:00,SMB,Display,DISPLAY-Prospecting,4
12109,4027,2026-03-31 09:51:00,SMB,Paid Social,META-Prospecting,1
12110,4027,2026-04-06 04:36:00,SMB,Organic Search,SEO-Content,2
12111,4027,2026-04-20 10:27:00,SMB,Paid Search,PS-NonBrand,3
12112,4028,2026-09-04 20:44:00,Startup,Paid Search,PS-NonBrand,1
12113,4028,2026-09-17 06:14:00,Startup,Organic Search,SEO-Product,2
12114,4028,2026-09-19 05:11:00,Startup,Paid Search,PS-NonBrand,3
12115,4029,2025-11-24 02:23:00,Freelancer,Paid Social,META-Retargeting,1
12116,4029,2025-11-27 08:38:00,Freelancer,Email,EMAIL-Reactivation,2
12117,4029,2025-12-04 20:10:00,Freelancer,Organic Search,SEO-Content,3
12118,4029,2025-12-07 12:25:00,Freelancer,Email,EMAIL-Nurture,4
12119,4029,2025-12-21 06:13:00,Freelancer,Organic Search,SEO-Content,5
12120,4030,2026-01-05 22:33:00,Freelancer,Display,DISPLAY-Prospecting,1
12121,4030,2026-01-07 12:49:00,Freelancer,Email,EMAIL-Reactivation,2
12122,4030,2026-01-28 01:22:00,Freelancer,Email,EMAIL-Nurture,3
12123,4031,2026-07-10 08:44:00,Freelancer,Email,EMAIL-Nurture,1
12124,4031,2026-07-10 14:11:00,Freelancer,Organic Search,SEO-Content,2
12125,4032,2026-08-28 02:24:00,Startup,Paid Social,META-Retargeting,1
12126,4032,2026-09-05 14:12:00,Startup,Email,EMAIL-Reactivation,2
12127,4032,2026-09-06 23:20:00,Startup,Referral,REF-Customer,3
12128,4032,2026-09-14 06:19:00,Startup,Email,EMAIL-Reactivation,4
12129,4032,2026-09-24 17:39:00,Startup,Organic Search,SEO-Content,5
12130,4033,2026-09-28 12:00:00,Startup,Organic Search,SEO-Product,1
12131,4034,2025-11-30 12:30:00,Freelancer,Paid Social,META-Prospecting,1
12132,4035,2025-12-30 16:16:00,SMB,Paid Search,PS-NonBrand,1
12133,4035,2026-01-04 04:34:00,SMB,Paid Search,PS-NonBrand,2
12134,4035,2026-01-07 21:51:00,SMB,Referral,REF-Customer,3
12135,4035,2026-01-16 10:50:00,SMB,Paid Search,PS-NonBrand,4
12136,4036,2026-10-09 03:20:00,SMB,Display,DISPLAY-Prospecting,1
12137,4036,2026-10-21 01:28:00,SMB,Organic Search,SEO-Content,2
12138,4037,2026-04-16 16:21:00,SMB,Email,EMAIL-Reactivation,1
12139,4038,2026-08-03 17:55:00,Startup,Paid Search,PS-Brand,1
12140,4038,2026-08-16 05:45:00,Startup,Referral,REF-Customer,2
12141,4038,2026-08-19 13:08:00,Startup,Paid Social,META-Prospecting,3
12142,4038,2026-08-21 15:27:00,Startup,Display,DISPLAY-Retargeting,4
12143,4038,2026-08-28 04:58:00,Startup,Paid Social,META-Retargeting,5
12144,4039,2025-10-11 15:31:00,Startup,Paid Social,META-Prospecting,1
12145,4039,2025-10-12 14:08:00,Startup,Organic Search,SEO-Content,2
12146,4039,2025-10-18 23:57:00,Startup,Organic Search,SEO-Product,3
12147,4039,2025-10-20 10:56:00,Startup,Referral,REF-Customer,4
12148,4039,2025-10-26 04:50:00,Startup,Paid Social,META-Retargeting,5
12149,4040,2025-11-15 15:23:00,Startup,Paid Search,PS-NonBrand,1
12150,4040,2025-11-25 03:37:00,Startup,Paid Search,PS-Brand,2
12151,4040,2025-11-29 00:44:00,Startup,Paid Social,META-Retargeting,3
12152,4040,2025-12-01 23:27:00,Startup,Referral,REF-Partner,4
12153,4040,2025-12-05 23:17:00,Startup,Display,DISPLAY-Retargeting,5
12154,4041,2025-12-25 11:29:00,SMB,Referral,REF-Partner,1
12155,4041,2026-01-06 23:34:00,SMB,Paid Search,PS-NonBrand,2
12156,4041,2026-01-09 05:21:00,SMB,Organic Search,SEO-Product,3
12157,4042,2025-11-12 00:12:00,Startup,Paid Social,META-Retargeting,1
12158,4043,2026-09-01 13:33:00,Startup,Organic Search,SEO-Content,1
12159,4043,2026-09-08 00:16:00,Startup,Paid Search,PS-NonBrand,2
12160,4043,2026-09-12 06:35:00,Startup,Paid Social,META-Retargeting,3
12161,4043,2026-09-20 10:28:00,Startup,Referral,REF-Partner,4
12162,4043,2026-09-20 10:55:00,Startup,Display,DISPLAY-Retargeting,5
12163,4044,2026-07-24 20:36:00,Freelancer,Paid Search,PS-NonBrand,1
12164,4044,2026-08-19 21:44:00,Freelancer,Organic Search,SEO-Content,2
12165,4045,2026-02-27 06:22:00,SMB,Organic Search,SEO-Product,1
12166,4045,2026-03-01 03:45:00,SMB,Paid Social,META-Retargeting,2
12167,4045,2026-03-12 17:06:00,SMB,Paid Search,PS-Brand,3
12168,4045,2026-03-13 08:25:00,SMB,Referral,REF-Customer,4
12169,4046,2025-10-29 21:43:00,Startup,Organic Search,SEO-Content,1
12170,4046,2025-11-08 17:36:00,Startup,Referral,REF-Partner,2
12171,4046,2025-11-08 21:50:00,Startup,Email,EMAIL-Reactivation,3
12172,4046,2025-11-09 06:30:00,Startup,Referral,REF-Customer,4
12173,4046,2025-11-10 02:34:00,Startup,Paid Search,PS-NonBrand,5
12174,4047,2025-11-11 02:33:00,Startup,Paid Social,META-Prospecting,1
12175,4047,2025-11-12 16:50:00,Startup,Paid Search,PS-Brand,2
12176,4047,2025-11-16 18:11:00,Startup,Paid Social,META-Retargeting,3
12177,4047,2025-12-01 06:53:00,Startup,Display,DISPLAY-Retargeting,4
12178,4047,2025-12-05 23:59:00,Startup,Paid Social,META-Retargeting,5
12179,4048,2026-01-05 01:37:00,Startup,Referral,REF-Customer,1
12180,4048,2026-01-15 06:52:00,Startup,Paid Search,PS-Brand,2
12181,4048,2026-01-21 09:04:00,Startup,Email,EMAIL-Nurture,3
12182,4049,2026-06-23 11:01:00,SMB,Referral,REF-Customer,1
12183,4049,2026-06-24 14:01:00,SMB,Paid Search,PS-Brand,2
12184,4049,2026-07-04 01:54:00,SMB,Paid Social,META-Retargeting,3
12185,4049,2026-07-20 17:44:00,SMB,Paid Social,META-Retargeting,4
12186,4049,2026-07-22 16:44:00,SMB,Paid Search,PS-NonBrand,5
12187,4050,2026-08-01 09:46:00,SMB,Display,DISPLAY-Prospecting,1
12188,4051,2026-04-19 17:13:00,SMB,Paid Search,PS-Brand,1
12189,4051,2026-04-20 14:02:00,SMB,Display,DISPLAY-Retargeting,2
12190,4052,2026-09-05 03:00:00,Startup,Paid Social,META-Prospecting,1
12191,4053,2026-09-20 20:24:00,Startup,Referral,REF-Customer,1
12192,4054,2026-07-15 05:05:00,Startup,Paid Search,PS-Brand,1
12193,4054,2026-07-28 17:58:00,Startup,Organic Search,SEO-Content,2
12194,4054,2026-07-30 18:35:00,Startup,Paid Social,META-Retargeting,3
12195,4055,2025-10-31 16:12:00,Startup,Paid Social,META-Prospecting,1
12196,4055,2025-11-03 06:55:00,Startup,Paid Search,PS-NonBrand,2
12197,4055,2025-11-08 18:58:00,Startup,Paid Social,META-Retargeting,3
12198,4055,2025-11-09 05:45:00,Startup,Paid Search,PS-Brand,4
12199,4056,2026-08-29 06:01:00,SMB,Email,EMAIL-Reactivation,1
12200,4056,2026-09-02 04:30:00,SMB,Organic Search,SEO-Content,2
12201,4056,2026-09-08 16:46:00,SMB,Email,EMAIL-Reactivation,3
12202,4056,2026-09-12 02:08:00,SMB,Display,DISPLAY-Retargeting,4
12203,4056,2026-09-18 10:20:00,SMB,Email,EMAIL-Reactivation,5
12204,4057,2026-09-10 03:09:00,SMB,Organic Search,SEO-Content,1
12205,4057,2026-09-17 12:11:00,SMB,Organic Search,SEO-Product,2
12206,4058,2026-04-24 02:45:00,Startup,Paid Search,PS-Brand,1
12207,4058,2026-05-08 21:09:00,Startup,Display,DISPLAY-Prospecting,2
12208,4058,2026-05-16 11:20:00,Startup,Paid Search,PS-Brand,3
12209,4058,2026-05-17 08:31:00,Startup,Paid Social,META-Retargeting,4
12210,4058,2026-05-20 04:51:00,Startup,Paid Search,PS-NonBrand,5
12211,4059,2026-05-16 01:36:00,Startup,Paid Search,PS-Brand,1
12212,4059,2026-06-01 19:08:00,Startup,Paid Social,META-Retargeting,2
12213,4060,2026-08-07 18:50:00,Startup,Paid Social,META-Retargeting,1
12214,4061,2026-05-05 13:03:00,Startup,Organic Search,SEO-Product,1
12215,4061,2026-05-29 23:45:00,Startup,Paid Search,PS-Brand,2
12216,4061,2026-05-30 14:39:00,Startup,Paid Social,META-Retargeting,3
12217,4062,2026-02-03 17:47:00,Freelancer,Referral,REF-Partner,1
12218,4062,2026-02-16 14:48:00,Freelancer,Display,DISPLAY-Retargeting,2
12219,4062,2026-02-26 06:47:00,Freelancer,Paid Search,PS-Brand,3
12220,4062,2026-03-04 02:54:00,Freelancer,Referral,REF-Partner,4
12221,4063,2026-06-26 05:55:00,Freelancer,Display,DISPLAY-Retargeting,1
12222,4063,2026-07-08 10:56:00,Freelancer,Organic Search,SEO-Product,2
12223,4064,2026-07-18 17:55:00,Startup,Paid Social,META-Retargeting,1
12224,4064,2026-07-20 17:13:00,Startup,Referral,REF-Customer,2
12225,4064,2026-07-26 14:49:00,Startup,Email,EMAIL-Reactivation,3
12226,4064,2026-07-31 09:06:00,Startup,Paid Social,META-Retargeting,4
12227,4065,2025-12-16 17:58:00,SMB,Paid Social,META-Prospecting,1
12228,4066,2026-06-08 11:34:00,SMB,Referral,REF-Customer,1
12229,4066,2026-06-27 18:32:00,SMB,Email,EMAIL-Nurture,2
12230,4066,2026-06-30 01:36:00,SMB,Paid Social,META-Retargeting,3
12231,4067,2025-12-07 11:29:00,Startup,Paid Search,PS-Brand,1
12232,4067,2025-12-17 03:53:00,Startup,Referral,REF-Customer,2
12233,4067,2025-12-20 12:03:00,Startup,Organic Search,SEO-Product,3
12234,4067,2025-12-21 10:12:00,Startup,Email,EMAIL-Reactivation,4
12235,4068,2026-04-30 13:15:00,SMB,Paid Social,META-Retargeting,1
12236,4068,2026-05-13 14:40:00,SMB,Paid Search,PS-Brand,2
12237,4068,2026-05-25 01:36:00,SMB,Paid Social,META-Retargeting,3
12238,4069,2025-11-28 15:13:00,SMB,Paid Search,PS-NonBrand,1
12239,4069,2025-12-05 09:41:00,SMB,Email,EMAIL-Nurture,2
12240,4070,2026-10-13 13:11:00,SMB,Paid Search,PS-Brand,1
12241,4071,2026-06-09 15:41:00,Freelancer,Display,DISPLAY-Prospecting,1
12242,4072,2026-03-27 00:16:00,SMB,Referral,REF-Customer,1
12243,4072,2026-03-30 04:48:00,SMB,Referral,REF-Customer,2
12244,4072,2026-04-14 13:16:00,SMB,Referral,REF-Customer,3
12245,4072,2026-04-18 14:05:00,SMB,Paid Social,META-Retargeting,4
12246,4073,2026-04-02 10:47:00,Startup,Paid Social,META-Retargeting,1
12247,4073,2026-04-04 05:10:00,Startup,Referral,REF-Customer,2
12248,4073,2026-04-10 22:35:00,Startup,Display,DISPLAY-Retargeting,3
12249,4073,2026-04-12 22:51:00,Startup,Paid Search,PS-Brand,4
12250,4073,2026-04-28 09:00:00,Startup,Paid Social,META-Retargeting,5
12251,4074,2026-05-20 06:41:00,Freelancer,Organic Search,SEO-Content,1
12252,4074,2026-06-03 16:03:00,Freelancer,Display,DISPLAY-Retargeting,2
12253,4074,2026-06-06 07:56:00,Freelancer,Organic Search,SEO-Product,3
12254,4075,2025-11-15 21:23:00,Startup,Email,EMAIL-Nurture,1
12255,4075,2025-12-07 10:08:00,Startup,Referral,REF-Customer,2
12256,4076,2026-04-14 20:47:00,SMB,Paid Search,PS-NonBrand,1
12257,4076,2026-04-21 13:52:00,SMB,Organic Search,SEO-Product,2
12258,4077,2026-07-12 19:03:00,Freelancer,Paid Social,META-Prospecting,1
12259,4077,2026-07-13 10:34:00,Freelancer,Email,EMAIL-Nurture,2
12260,4078,2026-01-07 14:33:00,Startup,Display,DISPLAY-Prospecting,1
12261,4078,2026-01-21 08:22:00,Startup,Email,EMAIL-Nurture,2
12262,4078,2026-01-22 23:11:00,Startup,Paid Social,META-Retargeting,3
12263,4078,2026-01-24 21:43:00,Startup,Email,EMAIL-Nurture,4
12264,4078,2026-01-26 02:30:00,Startup,Paid Social,META-Retargeting,5
12265,4079,2026-04-02 18:24:00,SMB,Display,DISPLAY-Retargeting,1
12266,4079,2026-04-06 00:29:00,SMB,Paid Social,META-Retargeting,2
12267,4079,2026-04-13 01:20:00,SMB,Paid Search,PS-Brand,3
12268,4080,2026-01-31 02:41:00,Startup,Paid Social,META-Retargeting,1
12269,4080,2026-02-11 16:33:00,Startup,Paid Social,META-Retargeting,2
12270,4080,2026-02-15 05:23:00,Startup,Paid Social,META-Retargeting,3
12271,4080,2026-02-22 23:13:00,Startup,Organic Search,SEO-Content,4
12272,4081,2025-11-29 17:20:00,SMB,Display,DISPLAY-Retargeting,1
12273,4081,2025-12-07 03:16:00,SMB,Organic Search,SEO-Content,2
12274,4081,2025-12-22 03:57:00,SMB,Email,EMAIL-Nurture,3
12275,4082,2026-09-24 08:44:00,Startup,Display,DISPLAY-Retargeting,1
12276,4082,2026-09-26 07:01:00,Startup,Paid Search,PS-NonBrand,2
12277,4082,2026-10-11 07:22:00,Startup,Organic Search,SEO-Content,3
12278,4082,2026-10-13 11:00:00,Startup,Display,DISPLAY-Prospecting,4
12279,4083,2026-05-08 12:36:00,Freelancer,Referral,REF-Partner,1
12280,4083,2026-05-18 13:20:00,Freelancer,Email,EMAIL-Nurture,2
12281,4083,2026-05-23 22:26:00,Freelancer,Paid Search,PS-NonBrand,3
12282,4083,2026-05-26 15:38:00,Freelancer,Paid Social,META-Retargeting,4
12283,4083,2026-05-30 19:25:00,Freelancer,Paid Social,META-Retargeting,5
12284,4084,2026-03-06 13:50:00,Startup,Organic Search,SEO-Product,1
12285,4084,2026-03-15 13:13:00,Startup,Referral,REF-Customer,2
12286,4084,2026-03-18 15:59:00,Startup,Paid Social,META-Prospecting,3
12287,4085,2026-02-12 06:28:00,Freelancer,Organic Search,SEO-Product,1
12288,4086,2026-06-21 01:08:00,SMB,Referral,REF-Customer,1
12289,4087,2025-11-13 13:07:00,Freelancer,Referral,REF-Partner,1
12290,4088,2026-05-10 12:01:00,Startup,Paid Search,PS-Brand,1
12291,4088,2026-05-15 03:02:00,Startup,Paid Search,PS-Brand,2
12292,4088,2026-05-16 18:12:00,Startup,Referral,REF-Customer,3
12293,4088,2026-05-19 16:38:00,Startup,Paid Search,PS-NonBrand,4
12294,4089,2026-01-10 05:12:00,SMB,Paid Social,META-Prospecting,1
12295,4090,2026-08-31 07:11:00,Freelancer,Paid Social,META-Retargeting,1
12296,4090,2026-09-03 21:08:00,Freelancer,Paid Search,PS-Brand,2
12297,4090,2026-09-06 06:01:00,Freelancer,Email,EMAIL-Nurture,3
12298,4090,2026-09-11 04:49:00,Freelancer,Display,DISPLAY-Prospecting,4
12299,4090,2026-09-12 16:48:00,Freelancer,Email,EMAIL-Reactivation,5
12300,4091,2026-08-09 23:44:00,Freelancer,Paid Search,PS-Brand,1
12301,4092,2026-07-26 16:42:00,SMB,Paid Social,META-Retargeting,1
12302,4092,2026-07-29 12:01:00,SMB,Organic Search,SEO-Product,2
12303,4092,2026-08-01 14:34:00,SMB,Paid Search,PS-NonBrand,3
12304,4093,2025-12-01 15:41:00,Startup,Paid Social,META-Retargeting,1
12305,4094,2025-11-20 05:07:00,SMB,Paid Search,PS-Brand,1
12306,4094,2025-11-21 18:37:00,SMB,Organic Search,SEO-Content,2
12307,4094,2025-11-23 14:33:00,SMB,Paid Social,META-Retargeting,3
12308,4094,2025-11-26 19:15:00,SMB,Paid Social,META-Prospecting,4
12309,4094,2025-11-28 21:25:00,SMB,Paid Search,PS-NonBrand,5
12310,4095,2026-03-27 21:33:00,SMB,Paid Search,PS-NonBrand,1
12311,4095,2026-03-31 06:00:00,SMB,Paid Search,PS-Brand,2
12312,4095,2026-03-31 14:34:00,SMB,Email,EMAIL-Nurture,3
12313,4095,2026-04-15 08:03:00,SMB,Paid Social,META-Retargeting,4
12314,4096,2026-02-09 05:54:00,SMB,Organic Search,SEO-Product,1
12315,4096,2026-02-16 11:17:00,SMB,Referral,REF-Customer,2
12316,4096,2026-02-25 18:22:00,SMB,Referral,REF-Customer,3
12317,4096,2026-02-26 15:23:00,SMB,Paid Social,META-Prospecting,4
12318,4096,2026-03-05 06:14:00,SMB,Referral,REF-Customer,5
12319,4097,2026-07-06 22:01:00,Startup,Display,DISPLAY-Retargeting,1
12320,4098,2026-06-23 14:25:00,SMB,Organic Search,SEO-Content,1
12321,4098,2026-06-26 18:06:00,SMB,Display,DISPLAY-Prospecting,2
12322,4098,2026-07-02 21:17:00,SMB,Email,EMAIL-Nurture,3
12323,4098,2026-07-09 23:33:00,SMB,Organic Search,SEO-Content,4
12324,4098,2026-07-12 00:58:00,SMB,Paid Search,PS-NonBrand,5
12325,4099,2026-02-25 21:52:00,SMB,Referral,REF-Partner,1
12326,4099,2026-02-26 07:33:00,SMB,Display,DISPLAY-Retargeting,2
12327,4099,2026-02-27 09:06:00,SMB,Email,EMAIL-Nurture,3
12328,4099,2026-03-09 18:47:00,SMB,Organic Search,SEO-Product,4
12329,4099,2026-03-18 16:08:00,SMB,Organic Search,SEO-Product,5
12330,4100,2025-12-10 22:20:00,Freelancer,Display,DISPLAY-Prospecting,1
12331,4100,2025-12-14 19:21:00,Freelancer,Paid Social,META-Retargeting,2
12332,4100,2025-12-20 15:34:00,Freelancer,Paid Social,META-Retargeting,3
12333,4100,2025-12-23 00:59:00,Freelancer,Paid Search,PS-NonBrand,4
12334,4101,2026-02-08 04:44:00,Startup,Paid Search,PS-NonBrand,1
12335,4101,2026-02-09 02:20:00,Startup,Display,DISPLAY-Retargeting,2
12336,4101,2026-02-24 03:49:00,Startup,Paid Social,META-Retargeting,3
12337,4102,2026-04-07 00:04:00,Freelancer,Organic Search,SEO-Product,1
12338,4102,2026-04-20 11:41:00,Freelancer,Paid Search,PS-Brand,2
12339,4102,2026-05-01 11:22:00,Freelancer,Organic Search,SEO-Content,3
12340,4103,2026-01-09 01:17:00,SMB,Paid Search,PS-Brand,1
12341,4103,2026-01-13 02:52:00,SMB,Paid Social,META-Retargeting,2
12342,4103,2026-01-22 19:20:00,SMB,Paid Search,PS-NonBrand,3
12343,4103,2026-01-26 20:36:00,SMB,Referral,REF-Customer,4
12344,4104,2026-01-29 21:53:00,SMB,Email,EMAIL-Reactivation,1
12345,4104,2026-02-07 20:05:00,SMB,Paid Social,META-Retargeting,2
12346,4104,2026-02-12 10:28:00,SMB,Paid Social,META-Retargeting,3
12347,4105,2026-01-08 04:13:00,Startup,Paid Social,META-Prospecting,1
12348,4105,2026-01-17 23:25:00,Startup,Paid Social,META-Retargeting,2
12349,4105,2026-01-25 06:45:00,Startup,Paid Search,PS-Brand,3
12350,4106,2025-10-24 02:34:00,SMB,Referral,REF-Customer,1
12351,4106,2025-10-31 19:57:00,SMB,Paid Social,META-Prospecting,2
12352,4106,2025-11-08 22:57:00,SMB,Email,EMAIL-Reactivation,3
12353,4106,2025-11-14 07:52:00,SMB,Referral,REF-Customer,4
12354,4107,2026-05-10 10:16:00,SMB,Email,EMAIL-Nurture,1
12355,4107,2026-05-20 20:37:00,SMB,Paid Social,META-Retargeting,2
12356,4107,2026-05-25 13:12:00,SMB,Paid Search,PS-Brand,3
12357,4107,2026-05-29 07:12:00,SMB,Referral,REF-Partner,4
12358,4108,2026-10-15 03:28:00,Freelancer,Referral,REF-Partner,1
12359,4109,2026-09-19 14:12:00,SMB,Email,EMAIL-Reactivation,1
12360,4109,2026-09-26 14:53:00,SMB,Paid Social,META-Retargeting,2
12361,4109,2026-09-29 03:05:00,SMB,Referral,REF-Partner,3
12362,4109,2026-10-03 22:08:00,SMB,Paid Social,META-Prospecting,4
12363,4109,2026-10-12 20:41:00,SMB,Paid Search,PS-NonBrand,5
12364,4110,2026-09-05 22:31:00,SMB,Paid Social,META-Prospecting,1
12365,4110,2026-09-10 03:00:00,SMB,Display,DISPLAY-Prospecting,2
12366,4110,2026-09-17 12:09:00,SMB,Paid Social,META-Retargeting,3
12367,4111,2026-05-29 16:10:00,Startup,Display,DISPLAY-Retargeting,1
12368,4111,2026-06-01 00:42:00,Startup,Email,EMAIL-Nurture,2
12369,4111,2026-06-11 08:51:00,Startup,Referral,REF-Customer,3
12370,4111,2026-06-12 14:49:00,Startup,Display,DISPLAY-Retargeting,4
12371,4111,2026-06-23 22:15:00,Startup,Paid Search,PS-NonBrand,5
12372,4112,2026-07-06 08:09:00,SMB,Paid Search,PS-Brand,1
12373,4112,2026-07-08 01:03:00,SMB,Paid Social,META-Retargeting,2
12374,4112,2026-07-12 00:08:00,SMB,Paid Social,META-Prospecting,3
12375,4112,2026-07-20 18:34:00,SMB,Paid Search,PS-Brand,4
12376,4112,2026-07-26 00:06:00,SMB,Paid Search,PS-NonBrand,5
12377,4113,2025-11-17 10:35:00,Startup,Display,DISPLAY-Prospecting,1
12378,4114,2025-12-13 12:45:00,SMB,Email,EMAIL-Nurture,1
12379,4114,2025-12-25 05:39:00,SMB,Organic Search,SEO-Product,2
12380,4115,2026-06-30 04:02:00,SMB,Display,DISPLAY-Retargeting,1
12381,4116,2026-10-13 21:56:00,SMB,Email,EMAIL-Reactivation,1
12382,4117,2026-09-09 19:58:00,SMB,Email,EMAIL-Reactivation,1
12383,4117,2026-09-10 02:52:00,SMB,Organic Search,SEO-Content,2
12384,4117,2026-09-25 05:33:00,SMB,Paid Search,PS-NonBrand,3
12385,4117,2026-09-26 06:51:00,SMB,Organic Search,SEO-Product,4
12386,4118,2026-06-06 01:47:00,Startup,Organic Search,SEO-Product,1
12387,4118,2026-06-11 19:20:00,Startup,Paid Social,META-Retargeting,2
12388,4119,2025-11-15 12:11:00,Freelancer,Organic Search,SEO-Content,1
12389,4119,2025-11-21 07:34:00,Freelancer,Paid Social,META-Retargeting,2
12390,4119,2025-11-27 02:02:00,Freelancer,Paid Social,META-Retargeting,3
12391,4119,2025-11-30 07:15:00,Freelancer,Organic Search,SEO-Content,4
12392,4119,2025-12-03 21:05:00,Freelancer,Paid Social,META-Retargeting,5
12393,4120,2026-09-28 05:57:00,Startup,Display,DISPLAY-Prospecting,1
12394,4120,2026-10-04 04:55:00,Startup,Paid Social,META-Retargeting,2
12395,4120,2026-10-11 12:04:00,Startup,Organic Search,SEO-Product,3
12396,4121,2026-01-29 14:26:00,SMB,Paid Social,META-Prospecting,1
12397,4121,2026-02-16 00:14:00,SMB,Organic Search,SEO-Product,2
12398,4122,2025-11-05 11:49:00,Freelancer,Email,EMAIL-Nurture,1
12399,4122,2025-11-10 06:12:00,Freelancer,Organic Search,SEO-Product,2
12400,4123,2026-07-16 19:31:00,Startup,Email,EMAIL-Reactivation,1
12401,4123,2026-07-18 14:12:00,Startup,Paid Search,PS-NonBrand,2
12402,4123,2026-08-01 19:15:00,Startup,Organic Search,SEO-Product,3
12403,4124,2025-12-24 17:06:00,SMB,Email,EMAIL-Reactivation,1
12404,4124,2025-12-30 16:18:00,SMB,Paid Search,PS-Brand,2
12405,4124,2025-12-30 20:05:00,SMB,Paid Search,PS-NonBrand,3
12406,4125,2026-01-21 21:41:00,SMB,Organic Search,SEO-Product,1
12407,4125,2026-01-28 13:15:00,SMB,Paid Search,PS-Brand,2
12408,4126,2026-06-15 06:56:00,SMB,Paid Search,PS-Brand,1
12409,4126,2026-06-15 17:57:00,SMB,Referral,REF-Partner,2
12410,4126,2026-06-16 23:35:00,SMB,Email,EMAIL-Nurture,3
12411,4126,2026-06-18 08:08:00,SMB,Referral,REF-Partner,4
12412,4127,2026-09-28 22:36:00,SMB,Referral,REF-Customer,1
12413,4127,2026-10-07 14:57:00,SMB,Paid Social,META-Retargeting,2
12414,4127,2026-10-09 15:36:00,SMB,Paid Search,PS-NonBrand,3
12415,4127,2026-10-15 07:06:00,SMB,Paid Search,PS-NonBrand,4
12416,4127,2026-10-17 02:41:00,SMB,Paid Social,META-Retargeting,5
12417,4128,2026-09-05 01:32:00,Startup,Organic Search,SEO-Product,1
12418,4128,2026-09-17 15:37:00,Startup,Referral,REF-Partner,2
12419,4129,2025-12-06 11:27:00,SMB,Organic Search,SEO-Product,1
12420,4129,2025-12-10 07:15:00,SMB,Paid Search,PS-Brand,2
12421,4129,2025-12-25 17:46:00,SMB,Paid Social,META-Retargeting,3
12422,4129,2025-12-28 15:53:00,SMB,Organic Search,SEO-Content,4
12423,4130,2025-12-22 01:44:00,Freelancer,Paid Social,META-Retargeting,1
12424,4130,2025-12-22 23:30:00,Freelancer,Referral,REF-Customer,2
12425,4130,2025-12-29 03:41:00,Freelancer,Paid Social,META-Retargeting,3
12426,4131,2026-07-23 11:43:00,SMB,Referral,REF-Customer,1
12427,4131,2026-07-25 08:59:00,SMB,Paid Social,META-Retargeting,2
12428,4131,2026-08-04 11:56:00,SMB,Paid Search,PS-NonBrand,3
12429,4131,2026-08-14 07:28:00,SMB,Email,EMAIL-Reactivation,4
12430,4131,2026-08-19 21:25:00,SMB,Email,EMAIL-Reactivation,5
12431,4132,2026-02-09 15:29:00,SMB,Paid Search,PS-Brand,1
12432,4132,2026-02-11 11:46:00,SMB,Display,DISPLAY-Prospecting,2
12433,4133,2025-10-29 04:49:00,Freelancer,Paid Social,META-Retargeting,1
12434,4133,2025-11-06 15:54:00,Freelancer,Referral,REF-Customer,2
12435,4133,2025-11-16 21:01:00,Freelancer,Paid Search,PS-Brand,3
12436,4133,2025-11-19 16:08:00,Freelancer,Referral,REF-Partner,4
12437,4134,2026-05-18 01:59:00,Startup,Display,DISPLAY-Prospecting,1
12438,4134,2026-05-20 02:11:00,Startup,Referral,REF-Customer,2
12439,4134,2026-05-24 05:25:00,Startup,Display,DISPLAY-Retargeting,3
12440,4135,2026-06-01 05:50:00,SMB,Paid Social,META-Prospecting,1
12441,4135,2026-06-06 16:14:00,SMB,Paid Search,PS-NonBrand,2
12442,4136,2026-09-30 21:58:00,SMB,Paid Search,PS-NonBrand,1
12443,4136,2026-10-14 12:01:00,SMB,Paid Social,META-Retargeting,2
12444,4136,2026-10-18 03:38:00,SMB,Paid Social,META-Retargeting,3
12445,4136,2026-10-19 23:12:00,SMB,Paid Search,PS-NonBrand,4
12446,4137,2026-04-02 01:46:00,Startup,Display,DISPLAY-Retargeting,1
12447,4137,2026-04-03 02:10:00,Startup,Paid Search,PS-NonBrand,2
12448,4137,2026-04-14 19:19:00,Startup,Paid Social,META-Prospecting,3
12449,4137,2026-04-16 03:07:00,Startup,Display,DISPLAY-Retargeting,4
12450,4137,2026-04-23 08:34:00,Startup,Referral,REF-Customer,5
12451,4138,2026-08-11 01:12:00,Startup,Paid Search,PS-Brand,1
12452,4138,2026-08-15 00:11:00,Startup,Organic Search,SEO-Product,2
12453,4139,2026-05-01 12:07:00,Startup,Organic Search,SEO-Product,1
12454,4139,2026-05-06 09:55:00,Startup,Display,DISPLAY-Prospecting,2
12455,4139,2026-05-11 06:46:00,Startup,Paid Search,PS-Brand,3
12456,4139,2026-05-12 02:08:00,Startup,Organic Search,SEO-Content,4
12457,4140,2026-09-09 14:41:00,Freelancer,Paid Search,PS-Brand,1
12458,4140,2026-09-17 21:17:00,Freelancer,Paid Social,META-Retargeting,2
12459,4140,2026-09-18 20:10:00,Freelancer,Organic Search,SEO-Product,3
12460,4140,2026-09-26 10:49:00,Freelancer,Referral,REF-Partner,4
12461,4141,2026-04-17 19:50:00,Startup,Paid Search,PS-NonBrand,1
12462,4142,2026-06-09 10:38:00,Freelancer,Paid Search,PS-NonBrand,1
12463,4142,2026-06-09 20:30:00,Freelancer,Paid Social,META-Retargeting,2
12464,4142,2026-06-24 06:12:00,Freelancer,Paid Social,META-Retargeting,3
12465,4142,2026-06-28 16:25:00,Freelancer,Paid Social,META-Prospecting,4
12466,4142,2026-06-29 21:22:00,Freelancer,Display,DISPLAY-Retargeting,5
12467,4143,2026-09-25 00:39:00,Startup,Paid Social,META-Prospecting,1
12468,4143,2026-10-04 03:27:00,Startup,Organic Search,SEO-Product,2
12469,4143,2026-10-10 14:37:00,Startup,Paid Social,META-Retargeting,3
12470,4143,2026-10-16 14:12:00,Startup,Paid Search,PS-Brand,4
12471,4143,2026-10-16 14:13:00,Startup,Organic Search,SEO-Product,5
12472,4144,2026-08-26 04:30:00,Startup,Organic Search,SEO-Product,1
12473,4144,2026-08-31 10:04:00,Startup,Email,EMAIL-Nurture,2
12474,4144,2026-09-06 16:23:00,Startup,Referral,REF-Partner,3
12475,4145,2026-02-27 05:41:00,SMB,Paid Social,META-Retargeting,1
12476,4145,2026-03-05 22:54:00,SMB,Paid Social,META-Prospecting,2
12477,4145,2026-03-07 14:37:00,SMB,Display,DISPLAY-Prospecting,3
12478,4145,2026-03-07 22:58:00,SMB,Paid Social,META-Prospecting,4
12479,4145,2026-03-10 07:54:00,SMB,Referral,REF-Customer,5
12480,4146,2026-04-05 05:13:00,Startup,Organic Search,SEO-Content,1
12481,4146,2026-04-22 23:13:00,Startup,Organic Search,SEO-Product,2
12482,4146,2026-04-23 11:26:00,Startup,Organic Search,SEO-Product,3
12483,4147,2026-05-12 10:37:00,SMB,Organic Search,SEO-Content,1
12484,4148,2025-11-15 12:44:00,Startup,Paid Search,PS-Brand,1
12485,4148,2025-12-03 21:00:00,Startup,Display,DISPLAY-Retargeting,2
12486,4149,2025-12-28 05:30:00,SMB,Email,EMAIL-Nurture,1
12487,4149,2025-12-28 18:45:00,SMB,Email,EMAIL-Reactivation,2
12488,4149,2025-12-29 12:18:00,SMB,Paid Social,META-Prospecting,3
12489,4149,2025-12-31 06:30:00,SMB,Display,DISPLAY-Retargeting,4
12490,4150,2026-06-24 05:07:00,Startup,Email,EMAIL-Nurture,1
12491,4150,2026-06-28 23:42:00,Startup,Paid Social,META-Prospecting,2
12492,4150,2026-06-29 20:25:00,Startup,Paid Social,META-Retargeting,3
12493,4150,2026-07-06 20:03:00,Startup,Paid Search,PS-Brand,4
12494,4150,2026-07-09 05:00:00,Startup,Organic Search,SEO-Product,5
12495,4151,2025-10-27 19:32:00,SMB,Referral,REF-Partner,1
12496,4151,2025-11-12 07:20:00,SMB,Paid Search,PS-NonBrand,2
12497,4151,2025-11-15 11:21:00,SMB,Email,EMAIL-Reactivation,3
12498,4151,2025-11-18 03:53:00,SMB,Paid Social,META-Retargeting,4
12499,4151,2025-11-24 23:12:00,SMB,Organic Search,SEO-Content,5
12500,4152,2026-05-23 06:00:00,Startup,Display,DISPLAY-Prospecting,1
12501,4153,2026-04-07 08:59:00,SMB,Paid Social,META-Retargeting,1
12502,4154,2026-04-05 21:03:00,Freelancer,Email,EMAIL-Nurture,1
12503,4154,2026-04-09 12:15:00,Freelancer,Paid Social,META-Retargeting,2
12504,4154,2026-04-10 13:34:00,Freelancer,Paid Social,META-Prospecting,3
12505,4154,2026-04-24 08:18:00,Freelancer,Organic Search,SEO-Product,4
12506,4155,2026-08-17 09:52:00,SMB,Display,DISPLAY-Retargeting,1
12507,4155,2026-08-21 17:14:00,SMB,Display,DISPLAY-Retargeting,2
12508,4155,2026-09-01 00:26:00,SMB,Paid Search,PS-Brand,3
12509,4155,2026-09-02 10:19:00,SMB,Email,EMAIL-Nurture,4
12510,4156,2026-01-12 23:45:00,Startup,Paid Search,PS-NonBrand,1
12511,4156,2026-01-22 22:46:00,Startup,Organic Search,SEO-Product,2
12512,4156,2026-02-03 11:29:00,Startup,Paid Social,META-Retargeting,3
12513,4156,2026-02-06 21:42:00,Startup,Paid Search,PS-Brand,4
12514,4157,2026-07-30 02:13:00,Startup,Referral,REF-Customer,1
12515,4157,2026-08-13 15:37:00,Startup,Paid Search,PS-NonBrand,2
12516,4158,2026-07-14 11:00:00,SMB,Paid Social,META-Prospecting,1
12517,4158,2026-07-25 01:19:00,SMB,Paid Social,META-Retargeting,2
12518,4158,2026-07-27 09:22:00,SMB,Organic Search,SEO-Product,3
12519,4158,2026-08-08 07:45:00,SMB,Paid Search,PS-Brand,4
12520,4158,2026-08-11 22:24:00,SMB,Paid Search,PS-NonBrand,5
12521,4159,2026-10-10 20:29:00,Startup,Organic Search,SEO-Content,1
12522,4159,2026-10-12 20:47:00,Startup,Referral,REF-Customer,2
12523,4159,2026-10-16 10:45:00,Startup,Paid Social,META-Retargeting,3
12524,4159,2026-10-20 00:45:00,Startup,Organic Search,SEO-Product,4
12525,4160,2026-08-08 23:21:00,Freelancer,Display,DISPLAY-Retargeting,1
12526,4161,2026-04-29 20:00:00,Startup,Paid Search,PS-NonBrand,1
12527,4162,2026-02-23 03:02:00,Freelancer,Email,EMAIL-Nurture,1
12528,4162,2026-02-26 03:24:00,Freelancer,Paid Social,META-Prospecting,2
12529,4162,2026-03-07 00:10:00,Freelancer,Paid Search,PS-NonBrand,3
12530,4163,2026-07-15 07:30:00,SMB,Paid Social,META-Prospecting,1
12531,4163,2026-07-15 13:47:00,SMB,Display,DISPLAY-Retargeting,2
12532,4163,2026-07-20 18:57:00,SMB,Paid Search,PS-Brand,3
12533,4163,2026-08-03 10:49:00,SMB,Organic Search,SEO-Content,4
12534,4164,2026-09-14 20:58:00,Freelancer,Email,EMAIL-Reactivation,1
12535,4165,2026-01-30 22:46:00,Freelancer,Paid Social,META-Prospecting,1
12536,4165,2026-02-02 17:14:00,Freelancer,Paid Social,META-Prospecting,2
12537,4165,2026-02-05 18:43:00,Freelancer,Organic Search,SEO-Content,3
12538,4165,2026-02-07 05:19:00,Freelancer,Paid Social,META-Retargeting,4
12539,4166,2026-02-25 03:33:00,Startup,Referral,REF-Partner,1
12540,4167,2026-04-06 08:06:00,Freelancer,Paid Social,META-Retargeting,1
12541,4167,2026-04-20 18:13:00,Freelancer,Paid Search,PS-Brand,2
12542,4167,2026-04-27 10:42:00,Freelancer,Email,EMAIL-Nurture,3
12543,4168,2025-11-21 12:39:00,Startup,Paid Social,META-Retargeting,1
12544,4168,2025-11-24 04:29:00,Startup,Display,DISPLAY-Retargeting,2
12545,4168,2025-11-30 05:04:00,Startup,Paid Search,PS-NonBrand,3
12546,4168,2025-12-06 07:01:00,Startup,Paid Search,PS-NonBrand,4
12547,4169,2026-01-23 06:44:00,Startup,Referral,REF-Partner,1
12548,4169,2026-01-29 00:22:00,Startup,Paid Search,PS-Brand,2
12549,4169,2026-02-07 01:08:00,Startup,Paid Search,PS-Brand,3
12550,4169,2026-02-12 11:31:00,Startup,Display,DISPLAY-Retargeting,4
12551,4169,2026-02-13 12:26:00,Startup,Referral,REF-Customer,5
12552,4170,2025-12-16 02:15:00,Startup,Paid Search,PS-NonBrand,1
12553,4170,2025-12-23 00:42:00,Startup,Referral,REF-Partner,2
12554,4170,2025-12-27 21:56:00,Startup,Email,EMAIL-Reactivation,3
12555,4171,2026-07-21 20:44:00,SMB,Paid Search,PS-NonBrand,1
12556,4172,2026-04-05 12:57:00,Startup,Referral,REF-Customer,1
12557,4172,2026-04-07 21:19:00,Startup,Paid Social,META-Retargeting,2
12558,4172,2026-04-21 16:01:00,Startup,Referral,REF-Customer,3
12559,4172,2026-04-24 12:45:00,Startup,Email,EMAIL-Nurture,4
12560,4173,2026-05-11 10:15:00,SMB,Paid Search,PS-NonBrand,1
12561,4173,2026-05-23 13:32:00,SMB,Referral,REF-Customer,2
12562,4173,2026-05-24 21:18:00,SMB,Paid Social,META-Retargeting,3
12563,4173,2026-06-04 03:04:00,SMB,Organic Search,SEO-Content,4
12564,4174,2025-10-30 08:14:00,Startup,Paid Social,META-Prospecting,1
12565,4174,2025-11-04 07:15:00,Startup,Paid Social,META-Retargeting,2
12566,4174,2025-11-08 19:03:00,Startup,Referral,REF-Customer,3
12567,4174,2025-11-26 03:42:00,Startup,Referral,REF-Partner,4
12568,4175,2026-05-22 20:36:00,Startup,Paid Social,META-Retargeting,1
12569,4175,2026-05-24 10:03:00,Startup,Paid Search,PS-Brand,2
12570,4176,2026-06-21 02:45:00,SMB,Referral,REF-Partner,1
12571,4176,2026-06-29 21:03:00,SMB,Referral,REF-Customer,2
12572,4176,2026-07-11 19:31:00,SMB,Paid Search,PS-NonBrand,3
12573,4177,2026-06-10 12:30:00,SMB,Email,EMAIL-Nurture,1
12574,4177,2026-06-11 15:30:00,SMB,Paid Search,PS-NonBrand,2
12575,4177,2026-06-14 07:51:00,SMB,Paid Search,PS-NonBrand,3
12576,4177,2026-06-17 01:56:00,SMB,Paid Social,META-Prospecting,4
12577,4178,2026-07-23 22:43:00,SMB,Referral,REF-Customer,1
12578,4178,2026-08-07 05:36:00,SMB,Referral,REF-Customer,2
12579,4178,2026-08-08 02:18:00,SMB,Paid Social,META-Retargeting,3
12580,4179,2025-11-24 03:01:00,Startup,Organic Search,SEO-Product,1
12581,4179,2025-12-07 17:43:00,Startup,Paid Social,META-Retargeting,2
12582,4180,2026-04-22 23:43:00,SMB,Paid Social,META-Retargeting,1
12583,4180,2026-04-23 21:25:00,SMB,Organic Search,SEO-Product,2
12584,4180,2026-04-27 07:18:00,SMB,Paid Search,PS-NonBrand,3
12585,4180,2026-04-30 23:43:00,SMB,Paid Social,META-Retargeting,4
12586,4180,2026-05-06 04:14:00,SMB,Email,EMAIL-Reactivation,5
12587,4181,2026-04-01 08:45:00,SMB,Paid Search,PS-NonBrand,1
12588,4181,2026-04-08 05:55:00,SMB,Paid Search,PS-NonBrand,2
12589,4181,2026-04-14 15:02:00,SMB,Email,EMAIL-Reactivation,3
12590,4181,2026-04-21 20:54:00,SMB,Paid Social,META-Retargeting,4
12591,4181,2026-04-23 20:27:00,SMB,Paid Social,META-Retargeting,5
12592,4182,2026-09-01 16:57:00,SMB,Paid Search,PS-Brand,1
12593,4182,2026-09-16 02:43:00,SMB,Referral,REF-Partner,2
12594,4183,2026-06-12 19:10:00,SMB,Referral,REF-Customer,1
12595,4183,2026-06-16 17:31:00,SMB,Paid Search,PS-Brand,2
12596,4183,2026-06-27 23:47:00,SMB,Paid Social,META-Prospecting,3
12597,4183,2026-07-06 00:56:00,SMB,Paid Search,PS-NonBrand,4
12598,4184,2026-09-18 13:30:00,SMB,Organic Search,SEO-Product,1
12599,4184,2026-09-26 14:40:00,SMB,Paid Search,PS-NonBrand,2
12600,4184,2026-10-08 01:00:00,SMB,Paid Search,PS-Brand,3
12601,4185,2025-10-20 18:12:00,SMB,Paid Search,PS-NonBrand,1
12602,4185,2025-10-30 15:39:00,SMB,Email,EMAIL-Nurture,2
12603,4185,2025-11-06 12:19:00,SMB,Email,EMAIL-Reactivation,3
12604,4186,2026-03-21 22:19:00,Startup,Paid Social,META-Prospecting,1
12605,4186,2026-03-27 02:19:00,Startup,Referral,REF-Partner,2
12606,4186,2026-04-03 16:32:00,Startup,Paid Search,PS-Brand,3
12607,4187,2026-06-15 08:25:00,Startup,Organic Search,SEO-Product,1
12608,4187,2026-06-17 07:43:00,Startup,Paid Social,META-Retargeting,2
12609,4188,2025-11-07 06:13:00,Freelancer,Display,DISPLAY-Prospecting,1
12610,4188,2025-11-08 21:34:00,Freelancer,Paid Search,PS-NonBrand,2
12611,4188,2025-11-13 18:56:00,Freelancer,Referral,REF-Customer,3
12612,4188,2025-11-17 15:20:00,Freelancer,Paid Social,META-Retargeting,4
12613,4188,2025-11-29 12:30:00,Freelancer,Display,DISPLAY-Retargeting,5
12614,4189,2026-05-31 16:27:00,SMB,Email,EMAIL-Nurture,1
12615,4189,2026-06-10 12:56:00,SMB,Paid Social,META-Retargeting,2
12616,4189,2026-06-15 11:16:00,SMB,Paid Social,META-Retargeting,3
12617,4189,2026-06-15 14:09:00,SMB,Display,DISPLAY-Retargeting,4
12618,4189,2026-06-22 22:22:00,SMB,Organic Search,SEO-Product,5
12619,4190,2025-12-31 14:29:00,SMB,Email,EMAIL-Reactivation,1
12620,4190,2026-01-01 04:07:00,SMB,Paid Social,META-Retargeting,2
12621,4190,2026-01-16 08:09:00,SMB,Paid Search,PS-Brand,3
12622,4190,2026-01-22 08:49:00,SMB,Paid Search,PS-NonBrand,4
12623,4191,2025-11-10 08:16:00,SMB,Paid Search,PS-NonBrand,1
12624,4191,2025-11-26 11:35:00,SMB,Organic Search,SEO-Product,2
12625,4192,2026-06-05 21:51:00,Startup,Referral,REF-Customer,1
12626,4192,2026-06-12 11:41:00,Startup,Paid Search,PS-Brand,2
12627,4192,2026-06-12 16:03:00,Startup,Paid Social,META-Retargeting,3
12628,4192,2026-06-12 18:27:00,Startup,Paid Social,META-Retargeting,4
12629,4192,2026-06-23 08:51:00,Startup,Paid Social,META-Retargeting,5
12630,4193,2026-03-05 23:56:00,SMB,Paid Search,PS-Brand,1
12631,4193,2026-03-14 23:02:00,SMB,Email,EMAIL-Reactivation,2
12632,4193,2026-03-16 17:42:00,SMB,Display,DISPLAY-Prospecting,3
12633,4193,2026-03-22 03:06:00,SMB,Paid Social,META-Retargeting,4
12634,4193,2026-03-23 14:39:00,SMB,Display,DISPLAY-Prospecting,5
12635,4194,2026-03-14 09:53:00,SMB,Referral,REF-Customer,1
12636,4194,2026-03-15 21:46:00,SMB,Paid Search,PS-Brand,2
12637,4194,2026-03-21 05:48:00,SMB,Email,EMAIL-Reactivation,3
12638,4195,2026-01-30 10:19:00,Startup,Display,DISPLAY-Prospecting,1
12639,4195,2026-02-03 20:21:00,Startup,Paid Social,META-Prospecting,2
12640,4195,2026-02-17 00:07:00,Startup,Referral,REF-Customer,3
12641,4195,2026-02-21 15:06:00,Startup,Paid Search,PS-Brand,4
12642,4195,2026-02-22 00:11:00,Startup,Paid Search,PS-Brand,5
12643,4196,2026-06-16 15:39:00,SMB,Email,EMAIL-Nurture,1
12644,4196,2026-06-20 03:38:00,SMB,Paid Search,PS-Brand,2
12645,4196,2026-06-30 15:40:00,SMB,Paid Search,PS-NonBrand,3
12646,4197,2026-06-03 13:51:00,Startup,Paid Search,PS-Brand,1
12647,4197,2026-06-04 09:18:00,Startup,Paid Social,META-Retargeting,2
12648,4197,2026-06-06 00:02:00,Startup,Display,DISPLAY-Retargeting,3
12649,4198,2026-06-06 00:47:00,Startup,Paid Social,META-Prospecting,1
12650,4198,2026-06-24 21:36:00,Startup,Paid Social,META-Retargeting,2
12651,4198,2026-06-30 09:00:00,Startup,Paid Social,META-Retargeting,3
12652,4199,2026-07-27 21:51:00,Freelancer,Paid Search,PS-Brand,1
12653,4200,2026-05-18 02:01:00,SMB,Email,EMAIL-Reactivation,1
12654,4200,2026-05-20 12:54:00,SMB,Referral,REF-Customer,2
12655,4200,2026-05-28 07:55:00,SMB,Paid Social,META-Retargeting,3
12656,4201,2025-10-31 08:55:00,SMB,Paid Social,META-Retargeting,1
12657,4201,2025-11-02 17:19:00,SMB,Display,DISPLAY-Prospecting,2
12658,4201,2025-11-15 03:26:00,SMB,Paid Search,PS-NonBrand,3
12659,4202,2025-12-15 00:46:00,Startup,Display,DISPLAY-Retargeting,1
12660,4202,2025-12-17 04:23:00,Startup,Paid Search,PS-NonBrand,2
12661,4203,2026-09-28 16:57:00,SMB,Referral,REF-Customer,1
12662,4203,2026-10-12 08:50:00,SMB,Display,DISPLAY-Retargeting,2
12663,4204,2026-01-22 23:27:00,SMB,Email,EMAIL-Nurture,1
12664,4204,2026-02-02 10:43:00,SMB,Display,DISPLAY-Retargeting,2
12665,4204,2026-02-05 21:27:00,SMB,Display,DISPLAY-Retargeting,3
12666,4205,2026-03-29 00:18:00,SMB,Paid Social,META-Retargeting,1
12667,4206,2026-03-09 12:15:00,SMB,Display,DISPLAY-Prospecting,1
12668,4207,2026-10-12 01:15:00,SMB,Paid Social,META-Prospecting,1
12669,4208,2026-07-28 09:19:00,Startup,Paid Social,META-Prospecting,1
12670,4208,2026-08-13 18:31:00,Startup,Display,DISPLAY-Retargeting,2
12671,4209,2026-04-02 21:59:00,Startup,Paid Search,PS-NonBrand,1
12672,4209,2026-04-06 23:32:00,Startup,Paid Social,META-Retargeting,2
12673,4209,2026-04-12 23:40:00,Startup,Paid Social,META-Retargeting,3
12674,4209,2026-04-19 15:48:00,Startup,Referral,REF-Partner,4
12675,4209,2026-04-21 03:59:00,Startup,Email,EMAIL-Reactivation,5
12676,4210,2026-06-19 10:33:00,SMB,Paid Social,META-Prospecting,1
12677,4210,2026-06-21 16:22:00,SMB,Referral,REF-Customer,2
12678,4210,2026-06-30 10:49:00,SMB,Organic Search,SEO-Content,3
12679,4211,2026-05-06 07:22:00,Startup,Paid Search,PS-NonBrand,1
12680,4212,2026-06-05 11:36:00,Freelancer,Paid Search,PS-Brand,1
12681,4212,2026-06-17 12:34:00,Freelancer,Referral,REF-Customer,2
12682,4213,2026-09-19 05:16:00,SMB,Referral,REF-Partner,1
12683,4213,2026-09-19 11:40:00,SMB,Paid Search,PS-NonBrand,2
12684,4213,2026-10-10 17:19:00,SMB,Display,DISPLAY-Prospecting,3
12685,4213,2026-10-12 23:07:00,SMB,Paid Search,PS-NonBrand,4
12686,4214,2026-06-12 22:33:00,Startup,Paid Social,META-Retargeting,1
12687,4214,2026-06-21 01:59:00,Startup,Paid Search,PS-Brand,2
12688,4214,2026-06-28 07:37:00,Startup,Paid Social,META-Retargeting,3
12689,4215,2025-11-12 07:14:00,SMB,Paid Search,PS-NonBrand,1
12690,4215,2025-11-19 15:41:00,SMB,Paid Search,PS-Brand,2
12691,4216,2026-04-04 10:20:00,Freelancer,Email,EMAIL-Nurture,1
12692,4216,2026-04-19 05:36:00,Freelancer,Email,EMAIL-Reactivation,2
12693,4217,2026-08-24 23:46:00,SMB,Paid Social,META-Retargeting,1
12694,4218,2025-10-15 03:18:00,SMB,Paid Social,META-Prospecting,1
12695,4218,2025-10-17 09:21:00,SMB,Email,EMAIL-Nurture,2
12696,4218,2025-10-23 10:16:00,SMB,Paid Social,META-Retargeting,3
12697,4218,2025-10-27 03:54:00,SMB,Email,EMAIL-Nurture,4
12698,4218,2025-10-29 17:01:00,SMB,Referral,REF-Partner,5
12699,4219,2026-02-10 19:05:00,Freelancer,Paid Search,PS-NonBrand,1
12700,4220,2025-12-18 16:41:00,Startup,Organic Search,SEO-Product,1
12701,4220,2025-12-20 15:53:00,Startup,Display,DISPLAY-Retargeting,2
12702,4220,2025-12-30 09:18:00,Startup,Display,DISPLAY-Retargeting,3
12703,4220,2026-01-02 03:21:00,Startup,Paid Social,META-Prospecting,4
12704,4221,2026-06-23 13:08:00,SMB,Organic Search,SEO-Product,1
12705,4221,2026-06-27 01:02:00,SMB,Paid Search,PS-NonBrand,2
12706,4222,2025-11-21 17:00:00,Startup,Display,DISPLAY-Retargeting,1
12707,4222,2025-11-27 02:42:00,Startup,Paid Search,PS-Brand,2
12708,4222,2025-12-10 17:39:00,Startup,Referral,REF-Partner,3
12709,4222,2025-12-13 07:06:00,Startup,Referral,REF-Partner,4
12710,4223,2026-05-24 21:54:00,Freelancer,Paid Search,PS-Brand,1
12711,4223,2026-05-30 09:40:00,Freelancer,Email,EMAIL-Nurture,2
12712,4223,2026-06-09 07:16:00,Freelancer,Paid Search,PS-NonBrand,3
12713,4224,2025-10-26 04:46:00,Startup,Paid Search,PS-Brand,1
12714,4224,2025-11-01 15:43:00,Startup,Email,EMAIL-Nurture,2
12715,4224,2025-11-08 00:06:00,Startup,Paid Social,META-Prospecting,3
12716,4224,2025-11-18 05:07:00,Startup,Email,EMAIL-Reactivation,4
12717,4225,2026-09-09 03:15:00,SMB,Email,EMAIL-Reactivation,1
12718,4225,2026-09-12 10:30:00,SMB,Organic Search,SEO-Product,2
12719,4225,2026-09-16 00:35:00,SMB,Paid Social,META-Prospecting,3
12720,4225,2026-09-27 22:52:00,SMB,Organic Search,SEO-Content,4
12721,4225,2026-10-01 11:23:00,SMB,Paid Social,META-Retargeting,5
12722,4226,2026-01-28 01:30:00,SMB,Organic Search,SEO-Product,1
12723,4226,2026-02-08 17:26:00,SMB,Display,DISPLAY-Retargeting,2
12724,4226,2026-02-19 19:14:00,SMB,Paid Search,PS-NonBrand,3
12725,4226,2026-02-22 09:40:00,SMB,Display,DISPLAY-Retargeting,4
12726,4227,2026-02-26 14:22:00,Freelancer,Organic Search,SEO-Product,1
12727,4227,2026-03-11 13:33:00,Freelancer,Email,EMAIL-Nurture,2
12728,4227,2026-03-15 04:59:00,Freelancer,Paid Search,PS-NonBrand,3
12729,4227,2026-03-24 07:29:00,Freelancer,Paid Social,META-Retargeting,4
12730,4227,2026-03-26 08:55:00,Freelancer,Email,EMAIL-Nurture,5
12731,4228,2026-07-22 17:44:00,SMB,Referral,REF-Customer,1
12732,4228,2026-08-10 13:28:00,SMB,Organic Search,SEO-Content,2
12733,4229,2026-03-07 17:49:00,SMB,Paid Search,PS-NonBrand,1
12734,4229,2026-03-15 19:57:00,SMB,Organic Search,SEO-Content,2
12735,4230,2025-11-28 02:21:00,SMB,Paid Search,PS-Brand,1
12736,4230,2025-12-02 18:17:00,SMB,Paid Search,PS-NonBrand,2
12737,4230,2025-12-09 06:25:00,SMB,Display,DISPLAY-Retargeting,3
12738,4230,2025-12-11 12:44:00,SMB,Paid Social,META-Prospecting,4
12739,4231,2026-09-12 20:04:00,SMB,Organic Search,SEO-Product,1
12740,4231,2026-09-16 18:21:00,SMB,Email,EMAIL-Reactivation,2
12741,4232,2025-11-10 19:30:00,Startup,Display,DISPLAY-Prospecting,1
12742,4232,2025-11-14 21:15:00,Startup,Paid Social,META-Retargeting,2
12743,4232,2025-11-16 02:41:00,Startup,Paid Search,PS-Brand,3
12744,4232,2025-11-21 05:59:00,Startup,Paid Social,META-Retargeting,4
12745,4232,2025-12-08 21:47:00,Startup,Referral,REF-Customer,5
12746,4233,2026-04-06 01:34:00,SMB,Email,EMAIL-Reactivation,1
12747,4233,2026-04-17 10:45:00,SMB,Organic Search,SEO-Product,2
12748,4233,2026-04-25 13:22:00,SMB,Email,EMAIL-Reactivation,3
12749,4234,2025-11-27 16:19:00,SMB,Paid Search,PS-Brand,1
12750,4234,2025-11-30 14:10:00,SMB,Referral,REF-Customer,2
12751,4234,2025-12-08 01:21:00,SMB,Organic Search,SEO-Product,3
12752,4234,2025-12-10 00:05:00,SMB,Paid Social,META-Retargeting,4
12753,4234,2025-12-12 21:25:00,SMB,Organic Search,SEO-Content,5
12754,4235,2026-06-25 11:10:00,SMB,Paid Social,META-Retargeting,1
12755,4235,2026-06-30 09:51:00,SMB,Paid Search,PS-NonBrand,2
12756,4235,2026-07-04 10:23:00,SMB,Paid Search,PS-Brand,3
12757,4236,2026-01-08 06:12:00,SMB,Paid Search,PS-Brand,1
12758,4236,2026-01-14 08:03:00,SMB,Paid Social,META-Retargeting,2
12759,4237,2026-09-10 14:50:00,SMB,Paid Social,META-Retargeting,1
12760,4237,2026-09-14 09:07:00,SMB,Display,DISPLAY-Prospecting,2
12761,4237,2026-10-04 06:35:00,SMB,Paid Social,META-Retargeting,3
12762,4237,2026-10-04 13:42:00,SMB,Paid Search,PS-Brand,4
12763,4238,2025-12-20 10:41:00,SMB,Paid Search,PS-NonBrand,1
12764,4238,2025-12-21 07:21:00,SMB,Email,EMAIL-Nurture,2
12765,4238,2025-12-27 22:54:00,SMB,Organic Search,SEO-Product,3
12766,4238,2025-12-27 23:16:00,SMB,Email,EMAIL-Reactivation,4
12767,4239,2026-06-29 13:47:00,Startup,Paid Social,META-Retargeting,1
12768,4240,2025-10-10 06:59:00,SMB,Referral,REF-Partner,1
12769,4240,2025-10-31 16:01:00,SMB,Paid Search,PS-NonBrand,2
12770,4241,2025-11-11 10:03:00,SMB,Referral,REF-Customer,1
12771,4241,2025-11-15 12:16:00,SMB,Paid Social,META-Retargeting,2
12772,4241,2025-11-18 08:28:00,SMB,Paid Search,PS-Brand,3
12773,4241,2025-12-02 21:39:00,SMB,Paid Social,META-Prospecting,4
12774,4242,2026-01-12 20:41:00,Startup,Paid Social,META-Retargeting,1
12775,4242,2026-01-13 11:01:00,Startup,Paid Social,META-Prospecting,2
12776,4242,2026-01-16 15:18:00,Startup,Paid Social,META-Retargeting,3
12777,4242,2026-01-26 20:33:00,Startup,Email,EMAIL-Nurture,4
12778,4242,2026-01-30 19:39:00,Startup,Email,EMAIL-Reactivation,5
12779,4243,2026-08-29 08:13:00,Startup,Paid Social,META-Retargeting,1
12780,4243,2026-09-01 21:06:00,Startup,Display,DISPLAY-Retargeting,2
12781,4243,2026-09-07 09:42:00,Startup,Organic Search,SEO-Content,3
12782,4244,2026-10-11 01:09:00,Startup,Referral,REF-Customer,1
12783,4244,2026-10-19 18:17:00,Startup,Paid Search,PS-Brand,2
12784,4244,2026-10-23 16:59:00,Startup,Display,DISPLAY-Prospecting,3
12785,4244,2026-10-28 00:53:00,Startup,Paid Search,PS-Brand,4
12786,4245,2026-05-22 11:34:00,Freelancer,Paid Search,PS-NonBrand,1
12787,4245,2026-05-27 23:38:00,Freelancer,Paid Social,META-Retargeting,2
12788,4245,2026-05-28 00:43:00,Freelancer,Email,EMAIL-Nurture,3
12789,4245,2026-05-29 07:23:00,Freelancer,Email,EMAIL-Nurture,4
12790,4246,2026-02-07 10:29:00,SMB,Paid Social,META-Prospecting,1
12791,4246,2026-02-10 12:41:00,SMB,Paid Search,PS-Brand,2
12792,4246,2026-02-11 23:51:00,SMB,Referral,REF-Partner,3
12793,4246,2026-02-22 20:15:00,SMB,Email,EMAIL-Nurture,4
12794,4246,2026-02-28 05:13:00,SMB,Organic Search,SEO-Product,5
12795,4247,2026-01-31 19:14:00,SMB,Organic Search,SEO-Product,1
12796,4247,2026-02-02 09:43:00,SMB,Paid Social,META-Prospecting,2
12797,4247,2026-02-02 19:09:00,SMB,Paid Search,PS-NonBrand,3
12798,4247,2026-02-10 08:15:00,SMB,Paid Search,PS-Brand,4
12799,4247,2026-02-13 02:11:00,SMB,Display,DISPLAY-Prospecting,5
12800,4248,2025-12-29 00:13:00,SMB,Referral,REF-Customer,1
12801,4248,2025-12-30 00:46:00,SMB,Email,EMAIL-Nurture,2
12802,4248,2026-01-07 04:18:00,SMB,Organic Search,SEO-Product,3
12803,4248,2026-01-07 04:46:00,SMB,Email,EMAIL-Reactivation,4
12804,4249,2026-02-03 00:54:00,SMB,Organic Search,SEO-Content,1
12805,4249,2026-02-04 00:24:00,SMB,Referral,REF-Customer,2
12806,4249,2026-02-07 00:10:00,SMB,Organic Search,SEO-Product,3
12807,4249,2026-02-15 04:13:00,SMB,Paid Social,META-Retargeting,4
12808,4249,2026-03-02 00:16:00,SMB,Email,EMAIL-Reactivation,5
12809,4250,2026-03-30 01:44:00,Freelancer,Paid Social,META-Retargeting,1
12810,4250,2026-04-09 15:49:00,Freelancer,Email,EMAIL-Nurture,2
12811,4250,2026-04-19 00:25:00,Freelancer,Paid Search,PS-NonBrand,3
12812,4250,2026-04-19 11:06:00,Freelancer,Paid Search,PS-Brand,4
12813,4251,2026-06-15 16:23:00,Startup,Email,EMAIL-Nurture,1
12814,4251,2026-06-20 05:56:00,Startup,Display,DISPLAY-Prospecting,2
12815,4251,2026-06-30 05:53:00,Startup,Paid Search,PS-Brand,3
12816,4251,2026-07-05 17:29:00,Startup,Email,EMAIL-Nurture,4
12817,4251,2026-07-06 19:23:00,Startup,Paid Search,PS-Brand,5
12818,4252,2025-12-24 09:47:00,Startup,Paid Search,PS-Brand,1
12819,4252,2025-12-26 03:29:00,Startup,Paid Search,PS-Brand,2
12820,4252,2025-12-27 00:09:00,Startup,Paid Social,META-Retargeting,3
12821,4252,2025-12-27 16:57:00,Startup,Display,DISPLAY-Retargeting,4
12822,4253,2025-11-05 23:30:00,Freelancer,Paid Search,PS-Brand,1
12823,4254,2026-04-26 19:46:00,Freelancer,Paid Social,META-Prospecting,1
12824,4254,2026-05-06 11:48:00,Freelancer,Paid Social,META-Retargeting,2
12825,4254,2026-05-11 13:41:00,Freelancer,Paid Search,PS-Brand,3
12826,4254,2026-05-12 16:27:00,Freelancer,Paid Search,PS-Brand,4
12827,4254,2026-05-12 18:51:00,Freelancer,Organic Search,SEO-Product,5
12828,4255,2025-12-28 13:34:00,SMB,Display,DISPLAY-Retargeting,1
12829,4255,2026-01-07 10:16:00,SMB,Paid Social,META-Retargeting,2
12830,4255,2026-01-24 17:26:00,SMB,Organic Search,SEO-Content,3
12831,4255,2026-01-25 18:22:00,SMB,Display,DISPLAY-Prospecting,4
12832,4256,2026-03-02 04:28:00,Freelancer,Organic Search,SEO-Content,1
12833,4256,2026-03-18 13:10:00,Freelancer,Email,EMAIL-Reactivation,2
12834,4256,2026-03-20 00:16:00,Freelancer,Paid Search,PS-NonBrand,3
12835,4257,2026-06-30 18:26:00,SMB,Paid Social,META-Prospecting,1
12836,4257,2026-07-03 06:11:00,SMB,Referral,REF-Customer,2
12837,4257,2026-07-06 08:12:00,SMB,Paid Social,META-Retargeting,3
12838,4257,2026-07-14 19:51:00,SMB,Email,EMAIL-Reactivation,4
12839,4258,2026-09-07 11:46:00,SMB,Paid Search,PS-NonBrand,1
12840,4259,2026-04-22 18:03:00,Startup,Referral,REF-Partner,1
12841,4259,2026-05-04 09:58:00,Startup,Paid Search,PS-Brand,2
12842,4259,2026-05-04 21:29:00,Startup,Display,DISPLAY-Retargeting,3
12843,4259,2026-05-09 10:19:00,Startup,Organic Search,SEO-Product,4
12844,4260,2026-09-08 18:41:00,Freelancer,Email,EMAIL-Nurture,1
12845,4260,2026-09-08 19:21:00,Freelancer,Paid Social,META-Retargeting,2
12846,4260,2026-10-01 12:21:00,Freelancer,Paid Search,PS-Brand,3
12847,4261,2026-01-12 11:12:00,Startup,Referral,REF-Partner,1
12848,4261,2026-01-14 04:35:00,Startup,Organic Search,SEO-Content,2
12849,4261,2026-01-28 15:16:00,Startup,Email,EMAIL-Reactivation,3
12850,4262,2026-07-10 10:14:00,SMB,Paid Search,PS-Brand,1
12851,4263,2026-09-23 01:47:00,Freelancer,Organic Search,SEO-Content,1
12852,4263,2026-10-04 16:59:00,Freelancer,Email,EMAIL-Nurture,2
12853,4263,2026-10-13 23:04:00,Freelancer,Paid Social,META-Retargeting,3
12854,4263,2026-10-15 04:37:00,Freelancer,Paid Search,PS-Brand,4
12855,4263,2026-10-19 16:06:00,Freelancer,Paid Social,META-Retargeting,5
12856,4264,2026-01-14 03:17:00,SMB,Referral,REF-Partner,1
12857,4265,2026-07-18 11:15:00,Startup,Paid Search,PS-NonBrand,1
12858,4266,2026-03-22 21:55:00,SMB,Email,EMAIL-Nurture,1
12859,4266,2026-04-13 02:12:00,SMB,Paid Search,PS-Brand,2
12860,4266,2026-04-16 10:39:00,SMB,Paid Search,PS-NonBrand,3
12861,4267,2026-08-18 17:09:00,SMB,Organic Search,SEO-Content,1
12862,4267,2026-08-20 09:19:00,SMB,Email,EMAIL-Nurture,2
12863,4267,2026-08-25 18:08:00,SMB,Referral,REF-Partner,3
12864,4267,2026-08-27 03:32:00,SMB,Paid Search,PS-NonBrand,4
12865,4267,2026-09-04 01:47:00,SMB,Paid Search,PS-NonBrand,5
12866,4268,2026-01-24 20:34:00,SMB,Paid Search,PS-Brand,1
12867,4268,2026-02-09 01:12:00,SMB,Paid Search,PS-Brand,2
12868,4268,2026-02-17 01:13:00,SMB,Organic Search,SEO-Product,3
12869,4269,2026-10-05 01:24:00,Freelancer,Paid Search,PS-NonBrand,1
12870,4270,2026-07-22 09:49:00,Freelancer,Paid Social,META-Retargeting,1
12871,4270,2026-07-31 06:20:00,Freelancer,Paid Social,META-Prospecting,2
12872,4270,2026-08-13 12:45:00,Freelancer,Email,EMAIL-Nurture,3
12873,4271,2026-06-20 16:32:00,SMB,Email,EMAIL-Nurture,1
12874,4271,2026-07-04 19:35:00,SMB,Organic Search,SEO-Product,2
12875,4271,2026-07-09 16:02:00,SMB,Paid Social,META-Retargeting,3
12876,4271,2026-07-14 11:09:00,SMB,Referral,REF-Partner,4
12877,4272,2025-10-22 03:33:00,SMB,Organic Search,SEO-Product,1
12878,4273,2025-11-02 23:28:00,SMB,Organic Search,SEO-Product,1
12879,4273,2025-11-26 08:55:00,SMB,Paid Social,META-Retargeting,2
12880,4273,2025-11-27 10:02:00,SMB,Paid Search,PS-NonBrand,3
12881,4274,2026-06-02 18:38:00,Startup,Paid Search,PS-NonBrand,1
12882,4274,2026-06-03 10:39:00,Startup,Paid Social,META-Prospecting,2
12883,4274,2026-06-08 00:02:00,Startup,Paid Search,PS-NonBrand,3
12884,4274,2026-06-14 00:00:00,Startup,Referral,REF-Partner,4
12885,4274,2026-06-23 15:16:00,Startup,Paid Search,PS-Brand,5
12886,4275,2026-04-03 02:45:00,Startup,Display,DISPLAY-Prospecting,1
12887,4275,2026-04-05 07:06:00,Startup,Paid Social,META-Prospecting,2
12888,4275,2026-04-13 20:06:00,Startup,Referral,REF-Customer,3
12889,4275,2026-04-14 14:14:00,Startup,Display,DISPLAY-Prospecting,4
12890,4276,2026-02-07 12:27:00,Startup,Email,EMAIL-Nurture,1
12891,4277,2026-08-20 20:42:00,SMB,Referral,REF-Partner,1
12892,4278,2026-03-25 07:29:00,SMB,Organic Search,SEO-Product,1
12893,4278,2026-03-29 04:02:00,SMB,Referral,REF-Customer,2
12894,4278,2026-03-31 22:05:00,SMB,Organic Search,SEO-Product,3
12895,4278,2026-04-02 23:45:00,SMB,Paid Search,PS-NonBrand,4
12896,4279,2026-03-25 21:40:00,Freelancer,Paid Search,PS-NonBrand,1
12897,4279,2026-04-03 00:54:00,Freelancer,Organic Search,SEO-Product,2
12898,4279,2026-04-10 14:38:00,Freelancer,Organic Search,SEO-Content,3
12899,4280,2026-01-26 04:44:00,Startup,Display,DISPLAY-Retargeting,1
12900,4280,2026-01-28 19:27:00,Startup,Paid Search,PS-Brand,2
12901,4280,2026-02-16 10:44:00,Startup,Paid Social,META-Retargeting,3
12902,4280,2026-02-17 07:00:00,Startup,Display,DISPLAY-Retargeting,4
12903,4280,2026-02-22 13:12:00,Startup,Paid Search,PS-Brand,5
12904,4281,2026-10-05 13:01:00,SMB,Paid Search,PS-NonBrand,1
12905,4281,2026-10-23 20:19:00,SMB,Paid Search,PS-Brand,2
12906,4282,2026-02-23 15:09:00,SMB,Paid Search,PS-NonBrand,1
12907,4282,2026-02-25 08:55:00,SMB,Organic Search,SEO-Content,2
12908,4283,2026-01-08 16:30:00,SMB,Paid Search,PS-NonBrand,1
12909,4283,2026-01-17 08:57:00,SMB,Organic Search,SEO-Product,2
12910,4283,2026-01-18 18:03:00,SMB,Email,EMAIL-Nurture,3
12911,4283,2026-01-24 06:06:00,SMB,Paid Search,PS-Brand,4
12912,4284,2026-06-10 19:40:00,SMB,Paid Social,META-Prospecting,1
12913,4284,2026-06-17 10:00:00,SMB,Organic Search,SEO-Content,2
12914,4284,2026-06-20 23:22:00,SMB,Organic Search,SEO-Product,3
12915,4284,2026-06-22 12:51:00,SMB,Paid Search,PS-Brand,4
12916,4285,2025-10-14 09:00:00,SMB,Paid Social,META-Retargeting,1
12917,4285,2025-10-19 21:36:00,SMB,Organic Search,SEO-Content,2
12918,4285,2025-10-24 04:31:00,SMB,Email,EMAIL-Reactivation,3
12919,4285,2025-11-01 02:23:00,SMB,Email,EMAIL-Nurture,4
12920,4285,2025-11-05 02:35:00,SMB,Paid Social,META-Prospecting,5
12921,4286,2026-05-14 19:51:00,Startup,Paid Search,PS-Brand,1
12922,4286,2026-05-15 18:07:00,Startup,Paid Search,PS-Brand,2
12923,4286,2026-05-23 17:14:00,Startup,Paid Social,META-Retargeting,3
12924,4286,2026-06-03 07:30:00,Startup,Paid Search,PS-Brand,4
12925,4287,2026-05-21 14:08:00,SMB,Paid Social,META-Retargeting,1
12926,4287,2026-05-22 00:44:00,SMB,Paid Social,META-Retargeting,2
12927,4287,2026-05-22 06:27:00,SMB,Organic Search,SEO-Product,3
12928,4288,2026-01-07 14:23:00,SMB,Email,EMAIL-Reactivation,1
12929,4288,2026-01-11 00:08:00,SMB,Referral,REF-Customer,2
12930,4288,2026-01-11 03:30:00,SMB,Email,EMAIL-Reactivation,3
12931,4288,2026-01-18 00:19:00,SMB,Paid Social,META-Retargeting,4
12932,4289,2026-07-08 13:32:00,Startup,Display,DISPLAY-Retargeting,1
12933,4289,2026-07-08 16:43:00,Startup,Paid Social,META-Prospecting,2
12934,4289,2026-07-27 08:49:00,Startup,Paid Social,META-Prospecting,3
12935,4290,2025-10-28 19:43:00,SMB,Paid Social,META-Retargeting,1
12936,4290,2025-10-30 06:24:00,SMB,Email,EMAIL-Reactivation,2
12937,4290,2025-10-31 12:10:00,SMB,Email,EMAIL-Reactivation,3
12938,4290,2025-11-05 18:52:00,SMB,Email,EMAIL-Nurture,4
12939,4290,2025-11-14 13:22:00,SMB,Paid Social,META-Retargeting,5
12940,4291,2026-10-07 18:24:00,SMB,Referral,REF-Partner,1
12941,4291,2026-10-15 23:45:00,SMB,Organic Search,SEO-Product,2
12942,4291,2026-10-19 14:43:00,SMB,Display,DISPLAY-Retargeting,3
12943,4292,2026-09-03 18:12:00,Freelancer,Paid Social,META-Prospecting,1
12944,4293,2025-12-10 21:58:00,SMB,Referral,REF-Customer,1
12945,4293,2025-12-11 18:02:00,SMB,Organic Search,SEO-Content,2
12946,4293,2025-12-21 14:48:00,SMB,Referral,REF-Partner,3
12947,4293,2025-12-24 06:11:00,SMB,Email,EMAIL-Nurture,4
12948,4294,2026-04-01 00:06:00,Startup,Paid Search,PS-Brand,1
12949,4294,2026-04-10 13:40:00,Startup,Paid Search,PS-NonBrand,2
12950,4294,2026-04-18 19:36:00,Startup,Email,EMAIL-Reactivation,3
12951,4294,2026-04-24 18:20:00,Startup,Paid Social,META-Retargeting,4
12952,4295,2025-12-26 11:40:00,SMB,Referral,REF-Customer,1
12953,4295,2025-12-29 07:31:00,SMB,Paid Social,META-Prospecting,2
12954,4295,2026-01-05 01:31:00,SMB,Email,EMAIL-Nurture,3
12955,4296,2026-05-14 03:16:00,SMB,Referral,REF-Customer,1
12956,4296,2026-05-29 23:31:00,SMB,Display,DISPLAY-Prospecting,2
12957,4296,2026-05-30 11:51:00,SMB,Paid Social,META-Retargeting,3
12958,4296,2026-06-05 18:35:00,SMB,Organic Search,SEO-Product,4
12959,4296,2026-06-10 13:16:00,SMB,Paid Search,PS-NonBrand,5
12960,4297,2026-02-06 23:56:00,SMB,Referral,REF-Customer,1
12961,4298,2026-04-07 20:58:00,Startup,Paid Social,META-Retargeting,1
12962,4298,2026-04-09 01:03:00,Startup,Referral,REF-Partner,2
12963,4298,2026-04-10 17:48:00,Startup,Referral,REF-Customer,3
12964,4298,2026-04-19 00:36:00,Startup,Display,DISPLAY-Retargeting,4
12965,4298,2026-04-22 07:20:00,Startup,Organic Search,SEO-Content,5
12966,4299,2026-09-16 17:50:00,SMB,Organic Search,SEO-Content,1
12967,4299,2026-10-02 02:50:00,SMB,Organic Search,SEO-Content,2
12968,4299,2026-10-02 11:00:00,SMB,Organic Search,SEO-Content,3
12969,4299,2026-10-11 03:02:00,SMB,Referral,REF-Customer,4
12970,4300,2026-05-14 04:19:00,Startup,Display,DISPLAY-Prospecting,1
12971,4300,2026-05-22 23:09:00,Startup,Display,DISPLAY-Prospecting,2
12972,4300,2026-06-05 00:25:00,Startup,Email,EMAIL-Nurture,3
12973,4301,2026-08-17 12:50:00,SMB,Paid Search,PS-Brand,1
12974,4302,2026-05-17 23:14:00,Startup,Paid Social,META-Retargeting,1
12975,4302,2026-05-27 16:35:00,Startup,Organic Search,SEO-Product,2
12976,4302,2026-06-02 04:42:00,Startup,Paid Social,META-Prospecting,3
12977,4302,2026-06-04 23:16:00,Startup,Paid Social,META-Retargeting,4
12978,4302,2026-06-07 07:56:00,Startup,Email,EMAIL-Reactivation,5
12979,4303,2026-03-31 04:02:00,SMB,Paid Search,PS-NonBrand,1
12980,4303,2026-04-09 01:49:00,SMB,Paid Search,PS-NonBrand,2
12981,4303,2026-04-17 14:19:00,SMB,Organic Search,SEO-Content,3
12982,4303,2026-04-18 00:47:00,SMB,Referral,REF-Customer,4
12983,4304,2025-10-13 12:12:00,SMB,Paid Social,META-Prospecting,1
12984,4304,2025-10-20 12:11:00,SMB,Paid Social,META-Prospecting,2
12985,4304,2025-10-29 03:47:00,SMB,Paid Social,META-Retargeting,3
12986,4305,2025-11-08 08:57:00,Startup,Paid Social,META-Retargeting,1
12987,4305,2025-11-12 14:56:00,Startup,Paid Search,PS-Brand,2
12988,4305,2025-11-16 03:09:00,Startup,Display,DISPLAY-Prospecting,3
12989,4305,2025-11-22 12:40:00,Startup,Paid Search,PS-NonBrand,4
12990,4306,2026-04-16 23:57:00,SMB,Organic Search,SEO-Content,1
12991,4306,2026-04-28 18:38:00,SMB,Paid Search,PS-Brand,2
12992,4306,2026-05-08 21:52:00,SMB,Organic Search,SEO-Content,3
12993,4307,2026-04-09 18:05:00,SMB,Organic Search,SEO-Content,1
12994,4307,2026-04-23 01:11:00,SMB,Referral,REF-Customer,2
12995,4307,2026-04-30 12:50:00,SMB,Referral,REF-Customer,3
12996,4308,2026-04-02 23:03:00,Startup,Paid Social,META-Retargeting,1
12997,4308,2026-04-05 16:13:00,Startup,Organic Search,SEO-Product,2
12998,4308,2026-04-09 12:48:00,Startup,Display,DISPLAY-Retargeting,3
12999,4308,2026-04-16 04:06:00,Startup,Referral,REF-Partner,4
13000,4309,2026-08-29 16:29:00,Startup,Paid Social,META-Retargeting,1
13001,4309,2026-08-30 17:05:00,Startup,Display,DISPLAY-Retargeting,2
13002,4310,2025-11-26 14:26:00,Startup,Paid Social,META-Retargeting,1
13003,4310,2025-12-03 17:40:00,Startup,Email,EMAIL-Nurture,2
13004,4311,2026-05-29 17:36:00,SMB,Paid Search,PS-NonBrand,1
13005,4311,2026-06-05 07:07:00,SMB,Organic Search,SEO-Product,2
13006,4311,2026-06-07 20:09:00,SMB,Paid Social,META-Prospecting,3
13007,4312,2026-07-13 10:23:00,SMB,Paid Search,PS-NonBrand,1
13008,4312,2026-07-25 07:45:00,SMB,Organic Search,SEO-Content,2
13009,4312,2026-07-26 08:16:00,SMB,Referral,REF-Partner,3
13010,4312,2026-07-28 07:19:00,SMB,Paid Search,PS-Brand,4
13011,4313,2026-06-12 20:22:00,SMB,Email,EMAIL-Nurture,1
13012,4314,2026-01-04 08:48:00,SMB,Paid Search,PS-NonBrand,1
13013,4314,2026-01-04 21:50:00,SMB,Email,EMAIL-Reactivation,2
13014,4314,2026-01-16 18:14:00,SMB,Organic Search,SEO-Content,3
13015,4315,2026-03-08 15:07:00,SMB,Paid Search,PS-Brand,1
13016,4315,2026-03-22 19:45:00,SMB,Organic Search,SEO-Content,2
13017,4316,2025-11-04 11:24:00,SMB,Paid Search,PS-NonBrand,1
13018,4316,2025-11-06 07:40:00,SMB,Paid Social,META-Prospecting,2
13019,4316,2025-11-11 15:31:00,SMB,Paid Search,PS-NonBrand,3
13020,4317,2025-12-31 15:22:00,SMB,Paid Search,PS-Brand,1
13021,4318,2026-07-25 12:42:00,Startup,Referral,REF-Customer,1
13022,4318,2026-08-04 07:29:00,Startup,Display,DISPLAY-Retargeting,2
13023,4318,2026-08-06 13:19:00,Startup,Paid Search,PS-Brand,3
13024,4318,2026-08-06 21:56:00,Startup,Referral,REF-Customer,4
13025,4319,2026-05-17 05:48:00,SMB,Paid Social,META-Retargeting,1
13026,4319,2026-05-23 15:02:00,SMB,Display,DISPLAY-Retargeting,2
13027,4320,2026-08-17 15:02:00,SMB,Email,EMAIL-Reactivation,1
13028,4321,2026-06-12 22:09:00,SMB,Paid Search,PS-NonBrand,1
13029,4321,2026-06-14 17:43:00,SMB,Paid Search,PS-Brand,2
13030,4321,2026-06-20 17:42:00,SMB,Paid Search,PS-Brand,3
13031,4321,2026-07-06 14:14:00,SMB,Organic Search,SEO-Product,4
13032,4321,2026-07-06 20:22:00,SMB,Paid Social,META-Retargeting,5
13033,4322,2026-01-01 20:26:00,SMB,Paid Search,PS-Brand,1
13034,4322,2026-01-25 18:49:00,SMB,Referral,REF-Customer,2
13035,4323,2026-07-25 03:43:00,Startup,Email,EMAIL-Reactivation,1
13036,4323,2026-07-25 13:14:00,Startup,Paid Search,PS-Brand,2
13037,4323,2026-08-05 23:08:00,Startup,Paid Search,PS-Brand,3
13038,4323,2026-08-09 04:33:00,Startup,Paid Social,META-Retargeting,4
13039,4323,2026-08-17 22:12:00,Startup,Display,DISPLAY-Prospecting,5
13040,4324,2026-06-25 03:18:00,SMB,Email,EMAIL-Nurture,1
13041,4324,2026-06-28 16:32:00,SMB,Paid Social,META-Retargeting,2
13042,4325,2025-12-14 12:24:00,SMB,Email,EMAIL-Reactivation,1
13043,4325,2025-12-20 00:00:00,SMB,Paid Search,PS-NonBrand,2
13044,4325,2026-01-01 09:28:00,SMB,Organic Search,SEO-Content,3
13045,4325,2026-01-05 19:44:00,SMB,Paid Search,PS-Brand,4
13046,4326,2025-10-17 15:13:00,Freelancer,Organic Search,SEO-Product,1
13047,4326,2025-10-24 03:33:00,Freelancer,Email,EMAIL-Reactivation,2
13048,4327,2026-07-08 18:20:00,SMB,Paid Search,PS-Brand,1
13049,4327,2026-07-22 19:47:00,SMB,Email,EMAIL-Nurture,2
13050,4328,2026-06-27 14:46:00,SMB,Display,DISPLAY-Retargeting,1
13051,4328,2026-07-16 07:25:00,SMB,Paid Search,PS-NonBrand,2
13052,4328,2026-07-18 02:50:00,SMB,Referral,REF-Customer,3
13053,4329,2025-11-05 16:14:00,Startup,Paid Search,PS-Brand,1
13054,4330,2026-03-20 00:53:00,Startup,Paid Social,META-Retargeting,1
13055,4330,2026-03-28 23:56:00,Startup,Paid Social,META-Retargeting,2
13056,4330,2026-03-29 14:09:00,Startup,Paid Search,PS-Brand,3
13057,4330,2026-04-04 13:05:00,Startup,Organic Search,SEO-Product,4
13058,4330,2026-04-07 15:55:00,Startup,Email,EMAIL-Reactivation,5
13059,4331,2026-09-03 18:27:00,Freelancer,Paid Search,PS-Brand,1
13060,4331,2026-09-07 22:33:00,Freelancer,Referral,REF-Customer,2
13061,4332,2026-07-20 20:55:00,Freelancer,Display,DISPLAY-Retargeting,1
13062,4332,2026-07-28 03:47:00,Freelancer,Organic Search,SEO-Product,2
13063,4332,2026-07-30 09:52:00,Freelancer,Organic Search,SEO-Content,3
13064,4332,2026-08-04 08:57:00,Freelancer,Referral,REF-Customer,4
13065,4333,2026-07-29 00:47:00,Startup,Paid Search,PS-Brand,1
13066,4333,2026-07-30 05:47:00,Startup,Organic Search,SEO-Content,2
13067,4333,2026-08-07 05:55:00,Startup,Display,DISPLAY-Retargeting,3
13068,4333,2026-08-10 16:22:00,Startup,Paid Social,META-Retargeting,4
13069,4333,2026-08-17 17:28:00,Startup,Paid Search,PS-Brand,5
13070,4334,2026-03-14 03:43:00,SMB,Paid Search,PS-Brand,1
13071,4335,2025-11-16 05:50:00,Startup,Email,EMAIL-Nurture,1
13072,4335,2025-12-03 04:17:00,Startup,Paid Social,META-Retargeting,2
13073,4335,2025-12-03 22:13:00,Startup,Email,EMAIL-Reactivation,3
13074,4335,2025-12-12 21:21:00,Startup,Referral,REF-Customer,4
13075,4336,2026-02-08 01:46:00,SMB,Organic Search,SEO-Product,1
13076,4336,2026-02-10 09:44:00,SMB,Paid Search,PS-NonBrand,2
13077,4336,2026-02-12 15:02:00,SMB,Paid Search,PS-NonBrand,3
13078,4336,2026-02-13 08:10:00,SMB,Paid Search,PS-NonBrand,4
13079,4336,2026-02-27 10:19:00,SMB,Referral,REF-Partner,5
13080,4337,2026-06-12 19:02:00,Startup,Email,EMAIL-Nurture,1
13081,4337,2026-06-29 23:39:00,Startup,Email,EMAIL-Reactivation,2
13082,4337,2026-07-07 07:27:00,Startup,Email,EMAIL-Nurture,3
13083,4338,2026-08-04 00:33:00,Freelancer,Display,DISPLAY-Retargeting,1
13084,4339,2026-05-27 13:15:00,SMB,Organic Search,SEO-Product,1
13085,4339,2026-06-10 20:30:00,SMB,Paid Search,PS-NonBrand,2
13086,4339,2026-06-13 14:13:00,SMB,Paid Social,META-Retargeting,3
13087,4339,2026-06-16 12:58:00,SMB,Organic Search,SEO-Product,4
13088,4339,2026-06-18 02:05:00,SMB,Email,EMAIL-Reactivation,5
13089,4340,2025-11-09 12:56:00,Freelancer,Display,DISPLAY-Prospecting,1
13090,4341,2026-05-06 04:17:00,Startup,Paid Search,PS-Brand,1
13091,4341,2026-05-18 14:07:00,Startup,Paid Social,META-Retargeting,2
13092,4341,2026-05-20 01:51:00,Startup,Paid Social,META-Prospecting,3
13093,4341,2026-05-26 10:44:00,Startup,Email,EMAIL-Reactivation,4
13094,4342,2025-12-16 06:16:00,SMB,Paid Social,META-Prospecting,1
13095,4342,2025-12-25 07:00:00,SMB,Referral,REF-Customer,2
13096,4342,2025-12-27 17:01:00,SMB,Paid Social,META-Retargeting,3
13097,4342,2026-01-01 15:47:00,SMB,Referral,REF-Customer,4
13098,4342,2026-01-05 01:28:00,SMB,Paid Search,PS-NonBrand,5
13099,4343,2026-05-11 23:04:00,Freelancer,Email,EMAIL-Nurture,1
13100,4343,2026-05-13 14:37:00,Freelancer,Paid Social,META-Retargeting,2
13101,4343,2026-05-31 11:12:00,Freelancer,Display,DISPLAY-Retargeting,3
13102,4343,2026-06-06 17:10:00,Freelancer,Email,EMAIL-Reactivation,4
13103,4343,2026-06-09 11:55:00,Freelancer,Email,EMAIL-Reactivation,5
13104,4344,2026-03-15 03:04:00,Startup,Organic Search,SEO-Content,1
13105,4345,2026-04-18 23:58:00,SMB,Paid Search,PS-NonBrand,1
13106,4345,2026-04-29 17:19:00,SMB,Organic Search,SEO-Content,2
13107,4345,2026-05-03 05:51:00,SMB,Paid Search,PS-NonBrand,3
13108,4346,2026-05-14 02:18:00,Startup,Organic Search,SEO-Content,1
13109,4347,2026-05-30 03:21:00,SMB,Display,DISPLAY-Retargeting,1
13110,4347,2026-06-06 19:32:00,SMB,Paid Search,PS-Brand,2
13111,4347,2026-06-11 21:33:00,SMB,Organic Search,SEO-Product,3
13112,4348,2025-10-11 11:34:00,SMB,Organic Search,SEO-Content,1
13113,4348,2025-10-11 13:05:00,SMB,Email,EMAIL-Reactivation,2
13114,4348,2025-10-27 13:09:00,SMB,Paid Search,PS-NonBrand,3
13115,4349,2026-09-24 13:41:00,Startup,Organic Search,SEO-Content,1
13116,4349,2026-09-25 17:31:00,Startup,Paid Social,META-Retargeting,2
13117,4349,2026-10-04 13:51:00,Startup,Referral,REF-Customer,3
13118,4349,2026-10-13 11:21:00,Startup,Email,EMAIL-Nurture,4
13119,4350,2026-05-11 06:46:00,Freelancer,Paid Search,PS-Brand,1
13120,4350,2026-05-15 12:14:00,Freelancer,Email,EMAIL-Nurture,2
13121,4350,2026-05-17 17:08:00,Freelancer,Display,DISPLAY-Prospecting,3
13122,4351,2026-04-17 09:43:00,Startup,Display,DISPLAY-Retargeting,1
13123,4351,2026-04-29 18:15:00,Startup,Paid Search,PS-NonBrand,2
13124,4352,2026-02-20 16:23:00,Freelancer,Display,DISPLAY-Prospecting,1
13125,4352,2026-03-02 19:34:00,Freelancer,Display,DISPLAY-Prospecting,2
13126,4353,2025-11-11 08:17:00,Freelancer,Referral,REF-Partner,1
13127,4353,2025-12-05 20:24:00,Freelancer,Paid Social,META-Retargeting,2
13128,4354,2026-05-20 17:27:00,SMB,Paid Search,PS-NonBrand,1
13129,4354,2026-05-21 10:22:00,SMB,Paid Social,META-Retargeting,2
13130,4354,2026-06-09 00:14:00,SMB,Email,EMAIL-Reactivation,3
13131,4354,2026-06-09 23:42:00,SMB,Display,DISPLAY-Retargeting,4
13132,4354,2026-06-12 05:15:00,SMB,Paid Search,PS-Brand,5
13133,4355,2026-02-12 01:08:00,Startup,Display,DISPLAY-Retargeting,1
13134,4355,2026-02-16 06:52:00,Startup,Email,EMAIL-Reactivation,2
13135,4355,2026-02-22 18:02:00,Startup,Paid Social,META-Retargeting,3
13136,4355,2026-03-11 09:56:00,Startup,Email,EMAIL-Reactivation,4
13137,4356,2026-09-04 22:32:00,Startup,Paid Social,META-Prospecting,1
13138,4356,2026-09-05 07:52:00,Startup,Paid Social,META-Retargeting,2
13139,4356,2026-09-14 18:07:00,Startup,Paid Search,PS-Brand,3
13140,4356,2026-09-17 08:58:00,Startup,Paid Search,PS-Brand,4
13141,4356,2026-09-19 23:23:00,Startup,Display,DISPLAY-Retargeting,5
13142,4357,2026-06-11 19:12:00,SMB,Paid Search,PS-NonBrand,1
13143,4357,2026-06-24 14:22:00,SMB,Organic Search,SEO-Content,2
13144,4358,2026-03-10 08:13:00,SMB,Paid Search,PS-Brand,1
13145,4358,2026-03-28 14:53:00,SMB,Paid Social,META-Retargeting,2
13146,4358,2026-03-30 07:19:00,SMB,Email,EMAIL-Nurture,3
13147,4358,2026-04-08 11:01:00,SMB,Organic Search,SEO-Product,4
13148,4359,2025-10-14 13:17:00,Startup,Paid Social,META-Prospecting,1
13149,4360,2026-04-30 19:18:00,Freelancer,Referral,REF-Partner,1
13150,4361,2026-08-05 08:13:00,Freelancer,Organic Search,SEO-Product,1
13151,4361,2026-08-06 15:43:00,Freelancer,Referral,REF-Partner,2
13152,4361,2026-08-07 03:59:00,Freelancer,Email,EMAIL-Nurture,3
13153,4361,2026-08-15 12:53:00,Freelancer,Display,DISPLAY-Prospecting,4
13154,4362,2026-03-30 01:04:00,SMB,Email,EMAIL-Nurture,1
13155,4362,2026-04-15 03:12:00,SMB,Paid Social,META-Prospecting,2
13156,4362,2026-04-16 09:43:00,SMB,Organic Search,SEO-Content,3
13157,4362,2026-04-16 12:53:00,SMB,Organic Search,SEO-Product,4
13158,4363,2026-06-07 12:37:00,Startup,Paid Search,PS-NonBrand,1
13159,4363,2026-06-08 20:29:00,Startup,Paid Social,META-Prospecting,2
13160,4363,2026-06-12 00:43:00,Startup,Paid Search,PS-Brand,3
13161,4363,2026-06-24 14:07:00,Startup,Organic Search,SEO-Product,4
13162,4363,2026-06-24 22:33:00,Startup,Paid Social,META-Retargeting,5
13163,4364,2025-11-16 16:27:00,SMB,Paid Search,PS-Brand,1
13164,4365,2026-03-19 05:25:00,Freelancer,Paid Social,META-Prospecting,1
13165,4366,2026-07-30 08:36:00,Startup,Paid Social,META-Retargeting,1
13166,4366,2026-08-04 05:29:00,Startup,Display,DISPLAY-Retargeting,2
13167,4366,2026-08-12 00:02:00,Startup,Email,EMAIL-Nurture,3
13168,4367,2026-03-29 02:08:00,Freelancer,Paid Social,META-Prospecting,1
13169,4367,2026-03-31 23:03:00,Freelancer,Email,EMAIL-Nurture,2
13170,4368,2026-08-20 22:44:00,Freelancer,Referral,REF-Partner,1
13171,4368,2026-08-27 21:19:00,Freelancer,Paid Search,PS-NonBrand,2
13172,4368,2026-09-08 04:25:00,Freelancer,Paid Search,PS-NonBrand,3
13173,4368,2026-09-15 10:58:00,Freelancer,Email,EMAIL-Reactivation,4
13174,4368,2026-09-16 15:06:00,Freelancer,Paid Social,META-Retargeting,5
13175,4369,2026-03-08 05:50:00,SMB,Referral,REF-Partner,1
13176,4369,2026-03-11 12:44:00,SMB,Paid Social,META-Prospecting,2
13177,4369,2026-03-18 00:35:00,SMB,Paid Social,META-Prospecting,3
13178,4369,2026-03-28 02:48:00,SMB,Organic Search,SEO-Product,4
13179,4370,2026-07-30 20:00:00,Freelancer,Referral,REF-Customer,1
13180,4370,2026-08-16 02:03:00,Freelancer,Display,DISPLAY-Retargeting,2
13181,4371,2026-06-21 08:27:00,Startup,Referral,REF-Customer,1
13182,4372,2026-09-13 18:47:00,SMB,Email,EMAIL-Reactivation,1
13183,4372,2026-09-23 00:52:00,SMB,Organic Search,SEO-Content,2
13184,4372,2026-10-06 21:48:00,SMB,Paid Social,META-Retargeting,3
13185,4373,2026-04-23 23:42:00,SMB,Referral,REF-Partner,1
13186,4373,2026-04-27 22:11:00,SMB,Display,DISPLAY-Retargeting,2
13187,4373,2026-05-08 10:41:00,SMB,Email,EMAIL-Nurture,3
13188,4373,2026-05-10 09:19:00,SMB,Organic Search,SEO-Content,4
13189,4374,2026-03-25 23:17:00,Startup,Paid Search,PS-Brand,1
13190,4374,2026-04-06 06:30:00,Startup,Paid Social,META-Retargeting,2
13191,4374,2026-04-17 15:52:00,Startup,Display,DISPLAY-Prospecting,3
13192,4375,2026-02-24 06:31:00,SMB,Organic Search,SEO-Product,1
13193,4375,2026-02-24 14:03:00,SMB,Email,EMAIL-Nurture,2
13194,4376,2026-05-31 21:54:00,SMB,Email,EMAIL-Nurture,1
13195,4376,2026-06-05 23:27:00,SMB,Referral,REF-Partner,2
13196,4376,2026-06-21 16:06:00,SMB,Referral,REF-Customer,3
13197,4377,2026-09-25 08:26:00,Startup,Referral,REF-Customer,1
13198,4377,2026-10-15 12:05:00,Startup,Email,EMAIL-Nurture,2
13199,4377,2026-10-20 21:49:00,Startup,Paid Social,META-Retargeting,3
13200,4377,2026-10-22 11:50:00,Startup,Paid Search,PS-Brand,4
13201,4378,2025-12-07 04:07:00,SMB,Paid Search,PS-Brand,1
13202,4378,2025-12-22 04:02:00,SMB,Paid Search,PS-Brand,2
13203,4378,2025-12-25 04:28:00,SMB,Email,EMAIL-Nurture,3
13204,4378,2025-12-27 21:29:00,SMB,Paid Social,META-Prospecting,4
13205,4378,2025-12-29 14:21:00,SMB,Organic Search,SEO-Product,5
13206,4379,2026-09-10 22:51:00,SMB,Paid Search,PS-NonBrand,1
13207,4379,2026-09-15 10:31:00,SMB,Paid Search,PS-NonBrand,2
13208,4379,2026-09-24 18:54:00,SMB,Display,DISPLAY-Retargeting,3
13209,4379,2026-09-30 04:16:00,SMB,Email,EMAIL-Reactivation,4
13210,4380,2026-10-16 01:35:00,Startup,Referral,REF-Customer,1
13211,4381,2026-07-09 14:19:00,SMB,Paid Social,META-Prospecting,1
13212,4381,2026-07-16 06:22:00,SMB,Referral,REF-Partner,2
13213,4381,2026-07-23 14:30:00,SMB,Paid Social,META-Prospecting,3
13214,4382,2026-05-03 06:51:00,Startup,Paid Social,META-Retargeting,1
13215,4382,2026-05-06 23:36:00,Startup,Display,DISPLAY-Retargeting,2
13216,4382,2026-05-11 02:57:00,Startup,Email,EMAIL-Reactivation,3
13217,4382,2026-05-23 09:32:00,Startup,Display,DISPLAY-Prospecting,4
13218,4383,2026-08-20 20:47:00,SMB,Paid Search,PS-Brand,1
13219,4383,2026-09-07 02:23:00,SMB,Paid Social,META-Retargeting,2
13220,4384,2026-01-18 23:41:00,Freelancer,Referral,REF-Partner,1
13221,4384,2026-01-29 05:30:00,Freelancer,Paid Search,PS-NonBrand,2
13222,4385,2026-05-25 11:00:00,SMB,Paid Social,META-Prospecting,1
13223,4385,2026-06-14 21:53:00,SMB,Paid Social,META-Retargeting,2
13224,4385,2026-06-18 09:20:00,SMB,Display,DISPLAY-Prospecting,3
13225,4386,2026-08-02 15:24:00,Startup,Paid Search,PS-Brand,1
13226,4386,2026-08-15 09:05:00,Startup,Paid Social,META-Retargeting,2
13227,4386,2026-08-17 10:16:00,Startup,Display,DISPLAY-Retargeting,3
13228,4387,2026-07-21 00:11:00,Startup,Paid Search,PS-Brand,1
13229,4387,2026-08-17 18:18:00,Startup,Email,EMAIL-Reactivation,2
13230,4387,2026-08-19 18:18:00,Startup,Organic Search,SEO-Content,3
13231,4388,2026-05-07 19:33:00,Freelancer,Referral,REF-Customer,1
13232,4388,2026-05-29 02:13:00,Freelancer,Paid Search,PS-NonBrand,2
13233,4389,2026-02-24 10:02:00,Startup,Referral,REF-Customer,1
13234,4389,2026-03-11 08:41:00,Startup,Referral,REF-Customer,2
13235,4389,2026-03-14 23:16:00,Startup,Paid Social,META-Retargeting,3
13236,4390,2026-09-12 03:35:00,Startup,Email,EMAIL-Reactivation,1
13237,4390,2026-10-08 09:57:00,Startup,Paid Search,PS-NonBrand,2
13238,4391,2026-06-07 22:34:00,SMB,Referral,REF-Partner,1
13239,4391,2026-06-10 00:13:00,SMB,Paid Social,META-Retargeting,2
13240,4392,2026-07-09 07:34:00,Startup,Organic Search,SEO-Product,1
13241,4392,2026-07-18 00:17:00,Startup,Paid Social,META-Prospecting,2
13242,4393,2026-05-22 01:39:00,Startup,Email,EMAIL-Nurture,1
13243,4393,2026-05-24 00:22:00,Startup,Paid Search,PS-Brand,2
13244,4393,2026-05-30 06:17:00,Startup,Organic Search,SEO-Content,3
13245,4393,2026-06-05 05:11:00,Startup,Paid Social,META-Retargeting,4
13246,4393,2026-06-10 15:43:00,Startup,Paid Social,META-Retargeting,5
13247,4394,2026-09-01 03:12:00,Startup,Display,DISPLAY-Prospecting,1
13248,4394,2026-09-04 08:17:00,Startup,Email,EMAIL-Nurture,2
13249,4394,2026-09-05 15:04:00,Startup,Paid Search,PS-Brand,3
13250,4395,2026-04-15 05:31:00,SMB,Paid Search,PS-Brand,1
13251,4396,2026-04-27 15:27:00,Startup,Paid Search,PS-NonBrand,1
13252,4396,2026-04-29 19:07:00,Startup,Display,DISPLAY-Retargeting,2
13253,4396,2026-05-09 21:43:00,Startup,Paid Search,PS-NonBrand,3
13254,4396,2026-05-10 05:46:00,Startup,Paid Search,PS-NonBrand,4
13255,4396,2026-05-11 01:59:00,Startup,Organic Search,SEO-Product,5
13256,4397,2026-07-23 21:14:00,SMB,Paid Search,PS-Brand,1
13257,4398,2026-04-09 06:57:00,Startup,Organic Search,SEO-Content,1
13258,4398,2026-04-12 18:53:00,Startup,Paid Search,PS-Brand,2
13259,4398,2026-04-13 01:55:00,Startup,Paid Social,META-Retargeting,3
13260,4398,2026-04-18 01:09:00,Startup,Paid Social,META-Retargeting,4
13261,4398,2026-05-06 08:23:00,Startup,Display,DISPLAY-Retargeting,5
13262,4399,2026-01-10 08:16:00,Startup,Paid Social,META-Prospecting,1
13263,4399,2026-01-26 07:31:00,Startup,Organic Search,SEO-Content,2
13264,4400,2026-07-14 04:28:00,SMB,Email,EMAIL-Nurture,1
13265,4400,2026-07-14 05:31:00,SMB,Referral,REF-Customer,2
13266,4400,2026-07-18 12:25:00,SMB,Paid Search,PS-NonBrand,3
13267,4400,2026-07-24 19:07:00,SMB,Organic Search,SEO-Content,4
13268,4401,2026-02-25 14:59:00,Startup,Email,EMAIL-Nurture,1
13269,4401,2026-03-14 15:50:00,Startup,Paid Social,META-Retargeting,2
13270,4402,2025-11-27 18:18:00,SMB,Paid Search,PS-NonBrand,1
13271,4403,2026-02-24 18:28:00,Startup,Paid Search,PS-NonBrand,1
13272,4403,2026-03-01 22:51:00,Startup,Paid Social,META-Retargeting,2
13273,4403,2026-03-04 09:38:00,Startup,Paid Social,META-Prospecting,3
13274,4403,2026-03-08 15:35:00,Startup,Paid Search,PS-Brand,4
13275,4403,2026-03-15 01:13:00,Startup,Display,DISPLAY-Prospecting,5
13276,4404,2025-10-24 19:09:00,Startup,Organic Search,SEO-Product,1
13277,4404,2025-10-29 21:12:00,Startup,Paid Search,PS-Brand,2
13278,4404,2025-11-02 20:29:00,Startup,Paid Social,META-Retargeting,3
13279,4404,2025-11-18 19:28:00,Startup,Email,EMAIL-Reactivation,4
13280,4405,2026-08-19 08:42:00,SMB,Organic Search,SEO-Content,1
13281,4405,2026-08-25 12:44:00,SMB,Referral,REF-Customer,2
13282,4405,2026-08-27 11:58:00,SMB,Paid Social,META-Retargeting,3
13283,4405,2026-08-30 01:16:00,SMB,Display,DISPLAY-Prospecting,4
13284,4405,2026-09-12 08:21:00,SMB,Referral,REF-Customer,5
13285,4406,2026-09-28 07:18:00,SMB,Display,DISPLAY-Prospecting,1
13286,4406,2026-10-11 10:30:00,SMB,Paid Social,META-Retargeting,2
13287,4406,2026-10-16 15:05:00,SMB,Paid Search,PS-NonBrand,3
13288,4407,2026-01-09 16:38:00,Startup,Paid Social,META-Prospecting,1
13289,4407,2026-01-13 14:01:00,Startup,Organic Search,SEO-Content,2
13290,4407,2026-01-17 16:27:00,Startup,Referral,REF-Customer,3
13291,4407,2026-01-25 06:44:00,Startup,Paid Social,META-Prospecting,4
13292,4407,2026-02-04 16:44:00,Startup,Paid Search,PS-Brand,5
13293,4408,2026-09-08 05:21:00,Startup,Organic Search,SEO-Content,1
13294,4408,2026-09-13 04:56:00,Startup,Email,EMAIL-Reactivation,2
13295,4408,2026-09-18 14:52:00,Startup,Organic Search,SEO-Product,3
13296,4409,2026-06-19 07:18:00,SMB,Paid Social,META-Retargeting,1
13297,4409,2026-06-29 17:37:00,SMB,Paid Search,PS-NonBrand,2
13298,4409,2026-07-05 08:37:00,SMB,Email,EMAIL-Nurture,3
13299,4409,2026-07-12 19:41:00,SMB,Referral,REF-Partner,4
13300,4409,2026-07-13 22:13:00,SMB,Organic Search,SEO-Content,5
13301,4410,2026-09-15 13:53:00,SMB,Paid Search,PS-NonBrand,1
13302,4410,2026-09-23 03:54:00,SMB,Paid Social,META-Retargeting,2
13303,4410,2026-09-26 10:16:00,SMB,Organic Search,SEO-Product,3
13304,4411,2025-12-09 19:42:00,SMB,Paid Search,PS-NonBrand,1
13305,4411,2025-12-25 06:06:00,SMB,Organic Search,SEO-Content,2
13306,4412,2025-11-07 21:37:00,Startup,Email,EMAIL-Reactivation,1
13307,4412,2025-11-20 12:42:00,Startup,Paid Social,META-Retargeting,2
13308,4412,2025-11-21 20:13:00,Startup,Email,EMAIL-Reactivation,3
13309,4413,2026-09-22 19:48:00,SMB,Paid Social,META-Prospecting,1
13310,4414,2026-01-22 14:16:00,Startup,Paid Search,PS-NonBrand,1
13311,4414,2026-01-27 10:58:00,Startup,Organic Search,SEO-Content,2
13312,4414,2026-01-30 02:49:00,Startup,Display,DISPLAY-Retargeting,3
13313,4414,2026-02-03 22:27:00,Startup,Paid Social,META-Prospecting,4
13314,4414,2026-02-05 11:40:00,Startup,Paid Social,META-Prospecting,5
13315,4415,2026-05-06 08:00:00,Startup,Referral,REF-Customer,1
13316,4415,2026-05-11 19:01:00,Startup,Paid Social,META-Prospecting,2
13317,4416,2026-09-10 15:04:00,Freelancer,Organic Search,SEO-Product,1
13318,4416,2026-09-18 10:14:00,Freelancer,Paid Social,META-Retargeting,2
13319,4417,2026-02-27 22:19:00,Freelancer,Email,EMAIL-Reactivation,1
13320,4418,2025-11-08 12:59:00,SMB,Organic Search,SEO-Product,1
13321,4418,2025-11-15 15:09:00,SMB,Referral,REF-Customer,2
13322,4418,2025-11-16 02:42:00,SMB,Organic Search,SEO-Product,3
13323,4418,2025-11-28 18:58:00,SMB,Paid Social,META-Prospecting,4
13324,4419,2026-07-31 07:41:00,Startup,Paid Social,META-Prospecting,1
13325,4419,2026-07-31 21:16:00,Startup,Display,DISPLAY-Prospecting,2
13326,4419,2026-08-01 11:29:00,Startup,Paid Search,PS-NonBrand,3
13327,4419,2026-08-09 04:24:00,Startup,Organic Search,SEO-Content,4
13328,4420,2026-04-01 12:26:00,Startup,Organic Search,SEO-Product,1
13329,4421,2025-10-19 04:53:00,Freelancer,Display,DISPLAY-Retargeting,1
13330,4421,2025-11-02 20:34:00,Freelancer,Paid Search,PS-NonBrand,2
13331,4422,2026-02-02 12:40:00,Startup,Email,EMAIL-Reactivation,1
13332,4422,2026-02-11 02:50:00,Startup,Email,EMAIL-Nurture,2
13333,4422,2026-02-18 09:19:00,Startup,Referral,REF-Customer,3
13334,4422,2026-02-27 13:13:00,Startup,Paid Social,META-Retargeting,4
13335,4422,2026-03-02 22:48:00,Startup,Paid Social,META-Prospecting,5
13336,4423,2026-04-20 17:13:00,SMB,Paid Search,PS-Brand,1
13337,4424,2026-08-20 03:27:00,Freelancer,Paid Search,PS-NonBrand,1
13338,4424,2026-09-11 15:13:00,Freelancer,Email,EMAIL-Reactivation,2
13339,4424,2026-09-11 17:22:00,Freelancer,Paid Search,PS-NonBrand,3
13340,4425,2026-01-14 08:13:00,SMB,Referral,REF-Partner,1
13341,4426,2026-04-08 01:21:00,Freelancer,Referral,REF-Customer,1
13342,4427,2025-12-12 21:47:00,SMB,Paid Social,META-Retargeting,1
13343,4427,2025-12-13 12:31:00,SMB,Referral,REF-Partner,2
13344,4428,2026-01-15 09:57:00,Startup,Referral,REF-Customer,1
13345,4429,2026-01-07 00:04:00,Freelancer,Referral,REF-Partner,1
13346,4429,2026-01-08 23:18:00,Freelancer,Paid Search,PS-NonBrand,2
13347,4429,2026-01-15 20:59:00,Freelancer,Paid Social,META-Retargeting,3
13348,4429,2026-01-21 10:47:00,Freelancer,Referral,REF-Customer,4
13349,4429,2026-02-01 03:58:00,Freelancer,Paid Search,PS-NonBrand,5
13350,4430,2026-04-19 05:51:00,Startup,Display,DISPLAY-Prospecting,1
13351,4430,2026-04-29 18:58:00,Startup,Email,EMAIL-Reactivation,2
13352,4430,2026-05-03 23:36:00,Startup,Paid Search,PS-NonBrand,3
13353,4430,2026-05-05 00:03:00,Startup,Paid Social,META-Retargeting,4
13354,4431,2026-06-13 10:30:00,Startup,Referral,REF-Partner,1
13355,4431,2026-06-20 15:09:00,Startup,Paid Search,PS-Brand,2
13356,4431,2026-06-23 05:32:00,Startup,Paid Search,PS-Brand,3
13357,4432,2025-11-18 17:14:00,SMB,Organic Search,SEO-Content,1
13358,4432,2025-11-19 22:57:00,SMB,Paid Search,PS-Brand,2
13359,4432,2025-12-01 20:59:00,SMB,Email,EMAIL-Reactivation,3
13360,4433,2025-11-03 04:47:00,SMB,Referral,REF-Customer,1
13361,4434,2026-07-11 19:05:00,SMB,Paid Social,META-Retargeting,1
13362,4434,2026-07-15 19:50:00,SMB,Paid Social,META-Retargeting,2
13363,4434,2026-07-22 06:49:00,SMB,Paid Search,PS-NonBrand,3
13364,4435,2026-01-31 09:06:00,Startup,Paid Social,META-Prospecting,1
13365,4435,2026-02-11 05:37:00,Startup,Paid Search,PS-NonBrand,2
13366,4436,2026-05-15 08:38:00,SMB,Paid Search,PS-NonBrand,1
13367,4436,2026-05-18 13:18:00,SMB,Referral,REF-Customer,2
13368,4436,2026-05-21 23:50:00,SMB,Referral,REF-Customer,3
13369,4437,2025-11-16 06:35:00,SMB,Organic Search,SEO-Product,1
13370,4437,2025-11-20 01:27:00,SMB,Paid Search,PS-NonBrand,2
13371,4437,2025-11-23 22:36:00,SMB,Paid Search,PS-Brand,3
13372,4438,2026-05-23 05:11:00,SMB,Email,EMAIL-Nurture,1
13373,4438,2026-05-27 21:30:00,SMB,Paid Social,META-Retargeting,2
13374,4439,2026-08-30 19:13:00,Freelancer,Referral,REF-Partner,1
13375,4439,2026-09-01 23:25:00,Freelancer,Referral,REF-Customer,2
13376,4439,2026-09-10 23:48:00,Freelancer,Paid Search,PS-Brand,3
13377,4439,2026-09-18 03:51:00,Freelancer,Paid Social,META-Retargeting,4
13378,4439,2026-09-25 19:44:00,Freelancer,Organic Search,SEO-Content,5
13379,4440,2026-03-25 13:06:00,Freelancer,Display,DISPLAY-Retargeting,1
13380,4441,2026-05-26 02:41:00,SMB,Display,DISPLAY-Retargeting,1
13381,4442,2026-02-03 02:16:00,Freelancer,Paid Social,META-Retargeting,1
13382,4442,2026-02-06 10:37:00,Freelancer,Paid Search,PS-NonBrand,2
13383,4443,2026-01-13 22:47:00,SMB,Referral,REF-Partner,1
13384,4443,2026-01-14 11:11:00,SMB,Paid Social,META-Prospecting,2
13385,4443,2026-01-26 13:31:00,SMB,Paid Search,PS-Brand,3
13386,4443,2026-01-29 02:47:00,SMB,Organic Search,SEO-Product,4
13387,4443,2026-02-03 20:10:00,SMB,Organic Search,SEO-Content,5
13388,4444,2025-10-31 10:32:00,SMB,Paid Social,META-Retargeting,1
13389,4445,2026-03-25 03:12:00,SMB,Paid Social,META-Prospecting,1
13390,4445,2026-03-26 22:09:00,SMB,Email,EMAIL-Reactivation,2
13391,4445,2026-03-31 00:26:00,SMB,Paid Social,META-Retargeting,3
13392,4445,2026-04-16 05:47:00,SMB,Referral,REF-Partner,4
13393,4445,2026-04-21 14:59:00,SMB,Paid Search,PS-NonBrand,5
13394,4446,2026-09-20 03:52:00,Freelancer,Paid Social,META-Prospecting,1
13395,4446,2026-09-21 03:58:00,Freelancer,Email,EMAIL-Reactivation,2
13396,4446,2026-09-28 16:17:00,Freelancer,Email,EMAIL-Reactivation,3
13397,4446,2026-10-07 11:57:00,Freelancer,Email,EMAIL-Nurture,4
13398,4446,2026-10-08 21:53:00,Freelancer,Paid Search,PS-Brand,5
13399,4447,2025-11-25 20:22:00,SMB,Display,DISPLAY-Retargeting,1
13400,4447,2025-11-26 10:51:00,SMB,Paid Search,PS-Brand,2
13401,4447,2025-12-01 12:25:00,SMB,Paid Search,PS-Brand,3
13402,4448,2026-03-05 09:44:00,SMB,Email,EMAIL-Nurture,1
13403,4448,2026-03-15 16:50:00,SMB,Paid Social,META-Retargeting,2
13404,4448,2026-03-29 09:02:00,SMB,Paid Search,PS-Brand,3
13405,4448,2026-03-29 20:27:00,SMB,Paid Social,META-Retargeting,4
13406,4449,2026-08-08 14:21:00,Freelancer,Referral,REF-Partner,1
13407,4449,2026-08-13 15:17:00,Freelancer,Paid Social,META-Retargeting,2
13408,4449,2026-08-29 06:56:00,Freelancer,Email,EMAIL-Nurture,3
13409,4450,2026-03-31 19:03:00,Startup,Paid Search,PS-Brand,1
13410,4451,2026-07-13 02:53:00,Startup,Organic Search,SEO-Product,1
13411,4451,2026-07-21 07:59:00,Startup,Organic Search,SEO-Content,2
13412,4451,2026-07-25 14:42:00,Startup,Paid Social,META-Retargeting,3
13413,4451,2026-07-31 10:36:00,Startup,Paid Social,META-Retargeting,4
13414,4452,2026-02-24 11:51:00,Startup,Referral,REF-Customer,1
13415,4452,2026-02-25 10:18:00,Startup,Paid Search,PS-Brand,2
13416,4452,2026-03-07 06:58:00,Startup,Paid Social,META-Prospecting,3
13417,4453,2026-05-20 12:11:00,Startup,Paid Social,META-Retargeting,1
13418,4453,2026-05-21 23:00:00,Startup,Email,EMAIL-Nurture,2
13419,4454,2026-09-27 18:59:00,SMB,Email,EMAIL-Reactivation,1
13420,4454,2026-10-16 03:02:00,SMB,Email,EMAIL-Reactivation,2
13421,4454,2026-10-21 11:59:00,SMB,Display,DISPLAY-Retargeting,3
13422,4455,2026-05-13 20:26:00,Startup,Referral,REF-Partner,1
13423,4455,2026-05-24 00:46:00,Startup,Display,DISPLAY-Retargeting,2
13424,4455,2026-05-24 01:00:00,Startup,Paid Social,META-Retargeting,3
13425,4455,2026-06-04 15:08:00,Startup,Organic Search,SEO-Content,4
13426,4456,2026-08-02 12:51:00,SMB,Paid Search,PS-NonBrand,1
13427,4456,2026-08-08 03:36:00,SMB,Display,DISPLAY-Retargeting,2
13428,4457,2026-07-05 23:13:00,SMB,Organic Search,SEO-Product,1
13429,4458,2025-11-21 09:57:00,Freelancer,Paid Social,META-Prospecting,1
13430,4458,2025-11-23 11:28:00,Freelancer,Referral,REF-Customer,2
13431,4458,2025-11-24 12:13:00,Freelancer,Organic Search,SEO-Content,3
13432,4458,2025-11-29 00:15:00,Freelancer,Email,EMAIL-Reactivation,4
13433,4459,2025-12-03 01:55:00,SMB,Paid Search,PS-Brand,1
13434,4459,2025-12-05 06:21:00,SMB,Paid Social,META-Prospecting,2
13435,4459,2025-12-20 17:59:00,SMB,Paid Social,META-Prospecting,3
13436,4459,2025-12-26 13:15:00,SMB,Referral,REF-Customer,4
13437,4460,2026-05-28 00:19:00,SMB,Display,DISPLAY-Prospecting,1
13438,4460,2026-06-08 20:06:00,SMB,Paid Search,PS-NonBrand,2
13439,4461,2026-02-05 23:36:00,SMB,Paid Social,META-Retargeting,1
13440,4461,2026-02-12 01:04:00,SMB,Paid Search,PS-NonBrand,2
13441,4461,2026-02-19 15:58:00,SMB,Organic Search,SEO-Content,3
13442,4462,2026-04-13 11:45:00,Freelancer,Display,DISPLAY-Prospecting,1
13443,4462,2026-04-16 15:43:00,Freelancer,Organic Search,SEO-Product,2
13444,4462,2026-04-18 14:44:00,Freelancer,Paid Social,META-Retargeting,3
13445,4462,2026-04-20 04:49:00,Freelancer,Paid Social,META-Retargeting,4
13446,4463,2026-03-31 16:27:00,Freelancer,Referral,REF-Customer,1
13447,4463,2026-04-02 14:18:00,Freelancer,Referral,REF-Customer,2
13448,4463,2026-04-06 17:35:00,Freelancer,Email,EMAIL-Reactivation,3
13449,4463,2026-04-08 00:42:00,Freelancer,Paid Social,META-Retargeting,4
13450,4463,2026-04-23 20:49:00,Freelancer,Paid Search,PS-NonBrand,5
13451,4464,2026-07-26 18:41:00,SMB,Display,DISPLAY-Prospecting,1
13452,4464,2026-08-02 08:46:00,SMB,Display,DISPLAY-Retargeting,2
13453,4464,2026-08-10 17:04:00,SMB,Display,DISPLAY-Retargeting,3
13454,4465,2026-10-18 16:19:00,SMB,Display,DISPLAY-Retargeting,1
13455,4466,2026-09-30 13:09:00,Startup,Organic Search,SEO-Content,1
13456,4466,2026-10-14 06:17:00,Startup,Referral,REF-Customer,2
13457,4466,2026-10-23 17:18:00,Startup,Paid Social,META-Retargeting,3
13458,4467,2025-10-30 22:34:00,Startup,Paid Search,PS-Brand,1
13459,4467,2025-11-09 17:26:00,Startup,Organic Search,SEO-Content,2
13460,4467,2025-11-12 00:30:00,Startup,Paid Social,META-Retargeting,3
13461,4468,2026-07-02 01:23:00,SMB,Referral,REF-Customer,1
13462,4468,2026-07-09 08:54:00,SMB,Display,DISPLAY-Prospecting,2
13463,4468,2026-07-13 06:02:00,SMB,Paid Social,META-Prospecting,3
13464,4468,2026-07-17 04:28:00,SMB,Paid Search,PS-Brand,4
13465,4468,2026-07-20 02:39:00,SMB,Paid Social,META-Retargeting,5
13466,4469,2026-06-23 23:07:00,SMB,Organic Search,SEO-Content,1
13467,4470,2026-08-25 20:36:00,Startup,Paid Social,META-Prospecting,1
13468,4470,2026-08-26 01:42:00,Startup,Paid Social,META-Retargeting,2
13469,4471,2026-03-16 01:34:00,SMB,Paid Social,META-Retargeting,1
13470,4471,2026-03-28 22:03:00,SMB,Paid Search,PS-NonBrand,2
13471,4471,2026-03-29 11:26:00,SMB,Organic Search,SEO-Product,3
13472,4471,2026-03-31 00:58:00,SMB,Paid Search,PS-NonBrand,4
13473,4471,2026-04-03 05:20:00,SMB,Paid Search,PS-NonBrand,5
13474,4472,2026-04-04 05:55:00,Startup,Paid Search,PS-Brand,1
13475,4472,2026-04-20 22:32:00,Startup,Email,EMAIL-Reactivation,2
13476,4472,2026-04-27 08:53:00,Startup,Organic Search,SEO-Content,3
13477,4473,2026-03-16 15:25:00,SMB,Paid Search,PS-NonBrand,1
13478,4473,2026-03-16 21:39:00,SMB,Email,EMAIL-Reactivation,2
13479,4473,2026-03-24 15:53:00,SMB,Paid Search,PS-NonBrand,3
13480,4474,2026-02-19 00:43:00,Freelancer,Referral,REF-Customer,1
13481,4475,2025-12-31 10:05:00,Startup,Paid Search,PS-NonBrand,1
13482,4475,2026-01-05 06:01:00,Startup,Paid Search,PS-Brand,2
13483,4475,2026-01-20 06:56:00,Startup,Paid Social,META-Prospecting,3
13484,4475,2026-01-22 12:23:00,Startup,Paid Social,META-Prospecting,4
13485,4475,2026-01-27 01:28:00,Startup,Paid Social,META-Prospecting,5
13486,4476,2026-05-30 01:57:00,Startup,Paid Search,PS-NonBrand,1
13487,4476,2026-05-31 07:50:00,Startup,Referral,REF-Customer,2
13488,4476,2026-06-17 20:29:00,Startup,Email,EMAIL-Reactivation,3
13489,4477,2025-10-18 11:36:00,Startup,Paid Social,META-Prospecting,1
13490,4477,2025-10-23 16:27:00,Startup,Email,EMAIL-Reactivation,2
13491,4477,2025-10-30 13:06:00,Startup,Paid Search,PS-Brand,3
13492,4478,2026-07-11 15:06:00,SMB,Referral,REF-Customer,1
13493,4479,2026-08-06 11:01:00,SMB,Email,EMAIL-Reactivation,1
13494,4479,2026-08-25 17:21:00,SMB,Paid Search,PS-NonBrand,2
13495,4479,2026-08-28 11:34:00,SMB,Paid Social,META-Retargeting,3
13496,4480,2026-01-10 16:00:00,Startup,Paid Social,META-Retargeting,1
13497,4480,2026-01-19 07:36:00,Startup,Paid Social,META-Retargeting,2
13498,4481,2025-12-17 12:13:00,Startup,Paid Social,META-Retargeting,1
13499,4481,2025-12-20 02:05:00,Startup,Paid Search,PS-Brand,2
13500,4481,2025-12-20 23:35:00,Startup,Display,DISPLAY-Retargeting,3
13501,4481,2025-12-24 06:44:00,Startup,Display,DISPLAY-Retargeting,4
13502,4481,2025-12-29 11:15:00,Startup,Paid Social,META-Retargeting,5
13503,4482,2026-04-04 08:13:00,Freelancer,Organic Search,SEO-Product,1
13504,4482,2026-04-07 14:44:00,Freelancer,Paid Search,PS-Brand,2
13505,4483,2026-08-12 04:55:00,SMB,Display,DISPLAY-Retargeting,1
13506,4483,2026-08-31 10:54:00,SMB,Display,DISPLAY-Retargeting,2
13507,4484,2025-11-11 11:23:00,Startup,Paid Social,META-Retargeting,1
13508,4484,2025-11-12 23:58:00,Startup,Email,EMAIL-Nurture,2
13509,4484,2025-11-15 13:48:00,Startup,Referral,REF-Partner,3
13510,4484,2025-11-24 10:24:00,Startup,Referral,REF-Customer,4
13511,4484,2025-11-24 20:57:00,Startup,Paid Search,PS-Brand,5
13512,4485,2026-03-13 00:44:00,SMB,Paid Search,PS-Brand,1
13513,4485,2026-03-14 18:44:00,SMB,Organic Search,SEO-Product,2
13514,4486,2025-12-22 14:34:00,SMB,Email,EMAIL-Nurture,1
13515,4487,2026-08-20 12:33:00,SMB,Referral,REF-Partner,1
13516,4487,2026-08-23 19:38:00,SMB,Paid Search,PS-NonBrand,2
13517,4487,2026-08-29 23:00:00,SMB,Referral,REF-Partner,3
13518,4488,2026-08-18 15:42:00,Freelancer,Display,DISPLAY-Retargeting,1
13519,4488,2026-08-23 04:39:00,Freelancer,Paid Search,PS-Brand,2
13520,4488,2026-09-06 04:07:00,Freelancer,Paid Social,META-Retargeting,3
13521,4488,2026-09-10 05:40:00,Freelancer,Email,EMAIL-Nurture,4
13522,4489,2025-11-08 07:58:00,Startup,Paid Social,META-Retargeting,1
13523,4490,2025-11-22 10:52:00,Startup,Organic Search,SEO-Content,1
13524,4490,2025-11-28 17:17:00,Startup,Email,EMAIL-Nurture,2
13525,4491,2025-12-02 13:30:00,Startup,Display,DISPLAY-Retargeting,1
13526,4491,2025-12-04 18:55:00,Startup,Paid Social,META-Prospecting,2
13527,4491,2025-12-09 17:27:00,Startup,Paid Social,META-Retargeting,3
13528,4492,2026-07-25 16:43:00,SMB,Email,EMAIL-Reactivation,1
13529,4492,2026-08-15 05:22:00,SMB,Display,DISPLAY-Prospecting,2
13530,4493,2026-08-25 21:02:00,SMB,Display,DISPLAY-Retargeting,1
13531,4493,2026-09-13 03:37:00,SMB,Email,EMAIL-Nurture,2
13532,4493,2026-09-17 03:53:00,SMB,Display,DISPLAY-Prospecting,3
13533,4494,2026-02-15 23:54:00,SMB,Organic Search,SEO-Product,1
13534,4494,2026-02-24 04:53:00,SMB,Email,EMAIL-Nurture,2
13535,4495,2025-12-13 18:12:00,SMB,Paid Social,META-Retargeting,1
13536,4495,2025-12-14 04:08:00,SMB,Paid Search,PS-Brand,2
13537,4495,2025-12-21 05:30:00,SMB,Display,DISPLAY-Retargeting,3
13538,4496,2026-06-15 06:48:00,SMB,Paid Search,PS-NonBrand,1
13539,4497,2026-08-22 02:06:00,SMB,Paid Social,META-Prospecting,1
13540,4497,2026-09-06 23:58:00,SMB,Paid Search,PS-Brand,2
13541,4497,2026-09-17 17:01:00,SMB,Paid Social,META-Retargeting,3
13542,4498,2026-09-02 10:11:00,Startup,Referral,REF-Customer,1
13543,4498,2026-09-13 03:55:00,Startup,Paid Search,PS-NonBrand,2
13544,4498,2026-09-16 15:21:00,Startup,Organic Search,SEO-Product,3
13545,4499,2026-03-15 02:36:00,Freelancer,Paid Search,PS-Brand,1
13546,4499,2026-03-26 02:35:00,Freelancer,Paid Social,META-Prospecting,2
13547,4500,2026-07-20 03:37:00,Freelancer,Email,EMAIL-Nurture,1
13548,4500,2026-07-29 04:30:00,Freelancer,Organic Search,SEO-Product,2
13549,4500,2026-08-07 17:28:00,Freelancer,Organic Search,SEO-Product,3
13550,4501,2026-10-04 02:31:00,SMB,Organic Search,SEO-Content,1
13551,4502,2026-08-05 10:02:00,Startup,Paid Search,PS-NonBrand,1
13552,4502,2026-08-08 08:43:00,Startup,Organic Search,SEO-Content,2
13553,4503,2026-04-07 11:49:00,SMB,Referral,REF-Partner,1
13554,4503,2026-04-13 20:00:00,SMB,Email,EMAIL-Reactivation,2
13555,4503,2026-04-20 15:21:00,SMB,Paid Social,META-Retargeting,3
13556,4504,2026-01-05 23:20:00,SMB,Organic Search,SEO-Product,1
13557,4504,2026-01-15 03:22:00,SMB,Paid Search,PS-NonBrand,2
13558,4505,2026-02-24 23:37:00,Startup,Paid Social,META-Prospecting,1
13559,4505,2026-03-01 16:36:00,Startup,Referral,REF-Customer,2
13560,4505,2026-03-04 13:04:00,Startup,Referral,REF-Customer,3
13561,4505,2026-03-10 23:31:00,Startup,Paid Social,META-Retargeting,4
13562,4505,2026-03-13 19:09:00,Startup,Email,EMAIL-Reactivation,5
13563,4506,2026-02-18 07:36:00,SMB,Organic Search,SEO-Content,1
13564,4507,2026-10-11 03:05:00,Startup,Paid Social,META-Retargeting,1
13565,4507,2026-10-13 08:47:00,Startup,Referral,REF-Customer,2
13566,4507,2026-10-19 22:39:00,Startup,Display,DISPLAY-Retargeting,3
13567,4507,2026-10-25 03:44:00,Startup,Email,EMAIL-Reactivation,4
13568,4508,2026-07-07 03:56:00,Freelancer,Paid Search,PS-NonBrand,1
13569,4509,2026-08-16 04:35:00,SMB,Display,DISPLAY-Retargeting,1
13570,4509,2026-09-01 15:31:00,SMB,Paid Search,PS-NonBrand,2
13571,4509,2026-09-01 17:32:00,SMB,Email,EMAIL-Nurture,3
13572,4510,2026-07-30 20:54:00,Freelancer,Paid Search,PS-Brand,1
13573,4511,2026-04-01 17:28:00,SMB,Organic Search,SEO-Content,1
13574,4511,2026-04-02 15:44:00,SMB,Referral,REF-Customer,2
13575,4511,2026-04-06 05:32:00,SMB,Paid Search,PS-NonBrand,3
13576,4512,2026-07-29 17:56:00,Freelancer,Paid Search,PS-NonBrand,1
13577,4512,2026-08-08 02:45:00,Freelancer,Display,DISPLAY-Prospecting,2
13578,4513,2026-05-25 12:48:00,Startup,Paid Social,META-Prospecting,1
13579,4513,2026-06-17 23:57:00,Startup,Paid Social,META-Retargeting,2
13580,4514,2026-06-28 22:59:00,SMB,Paid Social,META-Retargeting,1
13581,4514,2026-07-24 11:27:00,SMB,Organic Search,SEO-Product,2
13582,4515,2026-01-23 14:44:00,SMB,Display,DISPLAY-Prospecting,1
13583,4515,2026-02-01 05:28:00,SMB,Paid Search,PS-NonBrand,2
13584,4515,2026-02-07 15:09:00,SMB,Display,DISPLAY-Retargeting,3
13585,4515,2026-02-15 18:59:00,SMB,Paid Search,PS-Brand,4
13586,4516,2025-12-24 01:59:00,SMB,Paid Search,PS-NonBrand,1
13587,4516,2025-12-29 18:13:00,SMB,Paid Search,PS-NonBrand,2
13588,4516,2026-01-06 21:12:00,SMB,Referral,REF-Customer,3
13589,4516,2026-01-09 10:09:00,SMB,Organic Search,SEO-Content,4
13590,4517,2025-12-14 17:39:00,Startup,Paid Social,META-Prospecting,1
13591,4517,2025-12-20 05:23:00,Startup,Paid Search,PS-NonBrand,2
13592,4517,2025-12-26 11:54:00,Startup,Paid Social,META-Retargeting,3
13593,4518,2026-02-07 11:14:00,SMB,Paid Social,META-Retargeting,1
13594,4519,2026-09-25 07:48:00,Freelancer,Paid Search,PS-NonBrand,1
13595,4519,2026-10-13 11:48:00,Freelancer,Paid Search,PS-Brand,2
13596,4519,2026-10-16 17:04:00,Freelancer,Referral,REF-Customer,3
13597,4520,2026-09-18 20:39:00,SMB,Paid Search,PS-Brand,1
13598,4520,2026-09-20 01:26:00,SMB,Paid Search,PS-NonBrand,2
13599,4520,2026-09-27 13:35:00,SMB,Paid Social,META-Retargeting,3
13600,4520,2026-09-30 04:22:00,SMB,Email,EMAIL-Reactivation,4
13601,4520,2026-10-02 18:03:00,SMB,Paid Social,META-Retargeting,5
13602,4521,2025-11-26 18:19:00,Freelancer,Display,DISPLAY-Prospecting,1
13603,4521,2025-12-02 06:08:00,Freelancer,Referral,REF-Customer,2
13604,4521,2025-12-04 15:22:00,Freelancer,Referral,REF-Partner,3
13605,4521,2025-12-14 04:08:00,Freelancer,Organic Search,SEO-Product,4
13606,4522,2026-05-02 01:32:00,SMB,Paid Search,PS-Brand,1
13607,4522,2026-05-10 10:25:00,SMB,Referral,REF-Customer,2
13608,4522,2026-05-13 21:05:00,SMB,Display,DISPLAY-Retargeting,3
13609,4523,2026-09-27 07:06:00,Startup,Paid Search,PS-NonBrand,1
13610,4524,2026-07-08 03:23:00,Startup,Paid Social,META-Prospecting,1
13611,4524,2026-07-26 02:29:00,Startup,Paid Social,META-Retargeting,2
13612,4524,2026-08-01 21:14:00,Startup,Referral,REF-Customer,3
13613,4525,2026-05-16 19:32:00,SMB,Display,DISPLAY-Retargeting,1
13614,4525,2026-05-27 19:18:00,SMB,Paid Search,PS-Brand,2
13615,4526,2026-05-08 22:37:00,SMB,Email,EMAIL-Nurture,1
13616,4526,2026-05-16 21:07:00,SMB,Referral,REF-Customer,2
13617,4526,2026-05-19 06:26:00,SMB,Display,DISPLAY-Prospecting,3
13618,4526,2026-05-23 09:58:00,SMB,Paid Search,PS-NonBrand,4
13619,4526,2026-05-25 08:40:00,SMB,Paid Search,PS-NonBrand,5
13620,4527,2026-02-02 04:42:00,Startup,Paid Search,PS-NonBrand,1
13621,4528,2026-09-15 19:26:00,Startup,Paid Search,PS-NonBrand,1
13622,4528,2026-09-28 15:10:00,Startup,Referral,REF-Partner,2
13623,4529,2025-11-02 23:43:00,Startup,Display,DISPLAY-Prospecting,1
13624,4529,2025-11-07 17:29:00,Startup,Organic Search,SEO-Product,2
13625,4529,2025-11-14 22:03:00,Startup,Paid Search,PS-NonBrand,3
13626,4529,2025-11-23 20:25:00,Startup,Organic Search,SEO-Product,4
13627,4529,2025-11-27 21:22:00,Startup,Paid Social,META-Retargeting,5
13628,4530,2026-08-18 10:00:00,SMB,Paid Search,PS-Brand,1
13629,4530,2026-08-19 21:24:00,SMB,Email,EMAIL-Reactivation,2
13630,4530,2026-08-29 02:13:00,SMB,Paid Search,PS-NonBrand,3
13631,4531,2026-08-16 23:51:00,Freelancer,Referral,REF-Partner,1
13632,4531,2026-08-31 04:25:00,Freelancer,Paid Search,PS-Brand,2
13633,4531,2026-09-02 06:17:00,Freelancer,Referral,REF-Customer,3
13634,4532,2026-01-09 08:57:00,Freelancer,Paid Social,META-Prospecting,1
13635,4532,2026-01-27 11:41:00,Freelancer,Referral,REF-Customer,2
13636,4532,2026-01-29 02:21:00,Freelancer,Email,EMAIL-Reactivation,3
13637,4532,2026-01-30 10:21:00,Freelancer,Display,DISPLAY-Prospecting,4
13638,4533,2026-04-06 04:05:00,Startup,Organic Search,SEO-Product,1
13639,4533,2026-04-13 02:42:00,Startup,Organic Search,SEO-Content,2
13640,4533,2026-04-29 06:16:00,Startup,Referral,REF-Customer,3
13641,4534,2026-08-20 01:48:00,SMB,Paid Social,META-Prospecting,1
13642,4534,2026-08-26 01:43:00,SMB,Organic Search,SEO-Content,2
13643,4534,2026-09-05 19:39:00,SMB,Paid Social,META-Prospecting,3
13644,4534,2026-09-12 08:23:00,SMB,Paid Social,META-Retargeting,4
13645,4535,2026-03-23 06:51:00,SMB,Paid Social,META-Retargeting,1
13646,4535,2026-03-29 22:26:00,SMB,Paid Search,PS-NonBrand,2
13647,4535,2026-04-02 07:54:00,SMB,Paid Search,PS-Brand,3
13648,4536,2026-01-27 18:08:00,Freelancer,Referral,REF-Customer,1
13649,4536,2026-02-06 14:18:00,Freelancer,Referral,REF-Customer,2
13650,4537,2025-10-27 17:56:00,Startup,Paid Social,META-Prospecting,1
13651,4537,2025-11-22 08:54:00,Startup,Email,EMAIL-Nurture,2
13652,4537,2025-11-22 16:43:00,Startup,Paid Search,PS-NonBrand,3
13653,4538,2026-03-14 23:07:00,Startup,Referral,REF-Customer,1
13654,4538,2026-03-21 01:11:00,Startup,Paid Social,META-Prospecting,2
13655,4539,2026-01-16 09:36:00,Freelancer,Paid Social,META-Prospecting,1
13656,4539,2026-01-29 00:09:00,Freelancer,Referral,REF-Customer,2
13657,4540,2026-08-11 02:21:00,SMB,Paid Search,PS-Brand,1
13658,4540,2026-08-17 02:58:00,SMB,Paid Search,PS-Brand,2
13659,4540,2026-08-18 07:42:00,SMB,Organic Search,SEO-Content,3
13660,4540,2026-08-20 04:13:00,SMB,Paid Search,PS-NonBrand,4
13661,4540,2026-09-04 10:29:00,SMB,Organic Search,SEO-Product,5
13662,4541,2026-08-18 11:34:00,Startup,Referral,REF-Customer,1
13663,4541,2026-08-29 07:26:00,Startup,Referral,REF-Customer,2
13664,4541,2026-08-30 04:41:00,Startup,Paid Social,META-Prospecting,3
13665,4541,2026-09-04 15:36:00,Startup,Paid Search,PS-NonBrand,4
13666,4542,2026-01-30 15:36:00,Startup,Paid Social,META-Retargeting,1
13667,4542,2026-02-07 06:14:00,Startup,Referral,REF-Customer,2
13668,4542,2026-02-19 14:21:00,Startup,Organic Search,SEO-Product,3
13669,4542,2026-02-20 04:19:00,Startup,Email,EMAIL-Reactivation,4
13670,4543,2025-12-19 07:22:00,Freelancer,Organic Search,SEO-Product,1
13671,4543,2025-12-20 05:16:00,Freelancer,Email,EMAIL-Nurture,2
13672,4543,2025-12-23 16:28:00,Freelancer,Paid Social,META-Retargeting,3
13673,4543,2025-12-27 06:19:00,Freelancer,Email,EMAIL-Nurture,4
13674,4543,2026-01-09 01:59:00,Freelancer,Paid Social,META-Retargeting,5
13675,4544,2026-01-20 23:05:00,Startup,Email,EMAIL-Nurture,1
13676,4544,2026-02-01 21:44:00,Startup,Paid Social,META-Retargeting,2
13677,4545,2026-02-28 17:24:00,Startup,Display,DISPLAY-Retargeting,1
13678,4545,2026-03-14 18:43:00,Startup,Email,EMAIL-Reactivation,2
13679,4545,2026-03-21 05:00:00,Startup,Referral,REF-Customer,3
13680,4546,2026-06-06 12:43:00,SMB,Paid Search,PS-Brand,1
13681,4547,2025-11-27 06:42:00,Freelancer,Email,EMAIL-Nurture,1
13682,4547,2025-12-18 22:27:00,Freelancer,Organic Search,SEO-Content,2
13683,4547,2025-12-22 01:37:00,Freelancer,Paid Social,META-Retargeting,3
13684,4548,2026-10-11 16:37:00,Startup,Organic Search,SEO-Content,1
13685,4548,2026-10-17 04:55:00,Startup,Paid Search,PS-NonBrand,2
13686,4549,2026-06-14 17:11:00,SMB,Referral,REF-Customer,1
13687,4549,2026-06-20 03:49:00,SMB,Paid Search,PS-Brand,2
13688,4550,2025-11-17 23:29:00,Freelancer,Referral,REF-Partner,1
13689,4550,2025-11-24 23:13:00,Freelancer,Paid Social,META-Retargeting,2
13690,4550,2025-11-28 15:52:00,Freelancer,Display,DISPLAY-Prospecting,3
13691,4550,2025-12-08 01:00:00,Freelancer,Referral,REF-Customer,4
13692,4550,2025-12-10 06:57:00,Freelancer,Organic Search,SEO-Content,5
13693,4551,2026-01-23 05:44:00,SMB,Email,EMAIL-Reactivation,1
13694,4551,2026-02-21 22:02:00,SMB,Email,EMAIL-Reactivation,2
13695,4552,2026-07-03 22:43:00,SMB,Referral,REF-Customer,1
13696,4552,2026-07-10 21:36:00,SMB,Organic Search,SEO-Product,2
13697,4553,2026-04-11 22:05:00,Freelancer,Paid Search,PS-NonBrand,1
13698,4553,2026-04-30 02:07:00,Freelancer,Paid Social,META-Retargeting,2
13699,4554,2026-04-28 09:54:00,Startup,Paid Social,META-Retargeting,1
13700,4555,2025-10-26 08:59:00,Freelancer,Paid Social,META-Retargeting,1
13701,4555,2025-10-29 04:22:00,Freelancer,Email,EMAIL-Reactivation,2
13702,4555,2025-11-05 20:18:00,Freelancer,Paid Social,META-Prospecting,3
13703,4555,2025-11-11 12:57:00,Freelancer,Referral,REF-Customer,4
13704,4555,2025-11-14 22:28:00,Freelancer,Email,EMAIL-Reactivation,5
13705,4556,2026-03-16 20:03:00,Freelancer,Paid Social,META-Retargeting,1
13706,4556,2026-03-23 17:00:00,Freelancer,Paid Search,PS-Brand,2
13707,4557,2026-05-16 05:40:00,Startup,Referral,REF-Partner,1
13708,4557,2026-05-17 06:59:00,Startup,Referral,REF-Customer,2
13709,4557,2026-05-21 14:17:00,Startup,Paid Social,META-Prospecting,3
13710,4557,2026-05-29 01:34:00,Startup,Organic Search,SEO-Product,4
13711,4557,2026-06-02 20:01:00,Startup,Paid Social,META-Retargeting,5
13712,4558,2026-07-05 07:15:00,SMB,Paid Social,META-Retargeting,1
13713,4558,2026-07-22 21:21:00,SMB,Paid Search,PS-NonBrand,2
13714,4558,2026-07-24 19:40:00,SMB,Organic Search,SEO-Product,3
13715,4559,2026-03-16 00:48:00,Freelancer,Referral,REF-Customer,1
13716,4559,2026-04-03 12:59:00,Freelancer,Paid Social,META-Retargeting,2
13717,4559,2026-04-05 09:11:00,Freelancer,Email,EMAIL-Reactivation,3
13718,4560,2026-05-02 18:18:00,Startup,Organic Search,SEO-Content,1
13719,4560,2026-05-05 00:32:00,Startup,Email,EMAIL-Reactivation,2
13720,4560,2026-05-12 19:44:00,Startup,Paid Social,META-Retargeting,3
13721,4560,2026-05-13 21:05:00,Startup,Paid Social,META-Retargeting,4
13722,4561,2025-12-23 01:19:00,Startup,Organic Search,SEO-Product,1
13723,4561,2025-12-26 05:52:00,Startup,Paid Search,PS-Brand,2
13724,4561,2026-01-01 01:06:00,Startup,Paid Social,META-Retargeting,3
13725,4561,2026-01-07 14:19:00,Startup,Referral,REF-Partner,4
13726,4562,2026-07-20 11:35:00,Startup,Referral,REF-Partner,1
13727,4563,2026-06-30 02:06:00,SMB,Paid Search,PS-Brand,1
13728,4564,2026-07-06 06:39:00,SMB,Organic Search,SEO-Content,1
13729,4564,2026-07-17 01:00:00,SMB,Email,EMAIL-Nurture,2
13730,4564,2026-07-18 09:20:00,SMB,Paid Social,META-Prospecting,3
13731,4565,2026-06-07 15:19:00,Startup,Display,DISPLAY-Prospecting,1
13732,4565,2026-06-24 12:44:00,Startup,Email,EMAIL-Reactivation,2
13733,4566,2026-09-26 11:23:00,Startup,Paid Social,META-Prospecting,1
13734,4566,2026-10-02 04:49:00,Startup,Organic Search,SEO-Product,2
13735,4566,2026-10-12 11:57:00,Startup,Email,EMAIL-Nurture,3
13736,4566,2026-10-22 19:54:00,Startup,Paid Search,PS-Brand,4
13737,4567,2026-08-29 13:51:00,SMB,Display,DISPLAY-Prospecting,1
13738,4567,2026-09-07 01:05:00,SMB,Organic Search,SEO-Content,2
13739,4568,2026-07-26 15:54:00,SMB,Referral,REF-Partner,1
13740,4568,2026-08-01 01:27:00,SMB,Organic Search,SEO-Product,2
13741,4568,2026-08-21 13:10:00,SMB,Email,EMAIL-Reactivation,3
13742,4569,2026-02-02 03:03:00,SMB,Referral,REF-Customer,1
13743,4569,2026-02-03 15:12:00,SMB,Organic Search,SEO-Product,2
13744,4569,2026-02-11 06:06:00,SMB,Paid Social,META-Retargeting,3
13745,4569,2026-02-12 18:40:00,SMB,Paid Social,META-Retargeting,4
13746,4570,2025-11-15 09:51:00,Startup,Paid Search,PS-NonBrand,1
13747,4570,2025-11-18 16:56:00,Startup,Paid Search,PS-NonBrand,2
13748,4571,2025-10-07 17:55:00,SMB,Paid Social,META-Prospecting,1
13749,4571,2025-10-12 15:13:00,SMB,Referral,REF-Customer,2
13750,4572,2026-07-17 20:24:00,Startup,Paid Search,PS-Brand,1
13751,4573,2026-09-18 15:06:00,Startup,Organic Search,SEO-Content,1
13752,4574,2026-05-29 18:44:00,SMB,Organic Search,SEO-Product,1
13753,4574,2026-06-16 18:26:00,SMB,Paid Social,META-Retargeting,2
13754,4574,2026-06-16 23:31:00,SMB,Paid Search,PS-Brand,3
13755,4574,2026-06-21 22:15:00,SMB,Paid Social,META-Retargeting,4
13756,4574,2026-06-24 05:48:00,SMB,Referral,REF-Customer,5
13757,4575,2026-06-22 11:08:00,Startup,Paid Social,META-Prospecting,1
13758,4575,2026-06-25 12:32:00,Startup,Display,DISPLAY-Retargeting,2
13759,4575,2026-06-25 20:09:00,Startup,Display,DISPLAY-Retargeting,3
13760,4575,2026-06-27 01:05:00,Startup,Referral,REF-Partner,4
13761,4575,2026-07-16 04:42:00,Startup,Organic Search,SEO-Content,5
13762,4576,2025-11-09 01:49:00,Freelancer,Referral,REF-Customer,1
13763,4576,2025-11-26 23:10:00,Freelancer,Organic Search,SEO-Content,2
13764,4576,2025-11-27 16:28:00,Freelancer,Paid Social,META-Retargeting,3
13765,4576,2025-11-29 14:34:00,Freelancer,Display,DISPLAY-Prospecting,4
13766,4577,2026-04-26 15:52:00,SMB,Paid Social,META-Prospecting,1
13767,4578,2026-05-13 11:01:00,SMB,Paid Social,META-Retargeting,1
13768,4578,2026-05-14 03:43:00,SMB,Paid Search,PS-Brand,2
13769,4578,2026-05-19 10:36:00,SMB,Organic Search,SEO-Product,3
13770,4578,2026-05-26 01:15:00,SMB,Referral,REF-Partner,4
13771,4579,2025-12-23 15:16:00,SMB,Paid Search,PS-Brand,1
13772,4580,2026-07-12 22:25:00,Startup,Organic Search,SEO-Product,1
13773,4580,2026-07-21 04:32:00,Startup,Paid Social,META-Retargeting,2
13774,4580,2026-07-29 22:24:00,Startup,Paid Search,PS-NonBrand,3
13775,4580,2026-07-31 17:56:00,Startup,Email,EMAIL-Reactivation,4
13776,4581,2026-02-05 07:29:00,Freelancer,Paid Social,META-Retargeting,1
13777,4582,2025-12-13 15:13:00,Startup,Paid Social,META-Prospecting,1
13778,4582,2025-12-18 15:03:00,Startup,Organic Search,SEO-Product,2
13779,4582,2026-01-04 14:36:00,Startup,Paid Search,PS-NonBrand,3
13780,4583,2026-07-01 00:46:00,Freelancer,Paid Social,META-Retargeting,1
13781,4583,2026-07-05 02:28:00,Freelancer,Paid Social,META-Retargeting,2
13782,4584,2026-03-18 16:52:00,Startup,Email,EMAIL-Reactivation,1
13783,4584,2026-03-19 12:59:00,Startup,Organic Search,SEO-Content,2
13784,4584,2026-03-30 13:10:00,Startup,Display,DISPLAY-Retargeting,3
13785,4584,2026-03-31 19:40:00,Startup,Paid Social,META-Retargeting,4
13786,4585,2026-04-17 14:09:00,SMB,Email,EMAIL-Reactivation,1
13787,4585,2026-04-19 20:12:00,SMB,Organic Search,SEO-Content,2
13788,4585,2026-04-21 12:57:00,SMB,Paid Search,PS-NonBrand,3
13789,4585,2026-04-24 12:24:00,SMB,Display,DISPLAY-Retargeting,4
13790,4585,2026-04-29 14:02:00,SMB,Paid Search,PS-Brand,5
13791,4586,2026-04-25 16:57:00,SMB,Display,DISPLAY-Retargeting,1
13792,4586,2026-05-08 21:32:00,SMB,Paid Search,PS-NonBrand,2
13793,4586,2026-05-12 17:59:00,SMB,Paid Search,PS-Brand,3
13794,4586,2026-05-13 21:58:00,SMB,Paid Search,PS-NonBrand,4
13795,4587,2026-06-09 00:03:00,Startup,Paid Search,PS-NonBrand,1
13796,4588,2026-02-28 05:50:00,Startup,Paid Search,PS-Brand,1
13797,4588,2026-03-17 14:37:00,Startup,Paid Search,PS-NonBrand,2
13798,4588,2026-03-21 22:24:00,Startup,Email,EMAIL-Nurture,3
13799,4589,2026-08-01 12:12:00,Startup,Referral,REF-Partner,1
13800,4589,2026-08-15 12:24:00,Startup,Display,DISPLAY-Prospecting,2
13801,4590,2026-08-24 14:45:00,Startup,Display,DISPLAY-Retargeting,1
13802,4590,2026-08-30 13:55:00,Startup,Paid Search,PS-NonBrand,2
13803,4590,2026-09-11 14:08:00,Startup,Paid Social,META-Retargeting,3
13804,4590,2026-09-11 22:09:00,Startup,Organic Search,SEO-Product,4
13805,4591,2026-04-04 21:55:00,SMB,Paid Search,PS-Brand,1
13806,4592,2025-12-05 01:04:00,SMB,Referral,REF-Partner,1
13807,4592,2025-12-12 18:00:00,SMB,Paid Social,META-Prospecting,2
13808,4592,2025-12-15 03:20:00,SMB,Paid Search,PS-Brand,3
13809,4592,2025-12-15 19:04:00,SMB,Paid Social,META-Retargeting,4
13810,4592,2025-12-29 14:55:00,SMB,Organic Search,SEO-Product,5
13811,4593,2026-01-13 23:20:00,Startup,Organic Search,SEO-Content,1
13812,4593,2026-01-17 02:04:00,Startup,Paid Search,PS-Brand,2
13813,4593,2026-01-17 10:52:00,Startup,Paid Search,PS-NonBrand,3
13814,4593,2026-02-02 00:40:00,Startup,Paid Social,META-Prospecting,4
13815,4593,2026-02-04 11:55:00,Startup,Email,EMAIL-Reactivation,5
13816,4594,2026-07-14 05:00:00,Startup,Email,EMAIL-Reactivation,1
13817,4594,2026-07-22 12:27:00,Startup,Email,EMAIL-Reactivation,2
13818,4594,2026-08-06 10:03:00,Startup,Email,EMAIL-Reactivation,3
13819,4594,2026-08-07 14:00:00,Startup,Paid Social,META-Retargeting,4
13820,4595,2026-01-03 10:25:00,Startup,Paid Search,PS-NonBrand,1
13821,4595,2026-01-17 05:09:00,Startup,Email,EMAIL-Reactivation,2
13822,4595,2026-01-22 07:13:00,Startup,Paid Search,PS-Brand,3
13823,4596,2026-07-13 10:15:00,SMB,Organic Search,SEO-Product,1
13824,4596,2026-08-05 06:29:00,SMB,Referral,REF-Partner,2
13825,4596,2026-08-06 21:09:00,SMB,Referral,REF-Partner,3
13826,4597,2026-06-09 05:33:00,Freelancer,Paid Search,PS-NonBrand,1
13827,4598,2026-03-13 02:42:00,SMB,Display,DISPLAY-Prospecting,1
13828,4598,2026-03-13 06:31:00,SMB,Paid Search,PS-NonBrand,2
13829,4598,2026-03-16 22:24:00,SMB,Paid Search,PS-Brand,3
13830,4598,2026-04-09 16:45:00,SMB,Referral,REF-Partner,4
13831,4598,2026-04-11 03:48:00,SMB,Referral,REF-Customer,5
13832,4599,2025-11-24 13:49:00,SMB,Paid Social,META-Retargeting,1
13833,4599,2025-12-05 05:51:00,SMB,Paid Search,PS-NonBrand,2
13834,4599,2025-12-10 02:08:00,SMB,Referral,REF-Partner,3
13835,4600,2026-04-28 08:47:00,Startup,Paid Search,PS-NonBrand,1
13836,4601,2026-06-30 13:33:00,Freelancer,Paid Social,META-Retargeting,1
13837,4601,2026-07-01 02:50:00,Freelancer,Organic Search,SEO-Product,2
13838,4601,2026-07-05 04:13:00,Freelancer,Paid Social,META-Prospecting,3
13839,4601,2026-07-06 08:39:00,Freelancer,Email,EMAIL-Nurture,4
13840,4602,2025-11-28 14:52:00,Freelancer,Email,EMAIL-Nurture,1
13841,4602,2025-12-10 16:56:00,Freelancer,Paid Social,META-Retargeting,2
13842,4602,2025-12-13 00:34:00,Freelancer,Referral,REF-Customer,3
13843,4602,2025-12-25 20:12:00,Freelancer,Paid Social,META-Retargeting,4
13844,4603,2026-08-01 22:24:00,SMB,Paid Search,PS-Brand,1
13845,4603,2026-08-05 21:37:00,SMB,Organic Search,SEO-Content,2
13846,4603,2026-08-13 05:54:00,SMB,Referral,REF-Customer,3
13847,4603,2026-08-13 08:27:00,SMB,Organic Search,SEO-Product,4
13848,4603,2026-08-25 14:52:00,SMB,Email,EMAIL-Reactivation,5
13849,4604,2025-12-15 14:50:00,SMB,Paid Search,PS-NonBrand,1
13850,4604,2025-12-21 17:38:00,SMB,Paid Social,META-Retargeting,2
13851,4604,2025-12-25 13:13:00,SMB,Paid Search,PS-Brand,3
13852,4604,2026-01-07 08:30:00,SMB,Referral,REF-Customer,4
13853,4604,2026-01-09 09:44:00,SMB,Paid Search,PS-NonBrand,5
13854,4605,2026-03-07 20:23:00,Startup,Paid Search,PS-Brand,1
13855,4605,2026-03-11 14:20:00,Startup,Organic Search,SEO-Content,2
13856,4605,2026-03-23 09:48:00,Startup,Paid Social,META-Retargeting,3
13857,4605,2026-03-29 05:22:00,Startup,Organic Search,SEO-Product,4
13858,4606,2026-05-12 08:57:00,Startup,Paid Social,META-Prospecting,1
13859,4607,2026-06-27 22:59:00,Startup,Referral,REF-Partner,1
13860,4607,2026-06-28 08:51:00,Startup,Organic Search,SEO-Product,2
13861,4608,2025-12-22 19:46:00,SMB,Email,EMAIL-Reactivation,1
13862,4608,2026-01-06 10:48:00,SMB,Email,EMAIL-Reactivation,2
13863,4608,2026-01-06 12:06:00,SMB,Referral,REF-Customer,3
13864,4608,2026-01-07 08:26:00,SMB,Referral,REF-Customer,4
13865,4609,2026-02-12 04:35:00,Startup,Paid Social,META-Prospecting,1
13866,4610,2026-07-28 11:47:00,SMB,Paid Social,META-Prospecting,1
13867,4610,2026-08-07 20:31:00,SMB,Organic Search,SEO-Content,2
13868,4610,2026-08-09 04:23:00,SMB,Referral,REF-Partner,3
13869,4610,2026-08-20 19:03:00,SMB,Paid Search,PS-Brand,4
13870,4611,2026-02-03 19:46:00,SMB,Organic Search,SEO-Content,1
13871,4611,2026-02-16 06:29:00,SMB,Organic Search,SEO-Product,2
13872,4611,2026-02-16 20:35:00,SMB,Paid Search,PS-NonBrand,3
13873,4611,2026-02-20 08:12:00,SMB,Organic Search,SEO-Content,4
13874,4612,2026-05-15 13:53:00,Startup,Display,DISPLAY-Retargeting,1
13875,4612,2026-05-19 02:47:00,Startup,Referral,REF-Customer,2
13876,4612,2026-05-23 01:26:00,Startup,Paid Search,PS-NonBrand,3
13877,4612,2026-05-23 07:45:00,Startup,Organic Search,SEO-Product,4
13878,4612,2026-05-26 02:21:00,Startup,Paid Social,META-Retargeting,5
13879,4613,2026-03-01 04:32:00,SMB,Paid Search,PS-NonBrand,1
13880,4613,2026-03-09 23:26:00,SMB,Paid Search,PS-Brand,2
13881,4613,2026-03-16 21:09:00,SMB,Paid Social,META-Retargeting,3
13882,4613,2026-03-22 16:26:00,SMB,Referral,REF-Partner,4
13883,4614,2025-10-22 16:40:00,Startup,Paid Social,META-Prospecting,1
13884,4614,2025-11-14 01:00:00,Startup,Paid Social,META-Prospecting,2
13885,4614,2025-11-18 08:32:00,Startup,Display,DISPLAY-Retargeting,3
13886,4614,2025-11-19 22:41:00,Startup,Email,EMAIL-Reactivation,4
13887,4615,2026-04-13 12:18:00,Startup,Email,EMAIL-Reactivation,1
13888,4615,2026-05-03 12:26:00,Startup,Paid Search,PS-Brand,2
13889,4615,2026-05-05 02:57:00,Startup,Display,DISPLAY-Retargeting,3
13890,4616,2026-02-20 09:50:00,SMB,Paid Search,PS-Brand,1
13891,4616,2026-02-23 09:25:00,SMB,Referral,REF-Customer,2
13892,4616,2026-03-02 10:27:00,SMB,Paid Search,PS-Brand,3
13893,4616,2026-03-07 11:07:00,SMB,Paid Social,META-Retargeting,4
13894,4617,2026-01-21 09:09:00,SMB,Paid Search,PS-Brand,1
13895,4617,2026-01-27 07:17:00,SMB,Paid Social,META-Retargeting,2
13896,4618,2026-08-12 12:57:00,Freelancer,Paid Social,META-Retargeting,1
13897,4618,2026-08-18 10:47:00,Freelancer,Paid Social,META-Retargeting,2
13898,4618,2026-08-27 23:49:00,Freelancer,Referral,REF-Customer,3
13899,4618,2026-08-30 09:38:00,Freelancer,Organic Search,SEO-Product,4
13900,4618,2026-09-04 05:24:00,Freelancer,Email,EMAIL-Reactivation,5
13901,4619,2026-07-11 01:58:00,Startup,Paid Search,PS-Brand,1
13902,4619,2026-07-20 21:44:00,Startup,Paid Search,PS-NonBrand,2
13903,4619,2026-07-21 01:49:00,Startup,Referral,REF-Partner,3
13904,4619,2026-08-07 09:38:00,Startup,Referral,REF-Partner,4
13905,4619,2026-08-07 10:48:00,Startup,Paid Search,PS-NonBrand,5
13906,4620,2026-01-11 23:25:00,Freelancer,Organic Search,SEO-Content,1
13907,4620,2026-02-02 09:43:00,Freelancer,Referral,REF-Customer,2
13908,4621,2026-04-18 13:37:00,SMB,Email,EMAIL-Reactivation,1
13909,4621,2026-04-23 21:04:00,SMB,Paid Social,META-Retargeting,2
13910,4622,2026-06-25 02:37:00,Startup,Organic Search,SEO-Content,1
13911,4623,2025-10-26 20:27:00,Freelancer,Paid Social,META-Retargeting,1
13912,4623,2025-11-04 06:28:00,Freelancer,Paid Social,META-Retargeting,2
13913,4624,2025-11-07 16:56:00,SMB,Referral,REF-Customer,1
13914,4624,2025-11-09 05:37:00,SMB,Email,EMAIL-Nurture,2
13915,4624,2025-11-16 18:19:00,SMB,Display,DISPLAY-Prospecting,3
13916,4624,2025-11-19 13:08:00,SMB,Referral,REF-Partner,4
13917,4625,2026-04-22 23:13:00,SMB,Paid Social,META-Prospecting,1
13918,4625,2026-05-03 10:51:00,SMB,Paid Search,PS-NonBrand,2
13919,4625,2026-05-13 09:43:00,SMB,Referral,REF-Customer,3
13920,4625,2026-05-13 20:49:00,SMB,Paid Search,PS-Brand,4
13921,4626,2026-09-08 10:51:00,Freelancer,Paid Search,PS-Brand,1
13922,4626,2026-09-09 17:56:00,Freelancer,Display,DISPLAY-Retargeting,2
13923,4626,2026-09-29 17:32:00,Freelancer,Paid Social,META-Prospecting,3
13924,4627,2026-09-13 02:25:00,SMB,Paid Search,PS-Brand,1
13925,4627,2026-09-20 15:59:00,SMB,Organic Search,SEO-Content,2
13926,4628,2026-03-24 11:33:00,SMB,Referral,REF-Customer,1
13927,4629,2026-06-17 23:11:00,Freelancer,Email,EMAIL-Reactivation,1
13928,4629,2026-06-23 06:07:00,Freelancer,Paid Search,PS-NonBrand,2
13929,4629,2026-06-24 09:54:00,Freelancer,Referral,REF-Partner,3
13930,4629,2026-07-02 00:31:00,Freelancer,Referral,REF-Partner,4
13931,4630,2026-03-29 17:59:00,SMB,Paid Social,META-Retargeting,1
13932,4630,2026-04-12 06:24:00,SMB,Paid Social,META-Retargeting,2
13933,4630,2026-04-22 10:15:00,SMB,Paid Search,PS-Brand,3
13934,4630,2026-04-25 22:01:00,SMB,Email,EMAIL-Reactivation,4
13935,4631,2026-09-08 12:59:00,Startup,Paid Social,META-Prospecting,1
13936,4632,2026-04-28 10:08:00,Startup,Paid Social,META-Prospecting,1
13937,4632,2026-05-18 11:29:00,Startup,Referral,REF-Customer,2
13938,4632,2026-05-22 13:11:00,Startup,Organic Search,SEO-Product,3
13939,4633,2026-09-02 05:00:00,Startup,Referral,REF-Partner,1
13940,4633,2026-09-12 01:14:00,Startup,Paid Social,META-Retargeting,2
13941,4633,2026-09-14 10:08:00,Startup,Paid Social,META-Retargeting,3
13942,4633,2026-09-17 08:37:00,Startup,Email,EMAIL-Reactivation,4
13943,4634,2026-02-14 07:00:00,SMB,Organic Search,SEO-Content,1
13944,4634,2026-02-23 18:23:00,SMB,Referral,REF-Customer,2
13945,4634,2026-02-26 18:55:00,SMB,Referral,REF-Partner,3
13946,4635,2026-09-10 10:09:00,SMB,Referral,REF-Customer,1
13947,4635,2026-09-11 01:29:00,SMB,Paid Social,META-Retargeting,2
13948,4635,2026-09-11 14:03:00,SMB,Referral,REF-Customer,3
13949,4635,2026-10-04 10:01:00,SMB,Paid Social,META-Retargeting,4
13950,4636,2026-06-28 00:07:00,Freelancer,Email,EMAIL-Nurture,1
13951,4637,2026-07-08 11:25:00,Startup,Referral,REF-Partner,1
13952,4637,2026-07-10 17:17:00,Startup,Display,DISPLAY-Retargeting,2
13953,4637,2026-07-18 02:27:00,Startup,Display,DISPLAY-Retargeting,3
13954,4637,2026-07-25 06:43:00,Startup,Referral,REF-Partner,4
13955,4637,2026-08-04 10:50:00,Startup,Organic Search,SEO-Content,5
13956,4638,2025-10-16 10:46:00,SMB,Paid Social,META-Prospecting,1
13957,4638,2025-10-18 18:45:00,SMB,Display,DISPLAY-Retargeting,2
13958,4638,2025-10-26 13:57:00,SMB,Organic Search,SEO-Product,3
13959,4638,2025-11-04 10:01:00,SMB,Email,EMAIL-Nurture,4
13960,4639,2026-08-01 23:02:00,SMB,Paid Search,PS-Brand,1
13961,4639,2026-08-08 21:06:00,SMB,Paid Search,PS-Brand,2
13962,4639,2026-08-17 04:49:00,SMB,Paid Search,PS-Brand,3
13963,4640,2025-12-07 16:42:00,Startup,Paid Social,META-Retargeting,1
13964,4640,2025-12-11 03:26:00,Startup,Email,EMAIL-Nurture,2
13965,4640,2025-12-19 16:46:00,Startup,Paid Social,META-Retargeting,3
13966,4640,2025-12-24 08:26:00,Startup,Paid Social,META-Retargeting,4
13967,4641,2026-09-08 10:06:00,SMB,Paid Social,META-Prospecting,1
13968,4641,2026-09-20 23:58:00,SMB,Organic Search,SEO-Product,2
13969,4641,2026-09-21 09:54:00,SMB,Organic Search,SEO-Content,3
13970,4641,2026-10-02 17:42:00,SMB,Organic Search,SEO-Content,4
13971,4641,2026-10-06 10:08:00,SMB,Paid Social,META-Retargeting,5
13972,4642,2025-12-12 03:55:00,Freelancer,Paid Social,META-Retargeting,1
13973,4642,2025-12-29 08:07:00,Freelancer,Organic Search,SEO-Product,2
13974,4642,2026-01-02 11:25:00,Freelancer,Referral,REF-Partner,3
13975,4643,2026-07-31 23:54:00,Freelancer,Paid Social,META-Prospecting,1
13976,4643,2026-08-02 04:51:00,Freelancer,Email,EMAIL-Reactivation,2
13977,4643,2026-08-07 18:43:00,Freelancer,Paid Social,META-Prospecting,3
13978,4643,2026-08-10 22:19:00,Freelancer,Display,DISPLAY-Retargeting,4
13979,4644,2026-05-21 20:14:00,SMB,Email,EMAIL-Reactivation,1
13980,4644,2026-06-07 21:35:00,SMB,Display,DISPLAY-Prospecting,2
13981,4645,2026-02-23 10:11:00,Freelancer,Email,EMAIL-Nurture,1
13982,4645,2026-02-25 13:02:00,Freelancer,Referral,REF-Customer,2
13983,4645,2026-03-01 03:25:00,Freelancer,Paid Search,PS-Brand,3
13984,4645,2026-03-07 09:49:00,Freelancer,Display,DISPLAY-Retargeting,4
13985,4645,2026-03-21 14:46:00,Freelancer,Display,DISPLAY-Retargeting,5
13986,4646,2026-08-23 20:30:00,Startup,Display,DISPLAY-Prospecting,1
13987,4646,2026-09-08 12:25:00,Startup,Paid Social,META-Prospecting,2
13988,4646,2026-09-09 08:42:00,Startup,Paid Social,META-Retargeting,3
13989,4646,2026-09-18 07:49:00,Startup,Referral,REF-Partner,4
13990,4646,2026-09-19 19:59:00,Startup,Referral,REF-Customer,5
13991,4647,2026-02-23 18:52:00,Startup,Paid Search,PS-Brand,1
13992,4647,2026-03-11 14:07:00,Startup,Paid Social,META-Prospecting,2
13993,4647,2026-03-13 12:55:00,Startup,Paid Social,META-Retargeting,3
13994,4647,2026-03-16 05:36:00,Startup,Paid Search,PS-Brand,4
13995,4647,2026-03-17 14:19:00,Startup,Paid Search,PS-Brand,5
13996,4648,2025-11-13 15:53:00,Freelancer,Paid Social,META-Prospecting,1
13997,4648,2025-11-21 19:59:00,Freelancer,Organic Search,SEO-Content,2
13998,4649,2025-11-10 18:38:00,SMB,Email,EMAIL-Nurture,1
13999,4649,2025-11-22 23:59:00,SMB,Organic Search,SEO-Product,2
14000,4650,2026-08-12 22:43:00,Freelancer,Paid Social,META-Retargeting,1
14001,4651,2026-03-11 01:01:00,SMB,Paid Search,PS-Brand,1
14002,4651,2026-03-15 01:49:00,SMB,Paid Social,META-Retargeting,2
14003,4652,2026-08-05 13:27:00,SMB,Paid Search,PS-NonBrand,1
14004,4652,2026-08-12 02:12:00,SMB,Organic Search,SEO-Product,2
14005,4652,2026-08-14 11:26:00,SMB,Email,EMAIL-Nurture,3
14006,4652,2026-08-24 17:21:00,SMB,Paid Search,PS-NonBrand,4
14007,4653,2025-10-27 15:09:00,Startup,Referral,REF-Customer,1
14008,4654,2025-11-13 02:24:00,SMB,Display,DISPLAY-Prospecting,1
14009,4654,2025-11-26 16:35:00,SMB,Paid Search,PS-NonBrand,2
14010,4655,2026-09-28 01:21:00,Startup,Referral,REF-Partner,1
14011,4656,2025-11-22 07:48:00,SMB,Paid Search,PS-Brand,1
14012,4656,2025-12-13 07:58:00,SMB,Paid Search,PS-NonBrand,2
14013,4657,2026-06-25 21:36:00,SMB,Referral,REF-Customer,1
14014,4658,2026-02-08 09:23:00,Startup,Paid Search,PS-NonBrand,1
14015,4658,2026-02-13 22:55:00,Startup,Display,DISPLAY-Retargeting,2
14016,4658,2026-02-17 15:59:00,Startup,Referral,REF-Partner,3
14017,4658,2026-02-24 11:22:00,Startup,Email,EMAIL-Nurture,4
14018,4658,2026-02-28 22:56:00,Startup,Email,EMAIL-Reactivation,5
14019,4659,2026-04-01 11:40:00,SMB,Email,EMAIL-Nurture,1
14020,4659,2026-04-04 01:23:00,SMB,Paid Search,PS-Brand,2
14021,4660,2025-11-11 20:54:00,SMB,Organic Search,SEO-Content,1
14022,4660,2025-11-20 10:14:00,SMB,Paid Social,META-Prospecting,2
14023,4660,2025-12-05 01:12:00,SMB,Display,DISPLAY-Retargeting,3
14024,4660,2025-12-10 21:21:00,SMB,Paid Social,META-Retargeting,4
14025,4661,2026-01-06 11:08:00,SMB,Email,EMAIL-Nurture,1
14026,4661,2026-01-14 22:52:00,SMB,Organic Search,SEO-Product,2
14027,4661,2026-01-19 14:50:00,SMB,Referral,REF-Customer,3
14028,4661,2026-02-03 17:31:00,SMB,Referral,REF-Customer,4
14029,4662,2026-07-08 06:31:00,Freelancer,Email,EMAIL-Reactivation,1
14030,4662,2026-07-23 13:29:00,Freelancer,Referral,REF-Partner,2
14031,4662,2026-07-27 15:36:00,Freelancer,Paid Social,META-Prospecting,3
14032,4663,2026-04-18 20:18:00,Startup,Paid Social,META-Prospecting,1
14033,4663,2026-05-11 16:25:00,Startup,Organic Search,SEO-Content,2
14034,4664,2026-04-17 16:13:00,Startup,Paid Social,META-Prospecting,1
14035,4664,2026-04-17 23:11:00,Startup,Paid Social,META-Retargeting,2
14036,4664,2026-04-18 12:03:00,Startup,Paid Search,PS-NonBrand,3
14037,4665,2026-10-02 11:48:00,Startup,Email,EMAIL-Reactivation,1
14038,4666,2026-03-05 19:38:00,Startup,Display,DISPLAY-Retargeting,1
14039,4666,2026-03-14 22:29:00,Startup,Paid Social,META-Retargeting,2
14040,4666,2026-03-25 14:07:00,Startup,Email,EMAIL-Reactivation,3
14041,4666,2026-03-26 22:41:00,Startup,Organic Search,SEO-Product,4
14042,4666,2026-03-27 20:34:00,Startup,Display,DISPLAY-Prospecting,5
14043,4667,2026-07-27 06:18:00,SMB,Organic Search,SEO-Content,1
14044,4667,2026-07-29 04:25:00,SMB,Referral,REF-Customer,2
14045,4667,2026-08-03 01:10:00,SMB,Paid Social,META-Retargeting,3
14046,4667,2026-08-09 05:54:00,SMB,Display,DISPLAY-Retargeting,4
14047,4668,2026-06-24 22:42:00,SMB,Email,EMAIL-Nurture,1
14048,4668,2026-07-06 14:45:00,SMB,Referral,REF-Customer,2
14049,4668,2026-07-09 19:12:00,SMB,Referral,REF-Customer,3
14050,4668,2026-07-11 17:09:00,SMB,Display,DISPLAY-Prospecting,4
14051,4668,2026-07-15 21:49:00,SMB,Organic Search,SEO-Product,5
14052,4669,2026-03-20 09:34:00,Startup,Paid Social,META-Prospecting,1
14053,4669,2026-04-02 10:41:00,Startup,Paid Social,META-Retargeting,2
14054,4669,2026-04-14 21:07:00,Startup,Referral,REF-Customer,3
14055,4670,2026-01-21 20:24:00,SMB,Paid Social,META-Prospecting,1
14056,4670,2026-02-01 12:47:00,SMB,Paid Search,PS-Brand,2
14057,4671,2026-02-19 15:19:00,Freelancer,Paid Search,PS-Brand,1
14058,4671,2026-02-24 08:44:00,Freelancer,Referral,REF-Partner,2
14059,4672,2026-08-23 17:21:00,SMB,Paid Search,PS-NonBrand,1
14060,4672,2026-08-26 10:47:00,SMB,Referral,REF-Partner,2
14061,4673,2026-02-06 01:29:00,Startup,Display,DISPLAY-Prospecting,1
14062,4673,2026-02-13 03:06:00,Startup,Paid Social,META-Prospecting,2
14063,4673,2026-02-14 03:23:00,Startup,Paid Search,PS-NonBrand,3
14064,4673,2026-02-15 18:14:00,Startup,Paid Social,META-Retargeting,4
14065,4674,2026-05-30 07:07:00,SMB,Paid Search,PS-NonBrand,1
14066,4674,2026-06-07 18:08:00,SMB,Organic Search,SEO-Product,2
14067,4674,2026-06-15 05:44:00,SMB,Email,EMAIL-Reactivation,3
14068,4674,2026-06-16 07:12:00,SMB,Email,EMAIL-Nurture,4
14069,4674,2026-06-16 23:59:00,SMB,Organic Search,SEO-Product,5
14070,4675,2025-11-23 07:11:00,Startup,Paid Search,PS-NonBrand,1
14071,4675,2025-12-02 09:11:00,Startup,Display,DISPLAY-Prospecting,2
14072,4675,2025-12-08 19:04:00,Startup,Paid Social,META-Retargeting,3
14073,4676,2026-02-07 08:08:00,Freelancer,Paid Search,PS-Brand,1
14074,4676,2026-02-20 22:23:00,Freelancer,Email,EMAIL-Nurture,2
14075,4677,2026-09-16 10:04:00,SMB,Paid Search,PS-Brand,1
14076,4677,2026-09-19 00:55:00,SMB,Organic Search,SEO-Content,2
14077,4677,2026-09-29 00:52:00,SMB,Organic Search,SEO-Product,3
14078,4677,2026-10-01 19:44:00,SMB,Referral,REF-Customer,4
14079,4678,2026-04-27 14:46:00,SMB,Referral,REF-Customer,1
14080,4679,2026-07-29 17:30:00,Startup,Display,DISPLAY-Retargeting,1
14081,4679,2026-08-06 12:33:00,Startup,Paid Social,META-Retargeting,2
14082,4680,2026-01-08 20:50:00,SMB,Paid Search,PS-Brand,1
14083,4680,2026-01-10 17:01:00,SMB,Paid Social,META-Retargeting,2
14084,4680,2026-01-12 07:42:00,SMB,Display,DISPLAY-Retargeting,3
14085,4680,2026-01-19 10:23:00,SMB,Organic Search,SEO-Product,4
14086,4680,2026-02-01 18:02:00,SMB,Referral,REF-Customer,5
14087,4681,2026-07-12 08:12:00,SMB,Paid Search,PS-Brand,1
14088,4681,2026-07-14 02:47:00,SMB,Referral,REF-Customer,2
14089,4681,2026-07-30 04:54:00,SMB,Paid Search,PS-Brand,3
14090,4682,2026-09-25 00:41:00,Startup,Paid Social,META-Retargeting,1
14091,4682,2026-10-11 11:02:00,Startup,Paid Social,META-Retargeting,2
14092,4682,2026-10-12 11:23:00,Startup,Paid Search,PS-Brand,3
14093,4682,2026-10-18 08:13:00,Startup,Paid Social,META-Retargeting,4
14094,4682,2026-10-20 08:24:00,Startup,Paid Social,META-Retargeting,5
14095,4683,2026-09-18 06:43:00,SMB,Paid Search,PS-NonBrand,1
14096,4683,2026-09-18 19:02:00,SMB,Paid Search,PS-Brand,2
14097,4683,2026-09-26 06:52:00,SMB,Organic Search,SEO-Product,3
14098,4684,2026-03-19 08:33:00,SMB,Organic Search,SEO-Product,1
14099,4684,2026-03-31 02:49:00,SMB,Email,EMAIL-Reactivation,2
14100,4684,2026-04-01 09:21:00,SMB,Email,EMAIL-Nurture,3
14101,4685,2026-06-09 15:06:00,SMB,Paid Social,META-Prospecting,1
14102,4686,2026-09-18 00:36:00,SMB,Organic Search,SEO-Product,1
14103,4687,2026-08-11 05:20:00,Freelancer,Referral,REF-Partner,1
14104,4688,2026-10-01 09:02:00,SMB,Paid Social,META-Prospecting,1
14105,4688,2026-10-08 09:50:00,SMB,Paid Social,META-Retargeting,2
14106,4688,2026-10-11 21:18:00,SMB,Email,EMAIL-Reactivation,3
14107,4688,2026-10-14 08:28:00,SMB,Organic Search,SEO-Content,4
14108,4689,2025-10-22 03:30:00,SMB,Organic Search,SEO-Product,1
14109,4689,2025-10-24 07:14:00,SMB,Organic Search,SEO-Product,2
14110,4690,2026-04-17 20:06:00,Startup,Paid Social,META-Retargeting,1
14111,4690,2026-05-06 11:01:00,Startup,Display,DISPLAY-Prospecting,2
14112,4690,2026-05-07 02:23:00,Startup,Display,DISPLAY-Prospecting,3
14113,4690,2026-05-08 19:09:00,Startup,Organic Search,SEO-Content,4
14114,4691,2026-07-26 23:13:00,Freelancer,Paid Social,META-Retargeting,1
14115,4691,2026-07-28 22:26:00,Freelancer,Organic Search,SEO-Content,2
14116,4691,2026-08-04 03:53:00,Freelancer,Referral,REF-Partner,3
14117,4692,2026-07-07 21:11:00,SMB,Organic Search,SEO-Product,1
14118,4692,2026-07-13 14:52:00,SMB,Display,DISPLAY-Prospecting,2
14119,4692,2026-07-17 03:27:00,SMB,Paid Search,PS-NonBrand,3
14120,4692,2026-07-23 13:58:00,SMB,Referral,REF-Customer,4
14121,4693,2025-11-26 14:19:00,Startup,Paid Social,META-Retargeting,1
14122,4693,2025-12-05 12:50:00,Startup,Paid Search,PS-Brand,2
14123,4693,2025-12-17 15:43:00,Startup,Email,EMAIL-Reactivation,3
14124,4694,2026-05-04 06:21:00,Startup,Paid Social,META-Prospecting,1
14125,4695,2025-12-13 05:18:00,SMB,Paid Social,META-Prospecting,1
14126,4695,2025-12-22 01:51:00,SMB,Paid Search,PS-NonBrand,2
14127,4695,2025-12-25 14:39:00,SMB,Display,DISPLAY-Prospecting,3
14128,4696,2025-11-07 16:25:00,SMB,Display,DISPLAY-Retargeting,1
14129,4697,2025-12-01 14:45:00,Startup,Organic Search,SEO-Product,1
14130,4698,2026-09-19 23:31:00,SMB,Organic Search,SEO-Product,1
14131,4698,2026-10-05 21:32:00,SMB,Paid Social,META-Prospecting,2
14132,4698,2026-10-07 05:26:00,SMB,Email,EMAIL-Reactivation,3
14133,4699,2026-01-09 16:26:00,SMB,Organic Search,SEO-Content,1
14134,4699,2026-01-30 01:49:00,SMB,Paid Social,META-Retargeting,2
14135,4699,2026-02-06 19:15:00,SMB,Organic Search,SEO-Content,3
14136,4700,2026-03-27 22:07:00,Startup,Email,EMAIL-Reactivation,1
14137,4700,2026-04-03 14:21:00,Startup,Paid Social,META-Prospecting,2
14138,4701,2026-01-02 17:14:00,SMB,Referral,REF-Customer,1
14139,4701,2026-01-07 04:58:00,SMB,Referral,REF-Customer,2
14140,4701,2026-01-27 20:02:00,SMB,Paid Search,PS-NonBrand,3
14141,4702,2026-09-08 17:32:00,SMB,Paid Social,META-Prospecting,1
14142,4703,2026-08-28 07:05:00,SMB,Paid Search,PS-NonBrand,1
14143,4703,2026-09-06 16:14:00,SMB,Paid Social,META-Retargeting,2
14144,4704,2026-06-03 23:59:00,Freelancer,Email,EMAIL-Reactivation,1
14145,4704,2026-06-04 04:12:00,Freelancer,Paid Social,META-Retargeting,2
14146,4704,2026-06-15 06:22:00,Freelancer,Email,EMAIL-Nurture,3
14147,4705,2026-07-30 22:53:00,Startup,Paid Search,PS-Brand,1
14148,4705,2026-08-13 10:45:00,Startup,Paid Search,PS-Brand,2
14149,4705,2026-08-28 13:53:00,Startup,Referral,REF-Customer,3
14150,4706,2025-11-13 11:43:00,SMB,Paid Social,META-Prospecting,1
14151,4706,2025-12-04 03:13:00,SMB,Referral,REF-Customer,2
14152,4707,2026-10-05 08:14:00,SMB,Paid Search,PS-NonBrand,1
14153,4707,2026-10-27 00:57:00,SMB,Paid Search,PS-NonBrand,2
14154,4708,2026-03-14 03:03:00,Freelancer,Paid Search,PS-NonBrand,1
14155,4708,2026-03-14 07:20:00,Freelancer,Referral,REF-Partner,2
14156,4708,2026-03-18 19:12:00,Freelancer,Paid Social,META-Retargeting,3
14157,4708,2026-03-22 18:04:00,Freelancer,Organic Search,SEO-Content,4
14158,4708,2026-03-27 03:35:00,Freelancer,Referral,REF-Customer,5
14159,4709,2026-03-03 12:09:00,Startup,Paid Social,META-Retargeting,1
14160,4709,2026-03-12 02:57:00,Startup,Paid Search,PS-Brand,2
14161,4709,2026-03-18 17:54:00,Startup,Paid Search,PS-NonBrand,3
14162,4709,2026-03-21 06:06:00,Startup,Display,DISPLAY-Prospecting,4
14163,4710,2026-01-01 19:08:00,Startup,Paid Social,META-Prospecting,1
14164,4710,2026-01-04 02:30:00,Startup,Display,DISPLAY-Retargeting,2
14165,4710,2026-01-04 10:08:00,Startup,Paid Search,PS-NonBrand,3
14166,4710,2026-01-08 18:05:00,Startup,Paid Search,PS-Brand,4
14167,4711,2026-08-17 06:06:00,SMB,Display,DISPLAY-Retargeting,1
14168,4711,2026-08-19 15:17:00,SMB,Paid Search,PS-NonBrand,2
14169,4711,2026-08-25 01:23:00,SMB,Organic Search,SEO-Content,3
14170,4711,2026-09-02 23:44:00,SMB,Paid Search,PS-Brand,4
14171,4711,2026-09-14 15:55:00,SMB,Paid Search,PS-Brand,5
14172,4712,2025-12-06 07:02:00,SMB,Email,EMAIL-Reactivation,1
14173,4713,2026-08-11 01:07:00,SMB,Email,EMAIL-Nurture,1
14174,4713,2026-08-15 21:30:00,SMB,Paid Social,META-Retargeting,2
14175,4713,2026-08-27 10:35:00,SMB,Email,EMAIL-Nurture,3
14176,4713,2026-08-28 09:57:00,SMB,Display,DISPLAY-Retargeting,4
14177,4713,2026-09-04 05:25:00,SMB,Paid Social,META-Retargeting,5
14178,4714,2026-06-22 14:35:00,Freelancer,Email,EMAIL-Reactivation,1
14179,4714,2026-06-23 17:51:00,Freelancer,Referral,REF-Partner,2
14180,4714,2026-06-28 06:21:00,Freelancer,Paid Search,PS-NonBrand,3
14181,4714,2026-07-06 21:59:00,Freelancer,Referral,REF-Partner,4
14182,4714,2026-07-16 05:56:00,Freelancer,Organic Search,SEO-Content,5
14183,4715,2026-07-14 02:41:00,Freelancer,Email,EMAIL-Reactivation,1
14184,4715,2026-07-15 08:44:00,Freelancer,Email,EMAIL-Reactivation,2
14185,4715,2026-07-31 09:40:00,Freelancer,Email,EMAIL-Reactivation,3
14186,4716,2025-10-13 19:10:00,SMB,Organic Search,SEO-Content,1
14187,4716,2025-10-17 19:29:00,SMB,Email,EMAIL-Nurture,2
14188,4716,2025-11-06 08:26:00,SMB,Referral,REF-Customer,3
14189,4717,2026-07-07 17:16:00,Startup,Email,EMAIL-Nurture,1
14190,4717,2026-07-25 09:32:00,Startup,Organic Search,SEO-Content,2
14191,4718,2026-09-27 15:29:00,Freelancer,Paid Search,PS-Brand,1
14192,4718,2026-09-27 19:57:00,Freelancer,Paid Social,META-Retargeting,2
14193,4718,2026-09-29 08:36:00,Freelancer,Display,DISPLAY-Retargeting,3
14194,4718,2026-09-30 12:35:00,Freelancer,Paid Social,META-Retargeting,4
14195,4719,2026-03-04 16:06:00,Freelancer,Email,EMAIL-Reactivation,1
14196,4719,2026-03-17 13:31:00,Freelancer,Referral,REF-Customer,2
14197,4719,2026-03-18 10:24:00,Freelancer,Paid Social,META-Retargeting,3
14198,4719,2026-03-19 11:52:00,Freelancer,Paid Search,PS-Brand,4
14199,4719,2026-03-21 00:27:00,Freelancer,Referral,REF-Customer,5
14200,4720,2026-03-22 05:31:00,SMB,Paid Search,PS-Brand,1
14201,4720,2026-03-22 11:33:00,SMB,Organic Search,SEO-Content,2
14202,4720,2026-03-28 10:22:00,SMB,Organic Search,SEO-Content,3
14203,4720,2026-04-07 21:54:00,SMB,Paid Search,PS-NonBrand,4
14204,4721,2025-11-10 23:16:00,SMB,Paid Search,PS-Brand,1
14205,4721,2025-11-18 09:48:00,SMB,Referral,REF-Partner,2
14206,4721,2025-11-26 18:47:00,SMB,Display,DISPLAY-Retargeting,3
14207,4722,2026-04-01 10:44:00,Freelancer,Organic Search,SEO-Product,1
14208,4723,2026-06-21 07:36:00,SMB,Referral,REF-Partner,1
14209,4724,2026-02-04 13:35:00,SMB,Email,EMAIL-Nurture,1
14210,4725,2026-07-19 18:01:00,SMB,Paid Social,META-Retargeting,1
14211,4725,2026-07-19 20:58:00,SMB,Paid Search,PS-NonBrand,2
14212,4725,2026-07-26 09:59:00,SMB,Display,DISPLAY-Retargeting,3
14213,4725,2026-07-27 04:39:00,SMB,Paid Search,PS-Brand,4
14214,4726,2025-11-04 15:08:00,Startup,Email,EMAIL-Reactivation,1
14215,4726,2025-11-05 22:05:00,Startup,Organic Search,SEO-Product,2
14216,4726,2025-11-15 06:37:00,Startup,Display,DISPLAY-Retargeting,3
14217,4726,2025-11-20 20:19:00,Startup,Organic Search,SEO-Product,4
14218,4727,2026-06-12 01:23:00,SMB,Paid Social,META-Prospecting,1
14219,4727,2026-06-14 12:48:00,SMB,Organic Search,SEO-Content,2
14220,4728,2026-05-05 01:21:00,Startup,Organic Search,SEO-Product,1
14221,4728,2026-05-06 01:45:00,Startup,Paid Search,PS-NonBrand,2
14222,4728,2026-06-01 19:55:00,Startup,Referral,REF-Partner,3
14223,4729,2026-01-05 08:36:00,Freelancer,Paid Search,PS-NonBrand,1
14224,4729,2026-01-20 17:53:00,Freelancer,Paid Social,META-Retargeting,2
14225,4729,2026-01-21 00:29:00,Freelancer,Paid Social,META-Retargeting,3
14226,4730,2026-02-10 19:57:00,Startup,Email,EMAIL-Reactivation,1
14227,4730,2026-02-19 13:55:00,Startup,Paid Search,PS-Brand,2
14228,4730,2026-03-04 19:29:00,Startup,Organic Search,SEO-Content,3
14229,4731,2026-01-13 18:53:00,Freelancer,Paid Search,PS-NonBrand,1
14230,4731,2026-01-15 21:22:00,Freelancer,Display,DISPLAY-Prospecting,2
14231,4731,2026-01-18 20:39:00,Freelancer,Email,EMAIL-Nurture,3
14232,4732,2026-05-20 16:01:00,Freelancer,Email,EMAIL-Reactivation,1
14233,4732,2026-05-29 21:13:00,Freelancer,Organic Search,SEO-Content,2
14234,4732,2026-05-30 22:13:00,Freelancer,Referral,REF-Customer,3
14235,4732,2026-06-05 03:25:00,Freelancer,Email,EMAIL-Reactivation,4
14236,4732,2026-06-07 04:57:00,Freelancer,Display,DISPLAY-Retargeting,5
14237,4733,2026-05-21 22:44:00,Startup,Paid Search,PS-NonBrand,1
14238,4733,2026-06-04 23:10:00,Startup,Paid Social,META-Retargeting,2
14239,4733,2026-06-05 14:02:00,Startup,Paid Search,PS-Brand,3
14240,4733,2026-06-10 13:09:00,Startup,Organic Search,SEO-Product,4
14241,4733,2026-06-16 14:45:00,Startup,Display,DISPLAY-Retargeting,5
14242,4734,2026-04-27 23:14:00,Startup,Email,EMAIL-Nurture,1
14243,4735,2025-12-22 07:00:00,Freelancer,Paid Search,PS-NonBrand,1
14244,4736,2025-12-23 06:15:00,Startup,Organic Search,SEO-Product,1
14245,4736,2025-12-25 13:14:00,Startup,Paid Social,META-Prospecting,2
14246,4737,2026-07-30 04:26:00,SMB,Organic Search,SEO-Product,1
14247,4737,2026-08-07 16:18:00,SMB,Email,EMAIL-Nurture,2
14248,4737,2026-08-13 01:15:00,SMB,Referral,REF-Customer,3
14249,4738,2026-03-24 12:24:00,Freelancer,Referral,REF-Customer,1
14250,4738,2026-03-27 04:07:00,Freelancer,Referral,REF-Customer,2
14251,4738,2026-03-28 05:57:00,Freelancer,Display,DISPLAY-Retargeting,3
14252,4738,2026-03-31 06:20:00,Freelancer,Paid Search,PS-NonBrand,4
14253,4738,2026-04-07 14:43:00,Freelancer,Email,EMAIL-Nurture,5
14254,4739,2026-03-09 13:18:00,Startup,Organic Search,SEO-Content,1
14255,4739,2026-03-13 02:25:00,Startup,Paid Social,META-Retargeting,2
14256,4739,2026-03-20 10:44:00,Startup,Email,EMAIL-Reactivation,3
14257,4739,2026-03-26 11:29:00,Startup,Paid Social,META-Retargeting,4
14258,4740,2026-01-25 04:49:00,Freelancer,Email,EMAIL-Reactivation,1
14259,4740,2026-01-30 02:01:00,Freelancer,Referral,REF-Customer,2
14260,4740,2026-02-02 00:23:00,Freelancer,Referral,REF-Customer,3
14261,4740,2026-02-03 17:34:00,Freelancer,Display,DISPLAY-Retargeting,4
14262,4740,2026-02-11 03:42:00,Freelancer,Paid Social,META-Retargeting,5
14263,4741,2026-09-11 06:05:00,SMB,Paid Social,META-Retargeting,1
14264,4741,2026-09-18 14:39:00,SMB,Paid Search,PS-Brand,2
14265,4741,2026-09-21 18:01:00,SMB,Referral,REF-Customer,3
14266,4741,2026-09-22 13:21:00,SMB,Display,DISPLAY-Retargeting,4
14267,4741,2026-09-22 15:20:00,SMB,Paid Social,META-Prospecting,5
14268,4742,2025-12-27 14:44:00,SMB,Organic Search,SEO-Product,1
14269,4742,2026-01-16 20:57:00,SMB,Paid Search,PS-Brand,2
14270,4742,2026-01-17 18:51:00,SMB,Paid Search,PS-NonBrand,3
14271,4743,2026-07-13 20:16:00,Startup,Paid Social,META-Prospecting,1
14272,4743,2026-07-15 20:05:00,Startup,Paid Search,PS-NonBrand,2
14273,4743,2026-07-23 11:35:00,Startup,Paid Social,META-Retargeting,3
14274,4743,2026-08-01 01:25:00,Startup,Paid Search,PS-NonBrand,4
14275,4743,2026-08-01 22:09:00,Startup,Email,EMAIL-Reactivation,5
14276,4744,2026-07-12 22:42:00,Startup,Display,DISPLAY-Prospecting,1
14277,4744,2026-07-22 07:13:00,Startup,Paid Search,PS-NonBrand,2
14278,4745,2026-01-01 08:44:00,SMB,Organic Search,SEO-Content,1
14279,4745,2026-01-04 20:11:00,SMB,Paid Search,PS-Brand,2
14280,4745,2026-01-10 11:16:00,SMB,Paid Search,PS-NonBrand,3
14281,4745,2026-01-18 15:29:00,SMB,Referral,REF-Customer,4
14282,4746,2025-10-07 06:02:00,Freelancer,Paid Social,META-Prospecting,1
14283,4746,2025-10-15 17:55:00,Freelancer,Email,EMAIL-Reactivation,2
14284,4746,2025-10-17 18:20:00,Freelancer,Referral,REF-Customer,3
14285,4746,2025-10-29 04:39:00,Freelancer,Email,EMAIL-Reactivation,4
14286,4747,2026-01-03 05:49:00,Startup,Display,DISPLAY-Prospecting,1
14287,4747,2026-01-04 03:40:00,Startup,Display,DISPLAY-Retargeting,2
14288,4747,2026-01-10 12:29:00,Startup,Paid Search,PS-NonBrand,3
14289,4747,2026-01-29 08:25:00,Startup,Paid Social,META-Retargeting,4
14290,4748,2026-01-12 21:19:00,SMB,Paid Social,META-Retargeting,1
14291,4748,2026-01-20 13:20:00,SMB,Paid Search,PS-Brand,2
14292,4748,2026-01-20 18:21:00,SMB,Organic Search,SEO-Content,3
14293,4748,2026-01-24 06:44:00,SMB,Paid Search,PS-Brand,4
14294,4749,2026-07-04 05:43:00,Startup,Organic Search,SEO-Product,1
14295,4749,2026-07-09 02:33:00,Startup,Paid Social,META-Retargeting,2
14296,4749,2026-07-16 11:17:00,Startup,Organic Search,SEO-Content,3
14297,4750,2026-04-21 19:45:00,SMB,Paid Search,PS-Brand,1
14298,4750,2026-04-24 15:39:00,SMB,Organic Search,SEO-Product,2
14299,4751,2026-03-12 02:56:00,Startup,Paid Search,PS-NonBrand,1
14300,4751,2026-03-20 00:37:00,Startup,Email,EMAIL-Nurture,2
14301,4752,2026-03-25 19:36:00,SMB,Email,EMAIL-Nurture,1
14302,4752,2026-03-26 10:16:00,SMB,Display,DISPLAY-Retargeting,2
14303,4752,2026-04-02 12:43:00,SMB,Paid Social,META-Retargeting,3
14304,4752,2026-04-05 14:58:00,SMB,Organic Search,SEO-Product,4
14305,4752,2026-04-19 05:05:00,SMB,Email,EMAIL-Reactivation,5
14306,4753,2026-09-17 22:34:00,SMB,Organic Search,SEO-Product,1
14307,4753,2026-09-27 08:42:00,SMB,Email,EMAIL-Nurture,2
14308,4753,2026-10-11 14:41:00,SMB,Email,EMAIL-Nurture,3
14309,4754,2026-09-09 11:09:00,Freelancer,Paid Social,META-Retargeting,1
14310,4754,2026-09-19 00:25:00,Freelancer,Organic Search,SEO-Product,2
14311,4754,2026-10-07 04:25:00,Freelancer,Email,EMAIL-Reactivation,3
14312,4754,2026-10-08 16:17:00,Freelancer,Email,EMAIL-Reactivation,4
14313,4755,2025-10-14 14:54:00,SMB,Display,DISPLAY-Retargeting,1
14314,4755,2025-10-23 03:59:00,SMB,Paid Search,PS-NonBrand,2
14315,4755,2025-11-08 21:35:00,SMB,Paid Social,META-Retargeting,3
14316,4756,2026-08-09 04:07:00,Startup,Organic Search,SEO-Product,1
14317,4756,2026-08-10 22:41:00,Startup,Organic Search,SEO-Product,2
14318,4756,2026-08-20 13:01:00,Startup,Paid Social,META-Prospecting,3
14319,4756,2026-08-28 13:31:00,Startup,Paid Social,META-Prospecting,4
14320,4757,2026-02-28 23:49:00,Startup,Paid Search,PS-NonBrand,1
14321,4757,2026-03-10 23:50:00,Startup,Organic Search,SEO-Product,2
14322,4758,2026-07-03 14:50:00,SMB,Email,EMAIL-Nurture,1
14323,4758,2026-07-12 03:57:00,SMB,Email,EMAIL-Reactivation,2
14324,4758,2026-07-13 17:02:00,SMB,Organic Search,SEO-Content,3
14325,4758,2026-07-20 09:50:00,SMB,Paid Social,META-Retargeting,4
14326,4758,2026-07-22 16:42:00,SMB,Paid Social,META-Retargeting,5
14327,4759,2026-10-03 05:18:00,Freelancer,Email,EMAIL-Nurture,1
14328,4759,2026-10-05 02:12:00,Freelancer,Paid Search,PS-NonBrand,2
14329,4759,2026-10-24 17:22:00,Freelancer,Referral,REF-Partner,3
14330,4760,2026-04-11 10:00:00,SMB,Organic Search,SEO-Content,1
14331,4760,2026-04-14 13:05:00,SMB,Display,DISPLAY-Retargeting,2
14332,4760,2026-04-22 18:07:00,SMB,Referral,REF-Customer,3
14333,4760,2026-04-29 05:28:00,SMB,Referral,REF-Customer,4
14334,4761,2026-05-29 22:39:00,Startup,Paid Social,META-Retargeting,1
14335,4761,2026-06-13 11:43:00,Startup,Paid Search,PS-NonBrand,2
14336,4762,2026-03-11 02:33:00,Startup,Paid Social,META-Prospecting,1
14337,4762,2026-03-14 09:05:00,Startup,Email,EMAIL-Reactivation,2
14338,4762,2026-03-15 16:57:00,Startup,Referral,REF-Customer,3
14339,4762,2026-03-23 23:23:00,Startup,Paid Social,META-Retargeting,4
14340,4763,2025-11-01 12:29:00,Startup,Paid Search,PS-NonBrand,1
14341,4763,2025-11-08 00:44:00,Startup,Email,EMAIL-Nurture,2
14342,4763,2025-11-10 08:20:00,Startup,Paid Social,META-Retargeting,3
14343,4763,2025-11-21 18:26:00,Startup,Email,EMAIL-Nurture,4
14344,4763,2025-11-22 14:42:00,Startup,Paid Search,PS-Brand,5
14345,4764,2025-10-23 23:03:00,SMB,Paid Search,PS-NonBrand,1
14346,4764,2025-10-26 21:17:00,SMB,Paid Social,META-Retargeting,2
14347,4764,2025-10-28 23:05:00,SMB,Email,EMAIL-Nurture,3
14348,4764,2025-10-31 20:15:00,SMB,Paid Social,META-Retargeting,4
14349,4765,2026-03-05 10:18:00,Freelancer,Paid Search,PS-NonBrand,1
14350,4766,2026-08-03 16:44:00,Freelancer,Paid Social,META-Prospecting,1
14351,4766,2026-08-05 06:26:00,Freelancer,Display,DISPLAY-Prospecting,2
14352,4766,2026-08-11 23:48:00,Freelancer,Paid Social,META-Retargeting,3
14353,4766,2026-08-14 19:29:00,Freelancer,Paid Social,META-Prospecting,4
14354,4766,2026-08-15 11:14:00,Freelancer,Display,DISPLAY-Retargeting,5
14355,4767,2026-02-03 04:47:00,SMB,Paid Search,PS-Brand,1
14356,4767,2026-02-04 12:24:00,SMB,Email,EMAIL-Reactivation,2
14357,4767,2026-02-15 09:34:00,SMB,Email,EMAIL-Nurture,3
14358,4767,2026-02-25 04:40:00,SMB,Paid Search,PS-Brand,4
14359,4767,2026-03-03 13:48:00,SMB,Paid Search,PS-Brand,5
14360,4768,2026-03-10 19:12:00,Startup,Email,EMAIL-Reactivation,1
14361,4768,2026-03-12 21:51:00,Startup,Paid Search,PS-Brand,2
14362,4769,2026-05-01 06:47:00,SMB,Paid Search,PS-NonBrand,1
14363,4769,2026-05-06 04:57:00,SMB,Paid Search,PS-NonBrand,2
14364,4769,2026-05-07 19:20:00,SMB,Paid Search,PS-NonBrand,3
14365,4769,2026-05-10 05:55:00,SMB,Display,DISPLAY-Retargeting,4
14366,4770,2026-02-04 19:00:00,SMB,Organic Search,SEO-Product,1
14367,4770,2026-02-06 22:43:00,SMB,Paid Search,PS-NonBrand,2
14368,4770,2026-02-12 15:13:00,SMB,Referral,REF-Customer,3
14369,4770,2026-02-17 22:50:00,SMB,Paid Search,PS-Brand,4
14370,4770,2026-02-18 12:24:00,SMB,Organic Search,SEO-Content,5
14371,4771,2026-04-01 15:53:00,SMB,Referral,REF-Customer,1
14372,4771,2026-04-13 19:26:00,SMB,Email,EMAIL-Reactivation,2
14373,4772,2026-05-18 01:03:00,SMB,Paid Search,PS-NonBrand,1
14374,4772,2026-05-20 18:36:00,SMB,Paid Search,PS-NonBrand,2
14375,4772,2026-05-28 07:58:00,SMB,Paid Social,META-Prospecting,3
14376,4772,2026-05-31 20:28:00,SMB,Paid Social,META-Retargeting,4
14377,4772,2026-06-08 18:36:00,SMB,Referral,REF-Partner,5
14378,4773,2026-08-11 09:26:00,Startup,Paid Search,PS-NonBrand,1
14379,4773,2026-08-28 12:36:00,Startup,Email,EMAIL-Nurture,2
14380,4773,2026-08-31 03:30:00,Startup,Organic Search,SEO-Product,3
14381,4773,2026-08-31 16:03:00,Startup,Paid Social,META-Retargeting,4
14382,4773,2026-09-03 16:51:00,Startup,Referral,REF-Partner,5
14383,4774,2026-07-15 04:53:00,SMB,Email,EMAIL-Nurture,1
14384,4774,2026-07-25 05:41:00,SMB,Paid Social,META-Retargeting,2
14385,4774,2026-07-31 16:07:00,SMB,Paid Search,PS-NonBrand,3
14386,4775,2026-08-09 07:33:00,SMB,Organic Search,SEO-Content,1
14387,4775,2026-08-17 09:27:00,SMB,Referral,REF-Customer,2
14388,4776,2026-05-08 10:51:00,SMB,Paid Social,META-Prospecting,1
14389,4777,2026-06-16 06:57:00,SMB,Referral,REF-Partner,1
14390,4778,2025-11-26 23:21:00,Startup,Email,EMAIL-Nurture,1
14391,4778,2025-11-27 17:30:00,Startup,Paid Social,META-Retargeting,2
14392,4778,2025-12-08 09:19:00,Startup,Paid Social,META-Prospecting,3
14393,4778,2025-12-16 08:31:00,Startup,Paid Search,PS-NonBrand,4
14394,4778,2025-12-19 07:37:00,Startup,Paid Search,PS-Brand,5
14395,4779,2025-11-25 01:47:00,Startup,Paid Search,PS-NonBrand,1
14396,4780,2026-09-19 01:04:00,SMB,Paid Social,META-Prospecting,1
14397,4781,2026-05-19 06:10:00,SMB,Paid Social,META-Prospecting,1
14398,4781,2026-05-20 09:19:00,SMB,Referral,REF-Customer,2
14399,4781,2026-05-22 06:57:00,SMB,Paid Search,PS-Brand,3
14400,4781,2026-06-07 21:27:00,SMB,Organic Search,SEO-Content,4
14401,4782,2025-11-24 15:00:00,SMB,Referral,REF-Partner,1
14402,4783,2026-03-09 17:19:00,Startup,Referral,REF-Partner,1
14403,4783,2026-03-12 05:07:00,Startup,Paid Search,PS-Brand,2
14404,4784,2026-09-19 20:16:00,SMB,Email,EMAIL-Nurture,1
14405,4784,2026-10-16 01:33:00,SMB,Paid Search,PS-Brand,2
14406,4785,2025-10-14 04:57:00,Startup,Paid Search,PS-Brand,1
14407,4785,2025-10-19 23:48:00,Startup,Referral,REF-Partner,2
14408,4785,2025-10-26 23:49:00,Startup,Paid Search,PS-Brand,3
14409,4785,2025-10-29 20:56:00,Startup,Paid Social,META-Retargeting,4
14410,4785,2025-11-04 20:12:00,Startup,Display,DISPLAY-Retargeting,5
14411,4786,2026-03-14 00:45:00,Startup,Paid Social,META-Retargeting,1
14412,4786,2026-03-23 16:03:00,Startup,Email,EMAIL-Reactivation,2
14413,4786,2026-03-27 14:54:00,Startup,Paid Social,META-Retargeting,3
14414,4786,2026-03-31 19:40:00,Startup,Organic Search,SEO-Content,4
14415,4786,2026-04-09 09:24:00,Startup,Paid Social,META-Retargeting,5
14416,4787,2026-08-04 22:59:00,SMB,Referral,REF-Partner,1
14417,4787,2026-08-10 10:45:00,SMB,Organic Search,SEO-Product,2
14418,4788,2026-09-21 15:27:00,SMB,Email,EMAIL-Nurture,1
14419,4789,2026-02-21 00:57:00,SMB,Paid Social,META-Prospecting,1
14420,4790,2026-09-11 05:21:00,SMB,Paid Search,PS-NonBrand,1
14421,4790,2026-09-24 00:41:00,SMB,Referral,REF-Customer,2
14422,4791,2026-07-04 00:21:00,SMB,Organic Search,SEO-Content,1
14423,4791,2026-07-06 02:38:00,SMB,Display,DISPLAY-Prospecting,2
14424,4792,2026-03-11 03:11:00,Freelancer,Paid Search,PS-Brand,1
14425,4793,2026-07-31 21:48:00,SMB,Referral,REF-Customer,1
14426,4793,2026-08-07 10:23:00,SMB,Paid Search,PS-NonBrand,2
14427,4794,2026-07-25 12:48:00,SMB,Organic Search,SEO-Content,1
14428,4794,2026-08-01 06:36:00,SMB,Paid Search,PS-Brand,2
14429,4794,2026-08-13 16:22:00,SMB,Paid Social,META-Prospecting,3
14430,4795,2026-01-10 07:13:00,Freelancer,Paid Social,META-Retargeting,1
14431,4795,2026-01-17 17:47:00,Freelancer,Display,DISPLAY-Retargeting,2
14432,4795,2026-01-22 15:03:00,Freelancer,Organic Search,SEO-Product,3
14433,4795,2026-01-28 16:33:00,Freelancer,Paid Social,META-Retargeting,4
14434,4795,2026-02-03 04:00:00,Freelancer,Referral,REF-Customer,5
14435,4796,2025-11-05 12:41:00,Freelancer,Referral,REF-Partner,1
14436,4796,2025-11-08 02:42:00,Freelancer,Organic Search,SEO-Product,2
14437,4796,2025-11-17 19:10:00,Freelancer,Paid Social,META-Retargeting,3
14438,4796,2025-11-24 20:08:00,Freelancer,Email,EMAIL-Reactivation,4
14439,4796,2025-12-01 05:43:00,Freelancer,Paid Search,PS-NonBrand,5
14440,4797,2026-07-16 14:08:00,SMB,Paid Search,PS-NonBrand,1
14441,4797,2026-07-21 13:47:00,SMB,Paid Social,META-Prospecting,2
14442,4797,2026-07-27 10:29:00,SMB,Paid Search,PS-Brand,3
14443,4797,2026-07-28 04:17:00,SMB,Paid Social,META-Prospecting,4
14444,4797,2026-08-08 13:58:00,SMB,Paid Search,PS-Brand,5
14445,4798,2025-11-02 04:26:00,Startup,Organic Search,SEO-Content,1
14446,4798,2025-11-02 11:34:00,Startup,Referral,REF-Customer,2
14447,4798,2025-11-07 03:02:00,Startup,Display,DISPLAY-Retargeting,3
14448,4798,2025-11-10 16:06:00,Startup,Referral,REF-Customer,4
14449,4798,2025-11-15 18:39:00,Startup,Paid Search,PS-NonBrand,5
14450,4799,2026-07-25 02:27:00,SMB,Email,EMAIL-Reactivation,1
14451,4800,2026-02-08 01:19:00,Startup,Paid Social,META-Retargeting,1
14452,4800,2026-02-21 17:03:00,Startup,Paid Search,PS-Brand,2
14453,4800,2026-02-26 00:34:00,Startup,Paid Social,META-Retargeting,3
14454,4800,2026-02-28 03:04:00,Startup,Paid Search,PS-NonBrand,4
14455,4801,2026-06-24 18:15:00,Startup,Display,DISPLAY-Prospecting,1
14456,4802,2026-05-24 05:36:00,SMB,Organic Search,SEO-Content,1
14457,4802,2026-06-07 20:09:00,SMB,Paid Social,META-Prospecting,2
14458,4802,2026-06-09 17:30:00,SMB,Paid Search,PS-NonBrand,3
14459,4803,2025-11-05 17:05:00,SMB,Paid Social,META-Prospecting,1
14460,4804,2025-10-07 10:47:00,SMB,Email,EMAIL-Nurture,1
14461,4804,2025-10-20 03:39:00,SMB,Organic Search,SEO-Content,2
14462,4804,2025-10-28 09:01:00,SMB,Referral,REF-Customer,3
14463,4804,2025-11-02 15:41:00,SMB,Referral,REF-Partner,4
14464,4805,2026-05-23 03:18:00,Startup,Organic Search,SEO-Content,1
14465,4806,2026-04-28 22:20:00,SMB,Paid Social,META-Prospecting,1
14466,4807,2025-10-28 07:58:00,Startup,Paid Search,PS-Brand,1
14467,4807,2025-11-01 23:06:00,Startup,Email,EMAIL-Nurture,2
14468,4808,2026-09-22 18:20:00,SMB,Email,EMAIL-Reactivation,1
14469,4808,2026-09-25 15:11:00,SMB,Referral,REF-Customer,2
14470,4808,2026-10-16 10:12:00,SMB,Paid Search,PS-Brand,3
14471,4809,2026-01-13 13:58:00,Startup,Display,DISPLAY-Prospecting,1
14472,4809,2026-01-14 14:57:00,Startup,Paid Social,META-Retargeting,2
14473,4810,2026-08-14 14:42:00,SMB,Organic Search,SEO-Product,1
14474,4811,2025-11-25 06:51:00,Freelancer,Organic Search,SEO-Product,1
14475,4811,2025-12-03 01:30:00,Freelancer,Referral,REF-Partner,2
14476,4811,2025-12-11 02:56:00,Freelancer,Organic Search,SEO-Content,3
14477,4812,2025-12-28 00:28:00,SMB,Paid Social,META-Prospecting,1
14478,4813,2026-04-16 18:43:00,SMB,Paid Search,PS-Brand,1
14479,4813,2026-05-04 01:11:00,SMB,Referral,REF-Partner,2
14480,4814,2026-04-15 10:19:00,SMB,Email,EMAIL-Nurture,1
14481,4814,2026-04-21 04:53:00,SMB,Organic Search,SEO-Product,2
14482,4814,2026-04-22 21:11:00,SMB,Email,EMAIL-Nurture,3
14483,4814,2026-04-23 03:30:00,SMB,Paid Search,PS-NonBrand,4
14484,4814,2026-04-30 00:22:00,SMB,Email,EMAIL-Reactivation,5
14485,4815,2026-05-12 19:00:00,Startup,Paid Social,META-Retargeting,1
14486,4815,2026-06-02 00:27:00,Startup,Referral,REF-Customer,2
14487,4815,2026-06-02 05:13:00,Startup,Paid Search,PS-Brand,3
14488,4816,2025-12-19 22:26:00,SMB,Paid Social,META-Retargeting,1
14489,4817,2026-01-05 05:29:00,SMB,Paid Search,PS-Brand,1
14490,4817,2026-01-07 13:37:00,SMB,Email,EMAIL-Reactivation,2
14491,4818,2026-01-20 14:13:00,SMB,Organic Search,SEO-Content,1
14492,4819,2026-03-28 12:33:00,SMB,Paid Search,PS-NonBrand,1
14493,4820,2026-09-13 09:56:00,Startup,Organic Search,SEO-Product,1
14494,4820,2026-09-18 21:48:00,Startup,Referral,REF-Partner,2
14495,4820,2026-09-23 10:37:00,Startup,Display,DISPLAY-Prospecting,3
14496,4821,2026-04-03 19:49:00,SMB,Organic Search,SEO-Product,1
14497,4821,2026-04-06 04:04:00,SMB,Referral,REF-Customer,2
14498,4821,2026-04-07 12:45:00,SMB,Paid Search,PS-NonBrand,3
14499,4821,2026-04-13 04:30:00,SMB,Referral,REF-Customer,4
14500,4821,2026-04-14 03:15:00,SMB,Paid Social,META-Retargeting,5
14501,4822,2026-10-03 23:59:00,Freelancer,Display,DISPLAY-Prospecting,1
14502,4822,2026-10-08 10:14:00,Freelancer,Paid Social,META-Retargeting,2
14503,4822,2026-10-21 06:54:00,Freelancer,Paid Search,PS-Brand,3
14504,4822,2026-10-28 02:43:00,Freelancer,Display,DISPLAY-Prospecting,4
14505,4823,2026-01-03 15:21:00,Freelancer,Organic Search,SEO-Product,1
14506,4823,2026-01-09 21:24:00,Freelancer,Paid Search,PS-NonBrand,2
14507,4823,2026-01-11 21:54:00,Freelancer,Organic Search,SEO-Content,3
14508,4823,2026-01-21 15:46:00,Freelancer,Paid Search,PS-Brand,4
14509,4823,2026-01-22 21:59:00,Freelancer,Organic Search,SEO-Content,5
14510,4824,2025-12-30 17:21:00,Startup,Paid Search,PS-Brand,1
14511,4824,2025-12-30 23:58:00,Startup,Paid Search,PS-Brand,2
14512,4824,2025-12-31 20:49:00,Startup,Email,EMAIL-Nurture,3
14513,4824,2025-12-31 20:54:00,Startup,Organic Search,SEO-Content,4
14514,4824,2026-01-17 06:19:00,Startup,Paid Search,PS-Brand,5
14515,4825,2025-11-08 13:59:00,SMB,Paid Search,PS-Brand,1
14516,4825,2025-11-15 21:19:00,SMB,Display,DISPLAY-Retargeting,2
14517,4825,2025-11-23 18:27:00,SMB,Email,EMAIL-Nurture,3
14518,4825,2025-12-05 07:45:00,SMB,Organic Search,SEO-Content,4
14519,4826,2025-12-22 11:08:00,Startup,Organic Search,SEO-Product,1
14520,4826,2025-12-24 00:45:00,Startup,Referral,REF-Customer,2
14521,4826,2025-12-26 03:45:00,Startup,Email,EMAIL-Reactivation,3
14522,4826,2026-01-02 16:45:00,Startup,Email,EMAIL-Reactivation,4
14523,4827,2026-01-23 05:21:00,Freelancer,Email,EMAIL-Reactivation,1
14524,4827,2026-01-23 07:47:00,Freelancer,Email,EMAIL-Reactivation,2
14525,4827,2026-01-31 20:31:00,Freelancer,Display,DISPLAY-Retargeting,3
14526,4827,2026-02-14 07:09:00,Freelancer,Organic Search,SEO-Content,4
14527,4828,2026-02-25 16:23:00,SMB,Referral,REF-Partner,1
14528,4828,2026-02-27 06:47:00,SMB,Paid Social,META-Retargeting,2
14529,4828,2026-03-15 01:27:00,SMB,Display,DISPLAY-Prospecting,3
14530,4828,2026-03-15 17:23:00,SMB,Paid Search,PS-NonBrand,4
14531,4829,2026-06-18 18:36:00,SMB,Paid Social,META-Prospecting,1
14532,4829,2026-06-23 10:21:00,SMB,Paid Social,META-Retargeting,2
14533,4829,2026-07-03 01:22:00,SMB,Organic Search,SEO-Content,3
14534,4829,2026-07-10 14:47:00,SMB,Organic Search,SEO-Content,4
14535,4829,2026-07-12 16:46:00,SMB,Paid Search,PS-Brand,5
14536,4830,2026-03-27 16:22:00,SMB,Paid Search,PS-Brand,1
14537,4830,2026-03-30 07:27:00,SMB,Organic Search,SEO-Product,2
14538,4830,2026-04-02 06:53:00,SMB,Organic Search,SEO-Product,3
14539,4830,2026-04-08 02:18:00,SMB,Organic Search,SEO-Content,4
14540,4830,2026-04-08 18:20:00,SMB,Display,DISPLAY-Retargeting,5
14541,4831,2026-06-10 00:38:00,SMB,Referral,REF-Customer,1
14542,4831,2026-06-20 01:31:00,SMB,Paid Social,META-Retargeting,2
14543,4831,2026-06-26 19:52:00,SMB,Organic Search,SEO-Content,3
14544,4831,2026-06-30 19:39:00,SMB,Email,EMAIL-Reactivation,4
14545,4832,2025-11-10 04:30:00,SMB,Email,EMAIL-Reactivation,1
14546,4832,2025-11-22 02:24:00,SMB,Paid Social,META-Prospecting,2
14547,4832,2025-11-25 04:11:00,SMB,Paid Social,META-Prospecting,3
14548,4833,2026-09-16 15:46:00,SMB,Paid Search,PS-NonBrand,1
14549,4833,2026-09-20 17:40:00,SMB,Display,DISPLAY-Retargeting,2
14550,4833,2026-09-23 17:45:00,SMB,Paid Social,META-Prospecting,3
14551,4834,2025-11-23 16:43:00,Startup,Paid Social,META-Prospecting,1
14552,4834,2025-12-02 17:31:00,Startup,Referral,REF-Customer,2
14553,4834,2025-12-14 06:07:00,Startup,Referral,REF-Customer,3
14554,4834,2025-12-16 23:13:00,Startup,Paid Social,META-Retargeting,4
14555,4834,2025-12-17 10:15:00,Startup,Referral,REF-Customer,5
14556,4835,2025-11-03 04:15:00,SMB,Paid Search,PS-Brand,1
14557,4835,2025-11-03 21:38:00,SMB,Referral,REF-Partner,2
14558,4836,2026-03-30 00:21:00,SMB,Display,DISPLAY-Retargeting,1
14559,4836,2026-04-03 05:13:00,SMB,Email,EMAIL-Nurture,2
14560,4837,2026-06-03 19:29:00,Freelancer,Paid Search,PS-Brand,1
14561,4837,2026-06-17 12:20:00,Freelancer,Paid Search,PS-Brand,2
14562,4838,2026-01-04 03:03:00,SMB,Referral,REF-Customer,1
14563,4838,2026-01-07 03:17:00,SMB,Paid Social,META-Prospecting,2
14564,4838,2026-01-09 01:49:00,SMB,Paid Search,PS-NonBrand,3
14565,4838,2026-01-23 03:44:00,SMB,Paid Search,PS-Brand,4
14566,4839,2025-12-01 06:06:00,SMB,Organic Search,SEO-Content,1
14567,4839,2025-12-01 23:16:00,SMB,Referral,REF-Customer,2
14568,4840,2026-08-17 17:31:00,SMB,Email,EMAIL-Reactivation,1
14569,4840,2026-08-27 07:03:00,SMB,Paid Search,PS-NonBrand,2
14570,4840,2026-09-02 15:44:00,SMB,Paid Search,PS-NonBrand,3
14571,4841,2026-08-09 18:00:00,SMB,Paid Social,META-Retargeting,1
14572,4841,2026-08-15 22:41:00,SMB,Paid Search,PS-Brand,2
14573,4842,2026-07-13 11:51:00,Startup,Email,EMAIL-Nurture,1
14574,4842,2026-07-23 03:18:00,Startup,Referral,REF-Partner,2
14575,4842,2026-07-28 08:41:00,Startup,Paid Social,META-Retargeting,3
14576,4843,2026-01-06 04:25:00,SMB,Paid Social,META-Prospecting,1
14577,4843,2026-01-07 13:13:00,SMB,Referral,REF-Customer,2
14578,4843,2026-01-17 01:32:00,SMB,Paid Social,META-Retargeting,3
14579,4843,2026-01-17 21:49:00,SMB,Paid Search,PS-NonBrand,4
14580,4843,2026-01-18 00:57:00,SMB,Paid Search,PS-NonBrand,5
14581,4844,2026-04-25 13:47:00,Freelancer,Paid Search,PS-NonBrand,1
14582,4844,2026-04-26 22:54:00,Freelancer,Email,EMAIL-Nurture,2
14583,4844,2026-04-30 04:32:00,Freelancer,Organic Search,SEO-Content,3
14584,4844,2026-05-09 11:43:00,Freelancer,Paid Search,PS-Brand,4
14585,4845,2026-06-22 19:01:00,Freelancer,Paid Search,PS-Brand,1
14586,4845,2026-06-26 08:46:00,Freelancer,Paid Social,META-Retargeting,2
14587,4846,2026-03-11 14:48:00,SMB,Paid Social,META-Retargeting,1
14588,4847,2025-12-12 05:52:00,Startup,Organic Search,SEO-Content,1
14589,4847,2025-12-18 18:51:00,Startup,Paid Social,META-Prospecting,2
14590,4847,2025-12-20 15:00:00,Startup,Paid Social,META-Prospecting,3
14591,4847,2025-12-27 08:24:00,Startup,Paid Search,PS-NonBrand,4
14592,4848,2026-07-31 17:18:00,Startup,Paid Search,PS-NonBrand,1
14593,4848,2026-08-02 01:21:00,Startup,Paid Search,PS-NonBrand,2
14594,4848,2026-08-09 05:26:00,Startup,Referral,REF-Customer,3
14595,4849,2026-09-18 18:08:00,Freelancer,Paid Social,META-Retargeting,1
14596,4849,2026-10-03 00:37:00,Freelancer,Paid Social,META-Retargeting,2
14597,4850,2025-12-16 23:38:00,SMB,Paid Social,META-Retargeting,1
14598,4850,2025-12-27 08:41:00,SMB,Paid Search,PS-Brand,2
14599,4850,2025-12-29 17:10:00,SMB,Referral,REF-Partner,3
14600,4851,2026-06-19 16:48:00,Startup,Organic Search,SEO-Content,1
14601,4851,2026-07-05 05:09:00,Startup,Referral,REF-Customer,2
14602,4851,2026-07-10 11:56:00,Startup,Referral,REF-Partner,3
14603,4852,2026-09-08 22:15:00,SMB,Email,EMAIL-Nurture,1
14604,4852,2026-09-11 19:29:00,SMB,Referral,REF-Customer,2
14605,4853,2026-05-07 06:56:00,SMB,Paid Social,META-Prospecting,1
14606,4853,2026-05-09 16:13:00,SMB,Referral,REF-Partner,2
14607,4854,2025-10-18 08:30:00,Freelancer,Paid Search,PS-Brand,1
14608,4854,2025-10-20 21:10:00,Freelancer,Email,EMAIL-Nurture,2
14609,4854,2025-11-05 17:44:00,Freelancer,Paid Social,META-Retargeting,3
14610,4855,2026-06-27 22:31:00,SMB,Organic Search,SEO-Product,1
14611,4856,2026-09-04 22:18:00,SMB,Email,EMAIL-Reactivation,1
14612,4856,2026-09-17 09:38:00,SMB,Organic Search,SEO-Content,2
14613,4856,2026-09-18 14:56:00,SMB,Paid Social,META-Prospecting,3
14614,4856,2026-09-20 03:02:00,SMB,Referral,REF-Customer,4
14615,4856,2026-09-25 08:19:00,SMB,Email,EMAIL-Reactivation,5
14616,4857,2026-01-05 09:18:00,SMB,Paid Social,META-Retargeting,1
14617,4857,2026-01-18 21:49:00,SMB,Paid Search,PS-Brand,2
14618,4857,2026-01-19 07:13:00,SMB,Display,DISPLAY-Prospecting,3
14619,4857,2026-01-23 23:06:00,SMB,Paid Social,META-Prospecting,4
14620,4857,2026-01-25 00:00:00,SMB,Email,EMAIL-Nurture,5
14621,4858,2025-11-30 11:26:00,Freelancer,Email,EMAIL-Nurture,1
14622,4858,2025-12-05 13:03:00,Freelancer,Paid Search,PS-NonBrand,2
14623,4858,2025-12-07 22:47:00,Freelancer,Email,EMAIL-Nurture,3
14624,4859,2026-01-06 21:39:00,SMB,Paid Social,META-Prospecting,1
14625,4859,2026-01-07 21:14:00,SMB,Paid Search,PS-Brand,2
14626,4859,2026-01-17 08:04:00,SMB,Paid Search,PS-NonBrand,3
14627,4859,2026-01-21 00:10:00,SMB,Organic Search,SEO-Content,4
14628,4859,2026-01-24 12:57:00,SMB,Email,EMAIL-Reactivation,5
14629,4860,2026-08-05 07:34:00,SMB,Referral,REF-Customer,1
14630,4860,2026-08-07 18:52:00,SMB,Paid Social,META-Retargeting,2
14631,4860,2026-08-11 08:22:00,SMB,Display,DISPLAY-Retargeting,3
14632,4860,2026-08-19 08:06:00,SMB,Organic Search,SEO-Content,4
14633,4861,2026-04-26 23:59:00,Startup,Paid Social,META-Prospecting,1
14634,4861,2026-05-03 04:49:00,Startup,Referral,REF-Partner,2
14635,4861,2026-05-03 10:58:00,Startup,Referral,REF-Customer,3
14636,4861,2026-05-16 05:54:00,Startup,Referral,REF-Partner,4
14637,4861,2026-05-21 08:21:00,Startup,Organic Search,SEO-Content,5
14638,4862,2025-11-01 23:07:00,SMB,Referral,REF-Partner,1
14639,4863,2026-05-10 13:46:00,SMB,Display,DISPLAY-Retargeting,1
14640,4864,2026-08-09 13:16:00,Startup,Display,DISPLAY-Prospecting,1
14641,4864,2026-08-15 04:04:00,Startup,Display,DISPLAY-Retargeting,2
14642,4865,2025-12-15 04:17:00,Freelancer,Paid Social,META-Prospecting,1
14643,4865,2025-12-23 08:23:00,Freelancer,Referral,REF-Partner,2
14644,4866,2026-05-03 11:40:00,Startup,Paid Social,META-Prospecting,1
14645,4866,2026-05-18 18:36:00,Startup,Paid Search,PS-Brand,2
14646,4867,2026-01-09 20:21:00,SMB,Paid Search,PS-Brand,1
14647,4867,2026-01-13 07:01:00,SMB,Email,EMAIL-Reactivation,2
14648,4868,2025-10-30 12:48:00,SMB,Email,EMAIL-Reactivation,1
14649,4868,2025-11-04 16:28:00,SMB,Organic Search,SEO-Product,2
14650,4869,2026-03-17 07:43:00,Startup,Paid Social,META-Retargeting,1
14651,4869,2026-03-25 05:00:00,Startup,Paid Search,PS-Brand,2
14652,4870,2026-07-24 23:02:00,SMB,Organic Search,SEO-Product,1
14653,4870,2026-07-26 22:48:00,SMB,Organic Search,SEO-Product,2
14654,4870,2026-08-06 09:38:00,SMB,Paid Search,PS-NonBrand,3
14655,4871,2026-06-05 03:43:00,Startup,Email,EMAIL-Nurture,1
14656,4871,2026-06-11 12:10:00,Startup,Referral,REF-Customer,2
14657,4871,2026-06-18 13:21:00,Startup,Display,DISPLAY-Prospecting,3
14658,4871,2026-06-25 06:48:00,Startup,Organic Search,SEO-Content,4
14659,4871,2026-06-28 03:01:00,Startup,Paid Social,META-Retargeting,5
14660,4872,2025-11-12 06:15:00,SMB,Paid Search,PS-NonBrand,1
14661,4872,2025-11-27 14:47:00,SMB,Organic Search,SEO-Content,2
14662,4872,2025-12-01 14:19:00,SMB,Paid Search,PS-Brand,3
14663,4872,2025-12-04 05:27:00,SMB,Paid Search,PS-NonBrand,4
14664,4872,2025-12-04 09:13:00,SMB,Paid Search,PS-Brand,5
14665,4873,2025-12-13 03:33:00,Freelancer,Email,EMAIL-Nurture,1
14666,4874,2026-04-21 00:54:00,SMB,Paid Search,PS-NonBrand,1
14667,4874,2026-05-01 17:09:00,SMB,Paid Search,PS-Brand,2
14668,4874,2026-05-03 14:36:00,SMB,Organic Search,SEO-Content,3
14669,4874,2026-05-14 16:35:00,SMB,Organic Search,SEO-Content,4
14670,4874,2026-05-15 23:10:00,SMB,Paid Search,PS-NonBrand,5
14671,4875,2026-02-04 00:50:00,Freelancer,Referral,REF-Partner,1
14672,4875,2026-02-09 13:20:00,Freelancer,Paid Search,PS-Brand,2
14673,4875,2026-02-14 21:32:00,Freelancer,Paid Search,PS-NonBrand,3
14674,4875,2026-02-19 16:01:00,Freelancer,Organic Search,SEO-Product,4
14675,4875,2026-02-22 13:12:00,Freelancer,Paid Search,PS-NonBrand,5
14676,4876,2026-02-08 23:25:00,SMB,Organic Search,SEO-Content,1
14677,4876,2026-02-11 04:55:00,SMB,Paid Social,META-Retargeting,2
14678,4876,2026-02-23 13:20:00,SMB,Paid Search,PS-Brand,3
14679,4876,2026-02-28 06:08:00,SMB,Email,EMAIL-Reactivation,4
14680,4877,2026-03-20 22:13:00,Startup,Organic Search,SEO-Content,1
14681,4877,2026-03-25 05:09:00,Startup,Paid Search,PS-Brand,2
14682,4877,2026-03-28 05:16:00,Startup,Paid Social,META-Retargeting,3
14683,4877,2026-04-02 23:40:00,Startup,Paid Search,PS-Brand,4
14684,4877,2026-04-04 10:14:00,Startup,Email,EMAIL-Reactivation,5
14685,4878,2026-07-21 19:43:00,SMB,Paid Search,PS-Brand,1
14686,4879,2026-04-29 23:19:00,Startup,Organic Search,SEO-Product,1
14687,4879,2026-05-10 22:27:00,Startup,Organic Search,SEO-Content,2
14688,4879,2026-05-16 10:04:00,Startup,Paid Search,PS-NonBrand,3
14689,4879,2026-05-22 16:23:00,Startup,Paid Social,META-Retargeting,4
14690,4880,2026-08-09 07:50:00,SMB,Display,DISPLAY-Prospecting,1
14691,4880,2026-08-10 23:35:00,SMB,Organic Search,SEO-Content,2
14692,4880,2026-08-15 15:43:00,SMB,Email,EMAIL-Nurture,3
14693,4880,2026-09-01 22:22:00,SMB,Referral,REF-Partner,4
14694,4880,2026-09-05 20:51:00,SMB,Paid Social,META-Prospecting,5
14695,4881,2025-11-09 14:17:00,SMB,Referral,REF-Partner,1
14696,4881,2025-11-11 06:37:00,SMB,Paid Social,META-Retargeting,2
14697,4881,2025-11-11 07:29:00,SMB,Paid Search,PS-Brand,3
14698,4881,2025-11-19 13:33:00,SMB,Paid Search,PS-NonBrand,4
14699,4881,2025-11-26 03:16:00,SMB,Email,EMAIL-Reactivation,5
14700,4882,2026-03-27 05:20:00,SMB,Paid Search,PS-NonBrand,1
14701,4882,2026-04-07 12:23:00,SMB,Paid Social,META-Retargeting,2
14702,4883,2026-04-24 08:56:00,SMB,Email,EMAIL-Reactivation,1
14703,4883,2026-04-26 13:33:00,SMB,Paid Social,META-Prospecting,2
14704,4883,2026-05-02 09:26:00,SMB,Organic Search,SEO-Content,3
14705,4884,2026-07-04 06:10:00,Freelancer,Display,DISPLAY-Prospecting,1
14706,4884,2026-07-12 07:29:00,Freelancer,Display,DISPLAY-Prospecting,2
14707,4884,2026-07-30 21:34:00,Freelancer,Paid Social,META-Prospecting,3
14708,4884,2026-07-31 23:48:00,Freelancer,Paid Search,PS-Brand,4
14709,4885,2026-04-07 21:05:00,Startup,Email,EMAIL-Reactivation,1
14710,4885,2026-04-10 09:02:00,Startup,Paid Social,META-Prospecting,2
14711,4885,2026-04-11 13:50:00,Startup,Organic Search,SEO-Content,3
14712,4885,2026-04-12 05:32:00,Startup,Display,DISPLAY-Retargeting,4
14713,4885,2026-04-21 19:26:00,Startup,Paid Search,PS-Brand,5
14714,4886,2026-09-14 06:10:00,Startup,Organic Search,SEO-Product,1
14715,4886,2026-09-19 00:15:00,Startup,Display,DISPLAY-Prospecting,2
14716,4887,2026-08-03 00:49:00,SMB,Paid Search,PS-NonBrand,1
14717,4887,2026-08-21 17:58:00,SMB,Paid Search,PS-Brand,2
14718,4888,2026-06-13 11:59:00,SMB,Paid Social,META-Retargeting,1
14719,4888,2026-06-29 02:43:00,SMB,Organic Search,SEO-Content,2
14720,4888,2026-07-03 15:40:00,SMB,Email,EMAIL-Reactivation,3
14721,4888,2026-07-03 16:15:00,SMB,Paid Search,PS-NonBrand,4
14722,4888,2026-07-08 00:43:00,SMB,Paid Social,META-Retargeting,5
14723,4889,2026-03-12 04:24:00,SMB,Paid Search,PS-Brand,1
14724,4890,2026-02-03 17:59:00,SMB,Email,EMAIL-Reactivation,1
14725,4890,2026-02-04 01:21:00,SMB,Paid Social,META-Prospecting,2
14726,4891,2026-04-18 05:14:00,Startup,Display,DISPLAY-Prospecting,1
14727,4891,2026-04-21 16:10:00,Startup,Paid Search,PS-NonBrand,2
14728,4892,2026-03-24 10:11:00,Startup,Referral,REF-Partner,1
14729,4893,2025-11-03 05:06:00,SMB,Paid Social,META-Retargeting,1
14730,4893,2025-11-04 18:21:00,SMB,Paid Search,PS-Brand,2
14731,4894,2025-12-24 19:49:00,SMB,Organic Search,SEO-Product,1
14732,4894,2025-12-29 13:38:00,SMB,Paid Search,PS-NonBrand,2
14733,4894,2026-01-07 08:08:00,SMB,Paid Search,PS-NonBrand,3
14734,4895,2026-08-02 01:04:00,SMB,Email,EMAIL-Reactivation,1
14735,4895,2026-08-06 23:45:00,SMB,Organic Search,SEO-Content,2
14736,4895,2026-08-09 21:54:00,SMB,Paid Search,PS-Brand,3
14737,4896,2026-04-09 04:44:00,SMB,Paid Search,PS-NonBrand,1
14738,4896,2026-04-10 19:45:00,SMB,Paid Search,PS-NonBrand,2
14739,4897,2026-09-16 06:13:00,SMB,Paid Search,PS-NonBrand,1
14740,4897,2026-09-20 04:07:00,SMB,Paid Social,META-Retargeting,2
14741,4897,2026-09-20 07:42:00,SMB,Paid Search,PS-NonBrand,3
14742,4897,2026-09-30 15:35:00,SMB,Paid Social,META-Retargeting,4
14743,4897,2026-10-11 20:25:00,SMB,Paid Social,META-Retargeting,5
14744,4898,2026-01-04 02:48:00,SMB,Email,EMAIL-Reactivation,1
14745,4899,2026-09-20 21:19:00,SMB,Email,EMAIL-Reactivation,1
14746,4899,2026-09-22 07:15:00,SMB,Email,EMAIL-Reactivation,2
14747,4899,2026-09-22 21:21:00,SMB,Organic Search,SEO-Product,3
14748,4899,2026-10-07 06:56:00,SMB,Display,DISPLAY-Prospecting,4
14749,4899,2026-10-14 23:28:00,SMB,Paid Search,PS-NonBrand,5
14750,4900,2026-07-25 21:55:00,SMB,Paid Search,PS-NonBrand,1
14751,4900,2026-08-19 16:09:00,SMB,Display,DISPLAY-Prospecting,2
14752,4901,2026-02-17 14:56:00,Startup,Paid Social,META-Retargeting,1
14753,4901,2026-02-20 17:00:00,Startup,Paid Search,PS-Brand,2
14754,4901,2026-03-03 07:08:00,Startup,Referral,REF-Partner,3
14755,4901,2026-03-06 17:21:00,Startup,Paid Search,PS-Brand,4
14756,4901,2026-03-09 04:30:00,Startup,Referral,REF-Customer,5
14757,4902,2026-05-11 10:08:00,Freelancer,Email,EMAIL-Nurture,1
14758,4902,2026-05-15 03:05:00,Freelancer,Paid Search,PS-Brand,2
14759,4902,2026-05-15 09:48:00,Freelancer,Email,EMAIL-Reactivation,3
14760,4902,2026-05-19 05:40:00,Freelancer,Paid Search,PS-Brand,4
14761,4902,2026-05-31 10:28:00,Freelancer,Paid Search,PS-NonBrand,5
14762,4903,2026-10-01 23:35:00,SMB,Paid Social,META-Prospecting,1
14763,4903,2026-10-14 02:45:00,SMB,Paid Search,PS-Brand,2
14764,4904,2026-06-07 11:33:00,SMB,Referral,REF-Partner,1
14765,4904,2026-06-13 09:24:00,SMB,Referral,REF-Customer,2
14766,4904,2026-06-18 13:40:00,SMB,Paid Search,PS-NonBrand,3
14767,4905,2026-09-13 22:36:00,SMB,Referral,REF-Customer,1
14768,4905,2026-09-24 01:10:00,SMB,Referral,REF-Customer,2
14769,4905,2026-09-30 19:16:00,SMB,Paid Social,META-Retargeting,3
14770,4906,2025-11-18 23:03:00,Startup,Paid Search,PS-Brand,1
14771,4906,2025-11-20 06:18:00,Startup,Paid Search,PS-Brand,2
14772,4906,2025-11-30 18:25:00,Startup,Paid Social,META-Retargeting,3
14773,4906,2025-12-04 07:17:00,Startup,Referral,REF-Customer,4
14774,4907,2025-12-17 15:07:00,Startup,Email,EMAIL-Nurture,1
14775,4907,2025-12-25 17:32:00,Startup,Referral,REF-Customer,2
14776,4908,2025-10-01 13:04:00,Startup,Display,DISPLAY-Prospecting,1
14777,4908,2025-10-02 23:14:00,Startup,Email,EMAIL-Nurture,2
14778,4908,2025-10-14 23:29:00,Startup,Paid Social,META-Retargeting,3
14779,4908,2025-10-26 22:28:00,Startup,Email,EMAIL-Nurture,4
14780,4909,2026-01-29 17:21:00,Startup,Paid Social,META-Retargeting,1
14781,4909,2026-01-31 05:04:00,Startup,Paid Search,PS-NonBrand,2
14782,4909,2026-02-13 10:47:00,Startup,Paid Search,PS-Brand,3
14783,4909,2026-02-17 12:19:00,Startup,Paid Social,META-Retargeting,4
14784,4910,2026-07-17 05:11:00,Freelancer,Paid Social,META-Prospecting,1
14785,4910,2026-07-22 03:53:00,Freelancer,Display,DISPLAY-Retargeting,2
14786,4910,2026-07-25 01:26:00,Freelancer,Email,EMAIL-Nurture,3
14787,4910,2026-08-08 05:24:00,Freelancer,Email,EMAIL-Nurture,4
14788,4910,2026-08-10 21:26:00,Freelancer,Paid Search,PS-NonBrand,5
14789,4911,2026-09-22 06:41:00,SMB,Paid Social,META-Retargeting,1
14790,4911,2026-09-29 05:19:00,SMB,Email,EMAIL-Reactivation,2
14791,4911,2026-10-01 05:13:00,SMB,Paid Search,PS-Brand,3
14792,4912,2026-04-24 15:32:00,SMB,Paid Social,META-Prospecting,1
14793,4912,2026-05-07 06:22:00,SMB,Email,EMAIL-Reactivation,2
14794,4912,2026-05-15 22:54:00,SMB,Organic Search,SEO-Content,3
14795,4913,2026-03-12 11:56:00,SMB,Email,EMAIL-Nurture,1
14796,4913,2026-03-15 07:35:00,SMB,Paid Search,PS-Brand,2
14797,4913,2026-03-20 23:37:00,SMB,Paid Social,META-Prospecting,3
14798,4914,2026-09-19 12:01:00,Startup,Paid Social,META-Prospecting,1
14799,4914,2026-09-20 06:38:00,Startup,Paid Social,META-Retargeting,2
14800,4914,2026-09-21 02:20:00,Startup,Referral,REF-Customer,3
14801,4914,2026-09-24 19:57:00,Startup,Organic Search,SEO-Product,4
14802,4914,2026-10-02 12:18:00,Startup,Referral,REF-Partner,5
14803,4915,2026-05-05 19:39:00,SMB,Paid Search,PS-Brand,1
14804,4915,2026-05-07 00:33:00,SMB,Paid Search,PS-Brand,2
14805,4915,2026-05-11 09:41:00,SMB,Paid Search,PS-NonBrand,3
14806,4915,2026-05-15 18:39:00,SMB,Paid Social,META-Prospecting,4
14807,4916,2026-05-02 05:37:00,Freelancer,Email,EMAIL-Nurture,1
14808,4916,2026-05-06 07:46:00,Freelancer,Paid Social,META-Retargeting,2
14809,4917,2025-11-04 21:11:00,Startup,Paid Social,META-Retargeting,1
14810,4917,2025-11-08 12:31:00,Startup,Paid Search,PS-NonBrand,2
14811,4917,2025-11-12 20:25:00,Startup,Display,DISPLAY-Retargeting,3
14812,4917,2025-11-25 12:37:00,Startup,Organic Search,SEO-Product,4
14813,4918,2025-12-31 13:57:00,Freelancer,Paid Search,PS-NonBrand,1
14814,4918,2026-01-01 08:21:00,Freelancer,Referral,REF-Customer,2
14815,4918,2026-01-13 22:55:00,Freelancer,Email,EMAIL-Reactivation,3
14816,4918,2026-01-15 02:07:00,Freelancer,Paid Social,META-Retargeting,4
14817,4919,2026-06-23 09:53:00,Freelancer,Display,DISPLAY-Prospecting,1
14818,4919,2026-06-30 01:08:00,Freelancer,Email,EMAIL-Nurture,2
14819,4920,2026-06-19 22:15:00,Startup,Email,EMAIL-Nurture,1
14820,4920,2026-07-03 08:21:00,Startup,Paid Search,PS-Brand,2
14821,4921,2026-04-02 13:24:00,Freelancer,Paid Search,PS-NonBrand,1
14822,4921,2026-04-03 05:02:00,Freelancer,Referral,REF-Customer,2
14823,4921,2026-04-12 22:59:00,Freelancer,Email,EMAIL-Reactivation,3
14824,4921,2026-04-21 22:46:00,Freelancer,Paid Search,PS-Brand,4
14825,4921,2026-04-23 03:03:00,Freelancer,Organic Search,SEO-Content,5
14826,4922,2026-06-28 11:40:00,Startup,Paid Social,META-Retargeting,1
14827,4922,2026-07-11 21:10:00,Startup,Email,EMAIL-Nurture,2
14828,4923,2026-06-14 08:26:00,SMB,Display,DISPLAY-Prospecting,1
14829,4923,2026-06-17 11:37:00,SMB,Paid Search,PS-Brand,2
14830,4923,2026-06-22 06:15:00,SMB,Email,EMAIL-Reactivation,3
14831,4923,2026-06-26 22:39:00,SMB,Referral,REF-Customer,4
14832,4924,2025-11-17 01:25:00,Startup,Referral,REF-Customer,1
14833,4924,2025-11-22 21:17:00,Startup,Display,DISPLAY-Prospecting,2
14834,4925,2026-08-04 02:12:00,Freelancer,Paid Search,PS-NonBrand,1
14835,4926,2026-06-17 04:15:00,Startup,Display,DISPLAY-Prospecting,1
14836,4927,2025-12-25 23:45:00,Startup,Organic Search,SEO-Product,1
14837,4927,2025-12-30 14:40:00,Startup,Email,EMAIL-Nurture,2
14838,4928,2026-01-15 10:13:00,SMB,Organic Search,SEO-Product,1
14839,4929,2026-09-19 13:26:00,Freelancer,Paid Search,PS-NonBrand,1
14840,4930,2026-01-02 21:20:00,SMB,Organic Search,SEO-Product,1
14841,4930,2026-01-02 21:37:00,SMB,Paid Social,META-Retargeting,2
14842,4930,2026-01-06 19:46:00,SMB,Referral,REF-Customer,3
14843,4930,2026-01-07 12:37:00,SMB,Referral,REF-Customer,4
14844,4930,2026-01-16 14:24:00,SMB,Paid Social,META-Prospecting,5
14845,4931,2025-10-20 10:25:00,Startup,Organic Search,SEO-Content,1
14846,4931,2025-10-26 10:16:00,Startup,Referral,REF-Customer,2
14847,4932,2025-10-29 22:46:00,Startup,Email,EMAIL-Reactivation,1
14848,4932,2025-11-03 06:22:00,Startup,Paid Search,PS-Brand,2
14849,4932,2025-11-03 15:35:00,Startup,Paid Search,PS-Brand,3
14850,4932,2025-11-05 00:52:00,Startup,Organic Search,SEO-Content,4
14851,4933,2026-01-03 13:25:00,Startup,Email,EMAIL-Nurture,1
14852,4933,2026-01-05 22:20:00,Startup,Email,EMAIL-Nurture,2
14853,4933,2026-01-15 08:50:00,Startup,Paid Search,PS-Brand,3
14854,4933,2026-01-20 10:22:00,Startup,Email,EMAIL-Nurture,4
14855,4934,2026-05-19 09:50:00,SMB,Referral,REF-Partner,1
14856,4934,2026-05-28 17:04:00,SMB,Display,DISPLAY-Retargeting,2
14857,4934,2026-06-09 07:31:00,SMB,Email,EMAIL-Nurture,3
14858,4934,2026-06-13 08:28:00,SMB,Paid Social,META-Retargeting,4
14859,4935,2026-03-16 18:53:00,Startup,Organic Search,SEO-Content,1
14860,4935,2026-03-17 15:16:00,Startup,Email,EMAIL-Reactivation,2
14861,4935,2026-03-25 22:19:00,Startup,Email,EMAIL-Nurture,3
14862,4935,2026-04-06 19:41:00,Startup,Referral,REF-Customer,4
14863,4935,2026-04-09 08:48:00,Startup,Paid Social,META-Retargeting,5
14864,4936,2026-06-26 13:07:00,SMB,Organic Search,SEO-Content,1
14865,4936,2026-07-18 13:32:00,SMB,Paid Search,PS-Brand,2
14866,4937,2025-12-24 18:40:00,SMB,Paid Search,PS-NonBrand,1
14867,4937,2025-12-30 04:18:00,SMB,Paid Social,META-Retargeting,2
14868,4937,2026-01-08 21:45:00,SMB,Paid Search,PS-NonBrand,3
14869,4937,2026-01-14 00:18:00,SMB,Paid Social,META-Retargeting,4
14870,4938,2026-01-09 04:13:00,SMB,Referral,REF-Partner,1
14871,4938,2026-01-11 21:32:00,SMB,Referral,REF-Customer,2
14872,4938,2026-01-12 07:28:00,SMB,Organic Search,SEO-Content,3
14873,4938,2026-01-17 10:36:00,SMB,Organic Search,SEO-Content,4
14874,4938,2026-01-21 00:25:00,SMB,Paid Social,META-Retargeting,5
14875,4939,2026-03-03 15:23:00,Startup,Referral,REF-Partner,1
14876,4939,2026-03-12 15:00:00,Startup,Paid Search,PS-NonBrand,2
14877,4940,2026-07-21 08:45:00,SMB,Display,DISPLAY-Prospecting,1
14878,4941,2026-04-06 16:59:00,SMB,Referral,REF-Partner,1
14879,4941,2026-04-19 12:35:00,SMB,Referral,REF-Customer,2
14880,4941,2026-05-01 05:31:00,SMB,Email,EMAIL-Reactivation,3
14881,4942,2026-07-16 15:22:00,Freelancer,Email,EMAIL-Nurture,1
14882,4942,2026-07-24 17:24:00,Freelancer,Paid Social,META-Retargeting,2
14883,4942,2026-07-27 09:15:00,Freelancer,Email,EMAIL-Nurture,3
14884,4942,2026-08-01 00:31:00,Freelancer,Referral,REF-Customer,4
14885,4942,2026-08-03 12:42:00,Freelancer,Referral,REF-Customer,5
14886,4943,2025-11-19 01:31:00,SMB,Paid Search,PS-NonBrand,1
14887,4943,2025-11-19 21:39:00,SMB,Paid Search,PS-NonBrand,2
14888,4943,2025-11-20 06:15:00,SMB,Organic Search,SEO-Product,3
14889,4943,2025-12-01 19:09:00,SMB,Organic Search,SEO-Content,4
14890,4944,2026-02-28 02:16:00,Freelancer,Paid Search,PS-NonBrand,1
14891,4944,2026-03-05 04:00:00,Freelancer,Email,EMAIL-Nurture,2
14892,4944,2026-03-09 01:23:00,Freelancer,Paid Social,META-Retargeting,3
14893,4944,2026-03-25 20:55:00,Freelancer,Referral,REF-Customer,4
14894,4945,2026-03-10 06:37:00,Startup,Paid Search,PS-Brand,1
14895,4945,2026-03-19 23:54:00,Startup,Paid Search,PS-Brand,2
14896,4945,2026-03-22 00:28:00,Startup,Email,EMAIL-Nurture,3
14897,4946,2025-11-14 18:16:00,SMB,Organic Search,SEO-Content,1
14898,4947,2026-01-29 08:17:00,Startup,Referral,REF-Partner,1
14899,4947,2026-02-03 03:21:00,Startup,Referral,REF-Customer,2
14900,4947,2026-02-14 12:59:00,Startup,Paid Search,PS-Brand,3
14901,4947,2026-02-16 22:45:00,Startup,Organic Search,SEO-Product,4
14902,4947,2026-02-20 18:47:00,Startup,Email,EMAIL-Nurture,5
14903,4948,2026-01-16 22:13:00,SMB,Paid Search,PS-Brand,1
14904,4949,2026-03-19 00:03:00,Freelancer,Organic Search,SEO-Product,1
14905,4949,2026-03-30 20:56:00,Freelancer,Paid Social,META-Retargeting,2
14906,4950,2025-11-30 08:14:00,SMB,Organic Search,SEO-Content,1
14907,4950,2025-12-05 15:14:00,SMB,Paid Search,PS-NonBrand,2
14908,4950,2025-12-16 18:05:00,SMB,Display,DISPLAY-Retargeting,3
14909,4950,2025-12-24 01:41:00,SMB,Email,EMAIL-Reactivation,4
14910,4951,2026-01-16 03:19:00,Freelancer,Email,EMAIL-Reactivation,1
14911,4951,2026-01-26 06:38:00,Freelancer,Paid Search,PS-Brand,2
14912,4951,2026-01-28 09:31:00,Freelancer,Email,EMAIL-Nurture,3
14913,4951,2026-02-04 12:30:00,Freelancer,Paid Search,PS-NonBrand,4
14914,4952,2026-09-18 17:09:00,Startup,Organic Search,SEO-Product,1
14915,4952,2026-09-21 09:29:00,Startup,Display,DISPLAY-Prospecting,2
14916,4952,2026-09-29 15:43:00,Startup,Paid Search,PS-Brand,3
14917,4952,2026-10-11 17:44:00,Startup,Display,DISPLAY-Prospecting,4
14918,4953,2025-11-29 07:11:00,Freelancer,Paid Social,META-Retargeting,1
14919,4953,2025-12-09 17:18:00,Freelancer,Organic Search,SEO-Content,2
14920,4953,2025-12-18 00:57:00,Freelancer,Email,EMAIL-Reactivation,3
14921,4953,2025-12-18 05:25:00,Freelancer,Email,EMAIL-Reactivation,4
14922,4954,2026-08-08 09:17:00,SMB,Organic Search,SEO-Product,1
14923,4955,2026-05-02 14:03:00,Startup,Paid Social,META-Prospecting,1
14924,4955,2026-05-05 11:15:00,Startup,Display,DISPLAY-Prospecting,2
14925,4955,2026-05-13 18:59:00,Startup,Paid Social,META-Prospecting,3
14926,4955,2026-05-14 00:40:00,Startup,Paid Search,PS-NonBrand,4
14927,4956,2025-11-16 01:12:00,SMB,Email,EMAIL-Reactivation,1
14928,4956,2025-11-23 22:37:00,SMB,Paid Search,PS-Brand,2
14929,4957,2026-03-16 16:52:00,Startup,Paid Search,PS-NonBrand,1
14930,4958,2026-04-07 05:57:00,SMB,Paid Social,META-Retargeting,1
14931,4958,2026-04-09 13:46:00,SMB,Paid Search,PS-Brand,2
14932,4958,2026-04-09 15:25:00,SMB,Email,EMAIL-Reactivation,3
14933,4958,2026-05-02 10:52:00,SMB,Paid Search,PS-Brand,4
14934,4959,2026-01-14 16:05:00,SMB,Organic Search,SEO-Product,1
14935,4959,2026-01-16 00:43:00,SMB,Paid Search,PS-Brand,2
14936,4959,2026-01-18 19:24:00,SMB,Referral,REF-Customer,3
14937,4959,2026-01-24 03:14:00,SMB,Organic Search,SEO-Content,4
14938,4959,2026-01-24 05:09:00,SMB,Paid Social,META-Retargeting,5
14939,4960,2026-01-08 10:08:00,Startup,Paid Social,META-Retargeting,1
14940,4960,2026-01-09 02:16:00,Startup,Paid Search,PS-NonBrand,2
14941,4960,2026-01-24 12:32:00,Startup,Paid Search,PS-Brand,3
14942,4960,2026-01-25 14:29:00,Startup,Referral,REF-Customer,4
14943,4961,2026-07-15 22:27:00,SMB,Email,EMAIL-Nurture,1
14944,4962,2025-11-03 02:20:00,Startup,Organic Search,SEO-Content,1
14945,4963,2026-09-09 19:23:00,Startup,Paid Social,META-Prospecting,1
14946,4963,2026-09-23 09:52:00,Startup,Organic Search,SEO-Product,2
14947,4964,2026-01-26 06:27:00,SMB,Organic Search,SEO-Content,1
14948,4964,2026-01-26 17:09:00,SMB,Referral,REF-Customer,2
14949,4964,2026-01-29 18:37:00,SMB,Paid Search,PS-NonBrand,3
14950,4964,2026-02-08 06:39:00,SMB,Referral,REF-Customer,4
14951,4964,2026-02-19 06:29:00,SMB,Display,DISPLAY-Retargeting,5
14952,4965,2026-02-18 02:13:00,Startup,Paid Search,PS-NonBrand,1
14953,4965,2026-02-28 10:55:00,Startup,Paid Social,META-Retargeting,2
14954,4965,2026-03-11 12:01:00,Startup,Referral,REF-Customer,3
14955,4965,2026-03-18 12:32:00,Startup,Organic Search,SEO-Content,4
14956,4966,2025-11-22 00:51:00,SMB,Paid Social,META-Retargeting,1
14957,4966,2025-11-25 13:06:00,SMB,Organic Search,SEO-Product,2
14958,4966,2025-12-13 14:33:00,SMB,Paid Search,PS-Brand,3
14959,4966,2025-12-13 20:45:00,SMB,Paid Social,META-Retargeting,4
14960,4967,2026-08-21 06:00:00,Startup,Paid Search,PS-NonBrand,1
14961,4967,2026-09-01 15:40:00,Startup,Email,EMAIL-Nurture,2
14962,4967,2026-09-02 17:47:00,Startup,Paid Social,META-Retargeting,3
14963,4967,2026-09-02 21:51:00,Startup,Paid Search,PS-NonBrand,4
14964,4967,2026-09-10 08:46:00,Startup,Paid Search,PS-Brand,5
14965,4968,2025-12-28 15:25:00,SMB,Paid Search,PS-Brand,1
14966,4968,2026-01-03 07:57:00,SMB,Display,DISPLAY-Retargeting,2
14967,4968,2026-01-14 01:03:00,SMB,Organic Search,SEO-Content,3
14968,4969,2026-07-29 23:03:00,SMB,Paid Search,PS-Brand,1
14969,4969,2026-08-01 03:26:00,SMB,Paid Social,META-Prospecting,2
14970,4969,2026-08-02 15:51:00,SMB,Referral,REF-Customer,3
14971,4970,2026-01-30 06:47:00,Startup,Paid Search,PS-Brand,1
14972,4970,2026-01-31 03:21:00,Startup,Email,EMAIL-Nurture,2
14973,4970,2026-02-03 13:48:00,Startup,Email,EMAIL-Reactivation,3
14974,4970,2026-02-12 08:58:00,Startup,Paid Social,META-Retargeting,4
14975,4971,2025-10-14 09:57:00,Freelancer,Paid Search,PS-NonBrand,1
14976,4971,2025-10-26 07:26:00,Freelancer,Email,EMAIL-Reactivation,2
14977,4971,2025-10-30 05:34:00,Freelancer,Paid Search,PS-Brand,3
14978,4971,2025-11-01 20:47:00,Freelancer,Organic Search,SEO-Content,4
14979,4971,2025-11-10 21:13:00,Freelancer,Paid Social,META-Prospecting,5
14980,4972,2026-03-05 19:04:00,Freelancer,Email,EMAIL-Reactivation,1
14981,4972,2026-03-17 09:57:00,Freelancer,Display,DISPLAY-Retargeting,2
14982,4973,2026-04-12 11:59:00,Startup,Paid Social,META-Retargeting,1
14983,4973,2026-04-15 05:43:00,Startup,Organic Search,SEO-Product,2
14984,4973,2026-04-20 13:43:00,Startup,Paid Social,META-Retargeting,3
14985,4974,2026-04-15 21:29:00,SMB,Organic Search,SEO-Product,1
14986,4975,2026-10-03 01:55:00,SMB,Paid Social,META-Retargeting,1
14987,4976,2026-04-09 10:49:00,SMB,Referral,REF-Partner,1
14988,4977,2026-07-12 11:09:00,Startup,Display,DISPLAY-Retargeting,1
14989,4977,2026-07-28 01:56:00,Startup,Referral,REF-Partner,2
14990,4977,2026-07-29 23:05:00,Startup,Paid Search,PS-Brand,3
14991,4978,2026-02-13 03:04:00,SMB,Referral,REF-Customer,1
14992,4978,2026-02-27 04:05:00,SMB,Organic Search,SEO-Product,2
14993,4978,2026-03-02 22:26:00,SMB,Paid Social,META-Retargeting,3
14994,4979,2025-11-26 10:38:00,Freelancer,Organic Search,SEO-Product,1
14995,4979,2025-11-27 20:11:00,Freelancer,Email,EMAIL-Nurture,2
14996,4979,2025-12-04 14:41:00,Freelancer,Paid Social,META-Prospecting,3
14997,4979,2025-12-20 03:50:00,Freelancer,Referral,REF-Customer,4
14998,4980,2026-04-20 17:07:00,SMB,Paid Search,PS-NonBrand,1
14999,4980,2026-04-23 14:05:00,SMB,Display,DISPLAY-Prospecting,2
15000,4980,2026-04-23 15:06:00,SMB,Referral,REF-Customer,3
15001,4980,2026-04-23 23:19:00,SMB,Email,EMAIL-Nurture,4
15002,4981,2026-05-04 01:22:00,SMB,Paid Search,PS-Brand,1
15003,4981,2026-05-06 15:00:00,SMB,Email,EMAIL-Nurture,2
15004,4981,2026-05-09 12:20:00,SMB,Paid Search,PS-NonBrand,3
15005,4981,2026-05-13 20:41:00,SMB,Display,DISPLAY-Retargeting,4
15006,4981,2026-05-14 09:48:00,SMB,Paid Social,META-Retargeting,5
15007,4982,2026-03-02 13:19:00,Freelancer,Paid Search,PS-Brand,1
15008,4982,2026-03-05 05:03:00,Freelancer,Organic Search,SEO-Product,2
15009,4982,2026-03-21 12:00:00,Freelancer,Paid Search,PS-Brand,3
15010,4982,2026-03-30 09:12:00,Freelancer,Referral,REF-Partner,4
15011,4982,2026-03-30 23:11:00,Freelancer,Display,DISPLAY-Prospecting,5
15012,4983,2026-07-09 22:15:00,SMB,Paid Social,META-Prospecting,1
15013,4983,2026-07-10 13:21:00,SMB,Email,EMAIL-Reactivation,2
15014,4983,2026-07-15 20:42:00,SMB,Paid Search,PS-Brand,3
15015,4983,2026-07-16 02:33:00,SMB,Organic Search,SEO-Product,4
15016,4983,2026-07-23 06:27:00,SMB,Email,EMAIL-Nurture,5
15017,4984,2026-10-03 20:46:00,SMB,Referral,REF-Partner,1
15018,4984,2026-10-10 23:17:00,SMB,Email,EMAIL-Nurture,2
15019,4985,2025-11-02 17:20:00,Startup,Paid Search,PS-Brand,1
15020,4985,2025-11-05 21:41:00,Startup,Paid Search,PS-NonBrand,2
15021,4985,2025-11-09 08:38:00,Startup,Organic Search,SEO-Product,3
15022,4985,2025-11-13 10:25:00,Startup,Paid Social,META-Prospecting,4
15023,4985,2025-11-24 16:17:00,Startup,Display,DISPLAY-Retargeting,5
15024,4986,2025-11-07 04:32:00,Freelancer,Referral,REF-Partner,1
15025,4987,2026-02-04 05:04:00,SMB,Paid Search,PS-NonBrand,1
15026,4988,2026-05-02 11:48:00,SMB,Email,EMAIL-Reactivation,1
15027,4988,2026-05-04 01:23:00,SMB,Organic Search,SEO-Product,2
15028,4988,2026-05-05 09:21:00,SMB,Paid Search,PS-NonBrand,3
15029,4989,2025-10-20 07:36:00,SMB,Paid Social,META-Prospecting,1
15030,4989,2025-10-23 10:19:00,SMB,Paid Social,META-Prospecting,2
15031,4990,2025-12-14 22:19:00,Startup,Display,DISPLAY-Retargeting,1
15032,4990,2025-12-17 12:23:00,Startup,Paid Social,META-Retargeting,2
15033,4990,2025-12-25 17:18:00,Startup,Referral,REF-Customer,3
15034,4990,2025-12-26 14:30:00,Startup,Display,DISPLAY-Retargeting,4
15035,4990,2026-01-03 17:29:00,Startup,Email,EMAIL-Nurture,5
15036,4991,2026-03-05 03:57:00,SMB,Paid Social,META-Prospecting,1
15037,4991,2026-03-16 01:32:00,SMB,Paid Search,PS-Brand,2
15038,4991,2026-03-19 22:35:00,SMB,Paid Search,PS-NonBrand,3
15039,4991,2026-03-22 01:23:00,SMB,Organic Search,SEO-Content,4
15040,4991,2026-03-25 04:19:00,SMB,Organic Search,SEO-Content,5
15041,4992,2026-02-27 20:15:00,Startup,Paid Social,META-Prospecting,1
15042,4993,2026-08-05 18:48:00,SMB,Display,DISPLAY-Prospecting,1
15043,4993,2026-08-22 21:56:00,SMB,Email,EMAIL-Reactivation,2
15044,4993,2026-08-31 18:18:00,SMB,Paid Social,META-Prospecting,3
15045,4993,2026-08-31 20:01:00,SMB,Organic Search,SEO-Content,4
15046,4993,2026-09-01 15:26:00,SMB,Referral,REF-Partner,5
15047,4994,2026-04-27 21:50:00,Freelancer,Paid Search,PS-Brand,1
15048,4995,2026-08-28 07:45:00,Startup,Paid Social,META-Prospecting,1
15049,4995,2026-09-07 01:39:00,Startup,Paid Search,PS-Brand,2
15050,4996,2026-07-27 22:17:00,Startup,Paid Search,PS-Brand,1
15051,4997,2026-03-06 04:53:00,Startup,Paid Social,META-Retargeting,1
15052,4997,2026-03-16 08:46:00,Startup,Display,DISPLAY-Retargeting,2
15053,4997,2026-03-19 18:25:00,Startup,Paid Search,PS-NonBrand,3
15054,4997,2026-03-22 14:25:00,Startup,Paid Social,META-Retargeting,4
15055,4998,2026-09-26 21:27:00,SMB,Referral,REF-Customer,1
15056,4998,2026-10-01 11:30:00,SMB,Paid Search,PS-NonBrand,2
15057,4998,2026-10-03 18:39:00,SMB,Paid Social,META-Retargeting,3
15058,4998,2026-10-04 05:24:00,SMB,Paid Social,META-Prospecting,4
15059,4998,2026-10-15 07:49:00,SMB,Paid Search,PS-NonBrand,5
15060,4999,2026-08-27 06:29:00,SMB,Paid Search,PS-NonBrand,1
15061,5000,2026-04-09 03:16:00,Startup,Organic Search,SEO-Product,1
15062,5000,2026-04-20 12:09:00,Startup,Paid Search,PS-NonBrand,2
15063,5000,2026-04-24 10:37:00,Startup,Email,EMAIL-Reactivation,3
